solid OpenSCAD_Model
  facet normal 0.991444 -0.130529 0
    outer loop
      vertex 2.2 3.8 0.699999
      vertex 2.25452 4.21411 0
      vertex 2.25452 4.21411 0.699999
    endloop
  endfacet
  facet normal 0.991444 -0.130529 0
    outer loop
      vertex 2.25452 4.21411 0
      vertex 2.2 3.8 0.699999
      vertex 2.2 3.8 0
    endloop
  endfacet
  facet normal -0.92388 -0.382682 0
    outer loop
      vertex 5.34548 4.21411 0
      vertex 5.18564 4.6 0.699999
      vertex 5.18564 4.6 0
    endloop
  endfacet
  facet normal -0.92388 -0.382682 0
    outer loop
      vertex 5.18564 4.6 0.699999
      vertex 5.34548 4.21411 0
      vertex 5.34548 4.21411 0.699999
    endloop
  endfacet
  facet normal -0.991444 -0.130529 0
    outer loop
      vertex 5.4 3.8 0
      vertex 5.34548 4.21411 0.699999
      vertex 5.34548 4.21411 0
    endloop
  endfacet
  facet normal -0.991444 -0.130529 0
    outer loop
      vertex 5.34548 4.21411 0.699999
      vertex 5.4 3.8 0
      vertex 5.4 3.8 0.699999
    endloop
  endfacet
  facet normal -0.793352 -0.608763 0
    outer loop
      vertex 5.18564 4.6 0
      vertex 4.93137 4.93137 0.699999
      vertex 4.93137 4.93137 0
    endloop
  endfacet
  facet normal -0.793352 -0.608763 0
    outer loop
      vertex 4.93137 4.93137 0.699999
      vertex 5.18564 4.6 0
      vertex 5.18564 4.6 0.699999
    endloop
  endfacet
  facet normal -0.991444 0.130529 0
    outer loop
      vertex 5.34548 3.38589 0
      vertex 5.4 3.8 0.699999
      vertex 5.4 3.8 0
    endloop
  endfacet
  facet normal -0.991444 0.130529 0
    outer loop
      vertex 5.4 3.8 0.699999
      vertex 5.34548 3.38589 0
      vertex 5.34548 3.38589 0.699999
    endloop
  endfacet
  facet normal -0.130529 0.991444 0
    outer loop
      vertex 4.21411 2.25452 0
      vertex 3.8 2.2 0.699999
      vertex 4.21411 2.25452 0.699999
    endloop
  endfacet
  facet normal -0.130529 0.991444 0
    outer loop
      vertex 3.8 2.2 0.699999
      vertex 4.21411 2.25452 0
      vertex 3.8 2.2 0
    endloop
  endfacet
  facet normal 0.92388 -0.382682 0
    outer loop
      vertex 2.25452 4.21411 0.699999
      vertex 2.41436 4.6 0
      vertex 2.41436 4.6 0.699999
    endloop
  endfacet
  facet normal 0.92388 -0.382682 0
    outer loop
      vertex 2.41436 4.6 0
      vertex 2.25452 4.21411 0.699999
      vertex 2.25452 4.21411 0
    endloop
  endfacet
  facet normal -0.608763 0.793352 0
    outer loop
      vertex 4.93137 2.66863 0
      vertex 4.6 2.41436 0.699999
      vertex 4.93137 2.66863 0.699999
    endloop
  endfacet
  facet normal -0.608763 0.793352 0
    outer loop
      vertex 4.6 2.41436 0.699999
      vertex 4.93137 2.66863 0
      vertex 4.6 2.41436 0
    endloop
  endfacet
  facet normal -0.382682 -0.92388 0
    outer loop
      vertex 4.21411 5.34548 0
      vertex 4.6 5.18564 0.699999
      vertex 4.21411 5.34548 0.699999
    endloop
  endfacet
  facet normal -0.382682 -0.92388 -0
    outer loop
      vertex 4.6 5.18564 0.699999
      vertex 4.21411 5.34548 0
      vertex 4.6 5.18564 0
    endloop
  endfacet
  facet normal 0.793352 -0.608763 0
    outer loop
      vertex 2.41436 4.6 0.699999
      vertex 2.66863 4.93137 0
      vertex 2.66863 4.93137 0.699999
    endloop
  endfacet
  facet normal 0.793352 -0.608763 0
    outer loop
      vertex 2.66863 4.93137 0
      vertex 2.41436 4.6 0.699999
      vertex 2.41436 4.6 0
    endloop
  endfacet
  facet normal 0.92388 0.382682 0
    outer loop
      vertex 2.41436 3 0.699999
      vertex 2.25452 3.38589 0
      vertex 2.25452 3.38589 0.699999
    endloop
  endfacet
  facet normal 0.92388 0.382682 0
    outer loop
      vertex 2.25452 3.38589 0
      vertex 2.41436 3 0.699999
      vertex 2.41436 3 0
    endloop
  endfacet
  facet normal -0.130529 -0.991444 0
    outer loop
      vertex 3.8 5.4 0
      vertex 4.21411 5.34548 0.699999
      vertex 3.8 5.4 0.699999
    endloop
  endfacet
  facet normal -0.130529 -0.991444 -0
    outer loop
      vertex 4.21411 5.34548 0.699999
      vertex 3.8 5.4 0
      vertex 4.21411 5.34548 0
    endloop
  endfacet
  facet normal 0.382682 -0.92388 0
    outer loop
      vertex 3 5.18564 0
      vertex 3.38589 5.34548 0.699999
      vertex 3 5.18564 0.699999
    endloop
  endfacet
  facet normal 0.382682 -0.92388 0
    outer loop
      vertex 3.38589 5.34548 0.699999
      vertex 3 5.18564 0
      vertex 3.38589 5.34548 0
    endloop
  endfacet
  facet normal 0.130529 -0.991444 0
    outer loop
      vertex 3.38589 5.34548 0
      vertex 3.8 5.4 0.699999
      vertex 3.38589 5.34548 0.699999
    endloop
  endfacet
  facet normal 0.130529 -0.991444 0
    outer loop
      vertex 3.8 5.4 0.699999
      vertex 3.38589 5.34548 0
      vertex 3.8 5.4 0
    endloop
  endfacet
  facet normal 0.608763 0.793352 -0
    outer loop
      vertex 3 2.41436 0
      vertex 2.66863 2.66863 0.699999
      vertex 3 2.41436 0.699999
    endloop
  endfacet
  facet normal 0.608763 0.793352 0
    outer loop
      vertex 2.66863 2.66863 0.699999
      vertex 3 2.41436 0
      vertex 2.66863 2.66863 0
    endloop
  endfacet
  facet normal 0.608763 -0.793352 0
    outer loop
      vertex 2.66863 4.93137 0
      vertex 3 5.18564 0.699999
      vertex 2.66863 4.93137 0.699999
    endloop
  endfacet
  facet normal 0.608763 -0.793352 0
    outer loop
      vertex 3 5.18564 0.699999
      vertex 2.66863 4.93137 0
      vertex 3 5.18564 0
    endloop
  endfacet
  facet normal -0.92388 0.382682 0
    outer loop
      vertex 5.18564 3 0
      vertex 5.34548 3.38589 0.699999
      vertex 5.34548 3.38589 0
    endloop
  endfacet
  facet normal -0.92388 0.382682 0
    outer loop
      vertex 5.34548 3.38589 0.699999
      vertex 5.18564 3 0
      vertex 5.18564 3 0.699999
    endloop
  endfacet
  facet normal -0.793352 0.608763 0
    outer loop
      vertex 4.93137 2.66863 0
      vertex 5.18564 3 0.699999
      vertex 5.18564 3 0
    endloop
  endfacet
  facet normal -0.793352 0.608763 0
    outer loop
      vertex 5.18564 3 0.699999
      vertex 4.93137 2.66863 0
      vertex 4.93137 2.66863 0.699999
    endloop
  endfacet
  facet normal -0.608763 -0.793352 0
    outer loop
      vertex 4.6 5.18564 0
      vertex 4.93137 4.93137 0.699999
      vertex 4.6 5.18564 0.699999
    endloop
  endfacet
  facet normal -0.608763 -0.793352 -0
    outer loop
      vertex 4.93137 4.93137 0.699999
      vertex 4.6 5.18564 0
      vertex 4.93137 4.93137 0
    endloop
  endfacet
  facet normal 0.991444 0.130529 0
    outer loop
      vertex 2.25452 3.38589 0.699999
      vertex 2.2 3.8 0
      vertex 2.2 3.8 0.699999
    endloop
  endfacet
  facet normal 0.991444 0.130529 0
    outer loop
      vertex 2.2 3.8 0
      vertex 2.25452 3.38589 0.699999
      vertex 2.25452 3.38589 0
    endloop
  endfacet
  facet normal -0.382682 0.92388 0
    outer loop
      vertex 4.6 2.41436 0
      vertex 4.21411 2.25452 0.699999
      vertex 4.6 2.41436 0.699999
    endloop
  endfacet
  facet normal -0.382682 0.92388 0
    outer loop
      vertex 4.21411 2.25452 0.699999
      vertex 4.6 2.41436 0
      vertex 4.21411 2.25452 0
    endloop
  endfacet
  facet normal 0.793352 0.608763 0
    outer loop
      vertex 2.66863 2.66863 0.699999
      vertex 2.41436 3 0
      vertex 2.41436 3 0.699999
    endloop
  endfacet
  facet normal 0.793352 0.608763 0
    outer loop
      vertex 2.41436 3 0
      vertex 2.66863 2.66863 0.699999
      vertex 2.66863 2.66863 0
    endloop
  endfacet
  facet normal 0.382682 0.92388 -0
    outer loop
      vertex 3.38589 2.25452 0
      vertex 3 2.41436 0.699999
      vertex 3.38589 2.25452 0.699999
    endloop
  endfacet
  facet normal 0.382682 0.92388 0
    outer loop
      vertex 3 2.41436 0.699999
      vertex 3.38589 2.25452 0
      vertex 3 2.41436 0
    endloop
  endfacet
  facet normal 0.130529 0.991444 -0
    outer loop
      vertex 3.8 2.2 0
      vertex 3.38589 2.25452 0.699999
      vertex 3.8 2.2 0.699999
    endloop
  endfacet
  facet normal 0.130529 0.991444 0
    outer loop
      vertex 3.38589 2.25452 0.699999
      vertex 3.8 2.2 0
      vertex 3.38589 2.25452 0
    endloop
  endfacet
  facet normal 0.385867 0.502869 0.773453
    outer loop
      vertex 3 2.41436 0.699999
      vertex 2.66863 2.66863 0.699999
      vertex 2.2 1.02872 2
    endloop
  endfacet
  facet normal 0.585604 -0.242565 0.773453
    outer loop
      vertex 2.25452 4.21411 0.699999
      vertex 1.02872 5.4 2
      vertex 0.709038 4.62822 2
    endloop
  endfacet
  facet normal 0.242565 0.585604 0.773453
    outer loop
      vertex 2.97178 0.709038 2
      vertex 3.38589 2.25452 0.699999
      vertex 2.2 1.02872 2
    endloop
  endfacet
  facet normal 0.502869 -0.385867 0.773453
    outer loop
      vertex 2.41436 4.6 0.699999
      vertex 2.66863 4.93137 0.699999
      vertex 1.02872 5.4 2
    endloop
  endfacet
  facet normal 0.62843 -0.0827365 0.773453
    outer loop
      vertex 0.709038 4.62822 2
      vertex 2.2 3.8 0.699999
      vertex 2.25452 4.21411 0.699999
    endloop
  endfacet
  facet normal 0.628431 -0.0827351 0.773453
    outer loop
      vertex 2.2 3.8 0.699999
      vertex 0.709038 4.62822 2
      vertex 0.6 3.8 2
    endloop
  endfacet
  facet normal -0.385867 0.502869 0.773453
    outer loop
      vertex 5.4 1.02872 2
      vertex 6.06274 1.53726 2
      vertex 4.93137 2.66863 0.699999
    endloop
  endfacet
  facet normal 0.502869 -0.385867 0.773453
    outer loop
      vertex 2.66863 4.93137 0.699999
      vertex 1.53726 6.06274 2
      vertex 1.02872 5.4 2
    endloop
  endfacet
  facet normal -0.585605 0.242564 0.773453
    outer loop
      vertex 6.57128 2.2 2
      vertex 5.34548 3.38589 0.699999
      vertex 5.18564 3 0.699999
    endloop
  endfacet
  facet normal -0.502869 0.385867 0.773453
    outer loop
      vertex 6.06274 1.53726 2
      vertex 6.57128 2.2 2
      vertex 4.93137 2.66863 0.699999
    endloop
  endfacet
  facet normal 0.0827366 -0.628431 0.773453
    outer loop
      vertex 3.8 7 2
      vertex 3.38589 5.34548 0.699999
      vertex 3.8 5.4 0.699999
    endloop
  endfacet
  facet normal 0.0827366 -0.628431 0.773453
    outer loop
      vertex 3.38589 5.34548 0.699999
      vertex 3.8 7 2
      vertex 2.97178 6.89096 2
    endloop
  endfacet
  facet normal 0.62843 0.0827365 0.773453
    outer loop
      vertex 2.2 3.8 0.699999
      vertex 0.709038 2.97178 2
      vertex 2.25452 3.38589 0.699999
    endloop
  endfacet
  facet normal 0.628431 0.0827351 0.773453
    outer loop
      vertex 0.709038 2.97178 2
      vertex 2.2 3.8 0.699999
      vertex 0.6 3.8 2
    endloop
  endfacet
  facet normal -0.585605 -0.242564 0.773453
    outer loop
      vertex 6.89096 4.62822 2
      vertex 6.57128 5.4 2
      vertex 5.34548 4.21411 0.699999
    endloop
  endfacet
  facet normal 0.242564 0.585605 0.773453
    outer loop
      vertex 3.38589 2.25452 0.699999
      vertex 3 2.41436 0.699999
      vertex 2.2 1.02872 2
    endloop
  endfacet
  facet normal -0.585605 0.242564 0.773453
    outer loop
      vertex 6.57128 2.2 2
      vertex 6.89096 2.97178 2
      vertex 5.34548 3.38589 0.699999
    endloop
  endfacet
  facet normal 0.585604 0.242565 0.773453
    outer loop
      vertex 1.02872 2.2 2
      vertex 2.25452 3.38589 0.699999
      vertex 0.709038 2.97178 2
    endloop
  endfacet
  facet normal 0.242564 -0.585605 0.773453
    outer loop
      vertex 3 5.18564 0.699999
      vertex 3.38589 5.34548 0.699999
      vertex 2.2 6.57128 2
    endloop
  endfacet
  facet normal 0.385867 -0.502869 0.773453
    outer loop
      vertex 2.66863 4.93137 0.699999
      vertex 2.2 6.57128 2
      vertex 1.53726 6.06274 2
    endloop
  endfacet
  facet normal -0.242564 0.585605 0.773453
    outer loop
      vertex 5.4 1.02872 2
      vertex 4.6 2.41436 0.699999
      vertex 4.21411 2.25452 0.699999
    endloop
  endfacet
  facet normal -0.242565 0.585604 0.773453
    outer loop
      vertex 4.62822 0.709038 2
      vertex 5.4 1.02872 2
      vertex 4.21411 2.25452 0.699999
    endloop
  endfacet
  facet normal -0.502869 0.385867 0.773453
    outer loop
      vertex 6.57128 2.2 2
      vertex 5.18564 3 0.699999
      vertex 4.93137 2.66863 0.699999
    endloop
  endfacet
  facet normal -0.628431 -0.0827366 0.773453
    outer loop
      vertex 6.89096 4.62822 2
      vertex 5.4 3.8 0.699999
      vertex 7 3.8 2
    endloop
  endfacet
  facet normal -0.628431 -0.0827366 0.773453
    outer loop
      vertex 5.4 3.8 0.699999
      vertex 6.89096 4.62822 2
      vertex 5.34548 4.21411 0.699999
    endloop
  endfacet
  facet normal -0.628431 0.0827366 0.773453
    outer loop
      vertex 5.4 3.8 0.699999
      vertex 6.89096 2.97178 2
      vertex 7 3.8 2
    endloop
  endfacet
  facet normal -0.628431 0.0827366 0.773453
    outer loop
      vertex 6.89096 2.97178 2
      vertex 5.4 3.8 0.699999
      vertex 5.34548 3.38589 0.699999
    endloop
  endfacet
  facet normal -0.242564 -0.585605 0.773453
    outer loop
      vertex 5.4 6.57128 2
      vertex 4.62822 6.89096 2
      vertex 4.21411 5.34548 0.699999
    endloop
  endfacet
  facet normal 0.385867 -0.502869 0.773453
    outer loop
      vertex 2.66863 4.93137 0.699999
      vertex 3 5.18564 0.699999
      vertex 2.2 6.57128 2
    endloop
  endfacet
  facet normal 0 0 -1
    outer loop
      vertex 6.89096 2.97178 2
      vertex 5.34548 3.38589 2
      vertex 5.4 3.8 2
    endloop
  endfacet
  facet normal 0 0 -1
    outer loop
      vertex 6.06274 1.53726 2
      vertex 5.18564 3 2
      vertex 5.34548 3.38589 2
    endloop
  endfacet
  facet normal 0 0 -1
    outer loop
      vertex 6.06274 1.53726 2
      vertex 4.93137 2.66863 2
      vertex 5.18564 3 2
    endloop
  endfacet
  facet normal 0 0 -1
    outer loop
      vertex 4.6 2.41436 2
      vertex 5.4 1.02872 2
      vertex 4.62822 0.709038 2
    endloop
  endfacet
  facet normal 0 0 -1
    outer loop
      vertex 5.4 1.02872 2
      vertex 4.6 2.41436 2
      vertex 4.93137 2.66863 2
    endloop
  endfacet
  facet normal 0 0 -1
    outer loop
      vertex 4.62822 0.709038 2
      vertex 4.21411 2.25452 2
      vertex 4.6 2.41436 2
    endloop
  endfacet
  facet normal 0 0 -1
    outer loop
      vertex 3.8 0.6 2
      vertex 4.21411 2.25452 2
      vertex 4.62822 0.709038 2
    endloop
  endfacet
  facet normal 0 0 -1
    outer loop
      vertex 3.8 0.6 2
      vertex 3.8 2.2 2
      vertex 4.21411 2.25452 2
    endloop
  endfacet
  facet normal 0 0 -1
    outer loop
      vertex 3.8 0.6 2
      vertex 3.38589 2.25452 2
      vertex 3.8 2.2 2
    endloop
  endfacet
  facet normal 0 0 -1
    outer loop
      vertex 2.97178 0.709038 2
      vertex 3.38589 2.25452 2
      vertex 3.8 0.6 2
    endloop
  endfacet
  facet normal -0 0 -1
    outer loop
      vertex 3.38589 2.25452 2
      vertex 2.97178 0.709038 2
      vertex 3 2.41436 2
    endloop
  endfacet
  facet normal 0 0 -1
    outer loop
      vertex 2.2 1.02872 2
      vertex 3 2.41436 2
      vertex 2.97178 0.709038 2
    endloop
  endfacet
  facet normal -0 0 -1
    outer loop
      vertex 3 2.41436 2
      vertex 2.2 1.02872 2
      vertex 2.66863 2.66863 2
    endloop
  endfacet
  facet normal 0 0 -1
    outer loop
      vertex 1.53726 1.53726 2
      vertex 2.66863 2.66863 2
      vertex 2.2 1.02872 2
    endloop
  endfacet
  facet normal -0 0 -1
    outer loop
      vertex 2.66863 2.66863 2
      vertex 1.53726 1.53726 2
      vertex 2.41436 3 2
    endloop
  endfacet
  facet normal 0 0 -1
    outer loop
      vertex 1.02872 2.2 2
      vertex 2.41436 3 2
      vertex 1.53726 1.53726 2
    endloop
  endfacet
  facet normal -0 0 -1
    outer loop
      vertex 2.41436 3 2
      vertex 1.02872 2.2 2
      vertex 2.25452 3.38589 2
    endloop
  endfacet
  facet normal 0 0 -1
    outer loop
      vertex 0.709038 2.97178 2
      vertex 2.25452 3.38589 2
      vertex 1.02872 2.2 2
    endloop
  endfacet
  facet normal 0 0 -1
    outer loop
      vertex 2.2 3.8 2
      vertex 1.53726 6.06274 2
      vertex 2.2 6.57128 2
    endloop
  endfacet
  facet normal -0 0 -1
    outer loop
      vertex 2.25452 3.38589 2
      vertex 0.709038 2.97178 2
      vertex 2.2 3.8 2
    endloop
  endfacet
  facet normal 0 0 -1
    outer loop
      vertex 2.2 3.8 2
      vertex 1.02872 5.4 2
      vertex 1.53726 6.06274 2
    endloop
  endfacet
  facet normal 0 0 -1
    outer loop
      vertex 0.6 3.8 2
      vertex 2.2 3.8 2
      vertex 0.709038 2.97178 2
    endloop
  endfacet
  facet normal 0 0 -1
    outer loop
      vertex 2.2 3.8 2
      vertex 0.709038 4.62822 2
      vertex 1.02872 5.4 2
    endloop
  endfacet
  facet normal 0 0 -1
    outer loop
      vertex 2.2 3.8 2
      vertex 0.6 3.8 2
      vertex 0.709038 4.62822 2
    endloop
  endfacet
  facet normal 0 0 -1
    outer loop
      vertex 5.4 3.8 2
      vertex 7 3.8 2
      vertex 6.89096 2.97178 2
    endloop
  endfacet
  facet normal 0 0 -1
    outer loop
      vertex 5.34548 3.38589 2
      vertex 6.89096 2.97178 2
      vertex 6.57128 2.2 2
    endloop
  endfacet
  facet normal 0 0 -1
    outer loop
      vertex 7 3.8 2
      vertex 5.4 3.8 2
      vertex 6.89096 4.62822 2
    endloop
  endfacet
  facet normal 0 0 -1
    outer loop
      vertex 5.34548 3.38589 2
      vertex 6.57128 2.2 2
      vertex 6.06274 1.53726 2
    endloop
  endfacet
  facet normal 0 0 -1
    outer loop
      vertex 5.34548 4.21411 2
      vertex 6.89096 4.62822 2
      vertex 5.4 3.8 2
    endloop
  endfacet
  facet normal 0 0 -1
    outer loop
      vertex 4.93137 2.66863 2
      vertex 6.06274 1.53726 2
      vertex 5.4 1.02872 2
    endloop
  endfacet
  facet normal -0 0 -1
    outer loop
      vertex 6.89096 4.62822 2
      vertex 5.34548 4.21411 2
      vertex 6.57128 5.4 2
    endloop
  endfacet
  facet normal 0 0 -1
    outer loop
      vertex 5.18564 4.6 2
      vertex 6.57128 5.4 2
      vertex 5.34548 4.21411 2
    endloop
  endfacet
  facet normal -0 0 -1
    outer loop
      vertex 6.57128 5.4 2
      vertex 5.18564 4.6 2
      vertex 6.06274 6.06274 2
    endloop
  endfacet
  facet normal 0 0 -1
    outer loop
      vertex 4.93137 4.93137 2
      vertex 6.06274 6.06274 2
      vertex 5.18564 4.6 2
    endloop
  endfacet
  facet normal -0 0 -1
    outer loop
      vertex 6.06274 6.06274 2
      vertex 4.93137 4.93137 2
      vertex 5.4 6.57128 2
    endloop
  endfacet
  facet normal 0 0 -1
    outer loop
      vertex 4.6 5.18564 2
      vertex 5.4 6.57128 2
      vertex 4.93137 4.93137 2
    endloop
  endfacet
  facet normal -0 0 -1
    outer loop
      vertex 5.4 6.57128 2
      vertex 4.6 5.18564 2
      vertex 4.62822 6.89096 2
    endloop
  endfacet
  facet normal 0 0 -1
    outer loop
      vertex 4.21411 5.34548 2
      vertex 4.62822 6.89096 2
      vertex 4.6 5.18564 2
    endloop
  endfacet
  facet normal 0 0 -1
    outer loop
      vertex 3.8 5.4 2
      vertex 4.62822 6.89096 2
      vertex 4.21411 5.34548 2
    endloop
  endfacet
  facet normal 0 0 -1
    outer loop
      vertex 3.8 5.4 2
      vertex 3.8 7 2
      vertex 4.62822 6.89096 2
    endloop
  endfacet
  facet normal 0 0 -1
    outer loop
      vertex 3.38589 5.34548 2
      vertex 3.8 7 2
      vertex 3.8 5.4 2
    endloop
  endfacet
  facet normal 0 0 -1
    outer loop
      vertex 2.97178 6.89096 2
      vertex 3.38589 5.34548 2
      vertex 3 5.18564 2
    endloop
  endfacet
  facet normal 0 0 -1
    outer loop
      vertex 3.38589 5.34548 2
      vertex 2.97178 6.89096 2
      vertex 3.8 7 2
    endloop
  endfacet
  facet normal 0 0 -1
    outer loop
      vertex 2.2 6.57128 2
      vertex 3 5.18564 2
      vertex 2.66863 4.93137 2
    endloop
  endfacet
  facet normal 0 0 -1
    outer loop
      vertex 2.2 6.57128 2
      vertex 2.66863 4.93137 2
      vertex 2.41436 4.6 2
    endloop
  endfacet
  facet normal 0 0 -1
    outer loop
      vertex 2.2 6.57128 2
      vertex 2.41436 4.6 2
      vertex 2.25452 4.21411 2
    endloop
  endfacet
  facet normal 0 0 -1
    outer loop
      vertex 3 5.18564 2
      vertex 2.2 6.57128 2
      vertex 2.97178 6.89096 2
    endloop
  endfacet
  facet normal 0 0 -1
    outer loop
      vertex 2.2 6.57128 2
      vertex 2.25452 4.21411 2
      vertex 2.2 3.8 2
    endloop
  endfacet
  facet normal 0.585605 -0.242564 0.773453
    outer loop
      vertex 2.25452 4.21411 0.699999
      vertex 2.41436 4.6 0.699999
      vertex 1.02872 5.4 2
    endloop
  endfacet
  facet normal -0.385867 -0.502869 0.773453
    outer loop
      vertex 6.06274 6.06274 2
      vertex 5.4 6.57128 2
      vertex 4.93137 4.93137 0.699999
    endloop
  endfacet
  facet normal 0.242564 -0.585605 0.773453
    outer loop
      vertex 3.38589 5.34548 0.699999
      vertex 2.97178 6.89096 2
      vertex 2.2 6.57128 2
    endloop
  endfacet
  facet normal -0.385867 0.502869 0.773453
    outer loop
      vertex 5.4 1.02872 2
      vertex 4.93137 2.66863 0.699999
      vertex 4.6 2.41436 0.699999
    endloop
  endfacet
  facet normal -0.502869 -0.385867 0.773453
    outer loop
      vertex 6.57128 5.4 2
      vertex 6.06274 6.06274 2
      vertex 4.93137 4.93137 0.699999
    endloop
  endfacet
  facet normal -0.242564 -0.585605 0.773453
    outer loop
      vertex 4.6 5.18564 0.699999
      vertex 5.4 6.57128 2
      vertex 4.21411 5.34548 0.699999
    endloop
  endfacet
  facet normal 0.585605 0.242564 0.773453
    outer loop
      vertex 2.41436 3 0.699999
      vertex 2.25452 3.38589 0.699999
      vertex 1.02872 2.2 2
    endloop
  endfacet
  facet normal 0.502869 0.385867 0.773453
    outer loop
      vertex 1.53726 1.53726 2
      vertex 2.66863 2.66863 0.699999
      vertex 1.02872 2.2 2
    endloop
  endfacet
  facet normal -0.0827366 -0.628431 0.773453
    outer loop
      vertex 3.8 7 2
      vertex 4.21411 5.34548 0.699999
      vertex 4.62822 6.89096 2
    endloop
  endfacet
  facet normal -0.0827366 -0.628431 0.773453
    outer loop
      vertex 4.21411 5.34548 0.699999
      vertex 3.8 7 2
      vertex 3.8 5.4 0.699999
    endloop
  endfacet
  facet normal 0.385867 0.502869 0.773453
    outer loop
      vertex 2.2 1.02872 2
      vertex 2.66863 2.66863 0.699999
      vertex 1.53726 1.53726 2
    endloop
  endfacet
  facet normal -0.0827365 0.62843 0.773453
    outer loop
      vertex 3.8 2.2 0.699999
      vertex 4.62822 0.709038 2
      vertex 4.21411 2.25452 0.699999
    endloop
  endfacet
  facet normal -0.0827351 0.628431 0.773453
    outer loop
      vertex 4.62822 0.709038 2
      vertex 3.8 2.2 0.699999
      vertex 3.8 0.6 2
    endloop
  endfacet
  facet normal 0.0827366 0.628431 0.773453
    outer loop
      vertex 3.38589 2.25452 0.699999
      vertex 3.8 0.6 2
      vertex 3.8 2.2 0.699999
    endloop
  endfacet
  facet normal 0.0827351 0.628431 0.773453
    outer loop
      vertex 3.8 0.6 2
      vertex 3.38589 2.25452 0.699999
      vertex 2.97178 0.709038 2
    endloop
  endfacet
  facet normal -0.502869 -0.385867 0.773453
    outer loop
      vertex 5.18564 4.6 0.699999
      vertex 6.57128 5.4 2
      vertex 4.93137 4.93137 0.699999
    endloop
  endfacet
  facet normal -0.585605 -0.242564 0.773453
    outer loop
      vertex 5.34548 4.21411 0.699999
      vertex 6.57128 5.4 2
      vertex 5.18564 4.6 0.699999
    endloop
  endfacet
  facet normal -0.385867 -0.502869 0.773453
    outer loop
      vertex 4.93137 4.93137 0.699999
      vertex 5.4 6.57128 2
      vertex 4.6 5.18564 0.699999
    endloop
  endfacet
  facet normal 0.502869 0.385867 0.773453
    outer loop
      vertex 2.66863 2.66863 0.699999
      vertex 2.41436 3 0.699999
      vertex 1.02872 2.2 2
    endloop
  endfacet
  facet normal 0.991295 -0.131659 0
    outer loop
      vertex 179 3.8 0.699999
      vertex 179.055 4.21411 0
      vertex 179.055 4.21411 0.699999
    endloop
  endfacet
  facet normal 0.991295 -0.131659 0
    outer loop
      vertex 179.055 4.21411 0
      vertex 179 3.8 0.699999
      vertex 179 3.8 0
    endloop
  endfacet
  facet normal -0.92459 -0.380963 0
    outer loop
      vertex 182.145 4.21411 0
      vertex 181.986 4.6 0.699999
      vertex 181.986 4.6 0
    endloop
  endfacet
  facet normal -0.92459 -0.380963 0
    outer loop
      vertex 181.986 4.6 0.699999
      vertex 182.145 4.21411 0
      vertex 182.145 4.21411 0.699999
    endloop
  endfacet
  facet normal -0.991295 -0.131659 0
    outer loop
      vertex 182.2 3.8 0
      vertex 182.145 4.21411 0.699999
      vertex 182.145 4.21411 0
    endloop
  endfacet
  facet normal -0.991295 -0.131659 0
    outer loop
      vertex 182.145 4.21411 0.699999
      vertex 182.2 3.8 0
      vertex 182.2 3.8 0.699999
    endloop
  endfacet
  facet normal -0.792508 -0.609861 0
    outer loop
      vertex 181.986 4.6 0
      vertex 181.731 4.93137 0.699999
      vertex 181.731 4.93137 0
    endloop
  endfacet
  facet normal -0.792508 -0.609861 0
    outer loop
      vertex 181.731 4.93137 0.699999
      vertex 181.986 4.6 0
      vertex 181.986 4.6 0.699999
    endloop
  endfacet
  facet normal -0.991295 0.131659 0
    outer loop
      vertex 182.145 3.38589 0
      vertex 182.2 3.8 0.699999
      vertex 182.2 3.8 0
    endloop
  endfacet
  facet normal -0.991295 0.131659 0
    outer loop
      vertex 182.2 3.8 0.699999
      vertex 182.145 3.38589 0
      vertex 182.145 3.38589 0.699999
    endloop
  endfacet
  facet normal -0.130564 0.99144 0
    outer loop
      vertex 181.014 2.25452 0
      vertex 180.6 2.2 0.699999
      vertex 181.014 2.25452 0.699999
    endloop
  endfacet
  facet normal -0.130564 0.99144 0
    outer loop
      vertex 180.6 2.2 0.699999
      vertex 181.014 2.25452 0
      vertex 180.6 2.2 0
    endloop
  endfacet
  facet normal 0.92459 -0.380963 0
    outer loop
      vertex 179.055 4.21411 0.699999
      vertex 179.214 4.6 0
      vertex 179.214 4.6 0.699999
    endloop
  endfacet
  facet normal 0.92459 -0.380963 0
    outer loop
      vertex 179.214 4.6 0
      vertex 179.055 4.21411 0.699999
      vertex 179.055 4.21411 0
    endloop
  endfacet
  facet normal -0.609191 0.793024 0
    outer loop
      vertex 181.731 2.66863 0
      vertex 181.4 2.41436 0.699999
      vertex 181.731 2.66863 0.699999
    endloop
  endfacet
  facet normal -0.609191 0.793024 0
    outer loop
      vertex 181.4 2.41436 0.699999
      vertex 181.731 2.66863 0
      vertex 181.4 2.41436 0
    endloop
  endfacet
  facet normal -0.382589 -0.923919 0
    outer loop
      vertex 181.014 5.34548 0
      vertex 181.4 5.18564 0.699999
      vertex 181.014 5.34548 0.699999
    endloop
  endfacet
  facet normal -0.382589 -0.923919 -0
    outer loop
      vertex 181.4 5.18564 0.699999
      vertex 181.014 5.34548 0
      vertex 181.4 5.18564 0
    endloop
  endfacet
  facet normal 0.92459 0.380963 0
    outer loop
      vertex 179.214 3 0.699999
      vertex 179.055 3.38589 0
      vertex 179.055 3.38589 0.699999
    endloop
  endfacet
  facet normal 0.92459 0.380963 0
    outer loop
      vertex 179.055 3.38589 0
      vertex 179.214 3 0.699999
      vertex 179.214 3 0
    endloop
  endfacet
  facet normal -0.130564 -0.99144 0
    outer loop
      vertex 180.6 5.4 0
      vertex 181.014 5.34548 0.699999
      vertex 180.6 5.4 0.699999
    endloop
  endfacet
  facet normal -0.130564 -0.99144 -0
    outer loop
      vertex 181.014 5.34548 0.699999
      vertex 180.6 5.4 0
      vertex 181.014 5.34548 0
    endloop
  endfacet
  facet normal 0.382589 -0.923919 0
    outer loop
      vertex 179.8 5.18564 0
      vertex 180.186 5.34548 0.699999
      vertex 179.8 5.18564 0.699999
    endloop
  endfacet
  facet normal 0.382589 -0.923919 0
    outer loop
      vertex 180.186 5.34548 0.699999
      vertex 179.8 5.18564 0
      vertex 180.186 5.34548 0
    endloop
  endfacet
  facet normal 0.130564 -0.99144 0
    outer loop
      vertex 180.186 5.34548 0
      vertex 180.6 5.4 0.699999
      vertex 180.186 5.34548 0.699999
    endloop
  endfacet
  facet normal 0.130564 -0.99144 0
    outer loop
      vertex 180.6 5.4 0.699999
      vertex 180.186 5.34548 0
      vertex 180.6 5.4 0
    endloop
  endfacet
  facet normal 0.609191 0.793024 -0
    outer loop
      vertex 179.8 2.41436 0
      vertex 179.469 2.66863 0.699999
      vertex 179.8 2.41436 0.699999
    endloop
  endfacet
  facet normal 0.609191 0.793024 0
    outer loop
      vertex 179.469 2.66863 0.699999
      vertex 179.8 2.41436 0
      vertex 179.469 2.66863 0
    endloop
  endfacet
  facet normal 0.609191 -0.793024 0
    outer loop
      vertex 179.469 4.93137 0
      vertex 179.8 5.18564 0.699999
      vertex 179.469 4.93137 0.699999
    endloop
  endfacet
  facet normal 0.609191 -0.793024 0
    outer loop
      vertex 179.8 5.18564 0.699999
      vertex 179.469 4.93137 0
      vertex 179.8 5.18564 0
    endloop
  endfacet
  facet normal -0.92459 0.380963 0
    outer loop
      vertex 181.986 3 0
      vertex 182.145 3.38589 0.699999
      vertex 182.145 3.38589 0
    endloop
  endfacet
  facet normal -0.92459 0.380963 0
    outer loop
      vertex 182.145 3.38589 0.699999
      vertex 181.986 3 0
      vertex 181.986 3 0.699999
    endloop
  endfacet
  facet normal -0.792508 0.609861 0
    outer loop
      vertex 181.731 2.66863 0
      vertex 181.986 3 0.699999
      vertex 181.986 3 0
    endloop
  endfacet
  facet normal -0.792508 0.609861 0
    outer loop
      vertex 181.986 3 0.699999
      vertex 181.731 2.66863 0
      vertex 181.731 2.66863 0.699999
    endloop
  endfacet
  facet normal -0.609191 -0.793024 0
    outer loop
      vertex 181.4 5.18564 0
      vertex 181.731 4.93137 0.699999
      vertex 181.4 5.18564 0.699999
    endloop
  endfacet
  facet normal -0.609191 -0.793024 -0
    outer loop
      vertex 181.731 4.93137 0.699999
      vertex 181.4 5.18564 0
      vertex 181.731 4.93137 0
    endloop
  endfacet
  facet normal 0.991295 0.131659 0
    outer loop
      vertex 179.055 3.38589 0.699999
      vertex 179 3.8 0
      vertex 179 3.8 0.699999
    endloop
  endfacet
  facet normal 0.991295 0.131659 0
    outer loop
      vertex 179 3.8 0
      vertex 179.055 3.38589 0.699999
      vertex 179.055 3.38589 0
    endloop
  endfacet
  facet normal -0.382589 0.923919 0
    outer loop
      vertex 181.4 2.41436 0
      vertex 181.014 2.25452 0.699999
      vertex 181.4 2.41436 0.699999
    endloop
  endfacet
  facet normal -0.382589 0.923919 0
    outer loop
      vertex 181.014 2.25452 0.699999
      vertex 181.4 2.41436 0
      vertex 181.014 2.25452 0
    endloop
  endfacet
  facet normal 0.792508 0.609861 0
    outer loop
      vertex 179.469 2.66863 0.699999
      vertex 179.214 3 0
      vertex 179.214 3 0.699999
    endloop
  endfacet
  facet normal 0.792508 0.609861 0
    outer loop
      vertex 179.214 3 0
      vertex 179.469 2.66863 0.699999
      vertex 179.469 2.66863 0
    endloop
  endfacet
  facet normal 0.382589 0.923919 -0
    outer loop
      vertex 180.186 2.25452 0
      vertex 179.8 2.41436 0.699999
      vertex 180.186 2.25452 0.699999
    endloop
  endfacet
  facet normal 0.382589 0.923919 0
    outer loop
      vertex 179.8 2.41436 0.699999
      vertex 180.186 2.25452 0
      vertex 179.8 2.41436 0
    endloop
  endfacet
  facet normal 0.130564 0.99144 -0
    outer loop
      vertex 180.6 2.2 0
      vertex 180.186 2.25452 0.699999
      vertex 180.6 2.2 0.699999
    endloop
  endfacet
  facet normal 0.130564 0.99144 0
    outer loop
      vertex 180.186 2.25452 0.699999
      vertex 180.6 2.2 0
      vertex 180.186 2.25452 0
    endloop
  endfacet
  facet normal 0.792508 -0.609861 0
    outer loop
      vertex 179.214 4.6 0.699999
      vertex 179.469 4.93137 0
      vertex 179.469 4.93137 0.699999
    endloop
  endfacet
  facet normal 0.792508 -0.609861 0
    outer loop
      vertex 179.469 4.93137 0
      vertex 179.214 4.6 0.699999
      vertex 179.214 4.6 0
    endloop
  endfacet
  facet normal 0.386154 0.502683 0.773431
    outer loop
      vertex 179.8 2.41436 0.699999
      vertex 179.469 2.66863 0.699999
      vertex 179 1.02872 2
    endloop
  endfacet
  facet normal 0.58543 -0.242734 0.773532
    outer loop
      vertex 179.055 4.21411 0.699999
      vertex 177.829 5.4 2
      vertex 177.509 4.62822 2
    endloop
  endfacet
  facet normal 0.242508 0.585633 0.773449
    outer loop
      vertex 179.772 0.709038 2
      vertex 180.186 2.25452 0.699999
      vertex 179 1.02872 2
    endloop
  endfacet
  facet normal 0.502486 -0.386679 0.773296
    outer loop
      vertex 179.214 4.6 0.699999
      vertex 179.469 4.93137 0.699999
      vertex 177.829 5.4 2
    endloop
  endfacet
  facet normal 0.628158 -0.0834288 0.7736
    outer loop
      vertex 177.509 4.62822 2
      vertex 179 3.8 0.699999
      vertex 179.055 4.21411 0.699999
    endloop
  endfacet
  facet normal 0.628432 -0.0827065 0.773455
    outer loop
      vertex 179 3.8 0.699999
      vertex 177.509 4.62822 2
      vertex 177.4 3.8 2
    endloop
  endfacet
  facet normal -0.385721 0.502877 0.77352
    outer loop
      vertex 182.2 1.02872 2
      vertex 182.863 1.53726 2
      vertex 181.731 2.66863 0.699999
    endloop
  endfacet
  facet normal 0.502993 -0.385551 0.77353
    outer loop
      vertex 179.469 4.93137 0.699999
      vertex 178.337 6.06274 2
      vertex 177.829 5.4 2
    endloop
  endfacet
  facet normal -0.586272 0.241564 0.77326
    outer loop
      vertex 183.371 2.2 2
      vertex 182.145 3.38589 0.699999
      vertex 181.986 3 0.699999
    endloop
  endfacet
  facet normal -0.502993 0.385551 0.77353
    outer loop
      vertex 182.863 1.53726 2
      vertex 183.371 2.2 2
      vertex 181.731 2.66863 0.699999
    endloop
  endfacet
  facet normal 0.0827584 -0.62843 0.773451
    outer loop
      vertex 180.6 7 2
      vertex 180.186 5.34548 0.699999
      vertex 180.6 5.4 0.699999
    endloop
  endfacet
  facet normal 0.0827584 -0.62843 0.773451
    outer loop
      vertex 180.186 5.34548 0.699999
      vertex 180.6 7 2
      vertex 179.772 6.89096 2
    endloop
  endfacet
  facet normal 0.628158 0.0834288 0.7736
    outer loop
      vertex 179 3.8 0.699999
      vertex 177.509 2.97178 2
      vertex 179.055 3.38589 0.699999
    endloop
  endfacet
  facet normal 0.628432 0.0827065 0.773455
    outer loop
      vertex 177.509 2.97178 2
      vertex 179 3.8 0.699999
      vertex 177.4 3.8 2
    endloop
  endfacet
  facet normal -0.58543 -0.242734 0.773532
    outer loop
      vertex 183.691 4.62822 2
      vertex 183.371 5.4 2
      vertex 182.145 4.21411 0.699999
    endloop
  endfacet
  facet normal 0.242507 0.585634 0.773449
    outer loop
      vertex 180.186 2.25452 0.699999
      vertex 179.8 2.41436 0.699999
      vertex 179 1.02872 2
    endloop
  endfacet
  facet normal -0.58543 0.242734 0.773532
    outer loop
      vertex 183.371 2.2 2
      vertex 183.691 2.97178 2
      vertex 182.145 3.38589 0.699999
    endloop
  endfacet
  facet normal 0.58543 0.242734 0.773532
    outer loop
      vertex 177.829 2.2 2
      vertex 179.055 3.38589 0.699999
      vertex 177.509 2.97178 2
    endloop
  endfacet
  facet normal 0.242507 -0.585634 0.773449
    outer loop
      vertex 179.8 5.18564 0.699999
      vertex 180.186 5.34548 0.699999
      vertex 179 6.57128 2
    endloop
  endfacet
  facet normal 0.385721 -0.502877 0.77352
    outer loop
      vertex 179.469 4.93137 0.699999
      vertex 179 6.57128 2
      vertex 178.337 6.06274 2
    endloop
  endfacet
  facet normal -0.242507 0.585634 0.773449
    outer loop
      vertex 182.2 1.02872 2
      vertex 181.4 2.41436 0.699999
      vertex 181.014 2.25452 0.699999
    endloop
  endfacet
  facet normal -0.242508 0.585633 0.773449
    outer loop
      vertex 181.428 0.709038 2
      vertex 182.2 1.02872 2
      vertex 181.014 2.25452 0.699999
    endloop
  endfacet
  facet normal -0.502486 0.386679 0.773296
    outer loop
      vertex 183.371 2.2 2
      vertex 181.986 3 0.699999
      vertex 181.731 2.66863 0.699999
    endloop
  endfacet
  facet normal -0.628432 -0.0827065 0.773455
    outer loop
      vertex 183.691 4.62822 2
      vertex 182.2 3.8 0.699999
      vertex 183.8 3.8 2
    endloop
  endfacet
  facet normal -0.628158 -0.0834288 0.7736
    outer loop
      vertex 182.2 3.8 0.699999
      vertex 183.691 4.62822 2
      vertex 182.145 4.21411 0.699999
    endloop
  endfacet
  facet normal -0.628432 0.0827065 0.773455
    outer loop
      vertex 182.2 3.8 0.699999
      vertex 183.691 2.97178 2
      vertex 183.8 3.8 2
    endloop
  endfacet
  facet normal -0.628158 0.0834288 0.7736
    outer loop
      vertex 183.691 2.97178 2
      vertex 182.2 3.8 0.699999
      vertex 182.145 3.38589 0.699999
    endloop
  endfacet
  facet normal -0.242507 -0.585634 0.773449
    outer loop
      vertex 182.2 6.57128 2
      vertex 181.428 6.89096 2
      vertex 181.014 5.34548 0.699999
    endloop
  endfacet
  facet normal 0.386154 -0.502683 0.773431
    outer loop
      vertex 179.469 4.93137 0.699999
      vertex 179.8 5.18564 0.699999
      vertex 179 6.57128 2
    endloop
  endfacet
  facet normal 0 0 -1
    outer loop
      vertex 183.691 2.97178 2
      vertex 182.145 3.38589 2
      vertex 182.2 3.8 2
    endloop
  endfacet
  facet normal 0 0 -1
    outer loop
      vertex 182.863 1.53726 2
      vertex 181.986 3 2
      vertex 182.145 3.38589 2
    endloop
  endfacet
  facet normal 0 0 -1
    outer loop
      vertex 182.863 1.53726 2
      vertex 181.731 2.66863 2
      vertex 181.986 3 2
    endloop
  endfacet
  facet normal 0 0 -1
    outer loop
      vertex 181.4 2.41436 2
      vertex 182.2 1.02872 2
      vertex 181.428 0.709038 2
    endloop
  endfacet
  facet normal 0 0 -1
    outer loop
      vertex 182.2 1.02872 2
      vertex 181.4 2.41436 2
      vertex 181.731 2.66863 2
    endloop
  endfacet
  facet normal 0 0 -1
    outer loop
      vertex 181.428 0.709038 2
      vertex 181.014 2.25452 2
      vertex 181.4 2.41436 2
    endloop
  endfacet
  facet normal 0 0 -1
    outer loop
      vertex 180.6 0.6 2
      vertex 181.014 2.25452 2
      vertex 181.428 0.709038 2
    endloop
  endfacet
  facet normal 0 0 -1
    outer loop
      vertex 180.6 0.6 2
      vertex 180.6 2.2 2
      vertex 181.014 2.25452 2
    endloop
  endfacet
  facet normal 0 0 -1
    outer loop
      vertex 180.6 0.6 2
      vertex 180.186 2.25452 2
      vertex 180.6 2.2 2
    endloop
  endfacet
  facet normal 0 0 -1
    outer loop
      vertex 179.772 0.709038 2
      vertex 180.186 2.25452 2
      vertex 180.6 0.6 2
    endloop
  endfacet
  facet normal -0 0 -1
    outer loop
      vertex 180.186 2.25452 2
      vertex 179.772 0.709038 2
      vertex 179.8 2.41436 2
    endloop
  endfacet
  facet normal 0 0 -1
    outer loop
      vertex 179 1.02872 2
      vertex 179.8 2.41436 2
      vertex 179.772 0.709038 2
    endloop
  endfacet
  facet normal -0 0 -1
    outer loop
      vertex 179.8 2.41436 2
      vertex 179 1.02872 2
      vertex 179.469 2.66863 2
    endloop
  endfacet
  facet normal 0 0 -1
    outer loop
      vertex 178.337 1.53726 2
      vertex 179.469 2.66863 2
      vertex 179 1.02872 2
    endloop
  endfacet
  facet normal -0 0 -1
    outer loop
      vertex 179.469 2.66863 2
      vertex 178.337 1.53726 2
      vertex 179.214 3 2
    endloop
  endfacet
  facet normal 0 0 -1
    outer loop
      vertex 177.829 2.2 2
      vertex 179.214 3 2
      vertex 178.337 1.53726 2
    endloop
  endfacet
  facet normal -0 0 -1
    outer loop
      vertex 179.214 3 2
      vertex 177.829 2.2 2
      vertex 179.055 3.38589 2
    endloop
  endfacet
  facet normal 0 0 -1
    outer loop
      vertex 177.509 2.97178 2
      vertex 179.055 3.38589 2
      vertex 177.829 2.2 2
    endloop
  endfacet
  facet normal 0 0 -1
    outer loop
      vertex 179 3.8 2
      vertex 178.337 6.06274 2
      vertex 179 6.57128 2
    endloop
  endfacet
  facet normal -0 0 -1
    outer loop
      vertex 179.055 3.38589 2
      vertex 177.509 2.97178 2
      vertex 179 3.8 2
    endloop
  endfacet
  facet normal 0 0 -1
    outer loop
      vertex 179 3.8 2
      vertex 177.829 5.4 2
      vertex 178.337 6.06274 2
    endloop
  endfacet
  facet normal 0 0 -1
    outer loop
      vertex 177.4 3.8 2
      vertex 179 3.8 2
      vertex 177.509 2.97178 2
    endloop
  endfacet
  facet normal 0 0 -1
    outer loop
      vertex 179 3.8 2
      vertex 177.509 4.62822 2
      vertex 177.829 5.4 2
    endloop
  endfacet
  facet normal 0 0 -1
    outer loop
      vertex 179 3.8 2
      vertex 177.4 3.8 2
      vertex 177.509 4.62822 2
    endloop
  endfacet
  facet normal 0 0 -1
    outer loop
      vertex 182.2 3.8 2
      vertex 183.8 3.8 2
      vertex 183.691 2.97178 2
    endloop
  endfacet
  facet normal 0 0 -1
    outer loop
      vertex 182.145 3.38589 2
      vertex 183.691 2.97178 2
      vertex 183.371 2.2 2
    endloop
  endfacet
  facet normal 0 0 -1
    outer loop
      vertex 183.8 3.8 2
      vertex 182.2 3.8 2
      vertex 183.691 4.62822 2
    endloop
  endfacet
  facet normal 0 0 -1
    outer loop
      vertex 182.145 3.38589 2
      vertex 183.371 2.2 2
      vertex 182.863 1.53726 2
    endloop
  endfacet
  facet normal 0 0 -1
    outer loop
      vertex 182.145 4.21411 2
      vertex 183.691 4.62822 2
      vertex 182.2 3.8 2
    endloop
  endfacet
  facet normal 0 0 -1
    outer loop
      vertex 181.731 2.66863 2
      vertex 182.863 1.53726 2
      vertex 182.2 1.02872 2
    endloop
  endfacet
  facet normal -0 0 -1
    outer loop
      vertex 183.691 4.62822 2
      vertex 182.145 4.21411 2
      vertex 183.371 5.4 2
    endloop
  endfacet
  facet normal 0 0 -1
    outer loop
      vertex 181.986 4.6 2
      vertex 183.371 5.4 2
      vertex 182.145 4.21411 2
    endloop
  endfacet
  facet normal -0 0 -1
    outer loop
      vertex 183.371 5.4 2
      vertex 181.986 4.6 2
      vertex 182.863 6.06274 2
    endloop
  endfacet
  facet normal 0 0 -1
    outer loop
      vertex 181.731 4.93137 2
      vertex 182.863 6.06274 2
      vertex 181.986 4.6 2
    endloop
  endfacet
  facet normal -0 0 -1
    outer loop
      vertex 182.863 6.06274 2
      vertex 181.731 4.93137 2
      vertex 182.2 6.57128 2
    endloop
  endfacet
  facet normal 0 0 -1
    outer loop
      vertex 181.4 5.18564 2
      vertex 182.2 6.57128 2
      vertex 181.731 4.93137 2
    endloop
  endfacet
  facet normal -0 0 -1
    outer loop
      vertex 182.2 6.57128 2
      vertex 181.4 5.18564 2
      vertex 181.428 6.89096 2
    endloop
  endfacet
  facet normal 0 0 -1
    outer loop
      vertex 181.014 5.34548 2
      vertex 181.428 6.89096 2
      vertex 181.4 5.18564 2
    endloop
  endfacet
  facet normal 0 0 -1
    outer loop
      vertex 180.6 5.4 2
      vertex 181.428 6.89096 2
      vertex 181.014 5.34548 2
    endloop
  endfacet
  facet normal 0 0 -1
    outer loop
      vertex 180.6 5.4 2
      vertex 180.6 7 2
      vertex 181.428 6.89096 2
    endloop
  endfacet
  facet normal 0 0 -1
    outer loop
      vertex 180.186 5.34548 2
      vertex 180.6 7 2
      vertex 180.6 5.4 2
    endloop
  endfacet
  facet normal 0 0 -1
    outer loop
      vertex 179.772 6.89096 2
      vertex 180.186 5.34548 2
      vertex 179.8 5.18564 2
    endloop
  endfacet
  facet normal 0 0 -1
    outer loop
      vertex 180.186 5.34548 2
      vertex 179.772 6.89096 2
      vertex 180.6 7 2
    endloop
  endfacet
  facet normal 0 0 -1
    outer loop
      vertex 179 6.57128 2
      vertex 179.8 5.18564 2
      vertex 179.469 4.93137 2
    endloop
  endfacet
  facet normal 0 0 -1
    outer loop
      vertex 179 6.57128 2
      vertex 179.469 4.93137 2
      vertex 179.214 4.6 2
    endloop
  endfacet
  facet normal 0 0 -1
    outer loop
      vertex 179 6.57128 2
      vertex 179.214 4.6 2
      vertex 179.055 4.21411 2
    endloop
  endfacet
  facet normal 0 0 -1
    outer loop
      vertex 179.8 5.18564 2
      vertex 179 6.57128 2
      vertex 179.772 6.89096 2
    endloop
  endfacet
  facet normal 0 0 -1
    outer loop
      vertex 179 6.57128 2
      vertex 179.055 4.21411 2
      vertex 179 3.8 2
    endloop
  endfacet
  facet normal 0.586272 -0.241564 0.77326
    outer loop
      vertex 179.055 4.21411 0.699999
      vertex 179.214 4.6 0.699999
      vertex 177.829 5.4 2
    endloop
  endfacet
  facet normal -0.385721 -0.502877 0.77352
    outer loop
      vertex 182.863 6.06274 2
      vertex 182.2 6.57128 2
      vertex 181.731 4.93137 0.699999
    endloop
  endfacet
  facet normal 0.242507 -0.585634 0.773449
    outer loop
      vertex 180.186 5.34548 0.699999
      vertex 179.772 6.89096 2
      vertex 179 6.57128 2
    endloop
  endfacet
  facet normal -0.386154 0.502683 0.773431
    outer loop
      vertex 182.2 1.02872 2
      vertex 181.731 2.66863 0.699999
      vertex 181.4 2.41436 0.699999
    endloop
  endfacet
  facet normal -0.502993 -0.385551 0.77353
    outer loop
      vertex 183.371 5.4 2
      vertex 182.863 6.06274 2
      vertex 181.731 4.93137 0.699999
    endloop
  endfacet
  facet normal -0.242507 -0.585634 0.773449
    outer loop
      vertex 181.4 5.18564 0.699999
      vertex 182.2 6.57128 2
      vertex 181.014 5.34548 0.699999
    endloop
  endfacet
  facet normal 0.586272 0.241564 0.77326
    outer loop
      vertex 179.214 3 0.699999
      vertex 179.055 3.38589 0.699999
      vertex 177.829 2.2 2
    endloop
  endfacet
  facet normal 0.502993 0.385551 0.77353
    outer loop
      vertex 178.337 1.53726 2
      vertex 179.469 2.66863 0.699999
      vertex 177.829 2.2 2
    endloop
  endfacet
  facet normal -0.0827584 -0.62843 0.773451
    outer loop
      vertex 180.6 7 2
      vertex 181.014 5.34548 0.699999
      vertex 181.428 6.89096 2
    endloop
  endfacet
  facet normal -0.0827584 -0.62843 0.773451
    outer loop
      vertex 181.014 5.34548 0.699999
      vertex 180.6 7 2
      vertex 180.6 5.4 0.699999
    endloop
  endfacet
  facet normal 0.385721 0.502877 0.77352
    outer loop
      vertex 179 1.02872 2
      vertex 179.469 2.66863 0.699999
      vertex 178.337 1.53726 2
    endloop
  endfacet
  facet normal -0.0827584 0.628429 0.773452
    outer loop
      vertex 180.6 2.2 0.699999
      vertex 181.428 0.709038 2
      vertex 181.014 2.25452 0.699999
    endloop
  endfacet
  facet normal -0.0827569 0.62843 0.773452
    outer loop
      vertex 181.428 0.709038 2
      vertex 180.6 2.2 0.699999
      vertex 180.6 0.6 2
    endloop
  endfacet
  facet normal 0.0827584 0.62843 0.773451
    outer loop
      vertex 180.186 2.25452 0.699999
      vertex 180.6 0.6 2
      vertex 180.6 2.2 0.699999
    endloop
  endfacet
  facet normal 0.0827569 0.62843 0.773452
    outer loop
      vertex 180.6 0.6 2
      vertex 180.186 2.25452 0.699999
      vertex 179.772 0.709038 2
    endloop
  endfacet
  facet normal -0.502486 -0.386679 0.773296
    outer loop
      vertex 181.986 4.6 0.699999
      vertex 183.371 5.4 2
      vertex 181.731 4.93137 0.699999
    endloop
  endfacet
  facet normal -0.586272 -0.241564 0.77326
    outer loop
      vertex 182.145 4.21411 0.699999
      vertex 183.371 5.4 2
      vertex 181.986 4.6 0.699999
    endloop
  endfacet
  facet normal -0.386154 -0.502683 0.773431
    outer loop
      vertex 181.731 4.93137 0.699999
      vertex 182.2 6.57128 2
      vertex 181.4 5.18564 0.699999
    endloop
  endfacet
  facet normal 0.502486 0.386679 0.773296
    outer loop
      vertex 179.469 2.66863 0.699999
      vertex 179.214 3 0.699999
      vertex 177.829 2.2 2
    endloop
  endfacet
  facet normal 0.99144 0.130564 0
    outer loop
      vertex 2.25452 232.186 0.699999
      vertex 2.2 232.6 0
      vertex 2.2 232.6 0.699999
    endloop
  endfacet
  facet normal 0.99144 0.130564 0
    outer loop
      vertex 2.2 232.6 0
      vertex 2.25452 232.186 0.699999
      vertex 2.25452 232.186 0
    endloop
  endfacet
  facet normal -0.923919 -0.382589 0
    outer loop
      vertex 5.34548 233.014 0
      vertex 5.18564 233.4 0.699999
      vertex 5.18564 233.4 0
    endloop
  endfacet
  facet normal -0.923919 -0.382589 0
    outer loop
      vertex 5.18564 233.4 0.699999
      vertex 5.34548 233.014 0
      vertex 5.34548 233.014 0.699999
    endloop
  endfacet
  facet normal 0.99144 -0.130564 0
    outer loop
      vertex 2.2 232.6 0.699999
      vertex 2.25452 233.014 0
      vertex 2.25452 233.014 0.699999
    endloop
  endfacet
  facet normal 0.99144 -0.130564 0
    outer loop
      vertex 2.25452 233.014 0
      vertex 2.2 232.6 0.699999
      vertex 2.2 232.6 0
    endloop
  endfacet
  facet normal -0.131659 0.991295 0
    outer loop
      vertex 4.21411 231.055 0
      vertex 3.8 231 0.699999
      vertex 4.21411 231.055 0.699999
    endloop
  endfacet
  facet normal -0.131659 0.991295 0
    outer loop
      vertex 3.8 231 0.699999
      vertex 4.21411 231.055 0
      vertex 3.8 231 0
    endloop
  endfacet
  facet normal 0.131659 -0.991295 0
    outer loop
      vertex 3.38589 234.145 0
      vertex 3.8 234.2 0.699999
      vertex 3.38589 234.145 0.699999
    endloop
  endfacet
  facet normal 0.131659 -0.991295 0
    outer loop
      vertex 3.8 234.2 0.699999
      vertex 3.38589 234.145 0
      vertex 3.8 234.2 0
    endloop
  endfacet
  facet normal 0.793024 -0.609191 0
    outer loop
      vertex 2.41436 233.4 0.699999
      vertex 2.66863 233.731 0
      vertex 2.66863 233.731 0.699999
    endloop
  endfacet
  facet normal 0.793024 -0.609191 0
    outer loop
      vertex 2.66863 233.731 0
      vertex 2.41436 233.4 0.699999
      vertex 2.41436 233.4 0
    endloop
  endfacet
  facet normal -0.99144 0.130564 0
    outer loop
      vertex 5.34548 232.186 0
      vertex 5.4 232.6 0.699999
      vertex 5.4 232.6 0
    endloop
  endfacet
  facet normal -0.99144 0.130564 0
    outer loop
      vertex 5.4 232.6 0.699999
      vertex 5.34548 232.186 0
      vertex 5.34548 232.186 0.699999
    endloop
  endfacet
  facet normal -0.99144 -0.130564 0
    outer loop
      vertex 5.4 232.6 0
      vertex 5.34548 233.014 0.699999
      vertex 5.34548 233.014 0
    endloop
  endfacet
  facet normal -0.99144 -0.130564 0
    outer loop
      vertex 5.34548 233.014 0.699999
      vertex 5.4 232.6 0
      vertex 5.4 232.6 0.699999
    endloop
  endfacet
  facet normal -0.793024 -0.609191 0
    outer loop
      vertex 5.18564 233.4 0
      vertex 4.93137 233.731 0.699999
      vertex 4.93137 233.731 0
    endloop
  endfacet
  facet normal -0.793024 -0.609191 0
    outer loop
      vertex 4.93137 233.731 0.699999
      vertex 5.18564 233.4 0
      vertex 5.18564 233.4 0.699999
    endloop
  endfacet
  facet normal -0.793024 0.609191 0
    outer loop
      vertex 4.93137 231.469 0
      vertex 5.18564 231.8 0.699999
      vertex 5.18564 231.8 0
    endloop
  endfacet
  facet normal -0.793024 0.609191 0
    outer loop
      vertex 5.18564 231.8 0.699999
      vertex 4.93137 231.469 0
      vertex 4.93137 231.469 0.699999
    endloop
  endfacet
  facet normal 0.923919 -0.382589 0
    outer loop
      vertex 2.25452 233.014 0.699999
      vertex 2.41436 233.4 0
      vertex 2.41436 233.4 0.699999
    endloop
  endfacet
  facet normal 0.923919 -0.382589 0
    outer loop
      vertex 2.41436 233.4 0
      vertex 2.25452 233.014 0.699999
      vertex 2.25452 233.014 0
    endloop
  endfacet
  facet normal 0.609861 0.792508 -0
    outer loop
      vertex 3 231.214 0
      vertex 2.66863 231.469 0.699999
      vertex 3 231.214 0.699999
    endloop
  endfacet
  facet normal 0.609861 0.792508 0
    outer loop
      vertex 2.66863 231.469 0.699999
      vertex 3 231.214 0
      vertex 2.66863 231.469 0
    endloop
  endfacet
  facet normal 0.923919 0.382589 0
    outer loop
      vertex 2.41436 231.8 0.699999
      vertex 2.25452 232.186 0
      vertex 2.25452 232.186 0.699999
    endloop
  endfacet
  facet normal 0.923919 0.382589 0
    outer loop
      vertex 2.25452 232.186 0
      vertex 2.41436 231.8 0.699999
      vertex 2.41436 231.8 0
    endloop
  endfacet
  facet normal -0.131659 -0.991295 0
    outer loop
      vertex 3.8 234.2 0
      vertex 4.21411 234.145 0.699999
      vertex 3.8 234.2 0.699999
    endloop
  endfacet
  facet normal -0.131659 -0.991295 -0
    outer loop
      vertex 4.21411 234.145 0.699999
      vertex 3.8 234.2 0
      vertex 4.21411 234.145 0
    endloop
  endfacet
  facet normal -0.380963 -0.92459 0
    outer loop
      vertex 4.21411 234.145 0
      vertex 4.6 233.986 0.699999
      vertex 4.21411 234.145 0.699999
    endloop
  endfacet
  facet normal -0.380963 -0.92459 -0
    outer loop
      vertex 4.6 233.986 0.699999
      vertex 4.21411 234.145 0
      vertex 4.6 233.986 0
    endloop
  endfacet
  facet normal 0.380963 0.92459 -0
    outer loop
      vertex 3.38589 231.055 0
      vertex 3 231.214 0.699999
      vertex 3.38589 231.055 0.699999
    endloop
  endfacet
  facet normal 0.380963 0.92459 0
    outer loop
      vertex 3 231.214 0.699999
      vertex 3.38589 231.055 0
      vertex 3 231.214 0
    endloop
  endfacet
  facet normal 0.380963 -0.92459 0
    outer loop
      vertex 3 233.986 0
      vertex 3.38589 234.145 0.699999
      vertex 3 233.986 0.699999
    endloop
  endfacet
  facet normal 0.380963 -0.92459 0
    outer loop
      vertex 3.38589 234.145 0.699999
      vertex 3 233.986 0
      vertex 3.38589 234.145 0
    endloop
  endfacet
  facet normal 0.131659 0.991295 -0
    outer loop
      vertex 3.8 231 0
      vertex 3.38589 231.055 0.699999
      vertex 3.8 231 0.699999
    endloop
  endfacet
  facet normal 0.131659 0.991295 0
    outer loop
      vertex 3.38589 231.055 0.699999
      vertex 3.8 231 0
      vertex 3.38589 231.055 0
    endloop
  endfacet
  facet normal -0.609861 0.792508 0
    outer loop
      vertex 4.93137 231.469 0
      vertex 4.6 231.214 0.699999
      vertex 4.93137 231.469 0.699999
    endloop
  endfacet
  facet normal -0.609861 0.792508 0
    outer loop
      vertex 4.6 231.214 0.699999
      vertex 4.93137 231.469 0
      vertex 4.6 231.214 0
    endloop
  endfacet
  facet normal 0.793024 0.609191 0
    outer loop
      vertex 2.66863 231.469 0.699999
      vertex 2.41436 231.8 0
      vertex 2.41436 231.8 0.699999
    endloop
  endfacet
  facet normal 0.793024 0.609191 0
    outer loop
      vertex 2.41436 231.8 0
      vertex 2.66863 231.469 0.699999
      vertex 2.66863 231.469 0
    endloop
  endfacet
  facet normal 0.609861 -0.792508 0
    outer loop
      vertex 2.66863 233.731 0
      vertex 3 233.986 0.699999
      vertex 2.66863 233.731 0.699999
    endloop
  endfacet
  facet normal 0.609861 -0.792508 0
    outer loop
      vertex 3 233.986 0.699999
      vertex 2.66863 233.731 0
      vertex 3 233.986 0
    endloop
  endfacet
  facet normal -0.609861 -0.792508 0
    outer loop
      vertex 4.6 233.986 0
      vertex 4.93137 233.731 0.699999
      vertex 4.6 233.986 0.699999
    endloop
  endfacet
  facet normal -0.609861 -0.792508 -0
    outer loop
      vertex 4.93137 233.731 0.699999
      vertex 4.6 233.986 0
      vertex 4.93137 233.731 0
    endloop
  endfacet
  facet normal -0.380963 0.92459 0
    outer loop
      vertex 4.6 231.214 0
      vertex 4.21411 231.055 0.699999
      vertex 4.6 231.214 0.699999
    endloop
  endfacet
  facet normal -0.380963 0.92459 0
    outer loop
      vertex 4.21411 231.055 0.699999
      vertex 4.6 231.214 0
      vertex 4.21411 231.055 0
    endloop
  endfacet
  facet normal -0.923919 0.382589 0
    outer loop
      vertex 5.18564 231.8 0
      vertex 5.34548 232.186 0.699999
      vertex 5.34548 232.186 0
    endloop
  endfacet
  facet normal -0.923919 0.382589 0
    outer loop
      vertex 5.34548 232.186 0.699999
      vertex 5.18564 231.8 0
      vertex 5.18564 231.8 0.699999
    endloop
  endfacet
  facet normal 0.386679 0.502486 0.773296
    outer loop
      vertex 3 231.214 0.699999
      vertex 2.66863 231.469 0.699999
      vertex 2.2 229.829 2
    endloop
  endfacet
  facet normal -0.62843 0.0827584 0.773451
    outer loop
      vertex 5.4 232.6 0.699999
      vertex 6.89096 231.772 2
      vertex 7 232.6 2
    endloop
  endfacet
  facet normal -0.62843 0.0827584 0.773451
    outer loop
      vertex 6.89096 231.772 2
      vertex 5.4 232.6 0.699999
      vertex 5.34548 232.186 0.699999
    endloop
  endfacet
  facet normal 0.385551 -0.502993 0.77353
    outer loop
      vertex 2.66863 233.731 0.699999
      vertex 2.2 235.371 2
      vertex 1.53726 234.863 2
    endloop
  endfacet
  facet normal 0.628429 0.0827584 0.773452
    outer loop
      vertex 2.2 232.6 0.699999
      vertex 0.709038 231.772 2
      vertex 2.25452 232.186 0.699999
    endloop
  endfacet
  facet normal 0.62843 0.0827569 0.773452
    outer loop
      vertex 0.709038 231.772 2
      vertex 2.2 232.6 0.699999
      vertex 0.6 232.6 2
    endloop
  endfacet
  facet normal 0.628429 -0.0827584 0.773452
    outer loop
      vertex 0.709038 233.428 2
      vertex 2.2 232.6 0.699999
      vertex 2.25452 233.014 0.699999
    endloop
  endfacet
  facet normal 0.62843 -0.0827569 0.773452
    outer loop
      vertex 2.2 232.6 0.699999
      vertex 0.709038 233.428 2
      vertex 0.6 232.6 2
    endloop
  endfacet
  facet normal 0.242734 0.58543 0.773532
    outer loop
      vertex 2.97178 229.509 2
      vertex 3.38589 231.055 0.699999
      vertex 2.2 229.829 2
    endloop
  endfacet
  facet normal -0.082691 -0.628315 0.773552
    outer loop
      vertex 3.8 235.8 2
      vertex 4.21411 234.145 0.699999
      vertex 4.62822 235.691 2
    endloop
  endfacet
  facet normal -0.08346 -0.628393 0.773406
    outer loop
      vertex 4.21411 234.145 0.699999
      vertex 3.8 235.8 2
      vertex 3.8 234.2 0.699999
    endloop
  endfacet
  facet normal -0.242734 0.58543 0.773532
    outer loop
      vertex 4.62822 229.509 2
      vertex 5.4 229.829 2
      vertex 4.21411 231.055 0.699999
    endloop
  endfacet
  facet normal 0.502877 -0.385721 0.77352
    outer loop
      vertex 2.66863 233.731 0.699999
      vertex 1.53726 234.863 2
      vertex 1.02872 234.2 2
    endloop
  endfacet
  facet normal -0.502877 0.385721 0.77352
    outer loop
      vertex 6.06274 230.337 2
      vertex 6.57128 231 2
      vertex 4.93137 231.469 0.699999
    endloop
  endfacet
  facet normal 0.241564 0.586272 0.77326
    outer loop
      vertex 3.38589 231.055 0.699999
      vertex 3 231.214 0.699999
      vertex 2.2 229.829 2
    endloop
  endfacet
  facet normal -0.585634 -0.242507 0.773449
    outer loop
      vertex 6.89096 233.428 2
      vertex 6.57128 234.2 2
      vertex 5.34548 233.014 0.699999
    endloop
  endfacet
  facet normal 0.385551 0.502993 0.77353
    outer loop
      vertex 2.2 229.829 2
      vertex 2.66863 231.469 0.699999
      vertex 1.53726 230.337 2
    endloop
  endfacet
  facet normal -0.385551 0.502993 0.77353
    outer loop
      vertex 5.4 229.829 2
      vertex 6.06274 230.337 2
      vertex 4.93137 231.469 0.699999
    endloop
  endfacet
  facet normal -0.0834288 0.628158 0.7736
    outer loop
      vertex 3.8 231 0.699999
      vertex 4.62822 229.509 2
      vertex 4.21411 231.055 0.699999
    endloop
  endfacet
  facet normal -0.0827065 0.628432 0.773455
    outer loop
      vertex 4.62822 229.509 2
      vertex 3.8 231 0.699999
      vertex 3.8 229.4 2
    endloop
  endfacet
  facet normal -0.502877 -0.385721 0.77352
    outer loop
      vertex 6.57128 234.2 2
      vertex 6.06274 234.863 2
      vertex 4.93137 233.731 0.699999
    endloop
  endfacet
  facet normal -0.62843 -0.0827584 0.773451
    outer loop
      vertex 6.89096 233.428 2
      vertex 5.4 232.6 0.699999
      vertex 7 232.6 2
    endloop
  endfacet
  facet normal -0.62843 -0.0827584 0.773451
    outer loop
      vertex 5.4 232.6 0.699999
      vertex 6.89096 233.428 2
      vertex 5.34548 233.014 0.699999
    endloop
  endfacet
  facet normal 0.585633 -0.242508 0.773449
    outer loop
      vertex 2.25452 233.014 0.699999
      vertex 1.02872 234.2 2
      vertex 0.709038 233.428 2
    endloop
  endfacet
  facet normal -0.585634 0.242507 0.773449
    outer loop
      vertex 6.57128 231 2
      vertex 6.89096 231.772 2
      vertex 5.34548 232.186 0.699999
    endloop
  endfacet
  facet normal -0.241564 0.586272 0.77326
    outer loop
      vertex 5.4 229.829 2
      vertex 4.6 231.214 0.699999
      vertex 4.21411 231.055 0.699999
    endloop
  endfacet
  facet normal -0.386679 0.502486 0.773296
    outer loop
      vertex 5.4 229.829 2
      vertex 4.93137 231.469 0.699999
      vertex 4.6 231.214 0.699999
    endloop
  endfacet
  facet normal -0.502683 -0.386154 0.773431
    outer loop
      vertex 5.18564 233.4 0.699999
      vertex 6.57128 234.2 2
      vertex 4.93137 233.731 0.699999
    endloop
  endfacet
  facet normal 0.241564 -0.586272 0.77326
    outer loop
      vertex 3 233.986 0.699999
      vertex 3.38589 234.145 0.699999
      vertex 2.2 235.371 2
    endloop
  endfacet
  facet normal 0.502683 0.386154 0.773431
    outer loop
      vertex 2.66863 231.469 0.699999
      vertex 2.41436 231.8 0.699999
      vertex 1.02872 231 2
    endloop
  endfacet
  facet normal -0.385551 -0.502993 0.77353
    outer loop
      vertex 6.06274 234.863 2
      vertex 5.4 235.371 2
      vertex 4.93137 233.731 0.699999
    endloop
  endfacet
  facet normal 0.502877 0.385721 0.77352
    outer loop
      vertex 1.53726 230.337 2
      vertex 2.66863 231.469 0.699999
      vertex 1.02872 231 2
    endloop
  endfacet
  facet normal -0.585634 0.242507 0.773449
    outer loop
      vertex 6.57128 231 2
      vertex 5.34548 232.186 0.699999
      vertex 5.18564 231.8 0.699999
    endloop
  endfacet
  facet normal -0.502683 0.386154 0.773431
    outer loop
      vertex 6.57128 231 2
      vertex 5.18564 231.8 0.699999
      vertex 4.93137 231.469 0.699999
    endloop
  endfacet
  facet normal 0.585634 -0.242507 0.773449
    outer loop
      vertex 2.25452 233.014 0.699999
      vertex 2.41436 233.4 0.699999
      vertex 1.02872 234.2 2
    endloop
  endfacet
  facet normal 0.502683 -0.386154 0.773431
    outer loop
      vertex 2.41436 233.4 0.699999
      vertex 2.66863 233.731 0.699999
      vertex 1.02872 234.2 2
    endloop
  endfacet
  facet normal 0 0 -1
    outer loop
      vertex 6.89096 231.772 2
      vertex 5.34548 232.186 2
      vertex 5.4 232.6 2
    endloop
  endfacet
  facet normal 0 0 -1
    outer loop
      vertex 6.06274 230.337 2
      vertex 5.18564 231.8 2
      vertex 5.34548 232.186 2
    endloop
  endfacet
  facet normal 0 0 -1
    outer loop
      vertex 6.06274 230.337 2
      vertex 4.93137 231.469 2
      vertex 5.18564 231.8 2
    endloop
  endfacet
  facet normal 0 0 -1
    outer loop
      vertex 4.6 231.214 2
      vertex 5.4 229.829 2
      vertex 4.62822 229.509 2
    endloop
  endfacet
  facet normal 0 0 -1
    outer loop
      vertex 5.4 229.829 2
      vertex 4.6 231.214 2
      vertex 4.93137 231.469 2
    endloop
  endfacet
  facet normal 0 0 -1
    outer loop
      vertex 4.62822 229.509 2
      vertex 4.21411 231.055 2
      vertex 4.6 231.214 2
    endloop
  endfacet
  facet normal 0 0 -1
    outer loop
      vertex 3.8 229.4 2
      vertex 4.21411 231.055 2
      vertex 4.62822 229.509 2
    endloop
  endfacet
  facet normal 0 0 -1
    outer loop
      vertex 3.8 229.4 2
      vertex 3.8 231 2
      vertex 4.21411 231.055 2
    endloop
  endfacet
  facet normal 0 0 -1
    outer loop
      vertex 3.8 229.4 2
      vertex 3.38589 231.055 2
      vertex 3.8 231 2
    endloop
  endfacet
  facet normal 0 0 -1
    outer loop
      vertex 2.97178 229.509 2
      vertex 3.38589 231.055 2
      vertex 3.8 229.4 2
    endloop
  endfacet
  facet normal -0 0 -1
    outer loop
      vertex 3.38589 231.055 2
      vertex 2.97178 229.509 2
      vertex 3 231.214 2
    endloop
  endfacet
  facet normal 0 0 -1
    outer loop
      vertex 2.2 229.829 2
      vertex 3 231.214 2
      vertex 2.97178 229.509 2
    endloop
  endfacet
  facet normal -0 0 -1
    outer loop
      vertex 3 231.214 2
      vertex 2.2 229.829 2
      vertex 2.66863 231.469 2
    endloop
  endfacet
  facet normal 0 0 -1
    outer loop
      vertex 1.53726 230.337 2
      vertex 2.66863 231.469 2
      vertex 2.2 229.829 2
    endloop
  endfacet
  facet normal -0 0 -1
    outer loop
      vertex 2.66863 231.469 2
      vertex 1.53726 230.337 2
      vertex 2.41436 231.8 2
    endloop
  endfacet
  facet normal 0 0 -1
    outer loop
      vertex 1.02872 231 2
      vertex 2.41436 231.8 2
      vertex 1.53726 230.337 2
    endloop
  endfacet
  facet normal -0 0 -1
    outer loop
      vertex 2.41436 231.8 2
      vertex 1.02872 231 2
      vertex 2.25452 232.186 2
    endloop
  endfacet
  facet normal 0 0 -1
    outer loop
      vertex 0.709038 231.772 2
      vertex 2.25452 232.186 2
      vertex 1.02872 231 2
    endloop
  endfacet
  facet normal 0 0 -1
    outer loop
      vertex 2.2 232.6 2
      vertex 1.53726 234.863 2
      vertex 2.2 235.371 2
    endloop
  endfacet
  facet normal -0 0 -1
    outer loop
      vertex 2.25452 232.186 2
      vertex 0.709038 231.772 2
      vertex 2.2 232.6 2
    endloop
  endfacet
  facet normal 0 0 -1
    outer loop
      vertex 2.2 232.6 2
      vertex 1.02872 234.2 2
      vertex 1.53726 234.863 2
    endloop
  endfacet
  facet normal 0 0 -1
    outer loop
      vertex 0.6 232.6 2
      vertex 2.2 232.6 2
      vertex 0.709038 231.772 2
    endloop
  endfacet
  facet normal 0 0 -1
    outer loop
      vertex 2.2 232.6 2
      vertex 0.709038 233.428 2
      vertex 1.02872 234.2 2
    endloop
  endfacet
  facet normal 0 0 -1
    outer loop
      vertex 2.2 232.6 2
      vertex 0.6 232.6 2
      vertex 0.709038 233.428 2
    endloop
  endfacet
  facet normal 0 0 -1
    outer loop
      vertex 5.4 232.6 2
      vertex 7 232.6 2
      vertex 6.89096 231.772 2
    endloop
  endfacet
  facet normal 0 0 -1
    outer loop
      vertex 5.34548 232.186 2
      vertex 6.89096 231.772 2
      vertex 6.57128 231 2
    endloop
  endfacet
  facet normal 0 0 -1
    outer loop
      vertex 7 232.6 2
      vertex 5.4 232.6 2
      vertex 6.89096 233.428 2
    endloop
  endfacet
  facet normal 0 0 -1
    outer loop
      vertex 5.34548 232.186 2
      vertex 6.57128 231 2
      vertex 6.06274 230.337 2
    endloop
  endfacet
  facet normal 0 0 -1
    outer loop
      vertex 5.34548 233.014 2
      vertex 6.89096 233.428 2
      vertex 5.4 232.6 2
    endloop
  endfacet
  facet normal 0 0 -1
    outer loop
      vertex 4.93137 231.469 2
      vertex 6.06274 230.337 2
      vertex 5.4 229.829 2
    endloop
  endfacet
  facet normal -0 0 -1
    outer loop
      vertex 6.89096 233.428 2
      vertex 5.34548 233.014 2
      vertex 6.57128 234.2 2
    endloop
  endfacet
  facet normal 0 0 -1
    outer loop
      vertex 5.18564 233.4 2
      vertex 6.57128 234.2 2
      vertex 5.34548 233.014 2
    endloop
  endfacet
  facet normal -0 0 -1
    outer loop
      vertex 6.57128 234.2 2
      vertex 5.18564 233.4 2
      vertex 6.06274 234.863 2
    endloop
  endfacet
  facet normal 0 0 -1
    outer loop
      vertex 4.93137 233.731 2
      vertex 6.06274 234.863 2
      vertex 5.18564 233.4 2
    endloop
  endfacet
  facet normal -0 0 -1
    outer loop
      vertex 6.06274 234.863 2
      vertex 4.93137 233.731 2
      vertex 5.4 235.371 2
    endloop
  endfacet
  facet normal 0 0 -1
    outer loop
      vertex 4.6 233.986 2
      vertex 5.4 235.371 2
      vertex 4.93137 233.731 2
    endloop
  endfacet
  facet normal -0 0 -1
    outer loop
      vertex 5.4 235.371 2
      vertex 4.6 233.986 2
      vertex 4.62822 235.691 2
    endloop
  endfacet
  facet normal 0 0 -1
    outer loop
      vertex 4.21411 234.145 2
      vertex 4.62822 235.691 2
      vertex 4.6 233.986 2
    endloop
  endfacet
  facet normal 0 0 -1
    outer loop
      vertex 3.8 234.2 2
      vertex 4.62822 235.691 2
      vertex 4.21411 234.145 2
    endloop
  endfacet
  facet normal 0 0 -1
    outer loop
      vertex 3.8 234.2 2
      vertex 3.8 235.8 2
      vertex 4.62822 235.691 2
    endloop
  endfacet
  facet normal 0 0 -1
    outer loop
      vertex 3.38589 234.145 2
      vertex 3.8 235.8 2
      vertex 3.8 234.2 2
    endloop
  endfacet
  facet normal 0 0 -1
    outer loop
      vertex 2.97178 235.691 2
      vertex 3.38589 234.145 2
      vertex 3 233.986 2
    endloop
  endfacet
  facet normal 0 0 -1
    outer loop
      vertex 3.38589 234.145 2
      vertex 2.97178 235.691 2
      vertex 3.8 235.8 2
    endloop
  endfacet
  facet normal 0 0 -1
    outer loop
      vertex 2.2 235.371 2
      vertex 3 233.986 2
      vertex 2.66863 233.731 2
    endloop
  endfacet
  facet normal 0 0 -1
    outer loop
      vertex 2.2 235.371 2
      vertex 2.66863 233.731 2
      vertex 2.41436 233.4 2
    endloop
  endfacet
  facet normal 0 0 -1
    outer loop
      vertex 2.2 235.371 2
      vertex 2.41436 233.4 2
      vertex 2.25452 233.014 2
    endloop
  endfacet
  facet normal 0 0 -1
    outer loop
      vertex 3 233.986 2
      vertex 2.2 235.371 2
      vertex 2.97178 235.691 2
    endloop
  endfacet
  facet normal 0 0 -1
    outer loop
      vertex 2.2 235.371 2
      vertex 2.25452 233.014 2
      vertex 2.2 232.6 2
    endloop
  endfacet
  facet normal -0.242734 -0.58543 0.773532
    outer loop
      vertex 5.4 235.371 2
      vertex 4.62822 235.691 2
      vertex 4.21411 234.145 0.699999
    endloop
  endfacet
  facet normal 0.386679 -0.502486 0.773296
    outer loop
      vertex 2.66863 233.731 0.699999
      vertex 3 233.986 0.699999
      vertex 2.2 235.371 2
    endloop
  endfacet
  facet normal -0.585634 -0.242507 0.773449
    outer loop
      vertex 5.34548 233.014 0.699999
      vertex 6.57128 234.2 2
      vertex 5.18564 233.4 0.699999
    endloop
  endfacet
  facet normal 0.08346 -0.628393 0.773406
    outer loop
      vertex 3.8 235.8 2
      vertex 3.38589 234.145 0.699999
      vertex 3.8 234.2 0.699999
    endloop
  endfacet
  facet normal 0.082691 -0.628315 0.773552
    outer loop
      vertex 3.38589 234.145 0.699999
      vertex 3.8 235.8 2
      vertex 2.97178 235.691 2
    endloop
  endfacet
  facet normal 0.08346 0.628393 0.773406
    outer loop
      vertex 3.38589 231.055 0.699999
      vertex 3.8 229.4 2
      vertex 3.8 231 0.699999
    endloop
  endfacet
  facet normal 0.082691 0.628315 0.773552
    outer loop
      vertex 3.8 229.4 2
      vertex 3.38589 231.055 0.699999
      vertex 2.97178 229.509 2
    endloop
  endfacet
  facet normal 0.585633 0.242508 0.773449
    outer loop
      vertex 1.02872 231 2
      vertex 2.25452 232.186 0.699999
      vertex 0.709038 231.772 2
    endloop
  endfacet
  facet normal 0.242734 -0.58543 0.773532
    outer loop
      vertex 3.38589 234.145 0.699999
      vertex 2.97178 235.691 2
      vertex 2.2 235.371 2
    endloop
  endfacet
  facet normal 0.585634 0.242507 0.773449
    outer loop
      vertex 2.41436 231.8 0.699999
      vertex 2.25452 232.186 0.699999
      vertex 1.02872 231 2
    endloop
  endfacet
  facet normal -0.241564 -0.586272 0.77326
    outer loop
      vertex 4.6 233.986 0.699999
      vertex 5.4 235.371 2
      vertex 4.21411 234.145 0.699999
    endloop
  endfacet
  facet normal -0.386679 -0.502486 0.773296
    outer loop
      vertex 4.93137 233.731 0.699999
      vertex 5.4 235.371 2
      vertex 4.6 233.986 0.699999
    endloop
  endfacet
  facet normal 0.991291 0.131693 0
    outer loop
      vertex 179.055 232.186 0.699999
      vertex 179 232.6 0
      vertex 179 232.6 0.699999
    endloop
  endfacet
  facet normal 0.991291 0.131693 0
    outer loop
      vertex 179 232.6 0
      vertex 179.055 232.186 0.699999
      vertex 179.055 232.186 0
    endloop
  endfacet
  facet normal -0.924628 -0.38087 0
    outer loop
      vertex 182.145 233.014 0
      vertex 181.986 233.4 0.699999
      vertex 181.986 233.4 0
    endloop
  endfacet
  facet normal -0.924628 -0.38087 0
    outer loop
      vertex 181.986 233.4 0.699999
      vertex 182.145 233.014 0
      vertex 182.145 233.014 0.699999
    endloop
  endfacet
  facet normal 0.991291 -0.131693 0
    outer loop
      vertex 179 232.6 0.699999
      vertex 179.055 233.014 0
      vertex 179.055 233.014 0.699999
    endloop
  endfacet
  facet normal 0.991291 -0.131693 0
    outer loop
      vertex 179.055 233.014 0
      vertex 179 232.6 0.699999
      vertex 179 232.6 0
    endloop
  endfacet
  facet normal -0.131693 0.991291 0
    outer loop
      vertex 181.014 231.055 0
      vertex 180.6 231 0.699999
      vertex 181.014 231.055 0.699999
    endloop
  endfacet
  facet normal -0.131693 0.991291 0
    outer loop
      vertex 180.6 231 0.699999
      vertex 181.014 231.055 0
      vertex 180.6 231 0
    endloop
  endfacet
  facet normal 0.131693 -0.991291 0
    outer loop
      vertex 180.186 234.145 0
      vertex 180.6 234.2 0.699999
      vertex 180.186 234.145 0.699999
    endloop
  endfacet
  facet normal 0.131693 -0.991291 0
    outer loop
      vertex 180.6 234.2 0.699999
      vertex 180.186 234.145 0
      vertex 180.6 234.2 0
    endloop
  endfacet
  facet normal 0.792179 -0.610289 0
    outer loop
      vertex 179.214 233.4 0.699999
      vertex 179.469 233.731 0
      vertex 179.469 233.731 0.699999
    endloop
  endfacet
  facet normal 0.792179 -0.610289 0
    outer loop
      vertex 179.469 233.731 0
      vertex 179.214 233.4 0.699999
      vertex 179.214 233.4 0
    endloop
  endfacet
  facet normal -0.991291 0.131693 0
    outer loop
      vertex 182.145 232.186 0
      vertex 182.2 232.6 0.699999
      vertex 182.2 232.6 0
    endloop
  endfacet
  facet normal -0.991291 0.131693 0
    outer loop
      vertex 182.2 232.6 0.699999
      vertex 182.145 232.186 0
      vertex 182.145 232.186 0.699999
    endloop
  endfacet
  facet normal -0.991291 -0.131693 0
    outer loop
      vertex 182.2 232.6 0
      vertex 182.145 233.014 0.699999
      vertex 182.145 233.014 0
    endloop
  endfacet
  facet normal -0.991291 -0.131693 0
    outer loop
      vertex 182.145 233.014 0.699999
      vertex 182.2 232.6 0
      vertex 182.2 232.6 0.699999
    endloop
  endfacet
  facet normal -0.792179 -0.610289 0
    outer loop
      vertex 181.986 233.4 0
      vertex 181.731 233.731 0.699999
      vertex 181.731 233.731 0
    endloop
  endfacet
  facet normal -0.792179 -0.610289 0
    outer loop
      vertex 181.731 233.731 0.699999
      vertex 181.986 233.4 0
      vertex 181.986 233.4 0.699999
    endloop
  endfacet
  facet normal -0.792179 0.610289 0
    outer loop
      vertex 181.731 231.469 0
      vertex 181.986 231.8 0.699999
      vertex 181.986 231.8 0
    endloop
  endfacet
  facet normal -0.792179 0.610289 0
    outer loop
      vertex 181.986 231.8 0.699999
      vertex 181.731 231.469 0
      vertex 181.731 231.469 0.699999
    endloop
  endfacet
  facet normal 0.924628 -0.38087 0
    outer loop
      vertex 179.055 233.014 0.699999
      vertex 179.214 233.4 0
      vertex 179.214 233.4 0.699999
    endloop
  endfacet
  facet normal 0.924628 -0.38087 0
    outer loop
      vertex 179.214 233.4 0
      vertex 179.055 233.014 0.699999
      vertex 179.055 233.014 0
    endloop
  endfacet
  facet normal 0.610289 0.792179 -0
    outer loop
      vertex 179.8 231.214 0
      vertex 179.469 231.469 0.699999
      vertex 179.8 231.214 0.699999
    endloop
  endfacet
  facet normal 0.610289 0.792179 0
    outer loop
      vertex 179.469 231.469 0.699999
      vertex 179.8 231.214 0
      vertex 179.469 231.469 0
    endloop
  endfacet
  facet normal 0.924628 0.38087 0
    outer loop
      vertex 179.214 231.8 0.699999
      vertex 179.055 232.186 0
      vertex 179.055 232.186 0.699999
    endloop
  endfacet
  facet normal 0.924628 0.38087 0
    outer loop
      vertex 179.055 232.186 0
      vertex 179.214 231.8 0.699999
      vertex 179.214 231.8 0
    endloop
  endfacet
  facet normal -0.131693 -0.991291 0
    outer loop
      vertex 180.6 234.2 0
      vertex 181.014 234.145 0.699999
      vertex 180.6 234.2 0.699999
    endloop
  endfacet
  facet normal -0.131693 -0.991291 -0
    outer loop
      vertex 181.014 234.145 0.699999
      vertex 180.6 234.2 0
      vertex 181.014 234.145 0
    endloop
  endfacet
  facet normal -0.38087 -0.924628 0
    outer loop
      vertex 181.014 234.145 0
      vertex 181.4 233.986 0.699999
      vertex 181.014 234.145 0.699999
    endloop
  endfacet
  facet normal -0.38087 -0.924628 -0
    outer loop
      vertex 181.4 233.986 0.699999
      vertex 181.014 234.145 0
      vertex 181.4 233.986 0
    endloop
  endfacet
  facet normal 0.38087 0.924628 -0
    outer loop
      vertex 180.186 231.055 0
      vertex 179.8 231.214 0.699999
      vertex 180.186 231.055 0.699999
    endloop
  endfacet
  facet normal 0.38087 0.924628 0
    outer loop
      vertex 179.8 231.214 0.699999
      vertex 180.186 231.055 0
      vertex 179.8 231.214 0
    endloop
  endfacet
  facet normal 0.38087 -0.924628 0
    outer loop
      vertex 179.8 233.986 0
      vertex 180.186 234.145 0.699999
      vertex 179.8 233.986 0.699999
    endloop
  endfacet
  facet normal 0.38087 -0.924628 0
    outer loop
      vertex 180.186 234.145 0.699999
      vertex 179.8 233.986 0
      vertex 180.186 234.145 0
    endloop
  endfacet
  facet normal 0.131693 0.991291 -0
    outer loop
      vertex 180.6 231 0
      vertex 180.186 231.055 0.699999
      vertex 180.6 231 0.699999
    endloop
  endfacet
  facet normal 0.131693 0.991291 0
    outer loop
      vertex 180.186 231.055 0.699999
      vertex 180.6 231 0
      vertex 180.186 231.055 0
    endloop
  endfacet
  facet normal -0.610289 0.792179 0
    outer loop
      vertex 181.731 231.469 0
      vertex 181.4 231.214 0.699999
      vertex 181.731 231.469 0.699999
    endloop
  endfacet
  facet normal -0.610289 0.792179 0
    outer loop
      vertex 181.4 231.214 0.699999
      vertex 181.731 231.469 0
      vertex 181.4 231.214 0
    endloop
  endfacet
  facet normal 0.792179 0.610289 0
    outer loop
      vertex 179.469 231.469 0.699999
      vertex 179.214 231.8 0
      vertex 179.214 231.8 0.699999
    endloop
  endfacet
  facet normal 0.792179 0.610289 0
    outer loop
      vertex 179.214 231.8 0
      vertex 179.469 231.469 0.699999
      vertex 179.469 231.469 0
    endloop
  endfacet
  facet normal 0.610289 -0.792179 0
    outer loop
      vertex 179.469 233.731 0
      vertex 179.8 233.986 0.699999
      vertex 179.469 233.731 0.699999
    endloop
  endfacet
  facet normal 0.610289 -0.792179 0
    outer loop
      vertex 179.8 233.986 0.699999
      vertex 179.469 233.731 0
      vertex 179.8 233.986 0
    endloop
  endfacet
  facet normal -0.610289 -0.792179 0
    outer loop
      vertex 181.4 233.986 0
      vertex 181.731 233.731 0.699999
      vertex 181.4 233.986 0.699999
    endloop
  endfacet
  facet normal -0.610289 -0.792179 -0
    outer loop
      vertex 181.731 233.731 0.699999
      vertex 181.4 233.986 0
      vertex 181.731 233.731 0
    endloop
  endfacet
  facet normal -0.38087 0.924628 0
    outer loop
      vertex 181.4 231.214 0
      vertex 181.014 231.055 0.699999
      vertex 181.4 231.214 0.699999
    endloop
  endfacet
  facet normal -0.38087 0.924628 0
    outer loop
      vertex 181.014 231.055 0.699999
      vertex 181.4 231.214 0
      vertex 181.014 231.055 0
    endloop
  endfacet
  facet normal -0.924628 0.38087 0
    outer loop
      vertex 181.986 231.8 0
      vertex 182.145 232.186 0.699999
      vertex 182.145 232.186 0
    endloop
  endfacet
  facet normal -0.924628 0.38087 0
    outer loop
      vertex 182.145 232.186 0.699999
      vertex 181.986 231.8 0
      vertex 181.986 231.8 0.699999
    endloop
  endfacet
  facet normal 0.386967 0.502298 0.773274
    outer loop
      vertex 179.8 231.214 0.699999
      vertex 179.469 231.469 0.699999
      vertex 179 229.829 2
    endloop
  endfacet
  facet normal 0.585459 -0.242677 0.773528
    outer loop
      vertex 179.055 233.014 0.699999
      vertex 177.829 234.2 2
      vertex 177.509 233.428 2
    endloop
  endfacet
  facet normal 0.242677 0.585459 0.773528
    outer loop
      vertex 179.772 229.509 2
      vertex 180.186 231.055 0.699999
      vertex 179 229.829 2
    endloop
  endfacet
  facet normal 0.502298 -0.386967 0.773274
    outer loop
      vertex 179.214 233.4 0.699999
      vertex 179.469 233.731 0.699999
      vertex 177.829 234.2 2
    endloop
  endfacet
  facet normal 0.628157 -0.0834508 0.773599
    outer loop
      vertex 177.509 233.428 2
      vertex 179 232.6 0.699999
      vertex 179.055 233.014 0.699999
    endloop
  endfacet
  facet normal 0.628431 -0.0827283 0.773453
    outer loop
      vertex 179 232.6 0.699999
      vertex 177.509 233.428 2
      vertex 177.4 232.6 2
    endloop
  endfacet
  facet normal -0.385406 0.503001 0.773597
    outer loop
      vertex 182.2 229.829 2
      vertex 182.863 230.337 2
      vertex 181.731 231.469 0.699999
    endloop
  endfacet
  facet normal 0.503001 -0.385406 0.773597
    outer loop
      vertex 179.469 233.731 0.699999
      vertex 178.337 234.863 2
      vertex 177.829 234.2 2
    endloop
  endfacet
  facet normal -0.586301 0.241508 0.773256
    outer loop
      vertex 183.371 231 2
      vertex 182.145 232.186 0.699999
      vertex 181.986 231.8 0.699999
    endloop
  endfacet
  facet normal -0.503001 0.385406 0.773597
    outer loop
      vertex 182.863 230.337 2
      vertex 183.371 231 2
      vertex 181.731 231.469 0.699999
    endloop
  endfacet
  facet normal 0.083482 -0.628392 0.773405
    outer loop
      vertex 180.6 235.8 2
      vertex 180.186 234.145 0.699999
      vertex 180.6 234.2 0.699999
    endloop
  endfacet
  facet normal 0.0827128 -0.628314 0.77355
    outer loop
      vertex 180.186 234.145 0.699999
      vertex 180.6 235.8 2
      vertex 179.772 235.691 2
    endloop
  endfacet
  facet normal 0.628157 0.0834508 0.773599
    outer loop
      vertex 179 232.6 0.699999
      vertex 177.509 231.772 2
      vertex 179.055 232.186 0.699999
    endloop
  endfacet
  facet normal 0.628431 0.0827283 0.773453
    outer loop
      vertex 177.509 231.772 2
      vertex 179 232.6 0.699999
      vertex 177.4 232.6 2
    endloop
  endfacet
  facet normal -0.585459 -0.242677 0.773528
    outer loop
      vertex 183.691 233.428 2
      vertex 183.371 234.2 2
      vertex 182.145 233.014 0.699999
    endloop
  endfacet
  facet normal 0.241508 0.586301 0.773256
    outer loop
      vertex 180.186 231.055 0.699999
      vertex 179.8 231.214 0.699999
      vertex 179 229.829 2
    endloop
  endfacet
  facet normal -0.585459 0.242677 0.773528
    outer loop
      vertex 183.371 231 2
      vertex 183.691 231.772 2
      vertex 182.145 232.186 0.699999
    endloop
  endfacet
  facet normal 0.585459 0.242677 0.773528
    outer loop
      vertex 177.829 231 2
      vertex 179.055 232.186 0.699999
      vertex 177.509 231.772 2
    endloop
  endfacet
  facet normal 0.241508 -0.586301 0.773256
    outer loop
      vertex 179.8 233.986 0.699999
      vertex 180.186 234.145 0.699999
      vertex 179 235.371 2
    endloop
  endfacet
  facet normal 0.385406 -0.503001 0.773597
    outer loop
      vertex 179.469 233.731 0.699999
      vertex 179 235.371 2
      vertex 178.337 234.863 2
    endloop
  endfacet
  facet normal -0.241508 0.586301 0.773256
    outer loop
      vertex 182.2 229.829 2
      vertex 181.4 231.214 0.699999
      vertex 181.014 231.055 0.699999
    endloop
  endfacet
  facet normal -0.242677 0.585459 0.773528
    outer loop
      vertex 181.428 229.509 2
      vertex 182.2 229.829 2
      vertex 181.014 231.055 0.699999
    endloop
  endfacet
  facet normal -0.502298 0.386967 0.773274
    outer loop
      vertex 183.371 231 2
      vertex 181.986 231.8 0.699999
      vertex 181.731 231.469 0.699999
    endloop
  endfacet
  facet normal -0.628431 -0.0827283 0.773453
    outer loop
      vertex 183.691 233.428 2
      vertex 182.2 232.6 0.699999
      vertex 183.8 232.6 2
    endloop
  endfacet
  facet normal -0.628157 -0.0834508 0.773599
    outer loop
      vertex 182.2 232.6 0.699999
      vertex 183.691 233.428 2
      vertex 182.145 233.014 0.699999
    endloop
  endfacet
  facet normal -0.628431 0.0827283 0.773453
    outer loop
      vertex 182.2 232.6 0.699999
      vertex 183.691 231.772 2
      vertex 183.8 232.6 2
    endloop
  endfacet
  facet normal -0.628157 0.0834508 0.773599
    outer loop
      vertex 183.691 231.772 2
      vertex 182.2 232.6 0.699999
      vertex 182.145 232.186 0.699999
    endloop
  endfacet
  facet normal -0.242677 -0.585459 0.773528
    outer loop
      vertex 182.2 235.371 2
      vertex 181.428 235.691 2
      vertex 181.014 234.145 0.699999
    endloop
  endfacet
  facet normal 0.386967 -0.502298 0.773274
    outer loop
      vertex 179.469 233.731 0.699999
      vertex 179.8 233.986 0.699999
      vertex 179 235.371 2
    endloop
  endfacet
  facet normal 0 0 -1
    outer loop
      vertex 183.691 231.772 2
      vertex 182.145 232.186 2
      vertex 182.2 232.6 2
    endloop
  endfacet
  facet normal 0 0 -1
    outer loop
      vertex 182.863 230.337 2
      vertex 181.986 231.8 2
      vertex 182.145 232.186 2
    endloop
  endfacet
  facet normal 0 0 -1
    outer loop
      vertex 182.863 230.337 2
      vertex 181.731 231.469 2
      vertex 181.986 231.8 2
    endloop
  endfacet
  facet normal 0 0 -1
    outer loop
      vertex 181.4 231.214 2
      vertex 182.2 229.829 2
      vertex 181.428 229.509 2
    endloop
  endfacet
  facet normal 0 0 -1
    outer loop
      vertex 182.2 229.829 2
      vertex 181.4 231.214 2
      vertex 181.731 231.469 2
    endloop
  endfacet
  facet normal 0 0 -1
    outer loop
      vertex 181.428 229.509 2
      vertex 181.014 231.055 2
      vertex 181.4 231.214 2
    endloop
  endfacet
  facet normal 0 0 -1
    outer loop
      vertex 180.6 229.4 2
      vertex 181.014 231.055 2
      vertex 181.428 229.509 2
    endloop
  endfacet
  facet normal 0 0 -1
    outer loop
      vertex 180.6 229.4 2
      vertex 180.6 231 2
      vertex 181.014 231.055 2
    endloop
  endfacet
  facet normal 0 0 -1
    outer loop
      vertex 180.6 229.4 2
      vertex 180.186 231.055 2
      vertex 180.6 231 2
    endloop
  endfacet
  facet normal 0 0 -1
    outer loop
      vertex 179.772 229.509 2
      vertex 180.186 231.055 2
      vertex 180.6 229.4 2
    endloop
  endfacet
  facet normal -0 0 -1
    outer loop
      vertex 180.186 231.055 2
      vertex 179.772 229.509 2
      vertex 179.8 231.214 2
    endloop
  endfacet
  facet normal 0 0 -1
    outer loop
      vertex 179 229.829 2
      vertex 179.8 231.214 2
      vertex 179.772 229.509 2
    endloop
  endfacet
  facet normal -0 0 -1
    outer loop
      vertex 179.8 231.214 2
      vertex 179 229.829 2
      vertex 179.469 231.469 2
    endloop
  endfacet
  facet normal 0 0 -1
    outer loop
      vertex 178.337 230.337 2
      vertex 179.469 231.469 2
      vertex 179 229.829 2
    endloop
  endfacet
  facet normal -0 0 -1
    outer loop
      vertex 179.469 231.469 2
      vertex 178.337 230.337 2
      vertex 179.214 231.8 2
    endloop
  endfacet
  facet normal 0 0 -1
    outer loop
      vertex 177.829 231 2
      vertex 179.214 231.8 2
      vertex 178.337 230.337 2
    endloop
  endfacet
  facet normal -0 0 -1
    outer loop
      vertex 179.214 231.8 2
      vertex 177.829 231 2
      vertex 179.055 232.186 2
    endloop
  endfacet
  facet normal 0 0 -1
    outer loop
      vertex 177.509 231.772 2
      vertex 179.055 232.186 2
      vertex 177.829 231 2
    endloop
  endfacet
  facet normal 0 0 -1
    outer loop
      vertex 179 232.6 2
      vertex 178.337 234.863 2
      vertex 179 235.371 2
    endloop
  endfacet
  facet normal -0 0 -1
    outer loop
      vertex 179.055 232.186 2
      vertex 177.509 231.772 2
      vertex 179 232.6 2
    endloop
  endfacet
  facet normal 0 0 -1
    outer loop
      vertex 179 232.6 2
      vertex 177.829 234.2 2
      vertex 178.337 234.863 2
    endloop
  endfacet
  facet normal 0 0 -1
    outer loop
      vertex 177.4 232.6 2
      vertex 179 232.6 2
      vertex 177.509 231.772 2
    endloop
  endfacet
  facet normal 0 0 -1
    outer loop
      vertex 179 232.6 2
      vertex 177.509 233.428 2
      vertex 177.829 234.2 2
    endloop
  endfacet
  facet normal 0 0 -1
    outer loop
      vertex 179 232.6 2
      vertex 177.4 232.6 2
      vertex 177.509 233.428 2
    endloop
  endfacet
  facet normal 0 0 -1
    outer loop
      vertex 182.2 232.6 2
      vertex 183.8 232.6 2
      vertex 183.691 231.772 2
    endloop
  endfacet
  facet normal 0 0 -1
    outer loop
      vertex 182.145 232.186 2
      vertex 183.691 231.772 2
      vertex 183.371 231 2
    endloop
  endfacet
  facet normal 0 0 -1
    outer loop
      vertex 183.8 232.6 2
      vertex 182.2 232.6 2
      vertex 183.691 233.428 2
    endloop
  endfacet
  facet normal 0 0 -1
    outer loop
      vertex 182.145 232.186 2
      vertex 183.371 231 2
      vertex 182.863 230.337 2
    endloop
  endfacet
  facet normal 0 0 -1
    outer loop
      vertex 182.145 233.014 2
      vertex 183.691 233.428 2
      vertex 182.2 232.6 2
    endloop
  endfacet
  facet normal 0 0 -1
    outer loop
      vertex 181.731 231.469 2
      vertex 182.863 230.337 2
      vertex 182.2 229.829 2
    endloop
  endfacet
  facet normal -0 0 -1
    outer loop
      vertex 183.691 233.428 2
      vertex 182.145 233.014 2
      vertex 183.371 234.2 2
    endloop
  endfacet
  facet normal 0 0 -1
    outer loop
      vertex 181.986 233.4 2
      vertex 183.371 234.2 2
      vertex 182.145 233.014 2
    endloop
  endfacet
  facet normal -0 0 -1
    outer loop
      vertex 183.371 234.2 2
      vertex 181.986 233.4 2
      vertex 182.863 234.863 2
    endloop
  endfacet
  facet normal 0 0 -1
    outer loop
      vertex 181.731 233.731 2
      vertex 182.863 234.863 2
      vertex 181.986 233.4 2
    endloop
  endfacet
  facet normal -0 0 -1
    outer loop
      vertex 182.863 234.863 2
      vertex 181.731 233.731 2
      vertex 182.2 235.371 2
    endloop
  endfacet
  facet normal 0 0 -1
    outer loop
      vertex 181.4 233.986 2
      vertex 182.2 235.371 2
      vertex 181.731 233.731 2
    endloop
  endfacet
  facet normal -0 0 -1
    outer loop
      vertex 182.2 235.371 2
      vertex 181.4 233.986 2
      vertex 181.428 235.691 2
    endloop
  endfacet
  facet normal 0 0 -1
    outer loop
      vertex 181.014 234.145 2
      vertex 181.428 235.691 2
      vertex 181.4 233.986 2
    endloop
  endfacet
  facet normal 0 0 -1
    outer loop
      vertex 180.6 234.2 2
      vertex 181.428 235.691 2
      vertex 181.014 234.145 2
    endloop
  endfacet
  facet normal 0 0 -1
    outer loop
      vertex 180.6 234.2 2
      vertex 180.6 235.8 2
      vertex 181.428 235.691 2
    endloop
  endfacet
  facet normal 0 0 -1
    outer loop
      vertex 180.186 234.145 2
      vertex 180.6 235.8 2
      vertex 180.6 234.2 2
    endloop
  endfacet
  facet normal 0 0 -1
    outer loop
      vertex 179.772 235.691 2
      vertex 180.186 234.145 2
      vertex 179.8 233.986 2
    endloop
  endfacet
  facet normal 0 0 -1
    outer loop
      vertex 180.186 234.145 2
      vertex 179.772 235.691 2
      vertex 180.6 235.8 2
    endloop
  endfacet
  facet normal 0 0 -1
    outer loop
      vertex 179 235.371 2
      vertex 179.8 233.986 2
      vertex 179.469 233.731 2
    endloop
  endfacet
  facet normal 0 0 -1
    outer loop
      vertex 179 235.371 2
      vertex 179.469 233.731 2
      vertex 179.214 233.4 2
    endloop
  endfacet
  facet normal 0 0 -1
    outer loop
      vertex 179 235.371 2
      vertex 179.214 233.4 2
      vertex 179.055 233.014 2
    endloop
  endfacet
  facet normal 0 0 -1
    outer loop
      vertex 179.8 233.986 2
      vertex 179 235.371 2
      vertex 179.772 235.691 2
    endloop
  endfacet
  facet normal 0 0 -1
    outer loop
      vertex 179 235.371 2
      vertex 179.055 233.014 2
      vertex 179 232.6 2
    endloop
  endfacet
  facet normal 0.586301 -0.241508 0.773256
    outer loop
      vertex 179.055 233.014 0.699999
      vertex 179.214 233.4 0.699999
      vertex 177.829 234.2 2
    endloop
  endfacet
  facet normal -0.385406 -0.503001 0.773597
    outer loop
      vertex 182.863 234.863 2
      vertex 182.2 235.371 2
      vertex 181.731 233.731 0.699999
    endloop
  endfacet
  facet normal 0.242677 -0.585459 0.773528
    outer loop
      vertex 180.186 234.145 0.699999
      vertex 179.772 235.691 2
      vertex 179 235.371 2
    endloop
  endfacet
  facet normal -0.386967 0.502298 0.773274
    outer loop
      vertex 182.2 229.829 2
      vertex 181.731 231.469 0.699999
      vertex 181.4 231.214 0.699999
    endloop
  endfacet
  facet normal -0.503001 -0.385406 0.773597
    outer loop
      vertex 183.371 234.2 2
      vertex 182.863 234.863 2
      vertex 181.731 233.731 0.699999
    endloop
  endfacet
  facet normal -0.241508 -0.586301 0.773256
    outer loop
      vertex 181.4 233.986 0.699999
      vertex 182.2 235.371 2
      vertex 181.014 234.145 0.699999
    endloop
  endfacet
  facet normal 0.586301 0.241508 0.773256
    outer loop
      vertex 179.214 231.8 0.699999
      vertex 179.055 232.186 0.699999
      vertex 177.829 231 2
    endloop
  endfacet
  facet normal 0.503001 0.385406 0.773597
    outer loop
      vertex 178.337 230.337 2
      vertex 179.469 231.469 0.699999
      vertex 177.829 231 2
    endloop
  endfacet
  facet normal -0.0827128 -0.628314 0.77355
    outer loop
      vertex 180.6 235.8 2
      vertex 181.014 234.145 0.699999
      vertex 181.428 235.691 2
    endloop
  endfacet
  facet normal -0.083482 -0.628392 0.773405
    outer loop
      vertex 181.014 234.145 0.699999
      vertex 180.6 235.8 2
      vertex 180.6 234.2 0.699999
    endloop
  endfacet
  facet normal 0.385406 0.503001 0.773597
    outer loop
      vertex 179 229.829 2
      vertex 179.469 231.469 0.699999
      vertex 178.337 230.337 2
    endloop
  endfacet
  facet normal -0.0834508 0.628157 0.773599
    outer loop
      vertex 180.6 231 0.699999
      vertex 181.428 229.509 2
      vertex 181.014 231.055 0.699999
    endloop
  endfacet
  facet normal -0.0827283 0.628431 0.773453
    outer loop
      vertex 181.428 229.509 2
      vertex 180.6 231 0.699999
      vertex 180.6 229.4 2
    endloop
  endfacet
  facet normal 0.083482 0.628392 0.773405
    outer loop
      vertex 180.186 231.055 0.699999
      vertex 180.6 229.4 2
      vertex 180.6 231 0.699999
    endloop
  endfacet
  facet normal 0.0827128 0.628314 0.77355
    outer loop
      vertex 180.6 229.4 2
      vertex 180.186 231.055 0.699999
      vertex 179.772 229.509 2
    endloop
  endfacet
  facet normal -0.502298 -0.386967 0.773274
    outer loop
      vertex 181.986 233.4 0.699999
      vertex 183.371 234.2 2
      vertex 181.731 233.731 0.699999
    endloop
  endfacet
  facet normal -0.586301 -0.241508 0.773256
    outer loop
      vertex 182.145 233.014 0.699999
      vertex 183.371 234.2 2
      vertex 181.986 233.4 0.699999
    endloop
  endfacet
  facet normal -0.386967 -0.502298 0.773274
    outer loop
      vertex 181.731 233.731 0.699999
      vertex 182.2 235.371 2
      vertex 181.4 233.986 0.699999
    endloop
  endfacet
  facet normal 0.502298 0.386967 0.773274
    outer loop
      vertex 179.469 231.469 0.699999
      vertex 179.214 231.8 0.699999
      vertex 177.829 231 2
    endloop
  endfacet
  facet normal -1 0 0
    outer loop
      vertex 66 214.4 0
      vertex 66 217.4 2
      vertex 66 217.4 0
    endloop
  endfacet
  facet normal -1 -0 0
    outer loop
      vertex 66 217.4 2
      vertex 66 214.4 0
      vertex 66 214.4 2
    endloop
  endfacet
  facet normal 1 -0 0
    outer loop
      vertex 18 214.4 2
      vertex 18 217.4 0
      vertex 18 217.4 2
    endloop
  endfacet
  facet normal 1 0 0
    outer loop
      vertex 18 217.4 0
      vertex 18 214.4 2
      vertex 18 214.4 0
    endloop
  endfacet
  facet normal 0 -1 0
    outer loop
      vertex 18 217.4 0
      vertex 66 217.4 2
      vertex 18 217.4 2
    endloop
  endfacet
  facet normal 0 -1 -0
    outer loop
      vertex 66 217.4 2
      vertex 18 217.4 0
      vertex 66 217.4 0
    endloop
  endfacet
  facet normal 0 1 -0
    outer loop
      vertex 66 214.4 0
      vertex 18 214.4 2
      vertex 66 214.4 2
    endloop
  endfacet
  facet normal 0 1 0
    outer loop
      vertex 18 214.4 2
      vertex 66 214.4 0
      vertex 18 214.4 0
    endloop
  endfacet
  facet normal -1 0 0
    outer loop
      vertex 166.4 214.4 0
      vertex 166.4 217.4 2
      vertex 166.4 217.4 0
    endloop
  endfacet
  facet normal -1 -0 0
    outer loop
      vertex 166.4 217.4 2
      vertex 166.4 214.4 0
      vertex 166.4 214.4 2
    endloop
  endfacet
  facet normal 1 -0 0
    outer loop
      vertex 118.4 214.4 2
      vertex 118.4 217.4 0
      vertex 118.4 217.4 2
    endloop
  endfacet
  facet normal 1 0 0
    outer loop
      vertex 118.4 217.4 0
      vertex 118.4 214.4 2
      vertex 118.4 214.4 0
    endloop
  endfacet
  facet normal 0 -1 0
    outer loop
      vertex 118.4 217.4 0
      vertex 166.4 217.4 2
      vertex 118.4 217.4 2
    endloop
  endfacet
  facet normal 0 -1 -0
    outer loop
      vertex 166.4 217.4 2
      vertex 118.4 217.4 0
      vertex 166.4 217.4 0
    endloop
  endfacet
  facet normal 0 1 -0
    outer loop
      vertex 166.4 214.4 0
      vertex 118.4 214.4 2
      vertex 166.4 214.4 2
    endloop
  endfacet
  facet normal 0 1 0
    outer loop
      vertex 118.4 214.4 2
      vertex 166.4 214.4 0
      vertex 118.4 214.4 0
    endloop
  endfacet
  facet normal -1 0 0
    outer loop
      vertex 66 208.4 0
      vertex 66 211.4 2
      vertex 66 211.4 0
    endloop
  endfacet
  facet normal -1 -0 0
    outer loop
      vertex 66 211.4 2
      vertex 66 208.4 0
      vertex 66 208.4 2
    endloop
  endfacet
  facet normal 1 -0 0
    outer loop
      vertex 18 208.4 2
      vertex 18 211.4 0
      vertex 18 211.4 2
    endloop
  endfacet
  facet normal 1 0 0
    outer loop
      vertex 18 211.4 0
      vertex 18 208.4 2
      vertex 18 208.4 0
    endloop
  endfacet
  facet normal 0 -1 0
    outer loop
      vertex 18 211.4 0
      vertex 66 211.4 2
      vertex 18 211.4 2
    endloop
  endfacet
  facet normal 0 -1 -0
    outer loop
      vertex 66 211.4 2
      vertex 18 211.4 0
      vertex 66 211.4 0
    endloop
  endfacet
  facet normal 0 1 -0
    outer loop
      vertex 66 208.4 0
      vertex 18 208.4 2
      vertex 66 208.4 2
    endloop
  endfacet
  facet normal 0 1 0
    outer loop
      vertex 18 208.4 2
      vertex 66 208.4 0
      vertex 18 208.4 0
    endloop
  endfacet
  facet normal -1 0 0
    outer loop
      vertex 166.4 208.4 0
      vertex 166.4 211.4 2
      vertex 166.4 211.4 0
    endloop
  endfacet
  facet normal -1 -0 0
    outer loop
      vertex 166.4 211.4 2
      vertex 166.4 208.4 0
      vertex 166.4 208.4 2
    endloop
  endfacet
  facet normal 1 -0 0
    outer loop
      vertex 118.4 208.4 2
      vertex 118.4 211.4 0
      vertex 118.4 211.4 2
    endloop
  endfacet
  facet normal 1 0 0
    outer loop
      vertex 118.4 211.4 0
      vertex 118.4 208.4 2
      vertex 118.4 208.4 0
    endloop
  endfacet
  facet normal 0 -1 0
    outer loop
      vertex 118.4 211.4 0
      vertex 166.4 211.4 2
      vertex 118.4 211.4 2
    endloop
  endfacet
  facet normal 0 -1 -0
    outer loop
      vertex 166.4 211.4 2
      vertex 118.4 211.4 0
      vertex 166.4 211.4 0
    endloop
  endfacet
  facet normal 0 1 -0
    outer loop
      vertex 166.4 208.4 0
      vertex 118.4 208.4 2
      vertex 166.4 208.4 2
    endloop
  endfacet
  facet normal 0 1 0
    outer loop
      vertex 118.4 208.4 2
      vertex 166.4 208.4 0
      vertex 118.4 208.4 0
    endloop
  endfacet
  facet normal -1 0 0
    outer loop
      vertex 66 202.4 0
      vertex 66 205.4 2
      vertex 66 205.4 0
    endloop
  endfacet
  facet normal -1 -0 0
    outer loop
      vertex 66 205.4 2
      vertex 66 202.4 0
      vertex 66 202.4 2
    endloop
  endfacet
  facet normal 1 -0 0
    outer loop
      vertex 18 202.4 2
      vertex 18 205.4 0
      vertex 18 205.4 2
    endloop
  endfacet
  facet normal 1 0 0
    outer loop
      vertex 18 205.4 0
      vertex 18 202.4 2
      vertex 18 202.4 0
    endloop
  endfacet
  facet normal 0 -1 0
    outer loop
      vertex 18 205.4 0
      vertex 66 205.4 2
      vertex 18 205.4 2
    endloop
  endfacet
  facet normal 0 -1 -0
    outer loop
      vertex 66 205.4 2
      vertex 18 205.4 0
      vertex 66 205.4 0
    endloop
  endfacet
  facet normal 0 1 -0
    outer loop
      vertex 66 202.4 0
      vertex 18 202.4 2
      vertex 66 202.4 2
    endloop
  endfacet
  facet normal 0 1 0
    outer loop
      vertex 18 202.4 2
      vertex 66 202.4 0
      vertex 18 202.4 0
    endloop
  endfacet
  facet normal -1 0 0
    outer loop
      vertex 166.4 202.4 0
      vertex 166.4 205.4 2
      vertex 166.4 205.4 0
    endloop
  endfacet
  facet normal -1 -0 0
    outer loop
      vertex 166.4 205.4 2
      vertex 166.4 202.4 0
      vertex 166.4 202.4 2
    endloop
  endfacet
  facet normal 1 -0 0
    outer loop
      vertex 118.4 202.4 2
      vertex 118.4 205.4 0
      vertex 118.4 205.4 2
    endloop
  endfacet
  facet normal 1 0 0
    outer loop
      vertex 118.4 205.4 0
      vertex 118.4 202.4 2
      vertex 118.4 202.4 0
    endloop
  endfacet
  facet normal 0 -1 0
    outer loop
      vertex 118.4 205.4 0
      vertex 166.4 205.4 2
      vertex 118.4 205.4 2
    endloop
  endfacet
  facet normal 0 -1 -0
    outer loop
      vertex 166.4 205.4 2
      vertex 118.4 205.4 0
      vertex 166.4 205.4 0
    endloop
  endfacet
  facet normal 0 1 -0
    outer loop
      vertex 166.4 202.4 0
      vertex 118.4 202.4 2
      vertex 166.4 202.4 2
    endloop
  endfacet
  facet normal 0 1 0
    outer loop
      vertex 118.4 202.4 2
      vertex 166.4 202.4 0
      vertex 118.4 202.4 0
    endloop
  endfacet
  facet normal -1 0 0
    outer loop
      vertex 66 196.4 0
      vertex 66 199.4 2
      vertex 66 199.4 0
    endloop
  endfacet
  facet normal -1 -0 0
    outer loop
      vertex 66 199.4 2
      vertex 66 196.4 0
      vertex 66 196.4 2
    endloop
  endfacet
  facet normal 1 -0 0
    outer loop
      vertex 18 196.4 2
      vertex 18 199.4 0
      vertex 18 199.4 2
    endloop
  endfacet
  facet normal 1 0 0
    outer loop
      vertex 18 199.4 0
      vertex 18 196.4 2
      vertex 18 196.4 0
    endloop
  endfacet
  facet normal 0 -1 0
    outer loop
      vertex 18 199.4 0
      vertex 66 199.4 2
      vertex 18 199.4 2
    endloop
  endfacet
  facet normal 0 -1 -0
    outer loop
      vertex 66 199.4 2
      vertex 18 199.4 0
      vertex 66 199.4 0
    endloop
  endfacet
  facet normal 0 1 -0
    outer loop
      vertex 66 196.4 0
      vertex 18 196.4 2
      vertex 66 196.4 2
    endloop
  endfacet
  facet normal 0 1 0
    outer loop
      vertex 18 196.4 2
      vertex 66 196.4 0
      vertex 18 196.4 0
    endloop
  endfacet
  facet normal -1 0 0
    outer loop
      vertex 166.4 196.4 0
      vertex 166.4 199.4 2
      vertex 166.4 199.4 0
    endloop
  endfacet
  facet normal -1 -0 0
    outer loop
      vertex 166.4 199.4 2
      vertex 166.4 196.4 0
      vertex 166.4 196.4 2
    endloop
  endfacet
  facet normal 1 -0 0
    outer loop
      vertex 118.4 196.4 2
      vertex 118.4 199.4 0
      vertex 118.4 199.4 2
    endloop
  endfacet
  facet normal 1 0 0
    outer loop
      vertex 118.4 199.4 0
      vertex 118.4 196.4 2
      vertex 118.4 196.4 0
    endloop
  endfacet
  facet normal 0 -1 0
    outer loop
      vertex 118.4 199.4 0
      vertex 166.4 199.4 2
      vertex 118.4 199.4 2
    endloop
  endfacet
  facet normal 0 -1 -0
    outer loop
      vertex 166.4 199.4 2
      vertex 118.4 199.4 0
      vertex 166.4 199.4 0
    endloop
  endfacet
  facet normal 0 1 -0
    outer loop
      vertex 166.4 196.4 0
      vertex 118.4 196.4 2
      vertex 166.4 196.4 2
    endloop
  endfacet
  facet normal 0 1 0
    outer loop
      vertex 118.4 196.4 2
      vertex 166.4 196.4 0
      vertex 118.4 196.4 0
    endloop
  endfacet
  facet normal -1 0 0
    outer loop
      vertex 66 190.4 0
      vertex 66 193.4 2
      vertex 66 193.4 0
    endloop
  endfacet
  facet normal -1 -0 0
    outer loop
      vertex 66 193.4 2
      vertex 66 190.4 0
      vertex 66 190.4 2
    endloop
  endfacet
  facet normal 1 -0 0
    outer loop
      vertex 18 190.4 2
      vertex 18 193.4 0
      vertex 18 193.4 2
    endloop
  endfacet
  facet normal 1 0 0
    outer loop
      vertex 18 193.4 0
      vertex 18 190.4 2
      vertex 18 190.4 0
    endloop
  endfacet
  facet normal 0 -1 0
    outer loop
      vertex 18 193.4 0
      vertex 66 193.4 2
      vertex 18 193.4 2
    endloop
  endfacet
  facet normal 0 -1 -0
    outer loop
      vertex 66 193.4 2
      vertex 18 193.4 0
      vertex 66 193.4 0
    endloop
  endfacet
  facet normal 0 1 -0
    outer loop
      vertex 66 190.4 0
      vertex 18 190.4 2
      vertex 66 190.4 2
    endloop
  endfacet
  facet normal 0 1 0
    outer loop
      vertex 18 190.4 2
      vertex 66 190.4 0
      vertex 18 190.4 0
    endloop
  endfacet
  facet normal -1 0 0
    outer loop
      vertex 166.4 190.4 0
      vertex 166.4 193.4 2
      vertex 166.4 193.4 0
    endloop
  endfacet
  facet normal -1 -0 0
    outer loop
      vertex 166.4 193.4 2
      vertex 166.4 190.4 0
      vertex 166.4 190.4 2
    endloop
  endfacet
  facet normal 1 -0 0
    outer loop
      vertex 118.4 190.4 2
      vertex 118.4 193.4 0
      vertex 118.4 193.4 2
    endloop
  endfacet
  facet normal 1 0 0
    outer loop
      vertex 118.4 193.4 0
      vertex 118.4 190.4 2
      vertex 118.4 190.4 0
    endloop
  endfacet
  facet normal 0 -1 0
    outer loop
      vertex 118.4 193.4 0
      vertex 166.4 193.4 2
      vertex 118.4 193.4 2
    endloop
  endfacet
  facet normal 0 -1 -0
    outer loop
      vertex 166.4 193.4 2
      vertex 118.4 193.4 0
      vertex 166.4 193.4 0
    endloop
  endfacet
  facet normal 0 1 -0
    outer loop
      vertex 166.4 190.4 0
      vertex 118.4 190.4 2
      vertex 166.4 190.4 2
    endloop
  endfacet
  facet normal 0 1 0
    outer loop
      vertex 118.4 190.4 2
      vertex 166.4 190.4 0
      vertex 118.4 190.4 0
    endloop
  endfacet
  facet normal -1 0 0
    outer loop
      vertex 66 22 0
      vertex 66 25 2
      vertex 66 25 0
    endloop
  endfacet
  facet normal -1 -0 0
    outer loop
      vertex 66 25 2
      vertex 66 22 0
      vertex 66 22 2
    endloop
  endfacet
  facet normal 1 -0 0
    outer loop
      vertex 18 22 2
      vertex 18 25 0
      vertex 18 25 2
    endloop
  endfacet
  facet normal 1 0 0
    outer loop
      vertex 18 25 0
      vertex 18 22 2
      vertex 18 22 0
    endloop
  endfacet
  facet normal 0 -1 0
    outer loop
      vertex 18 25 0
      vertex 66 25 2
      vertex 18 25 2
    endloop
  endfacet
  facet normal 0 -1 -0
    outer loop
      vertex 66 25 2
      vertex 18 25 0
      vertex 66 25 0
    endloop
  endfacet
  facet normal 0 1 -0
    outer loop
      vertex 66 22 0
      vertex 18 22 2
      vertex 66 22 2
    endloop
  endfacet
  facet normal 0 1 0
    outer loop
      vertex 18 22 2
      vertex 66 22 0
      vertex 18 22 0
    endloop
  endfacet
  facet normal -1 0 0
    outer loop
      vertex 166.4 22 0
      vertex 166.4 25 2
      vertex 166.4 25 0
    endloop
  endfacet
  facet normal -1 -0 0
    outer loop
      vertex 166.4 25 2
      vertex 166.4 22 0
      vertex 166.4 22 2
    endloop
  endfacet
  facet normal 1 -0 0
    outer loop
      vertex 118.4 22 2
      vertex 118.4 25 0
      vertex 118.4 25 2
    endloop
  endfacet
  facet normal 1 0 0
    outer loop
      vertex 118.4 25 0
      vertex 118.4 22 2
      vertex 118.4 22 0
    endloop
  endfacet
  facet normal 0 -1 0
    outer loop
      vertex 118.4 25 0
      vertex 166.4 25 2
      vertex 118.4 25 2
    endloop
  endfacet
  facet normal 0 -1 -0
    outer loop
      vertex 166.4 25 2
      vertex 118.4 25 0
      vertex 166.4 25 0
    endloop
  endfacet
  facet normal 0 1 -0
    outer loop
      vertex 166.4 22 0
      vertex 118.4 22 2
      vertex 166.4 22 2
    endloop
  endfacet
  facet normal 0 1 0
    outer loop
      vertex 118.4 22 2
      vertex 166.4 22 0
      vertex 118.4 22 0
    endloop
  endfacet
  facet normal -1 0 0
    outer loop
      vertex 66 28 0
      vertex 66 31 2
      vertex 66 31 0
    endloop
  endfacet
  facet normal -1 -0 0
    outer loop
      vertex 66 31 2
      vertex 66 28 0
      vertex 66 28 2
    endloop
  endfacet
  facet normal 1 -0 0
    outer loop
      vertex 18 28 2
      vertex 18 31 0
      vertex 18 31 2
    endloop
  endfacet
  facet normal 1 0 0
    outer loop
      vertex 18 31 0
      vertex 18 28 2
      vertex 18 28 0
    endloop
  endfacet
  facet normal 0 -1 0
    outer loop
      vertex 18 31 0
      vertex 66 31 2
      vertex 18 31 2
    endloop
  endfacet
  facet normal 0 -1 -0
    outer loop
      vertex 66 31 2
      vertex 18 31 0
      vertex 66 31 0
    endloop
  endfacet
  facet normal 0 1 -0
    outer loop
      vertex 66 28 0
      vertex 18 28 2
      vertex 66 28 2
    endloop
  endfacet
  facet normal 0 1 0
    outer loop
      vertex 18 28 2
      vertex 66 28 0
      vertex 18 28 0
    endloop
  endfacet
  facet normal -1 0 0
    outer loop
      vertex 166.4 28 0
      vertex 166.4 31 2
      vertex 166.4 31 0
    endloop
  endfacet
  facet normal -1 -0 0
    outer loop
      vertex 166.4 31 2
      vertex 166.4 28 0
      vertex 166.4 28 2
    endloop
  endfacet
  facet normal 1 -0 0
    outer loop
      vertex 118.4 28 2
      vertex 118.4 31 0
      vertex 118.4 31 2
    endloop
  endfacet
  facet normal 1 0 0
    outer loop
      vertex 118.4 31 0
      vertex 118.4 28 2
      vertex 118.4 28 0
    endloop
  endfacet
  facet normal 0 -1 0
    outer loop
      vertex 118.4 31 0
      vertex 166.4 31 2
      vertex 118.4 31 2
    endloop
  endfacet
  facet normal 0 -1 -0
    outer loop
      vertex 166.4 31 2
      vertex 118.4 31 0
      vertex 166.4 31 0
    endloop
  endfacet
  facet normal 0 1 -0
    outer loop
      vertex 166.4 28 0
      vertex 118.4 28 2
      vertex 166.4 28 2
    endloop
  endfacet
  facet normal 0 1 0
    outer loop
      vertex 118.4 28 2
      vertex 166.4 28 0
      vertex 118.4 28 0
    endloop
  endfacet
  facet normal -1 0 0
    outer loop
      vertex 66 34 0
      vertex 66 37 2
      vertex 66 37 0
    endloop
  endfacet
  facet normal -1 -0 0
    outer loop
      vertex 66 37 2
      vertex 66 34 0
      vertex 66 34 2
    endloop
  endfacet
  facet normal 1 -0 0
    outer loop
      vertex 18 34 2
      vertex 18 37 0
      vertex 18 37 2
    endloop
  endfacet
  facet normal 1 0 0
    outer loop
      vertex 18 37 0
      vertex 18 34 2
      vertex 18 34 0
    endloop
  endfacet
  facet normal 0 -1 0
    outer loop
      vertex 18 37 0
      vertex 66 37 2
      vertex 18 37 2
    endloop
  endfacet
  facet normal 0 -1 -0
    outer loop
      vertex 66 37 2
      vertex 18 37 0
      vertex 66 37 0
    endloop
  endfacet
  facet normal 0 1 -0
    outer loop
      vertex 66 34 0
      vertex 18 34 2
      vertex 66 34 2
    endloop
  endfacet
  facet normal 0 1 0
    outer loop
      vertex 18 34 2
      vertex 66 34 0
      vertex 18 34 0
    endloop
  endfacet
  facet normal -1 0 0
    outer loop
      vertex 166.4 34 0
      vertex 166.4 37 2
      vertex 166.4 37 0
    endloop
  endfacet
  facet normal -1 -0 0
    outer loop
      vertex 166.4 37 2
      vertex 166.4 34 0
      vertex 166.4 34 2
    endloop
  endfacet
  facet normal 1 -0 0
    outer loop
      vertex 118.4 34 2
      vertex 118.4 37 0
      vertex 118.4 37 2
    endloop
  endfacet
  facet normal 1 0 0
    outer loop
      vertex 118.4 37 0
      vertex 118.4 34 2
      vertex 118.4 34 0
    endloop
  endfacet
  facet normal 0 -1 0
    outer loop
      vertex 118.4 37 0
      vertex 166.4 37 2
      vertex 118.4 37 2
    endloop
  endfacet
  facet normal 0 -1 -0
    outer loop
      vertex 166.4 37 2
      vertex 118.4 37 0
      vertex 166.4 37 0
    endloop
  endfacet
  facet normal 0 1 -0
    outer loop
      vertex 166.4 34 0
      vertex 118.4 34 2
      vertex 166.4 34 2
    endloop
  endfacet
  facet normal 0 1 0
    outer loop
      vertex 118.4 34 2
      vertex 166.4 34 0
      vertex 118.4 34 0
    endloop
  endfacet
  facet normal -1 0 0
    outer loop
      vertex 66 40 0
      vertex 66 43 2
      vertex 66 43 0
    endloop
  endfacet
  facet normal -1 -0 0
    outer loop
      vertex 66 43 2
      vertex 66 40 0
      vertex 66 40 2
    endloop
  endfacet
  facet normal 1 -0 0
    outer loop
      vertex 18 40 2
      vertex 18 43 0
      vertex 18 43 2
    endloop
  endfacet
  facet normal 1 0 0
    outer loop
      vertex 18 43 0
      vertex 18 40 2
      vertex 18 40 0
    endloop
  endfacet
  facet normal 0 -1 0
    outer loop
      vertex 18 43 0
      vertex 66 43 2
      vertex 18 43 2
    endloop
  endfacet
  facet normal 0 -1 -0
    outer loop
      vertex 66 43 2
      vertex 18 43 0
      vertex 66 43 0
    endloop
  endfacet
  facet normal 0 1 -0
    outer loop
      vertex 66 40 0
      vertex 18 40 2
      vertex 66 40 2
    endloop
  endfacet
  facet normal 0 1 0
    outer loop
      vertex 18 40 2
      vertex 66 40 0
      vertex 18 40 0
    endloop
  endfacet
  facet normal -1 0 0
    outer loop
      vertex 166.4 40 0
      vertex 166.4 43 2
      vertex 166.4 43 0
    endloop
  endfacet
  facet normal -1 -0 0
    outer loop
      vertex 166.4 43 2
      vertex 166.4 40 0
      vertex 166.4 40 2
    endloop
  endfacet
  facet normal 1 -0 0
    outer loop
      vertex 118.4 40 2
      vertex 118.4 43 0
      vertex 118.4 43 2
    endloop
  endfacet
  facet normal 1 0 0
    outer loop
      vertex 118.4 43 0
      vertex 118.4 40 2
      vertex 118.4 40 0
    endloop
  endfacet
  facet normal 0 -1 0
    outer loop
      vertex 118.4 43 0
      vertex 166.4 43 2
      vertex 118.4 43 2
    endloop
  endfacet
  facet normal 0 -1 -0
    outer loop
      vertex 166.4 43 2
      vertex 118.4 43 0
      vertex 166.4 43 0
    endloop
  endfacet
  facet normal 0 1 -0
    outer loop
      vertex 166.4 40 0
      vertex 118.4 40 2
      vertex 166.4 40 2
    endloop
  endfacet
  facet normal 0 1 0
    outer loop
      vertex 118.4 40 2
      vertex 166.4 40 0
      vertex 118.4 40 0
    endloop
  endfacet
  facet normal -1 0 0
    outer loop
      vertex 66 46 0
      vertex 66 49 2
      vertex 66 49 0
    endloop
  endfacet
  facet normal -1 -0 0
    outer loop
      vertex 66 49 2
      vertex 66 46 0
      vertex 66 46 2
    endloop
  endfacet
  facet normal 1 -0 0
    outer loop
      vertex 18 46 2
      vertex 18 49 0
      vertex 18 49 2
    endloop
  endfacet
  facet normal 1 0 0
    outer loop
      vertex 18 49 0
      vertex 18 46 2
      vertex 18 46 0
    endloop
  endfacet
  facet normal 0 -1 0
    outer loop
      vertex 18 49 0
      vertex 66 49 2
      vertex 18 49 2
    endloop
  endfacet
  facet normal 0 -1 -0
    outer loop
      vertex 66 49 2
      vertex 18 49 0
      vertex 66 49 0
    endloop
  endfacet
  facet normal 0 1 -0
    outer loop
      vertex 66 46 0
      vertex 18 46 2
      vertex 66 46 2
    endloop
  endfacet
  facet normal 0 1 0
    outer loop
      vertex 18 46 2
      vertex 66 46 0
      vertex 18 46 0
    endloop
  endfacet
  facet normal -1 0 0
    outer loop
      vertex 166.4 46 0
      vertex 166.4 49 2
      vertex 166.4 49 0
    endloop
  endfacet
  facet normal -1 -0 0
    outer loop
      vertex 166.4 49 2
      vertex 166.4 46 0
      vertex 166.4 46 2
    endloop
  endfacet
  facet normal 1 -0 0
    outer loop
      vertex 118.4 46 2
      vertex 118.4 49 0
      vertex 118.4 49 2
    endloop
  endfacet
  facet normal 1 0 0
    outer loop
      vertex 118.4 49 0
      vertex 118.4 46 2
      vertex 118.4 46 0
    endloop
  endfacet
  facet normal 0 -1 0
    outer loop
      vertex 118.4 49 0
      vertex 166.4 49 2
      vertex 118.4 49 2
    endloop
  endfacet
  facet normal 0 -1 -0
    outer loop
      vertex 166.4 49 2
      vertex 118.4 49 0
      vertex 166.4 49 0
    endloop
  endfacet
  facet normal 0 1 -0
    outer loop
      vertex 166.4 46 0
      vertex 118.4 46 2
      vertex 166.4 46 2
    endloop
  endfacet
  facet normal 0 1 0
    outer loop
      vertex 118.4 46 2
      vertex 166.4 46 0
      vertex 118.4 46 0
    endloop
  endfacet
  facet normal -0.991453 -0.130463 0
    outer loop
      vertex 96.7 221.4 0
      vertex 96.5467 222.565 2
      vertex 96.5467 222.565 0
    endloop
  endfacet
  facet normal -0.991453 -0.130463 0
    outer loop
      vertex 96.5467 222.565 2
      vertex 96.7 221.4 0
      vertex 96.7 221.4 2
    endloop
  endfacet
  facet normal -0.130245 0.991482 0
    outer loop
      vertex 93.3647 217.053 0
      vertex 92.2 216.9 2
      vertex 93.3647 217.053 2
    endloop
  endfacet
  facet normal -0.130245 0.991482 0
    outer loop
      vertex 92.2 216.9 2
      vertex 93.3647 217.053 0
      vertex 92.2 216.9 0
    endloop
  endfacet
  facet normal 0.793373 -0.608735 0
    outer loop
      vertex 88.3029 223.65 2
      vertex 89.018 224.582 0
      vertex 89.018 224.582 2
    endloop
  endfacet
  facet normal 0.793373 -0.608735 0
    outer loop
      vertex 89.018 224.582 0
      vertex 88.3029 223.65 2
      vertex 88.3029 223.65 0
    endloop
  endfacet
  facet normal -0.923826 -0.382813 0
    outer loop
      vertex 96.5467 222.565 0
      vertex 96.0971 223.65 2
      vertex 96.0971 223.65 0
    endloop
  endfacet
  facet normal -0.923826 -0.382813 0
    outer loop
      vertex 96.0971 223.65 2
      vertex 96.5467 222.565 0
      vertex 96.5467 222.565 2
    endloop
  endfacet
  facet normal 0.793373 0.608735 0
    outer loop
      vertex 89.018 218.218 2
      vertex 88.3029 219.15 0
      vertex 88.3029 219.15 2
    endloop
  endfacet
  facet normal 0.793373 0.608735 0
    outer loop
      vertex 88.3029 219.15 0
      vertex 89.018 218.218 2
      vertex 89.018 218.218 0
    endloop
  endfacet
  facet normal -0.793373 0.608735 0
    outer loop
      vertex 95.382 218.218 0
      vertex 96.0971 219.15 2
      vertex 96.0971 219.15 0
    endloop
  endfacet
  facet normal -0.793373 0.608735 0
    outer loop
      vertex 96.0971 219.15 2
      vertex 95.382 218.218 0
      vertex 95.382 218.218 2
    endloop
  endfacet
  facet normal 0.130245 0.991482 -0
    outer loop
      vertex 92.2 216.9 0
      vertex 91.0353 217.053 2
      vertex 92.2 216.9 2
    endloop
  endfacet
  facet normal 0.130245 0.991482 0
    outer loop
      vertex 91.0353 217.053 2
      vertex 92.2 216.9 0
      vertex 91.0353 217.053 0
    endloop
  endfacet
  facet normal 0.608682 -0.793414 0
    outer loop
      vertex 89.018 224.582 0
      vertex 89.95 225.297 2
      vertex 89.018 224.582 2
    endloop
  endfacet
  facet normal 0.608682 -0.793414 0
    outer loop
      vertex 89.95 225.297 2
      vertex 89.018 224.582 0
      vertex 89.95 225.297 0
    endloop
  endfacet
  facet normal -0.608682 0.793414 0
    outer loop
      vertex 95.382 218.218 0
      vertex 94.45 217.503 2
      vertex 95.382 218.218 2
    endloop
  endfacet
  facet normal -0.608682 0.793414 0
    outer loop
      vertex 94.45 217.503 2
      vertex 95.382 218.218 0
      vertex 94.45 217.503 0
    endloop
  endfacet
  facet normal -0.793373 -0.608735 0
    outer loop
      vertex 96.0971 223.65 0
      vertex 95.382 224.582 2
      vertex 95.382 224.582 0
    endloop
  endfacet
  facet normal -0.793373 -0.608735 0
    outer loop
      vertex 95.382 224.582 2
      vertex 96.0971 223.65 0
      vertex 96.0971 223.65 2
    endloop
  endfacet
  facet normal -0.608682 -0.793414 0
    outer loop
      vertex 94.45 225.297 0
      vertex 95.382 224.582 2
      vertex 94.45 225.297 2
    endloop
  endfacet
  facet normal -0.608682 -0.793414 -0
    outer loop
      vertex 95.382 224.582 2
      vertex 94.45 225.297 0
      vertex 95.382 224.582 0
    endloop
  endfacet
  facet normal -0.387232 -0.921982 0
    outer loop
      vertex 94.4 225.318 0
      vertex 94.45 225.297 2
      vertex 94.4 225.318 2
    endloop
  endfacet
  facet normal -0.387232 -0.921982 -0
    outer loop
      vertex 94.45 225.297 2
      vertex 94.4 225.318 0
      vertex 94.45 225.297 0
    endloop
  endfacet
  facet normal 0.608682 0.793414 -0
    outer loop
      vertex 89.95 217.503 0
      vertex 89.018 218.218 2
      vertex 89.95 217.503 2
    endloop
  endfacet
  facet normal 0.608682 0.793414 0
    outer loop
      vertex 89.018 218.218 2
      vertex 89.95 217.503 0
      vertex 89.018 218.218 0
    endloop
  endfacet
  facet normal 0.387232 -0.921982 0
    outer loop
      vertex 89.95 225.297 0
      vertex 90 225.318 2
      vertex 89.95 225.297 2
    endloop
  endfacet
  facet normal 0.387232 -0.921982 0
    outer loop
      vertex 90 225.318 2
      vertex 89.95 225.297 0
      vertex 90 225.318 0
    endloop
  endfacet
  facet normal 0.991453 0.130463 0
    outer loop
      vertex 87.8533 220.235 2
      vertex 87.7 221.4 0
      vertex 87.7 221.4 2
    endloop
  endfacet
  facet normal 0.991453 0.130463 0
    outer loop
      vertex 87.7 221.4 0
      vertex 87.8533 220.235 2
      vertex 87.8533 220.235 0
    endloop
  endfacet
  facet normal 0.991453 -0.130463 0
    outer loop
      vertex 87.7 221.4 2
      vertex 87.8533 222.565 0
      vertex 87.8533 222.565 2
    endloop
  endfacet
  facet normal 0.991453 -0.130463 0
    outer loop
      vertex 87.8533 222.565 0
      vertex 87.7 221.4 2
      vertex 87.7 221.4 0
    endloop
  endfacet
  facet normal 0.923826 -0.382813 0
    outer loop
      vertex 87.8533 222.565 2
      vertex 88.3029 223.65 0
      vertex 88.3029 223.65 2
    endloop
  endfacet
  facet normal 0.923826 -0.382813 0
    outer loop
      vertex 88.3029 223.65 0
      vertex 87.8533 222.565 2
      vertex 87.8533 222.565 0
    endloop
  endfacet
  facet normal -0.383013 0.923743 0
    outer loop
      vertex 94.45 217.503 0
      vertex 93.3647 217.053 2
      vertex 94.45 217.503 2
    endloop
  endfacet
  facet normal -0.383013 0.923743 0
    outer loop
      vertex 93.3647 217.053 2
      vertex 94.45 217.503 0
      vertex 93.3647 217.053 0
    endloop
  endfacet
  facet normal 0.923826 0.382813 0
    outer loop
      vertex 88.3029 219.15 2
      vertex 87.8533 220.235 0
      vertex 87.8533 220.235 2
    endloop
  endfacet
  facet normal 0.923826 0.382813 0
    outer loop
      vertex 87.8533 220.235 0
      vertex 88.3029 219.15 2
      vertex 88.3029 219.15 0
    endloop
  endfacet
  facet normal 0.383013 0.923743 -0
    outer loop
      vertex 91.0353 217.053 0
      vertex 89.95 217.503 2
      vertex 91.0353 217.053 2
    endloop
  endfacet
  facet normal 0.383013 0.923743 0
    outer loop
      vertex 89.95 217.503 2
      vertex 91.0353 217.053 0
      vertex 89.95 217.503 0
    endloop
  endfacet
  facet normal -0.923826 0.382813 0
    outer loop
      vertex 96.0971 219.15 0
      vertex 96.5467 220.235 2
      vertex 96.5467 220.235 0
    endloop
  endfacet
  facet normal -0.923826 0.382813 0
    outer loop
      vertex 96.5467 220.235 2
      vertex 96.0971 219.15 0
      vertex 96.0971 219.15 2
    endloop
  endfacet
  facet normal -0.991453 0.130463 0
    outer loop
      vertex 96.5467 220.235 0
      vertex 96.7 221.4 2
      vertex 96.7 221.4 0
    endloop
  endfacet
  facet normal -0.991453 0.130463 0
    outer loop
      vertex 96.7 221.4 2
      vertex 96.5467 220.235 0
      vertex 96.5467 220.235 2
    endloop
  endfacet
  facet normal -1 0 0
    outer loop
      vertex 94.4 225.318 0
      vertex 94.4 230.4 2
      vertex 94.4 230.4 0
    endloop
  endfacet
  facet normal -1 -0 0
    outer loop
      vertex 94.4 230.4 2
      vertex 94.4 225.318 0
      vertex 94.4 225.318 2
    endloop
  endfacet
  facet normal 1 -0 0
    outer loop
      vertex 90 225.318 2
      vertex 90 230.4 0
      vertex 90 230.4 2
    endloop
  endfacet
  facet normal 1 0 0
    outer loop
      vertex 90 230.4 0
      vertex 90 225.318 2
      vertex 90 225.318 0
    endloop
  endfacet
  facet normal 0 -1 0
    outer loop
      vertex 90 230.4 0
      vertex 94.4 230.4 2
      vertex 90 230.4 2
    endloop
  endfacet
  facet normal 0 -1 -0
    outer loop
      vertex 94.4 230.4 2
      vertex 90 230.4 0
      vertex 94.4 230.4 0
    endloop
  endfacet
  facet normal 1 -0 0
    outer loop
      vertex 184.4 0 2
      vertex 184.4 236.4 0
      vertex 184.4 236.4 2
    endloop
  endfacet
  facet normal 1 0 0
    outer loop
      vertex 184.4 236.4 0
      vertex 184.4 0 2
      vertex 184.4 0 0
    endloop
  endfacet
  facet normal 0 0 1
    outer loop
      vertex 18 208.4 2
      vertex 3 231.214 2
      vertex 18 205.4 2
    endloop
  endfacet
  facet normal 0 0 1
    outer loop
      vertex 18 49 2
      vertex 5.34548 4.21411 2
      vertex 5.4 3.8 2
    endloop
  endfacet
  facet normal 0 0 1
    outer loop
      vertex 18 205.4 2
      vertex 3 231.214 2
      vertex 18 202.4 2
    endloop
  endfacet
  facet normal 0 0 1
    outer loop
      vertex 18 49 2
      vertex 5.18564 4.6 2
      vertex 5.34548 4.21411 2
    endloop
  endfacet
  facet normal 0 0 1
    outer loop
      vertex 18 202.4 2
      vertex 3 231.214 2
      vertex 18 199.4 2
    endloop
  endfacet
  facet normal 0 0 1
    outer loop
      vertex 18 49 2
      vertex 4.93137 4.93137 2
      vertex 5.18564 4.6 2
    endloop
  endfacet
  facet normal 0 0 1
    outer loop
      vertex 2.66863 231.469 2
      vertex 18 199.4 2
      vertex 3 231.214 2
    endloop
  endfacet
  facet normal 0 0 1
    outer loop
      vertex 18 49 2
      vertex 4.6 5.18564 2
      vertex 4.93137 4.93137 2
    endloop
  endfacet
  facet normal 0 0 1
    outer loop
      vertex 18 199.4 2
      vertex 2.66863 231.469 2
      vertex 18 196.4 2
    endloop
  endfacet
  facet normal 0 0 1
    outer loop
      vertex 18 49 2
      vertex 4.21411 5.34548 2
      vertex 4.6 5.18564 2
    endloop
  endfacet
  facet normal 0 0 1
    outer loop
      vertex 18 196.4 2
      vertex 2.66863 231.469 2
      vertex 18 193.4 2
    endloop
  endfacet
  facet normal 0 0 1
    outer loop
      vertex 18 49 2
      vertex 3.8 5.4 2
      vertex 4.21411 5.34548 2
    endloop
  endfacet
  facet normal 0 0 1
    outer loop
      vertex 18 193.4 2
      vertex 2.66863 231.469 2
      vertex 18 190.4 2
    endloop
  endfacet
  facet normal 0 0 1
    outer loop
      vertex 18 49 2
      vertex 3.38589 5.34548 2
      vertex 3.8 5.4 2
    endloop
  endfacet
  facet normal 0 0 1
    outer loop
      vertex 2.41436 231.8 2
      vertex 18 190.4 2
      vertex 2.66863 231.469 2
    endloop
  endfacet
  facet normal 0 0 1
    outer loop
      vertex 18 49 2
      vertex 3 5.18564 2
      vertex 3.38589 5.34548 2
    endloop
  endfacet
  facet normal 0 0 1
    outer loop
      vertex 0 236.4 2
      vertex 18 190.4 2
      vertex 2.41436 231.8 2
    endloop
  endfacet
  facet normal 0 0 1
    outer loop
      vertex 18 49 2
      vertex 2.66863 4.93137 2
      vertex 3 5.18564 2
    endloop
  endfacet
  facet normal 0 0 1
    outer loop
      vertex 18 190.4 2
      vertex 0 236.4 2
      vertex 18 49 2
    endloop
  endfacet
  facet normal 0 0 1
    outer loop
      vertex 18 49 2
      vertex 2.41436 4.6 2
      vertex 2.66863 4.93137 2
    endloop
  endfacet
  facet normal 0 0 1
    outer loop
      vertex 0 236.4 2
      vertex 2.41436 231.8 2
      vertex 2.25452 232.186 2
    endloop
  endfacet
  facet normal 0 0 1
    outer loop
      vertex 0 0 2
      vertex 18 49 2
      vertex 0 236.4 2
    endloop
  endfacet
  facet normal 0 0 1
    outer loop
      vertex 0 236.4 2
      vertex 2.25452 232.186 2
      vertex 2.2 232.6 2
    endloop
  endfacet
  facet normal 0 0 1
    outer loop
      vertex 18 49 2
      vertex 0 0 2
      vertex 2.41436 4.6 2
    endloop
  endfacet
  facet normal -0 0 1
    outer loop
      vertex 18 28 2
      vertex 66 25 2
      vertex 66 28 2
    endloop
  endfacet
  facet normal 0 0 1
    outer loop
      vertex 66 25 2
      vertex 18 28 2
      vertex 18 25 2
    endloop
  endfacet
  facet normal -0 0 1
    outer loop
      vertex 18 34 2
      vertex 66 31 2
      vertex 66 34 2
    endloop
  endfacet
  facet normal 0 0 1
    outer loop
      vertex 66 31 2
      vertex 18 34 2
      vertex 18 31 2
    endloop
  endfacet
  facet normal -0 0 1
    outer loop
      vertex 18 40 2
      vertex 66 37 2
      vertex 66 40 2
    endloop
  endfacet
  facet normal 0 0 1
    outer loop
      vertex 66 37 2
      vertex 18 40 2
      vertex 18 37 2
    endloop
  endfacet
  facet normal -0 0 1
    outer loop
      vertex 18 46 2
      vertex 66 43 2
      vertex 66 46 2
    endloop
  endfacet
  facet normal 0 0 1
    outer loop
      vertex 66 43 2
      vertex 18 46 2
      vertex 18 43 2
    endloop
  endfacet
  facet normal -0 0 1
    outer loop
      vertex 18 190.4 2
      vertex 66 49 2
      vertex 66 190.4 2
    endloop
  endfacet
  facet normal 0 0 1
    outer loop
      vertex 66 49 2
      vertex 18 190.4 2
      vertex 18 49 2
    endloop
  endfacet
  facet normal -0 0 1
    outer loop
      vertex 18 196.4 2
      vertex 66 193.4 2
      vertex 66 196.4 2
    endloop
  endfacet
  facet normal 0 0 1
    outer loop
      vertex 66 193.4 2
      vertex 18 196.4 2
      vertex 18 193.4 2
    endloop
  endfacet
  facet normal -0 0 1
    outer loop
      vertex 18 202.4 2
      vertex 66 199.4 2
      vertex 66 202.4 2
    endloop
  endfacet
  facet normal 0 0 1
    outer loop
      vertex 66 199.4 2
      vertex 18 202.4 2
      vertex 18 199.4 2
    endloop
  endfacet
  facet normal -0 0 1
    outer loop
      vertex 18 208.4 2
      vertex 66 205.4 2
      vertex 66 208.4 2
    endloop
  endfacet
  facet normal 0 0 1
    outer loop
      vertex 66 205.4 2
      vertex 18 208.4 2
      vertex 18 205.4 2
    endloop
  endfacet
  facet normal -0 0 1
    outer loop
      vertex 18 214.4 2
      vertex 66 211.4 2
      vertex 66 214.4 2
    endloop
  endfacet
  facet normal 0 0 1
    outer loop
      vertex 66 211.4 2
      vertex 18 214.4 2
      vertex 18 211.4 2
    endloop
  endfacet
  facet normal -0 0 1
    outer loop
      vertex 118.4 28 2
      vertex 166.4 25 2
      vertex 166.4 28 2
    endloop
  endfacet
  facet normal 0 0 1
    outer loop
      vertex 166.4 25 2
      vertex 118.4 28 2
      vertex 118.4 25 2
    endloop
  endfacet
  facet normal -0 0 1
    outer loop
      vertex 118.4 34 2
      vertex 166.4 31 2
      vertex 166.4 34 2
    endloop
  endfacet
  facet normal 0 0 1
    outer loop
      vertex 166.4 31 2
      vertex 118.4 34 2
      vertex 118.4 31 2
    endloop
  endfacet
  facet normal -0 0 1
    outer loop
      vertex 118.4 40 2
      vertex 166.4 37 2
      vertex 166.4 40 2
    endloop
  endfacet
  facet normal 0 0 1
    outer loop
      vertex 166.4 37 2
      vertex 118.4 40 2
      vertex 118.4 37 2
    endloop
  endfacet
  facet normal -0 0 1
    outer loop
      vertex 118.4 46 2
      vertex 166.4 43 2
      vertex 166.4 46 2
    endloop
  endfacet
  facet normal 0 0 1
    outer loop
      vertex 166.4 43 2
      vertex 118.4 46 2
      vertex 118.4 43 2
    endloop
  endfacet
  facet normal -0 0 1
    outer loop
      vertex 118.4 190.4 2
      vertex 166.4 49 2
      vertex 166.4 190.4 2
    endloop
  endfacet
  facet normal 0 0 1
    outer loop
      vertex 166.4 49 2
      vertex 118.4 190.4 2
      vertex 118.4 49 2
    endloop
  endfacet
  facet normal -0 0 1
    outer loop
      vertex 118.4 196.4 2
      vertex 166.4 193.4 2
      vertex 166.4 196.4 2
    endloop
  endfacet
  facet normal 0 0 1
    outer loop
      vertex 166.4 193.4 2
      vertex 118.4 196.4 2
      vertex 118.4 193.4 2
    endloop
  endfacet
  facet normal -0 0 1
    outer loop
      vertex 118.4 202.4 2
      vertex 166.4 199.4 2
      vertex 166.4 202.4 2
    endloop
  endfacet
  facet normal 0 0 1
    outer loop
      vertex 166.4 199.4 2
      vertex 118.4 202.4 2
      vertex 118.4 199.4 2
    endloop
  endfacet
  facet normal -0 0 1
    outer loop
      vertex 118.4 208.4 2
      vertex 166.4 205.4 2
      vertex 166.4 208.4 2
    endloop
  endfacet
  facet normal 0 0 1
    outer loop
      vertex 166.4 205.4 2
      vertex 118.4 208.4 2
      vertex 118.4 205.4 2
    endloop
  endfacet
  facet normal -0 0 1
    outer loop
      vertex 118.4 214.4 2
      vertex 166.4 211.4 2
      vertex 166.4 214.4 2
    endloop
  endfacet
  facet normal 0 0 1
    outer loop
      vertex 166.4 211.4 2
      vertex 118.4 214.4 2
      vertex 118.4 211.4 2
    endloop
  endfacet
  facet normal 0 0 1
    outer loop
      vertex 166.4 190.4 2
      vertex 184.4 236.4 2
      vertex 181.986 231.8 2
    endloop
  endfacet
  facet normal 0 0 1
    outer loop
      vertex 184.4 0 2
      vertex 182.145 4.21411 2
      vertex 182.2 3.8 2
    endloop
  endfacet
  facet normal 0 0 1
    outer loop
      vertex 184.4 236.4 2
      vertex 166.4 49 2
      vertex 184.4 0 2
    endloop
  endfacet
  facet normal 0 0 1
    outer loop
      vertex 184.4 0 2
      vertex 181.986 4.6 2
      vertex 182.145 4.21411 2
    endloop
  endfacet
  facet normal 0 0 1
    outer loop
      vertex 166.4 190.4 2
      vertex 181.986 231.8 2
      vertex 181.731 231.469 2
    endloop
  endfacet
  facet normal 0 0 1
    outer loop
      vertex 184.4 0 2
      vertex 166.4 49 2
      vertex 181.986 4.6 2
    endloop
  endfacet
  facet normal 0 0 1
    outer loop
      vertex 166.4 199.4 2
      vertex 181.731 231.469 2
      vertex 181.4 231.214 2
    endloop
  endfacet
  facet normal 0 0 1
    outer loop
      vertex 181.986 4.6 2
      vertex 166.4 49 2
      vertex 181.731 4.93137 2
    endloop
  endfacet
  facet normal 0 0 1
    outer loop
      vertex 166.4 208.4 2
      vertex 181.4 231.214 2
      vertex 181.014 231.055 2
    endloop
  endfacet
  facet normal -0 0 1
    outer loop
      vertex 166.4 46 2
      vertex 181.731 4.93137 2
      vertex 166.4 49 2
    endloop
  endfacet
  facet normal 0 0 1
    outer loop
      vertex 166.4 214.4 2
      vertex 181.014 231.055 2
      vertex 180.6 231 2
    endloop
  endfacet
  facet normal -0 0 1
    outer loop
      vertex 166.4 43 2
      vertex 181.731 4.93137 2
      vertex 166.4 46 2
    endloop
  endfacet
  facet normal 0 0 1
    outer loop
      vertex 166.4 217.4 2
      vertex 180.6 231 2
      vertex 180.186 231.055 2
    endloop
  endfacet
  facet normal -0 0 1
    outer loop
      vertex 166.4 40 2
      vertex 181.731 4.93137 2
      vertex 166.4 43 2
    endloop
  endfacet
  facet normal 0 0 1
    outer loop
      vertex 166.4 217.4 2
      vertex 180.186 231.055 2
      vertex 179.8 231.214 2
    endloop
  endfacet
  facet normal -0 0 1
    outer loop
      vertex 166.4 37 2
      vertex 181.731 4.93137 2
      vertex 166.4 40 2
    endloop
  endfacet
  facet normal 0 0 1
    outer loop
      vertex 166.4 217.4 2
      vertex 179.8 231.214 2
      vertex 179.469 231.469 2
    endloop
  endfacet
  facet normal 0 0 1
    outer loop
      vertex 181.731 4.93137 2
      vertex 166.4 37 2
      vertex 181.4 5.18564 2
    endloop
  endfacet
  facet normal 0 0 1
    outer loop
      vertex 166.4 217.4 2
      vertex 179.469 231.469 2
      vertex 179.214 231.8 2
    endloop
  endfacet
  facet normal -0 0 1
    outer loop
      vertex 166.4 34 2
      vertex 181.4 5.18564 2
      vertex 166.4 37 2
    endloop
  endfacet
  facet normal 0 0 1
    outer loop
      vertex 166.4 217.4 2
      vertex 179.214 231.8 2
      vertex 179.055 232.186 2
    endloop
  endfacet
  facet normal -0 0 1
    outer loop
      vertex 166.4 31 2
      vertex 181.4 5.18564 2
      vertex 166.4 34 2
    endloop
  endfacet
  facet normal 0 0 1
    outer loop
      vertex 166.4 217.4 2
      vertex 179.055 232.186 2
      vertex 179 232.6 2
    endloop
  endfacet
  facet normal -0 0 1
    outer loop
      vertex 166.4 28 2
      vertex 181.4 5.18564 2
      vertex 166.4 31 2
    endloop
  endfacet
  facet normal 0 0 1
    outer loop
      vertex 182.145 232.186 2
      vertex 184.4 236.4 2
      vertex 182.2 232.6 2
    endloop
  endfacet
  facet normal 0 0 1
    outer loop
      vertex 184.4 236.4 2
      vertex 182.145 233.014 2
      vertex 182.2 232.6 2
    endloop
  endfacet
  facet normal 0 0 1
    outer loop
      vertex 184.4 236.4 2
      vertex 181.986 233.4 2
      vertex 182.145 233.014 2
    endloop
  endfacet
  facet normal 0 0 1
    outer loop
      vertex 184.4 236.4 2
      vertex 181.731 233.731 2
      vertex 181.986 233.4 2
    endloop
  endfacet
  facet normal 0 0 1
    outer loop
      vertex 184.4 236.4 2
      vertex 181.4 233.986 2
      vertex 181.731 233.731 2
    endloop
  endfacet
  facet normal 0 0 1
    outer loop
      vertex 184.4 236.4 2
      vertex 181.014 234.145 2
      vertex 181.4 233.986 2
    endloop
  endfacet
  facet normal 0 0 1
    outer loop
      vertex 184.4 236.4 2
      vertex 180.6 234.2 2
      vertex 181.014 234.145 2
    endloop
  endfacet
  facet normal 0 0 1
    outer loop
      vertex 184.4 236.4 2
      vertex 180.186 234.145 2
      vertex 180.6 234.2 2
    endloop
  endfacet
  facet normal 0 0 1
    outer loop
      vertex 184.4 236.4 2
      vertex 179.8 233.986 2
      vertex 180.186 234.145 2
    endloop
  endfacet
  facet normal 0 0 1
    outer loop
      vertex 180.6 231 2
      vertex 166.4 217.4 2
      vertex 166.4 214.4 2
    endloop
  endfacet
  facet normal 0 0 1
    outer loop
      vertex 179.055 233.014 2
      vertex 166.4 217.4 2
      vertex 179 232.6 2
    endloop
  endfacet
  facet normal 0 0 1
    outer loop
      vertex 179.214 233.4 2
      vertex 166.4 217.4 2
      vertex 179.055 233.014 2
    endloop
  endfacet
  facet normal 0 0 1
    outer loop
      vertex 118.4 217.4 2
      vertex 179.214 233.4 2
      vertex 179.469 233.731 2
    endloop
  endfacet
  facet normal 0 0 1
    outer loop
      vertex 179.214 233.4 2
      vertex 118.4 217.4 2
      vertex 166.4 217.4 2
    endloop
  endfacet
  facet normal 0 0 1
    outer loop
      vertex 94.4 230.4 2
      vertex 179.469 233.731 2
      vertex 179.8 233.986 2
    endloop
  endfacet
  facet normal 0 0 1
    outer loop
      vertex 94.4 230.4 2
      vertex 179.8 233.986 2
      vertex 184.4 236.4 2
    endloop
  endfacet
  facet normal 0 0 1
    outer loop
      vertex 96.5467 220.235 2
      vertex 118.4 214.4 2
      vertex 118.4 217.4 2
    endloop
  endfacet
  facet normal 0 0 1
    outer loop
      vertex 118.4 214.4 2
      vertex 96.0971 219.15 2
      vertex 118.4 211.4 2
    endloop
  endfacet
  facet normal -0 0 1
    outer loop
      vertex 95.382 218.218 2
      vertex 118.4 211.4 2
      vertex 96.0971 219.15 2
    endloop
  endfacet
  facet normal 0 0 1
    outer loop
      vertex 118.4 211.4 2
      vertex 95.382 218.218 2
      vertex 118.4 208.4 2
    endloop
  endfacet
  facet normal -0 0 1
    outer loop
      vertex 94.45 217.503 2
      vertex 118.4 205.4 2
      vertex 95.382 218.218 2
    endloop
  endfacet
  facet normal 0 0 1
    outer loop
      vertex 118.4 205.4 2
      vertex 94.45 217.503 2
      vertex 118.4 202.4 2
    endloop
  endfacet
  facet normal 0 0 1
    outer loop
      vertex 118.4 202.4 2
      vertex 94.45 217.503 2
      vertex 118.4 199.4 2
    endloop
  endfacet
  facet normal -0 0 1
    outer loop
      vertex 93.3647 217.053 2
      vertex 118.4 199.4 2
      vertex 94.45 217.503 2
    endloop
  endfacet
  facet normal 0 0 1
    outer loop
      vertex 118.4 199.4 2
      vertex 93.3647 217.053 2
      vertex 118.4 196.4 2
    endloop
  endfacet
  facet normal 0 0 1
    outer loop
      vertex 118.4 193.4 2
      vertex 92.2 216.9 2
      vertex 118.4 190.4 2
    endloop
  endfacet
  facet normal 0 0 1
    outer loop
      vertex 91.0353 217.053 2
      vertex 118.4 190.4 2
      vertex 92.2 216.9 2
    endloop
  endfacet
  facet normal 0 0 1
    outer loop
      vertex 89.95 217.503 2
      vertex 118.4 190.4 2
      vertex 91.0353 217.053 2
    endloop
  endfacet
  facet normal 0 0 1
    outer loop
      vertex 118.4 190.4 2
      vertex 89.95 217.503 2
      vertex 118.4 49 2
    endloop
  endfacet
  facet normal 0 0 1
    outer loop
      vertex 86.7402 16.6792 2
      vertex 118.4 49 2
      vertex 89.95 217.503 2
    endloop
  endfacet
  facet normal 0 -0 1
    outer loop
      vertex 87.2842 16.8443 2
      vertex 118.4 49 2
      vertex 86.7402 16.6792 2
    endloop
  endfacet
  facet normal 0 -0 1
    outer loop
      vertex 87.85 16.9 2
      vertex 118.4 49 2
      vertex 87.2842 16.8443 2
    endloop
  endfacet
  facet normal 0 0 1
    outer loop
      vertex 118.4 49 2
      vertex 87.85 16.9 2
      vertex 118.4 46 2
    endloop
  endfacet
  facet normal 0 -0 1
    outer loop
      vertex 96.55 16.9 2
      vertex 118.4 43 2
      vertex 87.85 16.9 2
    endloop
  endfacet
  facet normal 0 0 1
    outer loop
      vertex 118.4 40 2
      vertex 96.55 16.9 2
      vertex 118.4 37 2
    endloop
  endfacet
  facet normal 0 0 1
    outer loop
      vertex 118.4 22 2
      vertex 99.3943 14.5658 2
      vertex 99.45 14 2
    endloop
  endfacet
  facet normal 0 0 1
    outer loop
      vertex 118.4 22 2
      vertex 99.2292 15.1098 2
      vertex 99.3943 14.5658 2
    endloop
  endfacet
  facet normal 0 0 1
    outer loop
      vertex 118.4 22 2
      vertex 98.9613 15.6112 2
      vertex 99.2292 15.1098 2
    endloop
  endfacet
  facet normal 0 0 1
    outer loop
      vertex 118.4 22 2
      vertex 98.6006 16.0506 2
      vertex 98.9613 15.6112 2
    endloop
  endfacet
  facet normal 0 0 1
    outer loop
      vertex 118.4 25 2
      vertex 98.6006 16.0506 2
      vertex 118.4 22 2
    endloop
  endfacet
  facet normal 0 -0 1
    outer loop
      vertex 98.6006 16.0506 2
      vertex 118.4 25 2
      vertex 98.1612 16.4113 2
    endloop
  endfacet
  facet normal 0 0 1
    outer loop
      vertex 118.4 28 2
      vertex 98.1612 16.4113 2
      vertex 118.4 25 2
    endloop
  endfacet
  facet normal -0 0 1
    outer loop
      vertex 96.5467 220.235 2
      vertex 118.4 217.4 2
      vertex 96.7 221.4 2
    endloop
  endfacet
  facet normal 0 0 1
    outer loop
      vertex 179.469 233.731 2
      vertex 94.4 230.4 2
      vertex 118.4 217.4 2
    endloop
  endfacet
  facet normal 0 0 1
    outer loop
      vertex 118.4 217.4 2
      vertex 96.5467 222.565 2
      vertex 96.7 221.4 2
    endloop
  endfacet
  facet normal -0 -0 1
    outer loop
      vertex 96.0971 223.65 2
      vertex 118.4 217.4 2
      vertex 94.4 230.4 2
    endloop
  endfacet
  facet normal 0 0 1
    outer loop
      vertex 118.4 217.4 2
      vertex 96.0971 223.65 2
      vertex 96.5467 222.565 2
    endloop
  endfacet
  facet normal 0 0 1
    outer loop
      vertex 96.0971 223.65 2
      vertex 94.4 230.4 2
      vertex 95.382 224.582 2
    endloop
  endfacet
  facet normal 0 0 1
    outer loop
      vertex 95.382 224.582 2
      vertex 94.4 230.4 2
      vertex 94.45 225.297 2
    endloop
  endfacet
  facet normal 0 0 1
    outer loop
      vertex 184.4 236.4 2
      vertex 90 230.4 2
      vertex 94.4 230.4 2
    endloop
  endfacet
  facet normal 0 0 1
    outer loop
      vertex 90 230.4 2
      vertex 89.95 225.297 2
      vertex 90 225.318 2
    endloop
  endfacet
  facet normal 0 0 1
    outer loop
      vertex 90 230.4 2
      vertex 89.018 224.582 2
      vertex 89.95 225.297 2
    endloop
  endfacet
  facet normal 0 0 1
    outer loop
      vertex 90 230.4 2
      vertex 88.3029 223.65 2
      vertex 89.018 224.582 2
    endloop
  endfacet
  facet normal 0 0 1
    outer loop
      vertex 66 217.4 2
      vertex 88.3029 223.65 2
      vertex 90 230.4 2
    endloop
  endfacet
  facet normal 0 0 1
    outer loop
      vertex 118.4 43 2
      vertex 96.55 16.9 2
      vertex 118.4 40 2
    endloop
  endfacet
  facet normal 0 0 1
    outer loop
      vertex 87.8533 220.235 2
      vertex 66 49 2
      vertex 86.7402 16.6792 2
    endloop
  endfacet
  facet normal -0 0 1
    outer loop
      vertex 66 46 2
      vertex 86.7402 16.6792 2
      vertex 66 49 2
    endloop
  endfacet
  facet normal -0 0 1
    outer loop
      vertex 66 43 2
      vertex 86.7402 16.6792 2
      vertex 66 46 2
    endloop
  endfacet
  facet normal -0 0 1
    outer loop
      vertex 66 40 2
      vertex 86.7402 16.6792 2
      vertex 66 43 2
    endloop
  endfacet
  facet normal -0 0 1
    outer loop
      vertex 66 37 2
      vertex 86.7402 16.6792 2
      vertex 66 40 2
    endloop
  endfacet
  facet normal -0 0 1
    outer loop
      vertex 66 34 2
      vertex 86.7402 16.6792 2
      vertex 66 37 2
    endloop
  endfacet
  facet normal 0 0 1
    outer loop
      vertex 87.8533 220.235 2
      vertex 66 217.4 2
      vertex 66 214.4 2
    endloop
  endfacet
  facet normal 0 0 1
    outer loop
      vertex 87.8533 222.565 2
      vertex 66 217.4 2
      vertex 87.7 221.4 2
    endloop
  endfacet
  facet normal 0 0 1
    outer loop
      vertex 88.3029 223.65 2
      vertex 66 217.4 2
      vertex 87.8533 222.565 2
    endloop
  endfacet
  facet normal 0 0 1
    outer loop
      vertex 4.93137 233.731 2
      vertex 66 217.4 2
      vertex 90 230.4 2
    endloop
  endfacet
  facet normal -0 0 1
    outer loop
      vertex 5.34548 232.186 2
      vertex 18 217.4 2
      vertex 5.4 232.6 2
    endloop
  endfacet
  facet normal -0 0 1
    outer loop
      vertex 5.18564 231.8 2
      vertex 18 217.4 2
      vertex 5.34548 232.186 2
    endloop
  endfacet
  facet normal -0 0 1
    outer loop
      vertex 4.93137 231.469 2
      vertex 18 217.4 2
      vertex 5.18564 231.8 2
    endloop
  endfacet
  facet normal -0 0 1
    outer loop
      vertex 4.6 231.214 2
      vertex 18 217.4 2
      vertex 4.93137 231.469 2
    endloop
  endfacet
  facet normal -0 0 1
    outer loop
      vertex 4.21411 231.055 2
      vertex 18 217.4 2
      vertex 4.6 231.214 2
    endloop
  endfacet
  facet normal -0 0 1
    outer loop
      vertex 3.8 231 2
      vertex 18 217.4 2
      vertex 4.21411 231.055 2
    endloop
  endfacet
  facet normal 0 0 1
    outer loop
      vertex 18 217.4 2
      vertex 3.8 231 2
      vertex 18 214.4 2
    endloop
  endfacet
  facet normal 0 0 1
    outer loop
      vertex 3.38589 231.055 2
      vertex 18 214.4 2
      vertex 3.8 231 2
    endloop
  endfacet
  facet normal 0 0 1
    outer loop
      vertex 18 214.4 2
      vertex 3.38589 231.055 2
      vertex 18 211.4 2
    endloop
  endfacet
  facet normal 0 0 1
    outer loop
      vertex 18 211.4 2
      vertex 3.38589 231.055 2
      vertex 18 208.4 2
    endloop
  endfacet
  facet normal 0 0 1
    outer loop
      vertex 3 231.214 2
      vertex 18 208.4 2
      vertex 3.38589 231.055 2
    endloop
  endfacet
  facet normal 0 0 1
    outer loop
      vertex 18 49 2
      vertex 5.4 3.8 2
      vertex 18 46 2
    endloop
  endfacet
  facet normal 0 0 1
    outer loop
      vertex 18 46 2
      vertex 5.4 3.8 2
      vertex 18 43 2
    endloop
  endfacet
  facet normal 0 0 1
    outer loop
      vertex 18 43 2
      vertex 5.4 3.8 2
      vertex 18 40 2
    endloop
  endfacet
  facet normal 0 0 1
    outer loop
      vertex 18 40 2
      vertex 5.4 3.8 2
      vertex 18 37 2
    endloop
  endfacet
  facet normal 0 0 1
    outer loop
      vertex 18 37 2
      vertex 5.4 3.8 2
      vertex 18 34 2
    endloop
  endfacet
  facet normal 0 0 1
    outer loop
      vertex 18 34 2
      vertex 5.4 3.8 2
      vertex 18 31 2
    endloop
  endfacet
  facet normal 0 0 1
    outer loop
      vertex 18 31 2
      vertex 5.4 3.8 2
      vertex 18 28 2
    endloop
  endfacet
  facet normal 0 0 1
    outer loop
      vertex 18 28 2
      vertex 5.4 3.8 2
      vertex 18 25 2
    endloop
  endfacet
  facet normal 0 0 1
    outer loop
      vertex 66 217.4 2
      vertex 5.18564 233.4 2
      vertex 18 217.4 2
    endloop
  endfacet
  facet normal -0 0 1
    outer loop
      vertex 0 236.4 2
      vertex 90 230.4 2
      vertex 184.4 236.4 2
    endloop
  endfacet
  facet normal 0 0 1
    outer loop
      vertex 18 217.4 2
      vertex 5.34548 233.014 2
      vertex 5.4 232.6 2
    endloop
  endfacet
  facet normal 0 0 1
    outer loop
      vertex 18 217.4 2
      vertex 5.18564 233.4 2
      vertex 5.34548 233.014 2
    endloop
  endfacet
  facet normal 0 0 1
    outer loop
      vertex 66 217.4 2
      vertex 4.93137 233.731 2
      vertex 5.18564 233.4 2
    endloop
  endfacet
  facet normal 0 0 1
    outer loop
      vertex 90 230.4 2
      vertex 4.6 233.986 2
      vertex 4.93137 233.731 2
    endloop
  endfacet
  facet normal 0 0 1
    outer loop
      vertex 90 230.4 2
      vertex 0 236.4 2
      vertex 4.6 233.986 2
    endloop
  endfacet
  facet normal 0 0 1
    outer loop
      vertex 4.6 233.986 2
      vertex 0 236.4 2
      vertex 4.21411 234.145 2
    endloop
  endfacet
  facet normal 0 0 1
    outer loop
      vertex 2.41436 4.6 2
      vertex 0 0 2
      vertex 2.25452 4.21411 2
    endloop
  endfacet
  facet normal 0 0 1
    outer loop
      vertex 2.25452 233.014 2
      vertex 0 236.4 2
      vertex 2.2 232.6 2
    endloop
  endfacet
  facet normal 0 0 1
    outer loop
      vertex 2.41436 233.4 2
      vertex 0 236.4 2
      vertex 2.25452 233.014 2
    endloop
  endfacet
  facet normal 0 0 1
    outer loop
      vertex 2.66863 233.731 2
      vertex 0 236.4 2
      vertex 2.41436 233.4 2
    endloop
  endfacet
  facet normal 0 0 1
    outer loop
      vertex 3 233.986 2
      vertex 0 236.4 2
      vertex 2.66863 233.731 2
    endloop
  endfacet
  facet normal 0 0 1
    outer loop
      vertex 3.38589 234.145 2
      vertex 0 236.4 2
      vertex 3 233.986 2
    endloop
  endfacet
  facet normal 0 0 1
    outer loop
      vertex 3.8 234.2 2
      vertex 0 236.4 2
      vertex 3.38589 234.145 2
    endloop
  endfacet
  facet normal 0 0 1
    outer loop
      vertex 4.21411 234.145 2
      vertex 0 236.4 2
      vertex 3.8 234.2 2
    endloop
  endfacet
  facet normal 0 0 1
    outer loop
      vertex 181.986 231.8 2
      vertex 184.4 236.4 2
      vertex 182.145 232.186 2
    endloop
  endfacet
  facet normal -0 0 1
    outer loop
      vertex 182.145 3.38589 2
      vertex 184.4 0 2
      vertex 182.2 3.8 2
    endloop
  endfacet
  facet normal -0 0 1
    outer loop
      vertex 181.986 3 2
      vertex 184.4 0 2
      vertex 182.145 3.38589 2
    endloop
  endfacet
  facet normal -0 0 1
    outer loop
      vertex 181.731 2.66863 2
      vertex 184.4 0 2
      vertex 181.986 3 2
    endloop
  endfacet
  facet normal -0 0 1
    outer loop
      vertex 181.4 2.41436 2
      vertex 184.4 0 2
      vertex 181.731 2.66863 2
    endloop
  endfacet
  facet normal -0 0 1
    outer loop
      vertex 181.014 2.25452 2
      vertex 184.4 0 2
      vertex 181.4 2.41436 2
    endloop
  endfacet
  facet normal -0 0 1
    outer loop
      vertex 180.6 2.2 2
      vertex 184.4 0 2
      vertex 181.014 2.25452 2
    endloop
  endfacet
  facet normal 0 0 1
    outer loop
      vertex 180.186 2.25452 2
      vertex 184.4 0 2
      vertex 180.6 2.2 2
    endloop
  endfacet
  facet normal 0 0 1
    outer loop
      vertex 179.8 2.41436 2
      vertex 184.4 0 2
      vertex 180.186 2.25452 2
    endloop
  endfacet
  facet normal 0 0 1
    outer loop
      vertex 181.014 231.055 2
      vertex 166.4 214.4 2
      vertex 166.4 211.4 2
    endloop
  endfacet
  facet normal 0 0 1
    outer loop
      vertex 181.014 231.055 2
      vertex 166.4 211.4 2
      vertex 166.4 208.4 2
    endloop
  endfacet
  facet normal 0 0 1
    outer loop
      vertex 181.4 231.214 2
      vertex 166.4 208.4 2
      vertex 166.4 205.4 2
    endloop
  endfacet
  facet normal 0 0 1
    outer loop
      vertex 181.4 231.214 2
      vertex 166.4 205.4 2
      vertex 166.4 202.4 2
    endloop
  endfacet
  facet normal 0 0 1
    outer loop
      vertex 181.4 231.214 2
      vertex 166.4 202.4 2
      vertex 166.4 199.4 2
    endloop
  endfacet
  facet normal 0 0 1
    outer loop
      vertex 181.731 231.469 2
      vertex 166.4 199.4 2
      vertex 166.4 196.4 2
    endloop
  endfacet
  facet normal 0 0 1
    outer loop
      vertex 181.731 231.469 2
      vertex 166.4 196.4 2
      vertex 166.4 193.4 2
    endloop
  endfacet
  facet normal 0 0 1
    outer loop
      vertex 181.731 231.469 2
      vertex 166.4 193.4 2
      vertex 166.4 190.4 2
    endloop
  endfacet
  facet normal 0 0 1
    outer loop
      vertex 184.4 236.4 2
      vertex 166.4 190.4 2
      vertex 166.4 49 2
    endloop
  endfacet
  facet normal 0 0 1
    outer loop
      vertex 181.4 5.18564 2
      vertex 166.4 28 2
      vertex 181.014 5.34548 2
    endloop
  endfacet
  facet normal -0 0 1
    outer loop
      vertex 166.4 25 2
      vertex 181.014 5.34548 2
      vertex 166.4 28 2
    endloop
  endfacet
  facet normal -0 0 1
    outer loop
      vertex 166.4 22 2
      vertex 181.014 5.34548 2
      vertex 166.4 25 2
    endloop
  endfacet
  facet normal 0 0 1
    outer loop
      vertex 181.014 5.34548 2
      vertex 166.4 22 2
      vertex 180.6 5.4 2
    endloop
  endfacet
  facet normal 0 0 1
    outer loop
      vertex 180.6 5.4 2
      vertex 166.4 22 2
      vertex 180.186 5.34548 2
    endloop
  endfacet
  facet normal 0 0 1
    outer loop
      vertex 180.186 5.34548 2
      vertex 166.4 22 2
      vertex 179.8 5.18564 2
    endloop
  endfacet
  facet normal 0 0 1
    outer loop
      vertex 179.8 5.18564 2
      vertex 166.4 22 2
      vertex 179.469 4.93137 2
    endloop
  endfacet
  facet normal 0 0 1
    outer loop
      vertex 179.469 4.93137 2
      vertex 166.4 22 2
      vertex 179.214 4.6 2
    endloop
  endfacet
  facet normal 0 0 1
    outer loop
      vertex 179.214 4.6 2
      vertex 166.4 22 2
      vertex 179.055 4.21411 2
    endloop
  endfacet
  facet normal 0 0 1
    outer loop
      vertex 179.055 4.21411 2
      vertex 166.4 22 2
      vertex 179 3.8 2
    endloop
  endfacet
  facet normal 0 0 1
    outer loop
      vertex 179 3.8 2
      vertex 166.4 22 2
      vertex 179.055 3.38589 2
    endloop
  endfacet
  facet normal -0 0 1
    outer loop
      vertex 118.4 22 2
      vertex 179.055 3.38589 2
      vertex 166.4 22 2
    endloop
  endfacet
  facet normal 0 0 1
    outer loop
      vertex 179.055 3.38589 2
      vertex 118.4 22 2
      vertex 179.214 3 2
    endloop
  endfacet
  facet normal 0 0 1
    outer loop
      vertex 118.4 22 2
      vertex 179.469 2.66863 2
      vertex 179.214 3 2
    endloop
  endfacet
  facet normal -0 0 1
    outer loop
      vertex 98.1612 11.5887 2
      vertex 179.469 2.66863 2
      vertex 118.4 22 2
    endloop
  endfacet
  facet normal -0 0 1
    outer loop
      vertex 97.6598 11.3207 2
      vertex 179.469 2.66863 2
      vertex 98.1612 11.5887 2
    endloop
  endfacet
  facet normal 0 0 1
    outer loop
      vertex 99.3943 13.4342 2
      vertex 118.4 22 2
      vertex 99.45 14 2
    endloop
  endfacet
  facet normal 0 0 1
    outer loop
      vertex 99.2292 12.8902 2
      vertex 118.4 22 2
      vertex 99.3943 13.4342 2
    endloop
  endfacet
  facet normal 0 0 1
    outer loop
      vertex 98.9613 12.3888 2
      vertex 118.4 22 2
      vertex 99.2292 12.8902 2
    endloop
  endfacet
  facet normal 0 0 1
    outer loop
      vertex 98.6006 11.9494 2
      vertex 118.4 22 2
      vertex 98.9613 12.3888 2
    endloop
  endfacet
  facet normal 0 0 1
    outer loop
      vertex 98.1612 11.5887 2
      vertex 118.4 22 2
      vertex 98.6006 11.9494 2
    endloop
  endfacet
  facet normal 0 0 1
    outer loop
      vertex 179.469 2.66863 2
      vertex 97.6598 11.3207 2
      vertex 179.8 2.41436 2
    endloop
  endfacet
  facet normal -0 0 1
    outer loop
      vertex 97.1158 11.1557 2
      vertex 179.8 2.41436 2
      vertex 97.6598 11.3207 2
    endloop
  endfacet
  facet normal 0 0 1
    outer loop
      vertex 179.8 2.41436 2
      vertex 97.1158 11.1557 2
      vertex 184.4 0 2
    endloop
  endfacet
  facet normal -0 0 1
    outer loop
      vertex 96.55 11.1 2
      vertex 184.4 0 2
      vertex 97.1158 11.1557 2
    endloop
  endfacet
  facet normal -0 0 1
    outer loop
      vertex 87.85 11.1 2
      vertex 184.4 0 2
      vertex 96.55 11.1 2
    endloop
  endfacet
  facet normal 0 0 1
    outer loop
      vertex 0 0 2
      vertex 87.85 11.1 2
      vertex 87.2842 11.1557 2
    endloop
  endfacet
  facet normal 0 0 1
    outer loop
      vertex 87.8533 220.235 2
      vertex 66 214.4 2
      vertex 66 211.4 2
    endloop
  endfacet
  facet normal 0 0 1
    outer loop
      vertex 87.8533 220.235 2
      vertex 66 211.4 2
      vertex 66 208.4 2
    endloop
  endfacet
  facet normal 0 0 1
    outer loop
      vertex 87.8533 220.235 2
      vertex 66 208.4 2
      vertex 66 205.4 2
    endloop
  endfacet
  facet normal 0 0 1
    outer loop
      vertex 87.8533 220.235 2
      vertex 66 205.4 2
      vertex 66 202.4 2
    endloop
  endfacet
  facet normal 0 0 1
    outer loop
      vertex 87.8533 220.235 2
      vertex 66 202.4 2
      vertex 66 199.4 2
    endloop
  endfacet
  facet normal 0 0 1
    outer loop
      vertex 87.8533 220.235 2
      vertex 66 199.4 2
      vertex 66 196.4 2
    endloop
  endfacet
  facet normal 0 0 1
    outer loop
      vertex 87.8533 220.235 2
      vertex 66 196.4 2
      vertex 66 193.4 2
    endloop
  endfacet
  facet normal 0 0 1
    outer loop
      vertex 87.8533 220.235 2
      vertex 66 193.4 2
      vertex 66 190.4 2
    endloop
  endfacet
  facet normal 0 0 1
    outer loop
      vertex 87.8533 220.235 2
      vertex 66 190.4 2
      vertex 66 49 2
    endloop
  endfacet
  facet normal -0 0 1
    outer loop
      vertex 66 31 2
      vertex 86.7402 16.6792 2
      vertex 66 34 2
    endloop
  endfacet
  facet normal -0 0 1
    outer loop
      vertex 66 28 2
      vertex 86.7402 16.6792 2
      vertex 66 31 2
    endloop
  endfacet
  facet normal 0 0 1
    outer loop
      vertex 86.7402 16.6792 2
      vertex 66 28 2
      vertex 86.2388 16.4113 2
    endloop
  endfacet
  facet normal -0 0 1
    outer loop
      vertex 66 25 2
      vertex 86.2388 16.4113 2
      vertex 66 28 2
    endloop
  endfacet
  facet normal 0 0 1
    outer loop
      vertex 86.2388 16.4113 2
      vertex 66 25 2
      vertex 85.7994 16.0506 2
    endloop
  endfacet
  facet normal -0 0 1
    outer loop
      vertex 66 22 2
      vertex 85.7994 16.0506 2
      vertex 66 25 2
    endloop
  endfacet
  facet normal 0 0 1
    outer loop
      vertex 85.7994 16.0506 2
      vertex 66 22 2
      vertex 85.4387 15.6112 2
    endloop
  endfacet
  facet normal 0 0 1
    outer loop
      vertex 85.4387 15.6112 2
      vertex 66 22 2
      vertex 85.1707 15.1098 2
    endloop
  endfacet
  facet normal 0 0 1
    outer loop
      vertex 85.1707 15.1098 2
      vertex 66 22 2
      vertex 85.0057 14.5658 2
    endloop
  endfacet
  facet normal 0 0 1
    outer loop
      vertex 85.0057 14.5658 2
      vertex 66 22 2
      vertex 84.95 14 2
    endloop
  endfacet
  facet normal 0 0 1
    outer loop
      vertex 84.95 14 2
      vertex 66 22 2
      vertex 85.0057 13.4342 2
    endloop
  endfacet
  facet normal 0 0 1
    outer loop
      vertex 85.0057 13.4342 2
      vertex 66 22 2
      vertex 85.1707 12.8902 2
    endloop
  endfacet
  facet normal 0 0 1
    outer loop
      vertex 85.1707 12.8902 2
      vertex 66 22 2
      vertex 85.4387 12.3888 2
    endloop
  endfacet
  facet normal 0 0 1
    outer loop
      vertex 85.4387 12.3888 2
      vertex 66 22 2
      vertex 85.7994 11.9494 2
    endloop
  endfacet
  facet normal 0 0 1
    outer loop
      vertex 85.7994 11.9494 2
      vertex 66 22 2
      vertex 86.2388 11.5887 2
    endloop
  endfacet
  facet normal 0 0 1
    outer loop
      vertex 4.93137 2.66863 2
      vertex 86.2388 11.5887 2
      vertex 66 22 2
    endloop
  endfacet
  facet normal 0 0 1
    outer loop
      vertex 5.34548 3.38589 2
      vertex 66 22 2
      vertex 18 22 2
    endloop
  endfacet
  facet normal 0 0 1
    outer loop
      vertex 5.18564 3 2
      vertex 66 22 2
      vertex 5.34548 3.38589 2
    endloop
  endfacet
  facet normal 0 0 1
    outer loop
      vertex 18 25 2
      vertex 5.4 3.8 2
      vertex 18 22 2
    endloop
  endfacet
  facet normal 0 0 1
    outer loop
      vertex 5.34548 3.38589 2
      vertex 18 22 2
      vertex 5.4 3.8 2
    endloop
  endfacet
  facet normal 0 0 1
    outer loop
      vertex 4.93137 2.66863 2
      vertex 66 22 2
      vertex 5.18564 3 2
    endloop
  endfacet
  facet normal 0 0 1
    outer loop
      vertex 86.2388 11.5887 2
      vertex 4.93137 2.66863 2
      vertex 86.7402 11.3207 2
    endloop
  endfacet
  facet normal 0 0 1
    outer loop
      vertex 4.6 2.41436 2
      vertex 86.7402 11.3207 2
      vertex 4.93137 2.66863 2
    endloop
  endfacet
  facet normal 0 0 1
    outer loop
      vertex 86.7402 11.3207 2
      vertex 4.6 2.41436 2
      vertex 87.2842 11.1557 2
    endloop
  endfacet
  facet normal 0 0 1
    outer loop
      vertex 0 0 2
      vertex 87.2842 11.1557 2
      vertex 4.6 2.41436 2
    endloop
  endfacet
  facet normal 0 0 1
    outer loop
      vertex 0 0 2
      vertex 4.6 2.41436 2
      vertex 4.21411 2.25452 2
    endloop
  endfacet
  facet normal 0 0 1
    outer loop
      vertex 0 0 2
      vertex 4.21411 2.25452 2
      vertex 3.8 2.2 2
    endloop
  endfacet
  facet normal 0 0 1
    outer loop
      vertex 87.85 11.1 2
      vertex 0 0 2
      vertex 184.4 0 2
    endloop
  endfacet
  facet normal 0 0 1
    outer loop
      vertex 3.38589 2.25452 2
      vertex 0 0 2
      vertex 3.8 2.2 2
    endloop
  endfacet
  facet normal 0 0 1
    outer loop
      vertex 3 2.41436 2
      vertex 0 0 2
      vertex 3.38589 2.25452 2
    endloop
  endfacet
  facet normal 0 0 1
    outer loop
      vertex 2.66863 2.66863 2
      vertex 0 0 2
      vertex 3 2.41436 2
    endloop
  endfacet
  facet normal 0 0 1
    outer loop
      vertex 2.41436 3 2
      vertex 0 0 2
      vertex 2.66863 2.66863 2
    endloop
  endfacet
  facet normal 0 0 1
    outer loop
      vertex 2.25452 3.38589 2
      vertex 0 0 2
      vertex 2.41436 3 2
    endloop
  endfacet
  facet normal 0 0 1
    outer loop
      vertex 2.2 3.8 2
      vertex 0 0 2
      vertex 2.25452 3.38589 2
    endloop
  endfacet
  facet normal 0 0 1
    outer loop
      vertex 2.25452 4.21411 2
      vertex 0 0 2
      vertex 2.2 3.8 2
    endloop
  endfacet
  facet normal 0 0 1
    outer loop
      vertex 118.4 214.4 2
      vertex 96.5467 220.235 2
      vertex 96.0971 219.15 2
    endloop
  endfacet
  facet normal 0 0 1
    outer loop
      vertex 118.4 208.4 2
      vertex 95.382 218.218 2
      vertex 118.4 205.4 2
    endloop
  endfacet
  facet normal 0 0 1
    outer loop
      vertex 118.4 196.4 2
      vertex 93.3647 217.053 2
      vertex 118.4 193.4 2
    endloop
  endfacet
  facet normal -0 0 1
    outer loop
      vertex 92.2 216.9 2
      vertex 118.4 193.4 2
      vertex 93.3647 217.053 2
    endloop
  endfacet
  facet normal 0 0 1
    outer loop
      vertex 118.4 34 2
      vertex 97.1158 16.8443 2
      vertex 118.4 31 2
    endloop
  endfacet
  facet normal 0 -0 1
    outer loop
      vertex 98.1612 16.4113 2
      vertex 118.4 28 2
      vertex 97.6598 16.6792 2
    endloop
  endfacet
  facet normal 0 -0 1
    outer loop
      vertex 97.6598 16.6792 2
      vertex 118.4 31 2
      vertex 97.1158 16.8443 2
    endloop
  endfacet
  facet normal 0 -0 1
    outer loop
      vertex 97.1158 16.8443 2
      vertex 118.4 37 2
      vertex 96.55 16.9 2
    endloop
  endfacet
  facet normal 0 0 1
    outer loop
      vertex 118.4 46 2
      vertex 87.85 16.9 2
      vertex 118.4 43 2
    endloop
  endfacet
  facet normal 0 0 1
    outer loop
      vertex 86.7402 16.6792 2
      vertex 89.95 217.503 2
      vertex 89.018 218.218 2
    endloop
  endfacet
  facet normal 0 0 1
    outer loop
      vertex 86.7402 16.6792 2
      vertex 89.018 218.218 2
      vertex 88.3029 219.15 2
    endloop
  endfacet
  facet normal 0 0 1
    outer loop
      vertex 86.7402 16.6792 2
      vertex 88.3029 219.15 2
      vertex 87.8533 220.235 2
    endloop
  endfacet
  facet normal 0 0 1
    outer loop
      vertex 118.4 31 2
      vertex 97.6598 16.6792 2
      vertex 118.4 28 2
    endloop
  endfacet
  facet normal 0 0 1
    outer loop
      vertex 66 217.4 2
      vertex 87.8533 220.235 2
      vertex 87.7 221.4 2
    endloop
  endfacet
  facet normal 0 0 1
    outer loop
      vertex 118.4 37 2
      vertex 97.1158 16.8443 2
      vertex 118.4 34 2
    endloop
  endfacet
  facet normal 0 0 1
    outer loop
      vertex 94.45 225.297 2
      vertex 94.4 230.4 2
      vertex 94.4 225.318 2
    endloop
  endfacet
  facet normal -0 0 -1
    outer loop
      vertex 18 28 0
      vertex 3 5.18564 0
      vertex 18 31 0
    endloop
  endfacet
  facet normal 0 0 -1
    outer loop
      vertex 18 49 0
      vertex 5.34548 232.186 0
      vertex 5.4 232.6 0
    endloop
  endfacet
  facet normal -0 0 -1
    outer loop
      vertex 18 31 0
      vertex 3 5.18564 0
      vertex 18 34 0
    endloop
  endfacet
  facet normal 0 0 -1
    outer loop
      vertex 18 49 0
      vertex 5.18564 231.8 0
      vertex 5.34548 232.186 0
    endloop
  endfacet
  facet normal -0 0 -1
    outer loop
      vertex 18 34 0
      vertex 3 5.18564 0
      vertex 18 37 0
    endloop
  endfacet
  facet normal 0 0 -1
    outer loop
      vertex 18 49 0
      vertex 4.93137 231.469 0
      vertex 5.18564 231.8 0
    endloop
  endfacet
  facet normal 0 0 -1
    outer loop
      vertex 2.66863 4.93137 0
      vertex 18 37 0
      vertex 3 5.18564 0
    endloop
  endfacet
  facet normal 0 0 -1
    outer loop
      vertex 18 49 0
      vertex 4.6 231.214 0
      vertex 4.93137 231.469 0
    endloop
  endfacet
  facet normal -0 0 -1
    outer loop
      vertex 18 37 0
      vertex 2.66863 4.93137 0
      vertex 18 40 0
    endloop
  endfacet
  facet normal 0 0 -1
    outer loop
      vertex 18 49 0
      vertex 4.21411 231.055 0
      vertex 4.6 231.214 0
    endloop
  endfacet
  facet normal -0 0 -1
    outer loop
      vertex 18 40 0
      vertex 2.66863 4.93137 0
      vertex 18 43 0
    endloop
  endfacet
  facet normal 0 0 -1
    outer loop
      vertex 18 49 0
      vertex 3.8 231 0
      vertex 4.21411 231.055 0
    endloop
  endfacet
  facet normal -0 0 -1
    outer loop
      vertex 18 43 0
      vertex 2.66863 4.93137 0
      vertex 18 46 0
    endloop
  endfacet
  facet normal 0 0 -1
    outer loop
      vertex 18 49 0
      vertex 3.38589 231.055 0
      vertex 3.8 231 0
    endloop
  endfacet
  facet normal -0 0 -1
    outer loop
      vertex 18 46 0
      vertex 2.66863 4.93137 0
      vertex 18 49 0
    endloop
  endfacet
  facet normal 0 0 -1
    outer loop
      vertex 18 49 0
      vertex 3 231.214 0
      vertex 3.38589 231.055 0
    endloop
  endfacet
  facet normal 0 0 -1
    outer loop
      vertex 2.41436 4.6 0
      vertex 18 49 0
      vertex 2.66863 4.93137 0
    endloop
  endfacet
  facet normal 0 0 -1
    outer loop
      vertex 18 49 0
      vertex 2.66863 231.469 0
      vertex 3 231.214 0
    endloop
  endfacet
  facet normal 0 0 -1
    outer loop
      vertex 0 0 0
      vertex 18 49 0
      vertex 2.41436 4.6 0
    endloop
  endfacet
  facet normal 0 0 -1
    outer loop
      vertex 18 49 0
      vertex 2.41436 231.8 0
      vertex 2.66863 231.469 0
    endloop
  endfacet
  facet normal 0 0 -1
    outer loop
      vertex 0 0 0
      vertex 2.41436 4.6 0
      vertex 2.25452 4.21411 0
    endloop
  endfacet
  facet normal 0 0 -1
    outer loop
      vertex 0 236.4 0
      vertex 18 49 0
      vertex 0 0 0
    endloop
  endfacet
  facet normal 0 0 -1
    outer loop
      vertex 0 0 0
      vertex 2.25452 4.21411 0
      vertex 2.2 3.8 0
    endloop
  endfacet
  facet normal 0 0 -1
    outer loop
      vertex 18 49 0
      vertex 0 236.4 0
      vertex 2.41436 231.8 0
    endloop
  endfacet
  facet normal 0 0 -1
    outer loop
      vertex 18 211.4 0
      vertex 66 214.4 0
      vertex 66 211.4 0
    endloop
  endfacet
  facet normal -0 0 -1
    outer loop
      vertex 66 214.4 0
      vertex 18 211.4 0
      vertex 18 214.4 0
    endloop
  endfacet
  facet normal 0 0 -1
    outer loop
      vertex 18 205.4 0
      vertex 66 208.4 0
      vertex 66 205.4 0
    endloop
  endfacet
  facet normal -0 0 -1
    outer loop
      vertex 66 208.4 0
      vertex 18 205.4 0
      vertex 18 208.4 0
    endloop
  endfacet
  facet normal 0 0 -1
    outer loop
      vertex 18 199.4 0
      vertex 66 202.4 0
      vertex 66 199.4 0
    endloop
  endfacet
  facet normal -0 0 -1
    outer loop
      vertex 66 202.4 0
      vertex 18 199.4 0
      vertex 18 202.4 0
    endloop
  endfacet
  facet normal 0 0 -1
    outer loop
      vertex 18 193.4 0
      vertex 66 196.4 0
      vertex 66 193.4 0
    endloop
  endfacet
  facet normal -0 0 -1
    outer loop
      vertex 66 196.4 0
      vertex 18 193.4 0
      vertex 18 196.4 0
    endloop
  endfacet
  facet normal 0 0 -1
    outer loop
      vertex 18 49 0
      vertex 66 190.4 0
      vertex 66 49 0
    endloop
  endfacet
  facet normal -0 0 -1
    outer loop
      vertex 66 190.4 0
      vertex 18 49 0
      vertex 18 190.4 0
    endloop
  endfacet
  facet normal 0 0 -1
    outer loop
      vertex 18 43 0
      vertex 66 46 0
      vertex 66 43 0
    endloop
  endfacet
  facet normal -0 0 -1
    outer loop
      vertex 66 46 0
      vertex 18 43 0
      vertex 18 46 0
    endloop
  endfacet
  facet normal 0 0 -1
    outer loop
      vertex 18 37 0
      vertex 66 40 0
      vertex 66 37 0
    endloop
  endfacet
  facet normal -0 0 -1
    outer loop
      vertex 66 40 0
      vertex 18 37 0
      vertex 18 40 0
    endloop
  endfacet
  facet normal 0 0 -1
    outer loop
      vertex 18 31 0
      vertex 66 34 0
      vertex 66 31 0
    endloop
  endfacet
  facet normal -0 0 -1
    outer loop
      vertex 66 34 0
      vertex 18 31 0
      vertex 18 34 0
    endloop
  endfacet
  facet normal 0 0 -1
    outer loop
      vertex 18 25 0
      vertex 66 28 0
      vertex 66 25 0
    endloop
  endfacet
  facet normal -0 0 -1
    outer loop
      vertex 66 28 0
      vertex 18 25 0
      vertex 18 28 0
    endloop
  endfacet
  facet normal -0 0 -1
    outer loop
      vertex 90 225.318 0
      vertex 89.95 225.297 0
      vertex 90 230.4 0
    endloop
  endfacet
  facet normal 0 0 -1
    outer loop
      vertex 66 46 0
      vertex 118.4 46 0
      vertex 66 43 0
    endloop
  endfacet
  facet normal 0 0 -1
    outer loop
      vertex 118.4 49 0
      vertex 96.5467 220.235 0
      vertex 96.7 221.4 0
    endloop
  endfacet
  facet normal 0 0 -1
    outer loop
      vertex 118.4 49 0
      vertex 96.0971 219.15 0
      vertex 96.5467 220.235 0
    endloop
  endfacet
  facet normal 0 0 -1
    outer loop
      vertex 118.4 49 0
      vertex 95.382 218.218 0
      vertex 96.0971 219.15 0
    endloop
  endfacet
  facet normal 0 0 -1
    outer loop
      vertex 118.4 49 0
      vertex 94.45 217.503 0
      vertex 95.382 218.218 0
    endloop
  endfacet
  facet normal 0 0 -1
    outer loop
      vertex 66 190.4 0
      vertex 118.4 49 0
      vertex 66 49 0
    endloop
  endfacet
  facet normal 0 0 -1
    outer loop
      vertex 118.4 49 0
      vertex 66 190.4 0
      vertex 94.45 217.503 0
    endloop
  endfacet
  facet normal 0 0 -1
    outer loop
      vertex 94.45 217.503 0
      vertex 66 190.4 0
      vertex 93.3647 217.053 0
    endloop
  endfacet
  facet normal 0 0 -1
    outer loop
      vertex 93.3647 217.053 0
      vertex 66 190.4 0
      vertex 92.2 216.9 0
    endloop
  endfacet
  facet normal -0 0 -1
    outer loop
      vertex 92.2 216.9 0
      vertex 66 193.4 0
      vertex 91.0353 217.053 0
    endloop
  endfacet
  facet normal 0 0 -1
    outer loop
      vertex 66 196.4 0
      vertex 91.0353 217.053 0
      vertex 66 193.4 0
    endloop
  endfacet
  facet normal 0 0 -1
    outer loop
      vertex 66 199.4 0
      vertex 91.0353 217.053 0
      vertex 66 196.4 0
    endloop
  endfacet
  facet normal 0 0 -1
    outer loop
      vertex 66 43 0
      vertex 96.55 16.9 0
      vertex 87.85 16.9 0
    endloop
  endfacet
  facet normal 0 0 -1
    outer loop
      vertex 66 193.4 0
      vertex 92.2 216.9 0
      vertex 66 190.4 0
    endloop
  endfacet
  facet normal 0 0 -1
    outer loop
      vertex 66 37 0
      vertex 87.85 16.9 0
      vertex 87.2842 16.8443 0
    endloop
  endfacet
  facet normal 0 0 -1
    outer loop
      vertex 118.4 211.4 0
      vertex 166.4 214.4 0
      vertex 166.4 211.4 0
    endloop
  endfacet
  facet normal -0 0 -1
    outer loop
      vertex 166.4 214.4 0
      vertex 118.4 211.4 0
      vertex 118.4 214.4 0
    endloop
  endfacet
  facet normal 0 0 -1
    outer loop
      vertex 118.4 205.4 0
      vertex 166.4 208.4 0
      vertex 166.4 205.4 0
    endloop
  endfacet
  facet normal -0 0 -1
    outer loop
      vertex 166.4 208.4 0
      vertex 118.4 205.4 0
      vertex 118.4 208.4 0
    endloop
  endfacet
  facet normal 0 0 -1
    outer loop
      vertex 118.4 199.4 0
      vertex 166.4 202.4 0
      vertex 166.4 199.4 0
    endloop
  endfacet
  facet normal -0 0 -1
    outer loop
      vertex 166.4 202.4 0
      vertex 118.4 199.4 0
      vertex 118.4 202.4 0
    endloop
  endfacet
  facet normal 0 0 -1
    outer loop
      vertex 118.4 193.4 0
      vertex 166.4 196.4 0
      vertex 166.4 193.4 0
    endloop
  endfacet
  facet normal -0 0 -1
    outer loop
      vertex 166.4 196.4 0
      vertex 118.4 193.4 0
      vertex 118.4 196.4 0
    endloop
  endfacet
  facet normal 0 0 -1
    outer loop
      vertex 118.4 49 0
      vertex 166.4 190.4 0
      vertex 166.4 49 0
    endloop
  endfacet
  facet normal -0 0 -1
    outer loop
      vertex 166.4 190.4 0
      vertex 118.4 49 0
      vertex 118.4 190.4 0
    endloop
  endfacet
  facet normal 0 0 -1
    outer loop
      vertex 118.4 43 0
      vertex 166.4 46 0
      vertex 166.4 43 0
    endloop
  endfacet
  facet normal -0 0 -1
    outer loop
      vertex 166.4 46 0
      vertex 118.4 43 0
      vertex 118.4 46 0
    endloop
  endfacet
  facet normal 0 0 -1
    outer loop
      vertex 118.4 37 0
      vertex 166.4 40 0
      vertex 166.4 37 0
    endloop
  endfacet
  facet normal -0 0 -1
    outer loop
      vertex 166.4 40 0
      vertex 118.4 37 0
      vertex 118.4 40 0
    endloop
  endfacet
  facet normal 0 0 -1
    outer loop
      vertex 118.4 31 0
      vertex 166.4 34 0
      vertex 166.4 31 0
    endloop
  endfacet
  facet normal -0 0 -1
    outer loop
      vertex 166.4 34 0
      vertex 118.4 31 0
      vertex 118.4 34 0
    endloop
  endfacet
  facet normal 0 0 -1
    outer loop
      vertex 118.4 25 0
      vertex 166.4 28 0
      vertex 166.4 25 0
    endloop
  endfacet
  facet normal -0 0 -1
    outer loop
      vertex 166.4 28 0
      vertex 118.4 25 0
      vertex 118.4 28 0
    endloop
  endfacet
  facet normal 0 0 -1
    outer loop
      vertex 166.4 49 0
      vertex 184.4 0 0
      vertex 181.986 4.6 0
    endloop
  endfacet
  facet normal 0 0 -1
    outer loop
      vertex 184.4 236.4 0
      vertex 182.145 232.186 0
      vertex 182.2 232.6 0
    endloop
  endfacet
  facet normal 0 0 -1
    outer loop
      vertex 184.4 0 0
      vertex 166.4 49 0
      vertex 184.4 236.4 0
    endloop
  endfacet
  facet normal 0 0 -1
    outer loop
      vertex 184.4 236.4 0
      vertex 181.986 231.8 0
      vertex 182.145 232.186 0
    endloop
  endfacet
  facet normal 0 0 -1
    outer loop
      vertex 166.4 49 0
      vertex 181.986 4.6 0
      vertex 181.731 4.93137 0
    endloop
  endfacet
  facet normal 0 0 -1
    outer loop
      vertex 166.4 190.4 0
      vertex 184.4 236.4 0
      vertex 166.4 49 0
    endloop
  endfacet
  facet normal 0 0 -1
    outer loop
      vertex 166.4 37 0
      vertex 181.731 4.93137 0
      vertex 181.4 5.18564 0
    endloop
  endfacet
  facet normal 0 0 -1
    outer loop
      vertex 184.4 236.4 0
      vertex 166.4 190.4 0
      vertex 181.986 231.8 0
    endloop
  endfacet
  facet normal 0 0 -1
    outer loop
      vertex 166.4 28 0
      vertex 181.4 5.18564 0
      vertex 181.014 5.34548 0
    endloop
  endfacet
  facet normal 0 0 -1
    outer loop
      vertex 181.986 231.8 0
      vertex 166.4 190.4 0
      vertex 181.731 231.469 0
    endloop
  endfacet
  facet normal 0 0 -1
    outer loop
      vertex 166.4 22 0
      vertex 181.014 5.34548 0
      vertex 180.6 5.4 0
    endloop
  endfacet
  facet normal 0 0 -1
    outer loop
      vertex 166.4 193.4 0
      vertex 181.731 231.469 0
      vertex 166.4 190.4 0
    endloop
  endfacet
  facet normal 0 0 -1
    outer loop
      vertex 166.4 22 0
      vertex 180.6 5.4 0
      vertex 180.186 5.34548 0
    endloop
  endfacet
  facet normal 0 0 -1
    outer loop
      vertex 166.4 196.4 0
      vertex 181.731 231.469 0
      vertex 166.4 193.4 0
    endloop
  endfacet
  facet normal 0 0 -1
    outer loop
      vertex 166.4 22 0
      vertex 180.186 5.34548 0
      vertex 179.8 5.18564 0
    endloop
  endfacet
  facet normal 0 0 -1
    outer loop
      vertex 166.4 199.4 0
      vertex 181.731 231.469 0
      vertex 166.4 196.4 0
    endloop
  endfacet
  facet normal 0 0 -1
    outer loop
      vertex 166.4 22 0
      vertex 179.8 5.18564 0
      vertex 179.469 4.93137 0
    endloop
  endfacet
  facet normal 0 0 -1
    outer loop
      vertex 181.731 231.469 0
      vertex 166.4 199.4 0
      vertex 181.4 231.214 0
    endloop
  endfacet
  facet normal 0 0 -1
    outer loop
      vertex 166.4 22 0
      vertex 179.469 4.93137 0
      vertex 179.214 4.6 0
    endloop
  endfacet
  facet normal 0 0 -1
    outer loop
      vertex 166.4 202.4 0
      vertex 181.4 231.214 0
      vertex 166.4 199.4 0
    endloop
  endfacet
  facet normal 0 0 -1
    outer loop
      vertex 166.4 22 0
      vertex 179.214 4.6 0
      vertex 179.055 4.21411 0
    endloop
  endfacet
  facet normal 0 0 -1
    outer loop
      vertex 166.4 205.4 0
      vertex 181.4 231.214 0
      vertex 166.4 202.4 0
    endloop
  endfacet
  facet normal 0 0 -1
    outer loop
      vertex 166.4 22 0
      vertex 179.055 4.21411 0
      vertex 179 3.8 0
    endloop
  endfacet
  facet normal 0 0 -1
    outer loop
      vertex 166.4 208.4 0
      vertex 181.4 231.214 0
      vertex 166.4 205.4 0
    endloop
  endfacet
  facet normal 0 0 -1
    outer loop
      vertex 182.145 4.21411 0
      vertex 184.4 0 0
      vertex 182.2 3.8 0
    endloop
  endfacet
  facet normal 0 0 -1
    outer loop
      vertex 184.4 0 0
      vertex 182.145 3.38589 0
      vertex 182.2 3.8 0
    endloop
  endfacet
  facet normal 0 0 -1
    outer loop
      vertex 184.4 0 0
      vertex 181.986 3 0
      vertex 182.145 3.38589 0
    endloop
  endfacet
  facet normal 0 0 -1
    outer loop
      vertex 184.4 0 0
      vertex 181.731 2.66863 0
      vertex 181.986 3 0
    endloop
  endfacet
  facet normal 0 0 -1
    outer loop
      vertex 184.4 0 0
      vertex 181.4 2.41436 0
      vertex 181.731 2.66863 0
    endloop
  endfacet
  facet normal 0 0 -1
    outer loop
      vertex 184.4 0 0
      vertex 181.014 2.25452 0
      vertex 181.4 2.41436 0
    endloop
  endfacet
  facet normal 0 0 -1
    outer loop
      vertex 184.4 0 0
      vertex 180.6 2.2 0
      vertex 181.014 2.25452 0
    endloop
  endfacet
  facet normal 0 0 -1
    outer loop
      vertex 184.4 0 0
      vertex 180.186 2.25452 0
      vertex 180.6 2.2 0
    endloop
  endfacet
  facet normal 0 0 -1
    outer loop
      vertex 184.4 0 0
      vertex 179.8 2.41436 0
      vertex 180.186 2.25452 0
    endloop
  endfacet
  facet normal 0 0 -1
    outer loop
      vertex 181.014 5.34548 0
      vertex 166.4 22 0
      vertex 166.4 25 0
    endloop
  endfacet
  facet normal 0 0 -1
    outer loop
      vertex 179.055 3.38589 0
      vertex 166.4 22 0
      vertex 179 3.8 0
    endloop
  endfacet
  facet normal 0 0 -1
    outer loop
      vertex 118.4 22 0
      vertex 179.055 3.38589 0
      vertex 179.214 3 0
    endloop
  endfacet
  facet normal 0 0 -1
    outer loop
      vertex 179.055 3.38589 0
      vertex 118.4 22 0
      vertex 166.4 22 0
    endloop
  endfacet
  facet normal 0 0 -1
    outer loop
      vertex 179.469 2.66863 0
      vertex 118.4 22 0
      vertex 179.214 3 0
    endloop
  endfacet
  facet normal 0 0 -1
    outer loop
      vertex 97.6598 11.3207 0
      vertex 179.469 2.66863 0
      vertex 179.8 2.41436 0
    endloop
  endfacet
  facet normal 0 0 -1
    outer loop
      vertex 97.1158 11.1557 0
      vertex 179.8 2.41436 0
      vertex 184.4 0 0
    endloop
  endfacet
  facet normal 0 0 -1
    outer loop
      vertex 98.6006 16.0506 0
      vertex 118.4 25 0
      vertex 118.4 22 0
    endloop
  endfacet
  facet normal 0 0 -1
    outer loop
      vertex 98.1612 16.4113 0
      vertex 118.4 25 0
      vertex 98.6006 16.0506 0
    endloop
  endfacet
  facet normal 0 0 -1
    outer loop
      vertex 97.6598 16.6792 0
      vertex 118.4 28 0
      vertex 98.1612 16.4113 0
    endloop
  endfacet
  facet normal -0 0 -1
    outer loop
      vertex 118.4 28 0
      vertex 97.6598 16.6792 0
      vertex 118.4 31 0
    endloop
  endfacet
  facet normal -0 0 -1
    outer loop
      vertex 118.4 31 0
      vertex 97.6598 16.6792 0
      vertex 118.4 34 0
    endloop
  endfacet
  facet normal -0 0 -1
    outer loop
      vertex 118.4 34 0
      vertex 97.1158 16.8443 0
      vertex 118.4 37 0
    endloop
  endfacet
  facet normal 0 0 -1
    outer loop
      vertex 96.55 16.9 0
      vertex 118.4 37 0
      vertex 97.1158 16.8443 0
    endloop
  endfacet
  facet normal -0 0 -1
    outer loop
      vertex 118.4 37 0
      vertex 96.55 16.9 0
      vertex 118.4 40 0
    endloop
  endfacet
  facet normal -0 0 -1
    outer loop
      vertex 118.4 40 0
      vertex 96.55 16.9 0
      vertex 118.4 43 0
    endloop
  endfacet
  facet normal 0 0 -1
    outer loop
      vertex 118.4 43 0
      vertex 66 43 0
      vertex 118.4 46 0
    endloop
  endfacet
  facet normal 0 0 -1
    outer loop
      vertex 118.4 49 0
      vertex 96.7 221.4 0
      vertex 118.4 190.4 0
    endloop
  endfacet
  facet normal 0 0 -1
    outer loop
      vertex 118.4 190.4 0
      vertex 96.7 221.4 0
      vertex 118.4 193.4 0
    endloop
  endfacet
  facet normal 0 0 -1
    outer loop
      vertex 118.4 193.4 0
      vertex 96.7 221.4 0
      vertex 118.4 196.4 0
    endloop
  endfacet
  facet normal 0 0 -1
    outer loop
      vertex 118.4 196.4 0
      vertex 96.7 221.4 0
      vertex 118.4 199.4 0
    endloop
  endfacet
  facet normal 0 0 -1
    outer loop
      vertex 118.4 199.4 0
      vertex 96.7 221.4 0
      vertex 118.4 202.4 0
    endloop
  endfacet
  facet normal 0 0 -1
    outer loop
      vertex 118.4 202.4 0
      vertex 96.7 221.4 0
      vertex 118.4 205.4 0
    endloop
  endfacet
  facet normal 0 0 -1
    outer loop
      vertex 118.4 205.4 0
      vertex 96.7 221.4 0
      vertex 118.4 208.4 0
    endloop
  endfacet
  facet normal 0 0 -1
    outer loop
      vertex 118.4 208.4 0
      vertex 96.7 221.4 0
      vertex 118.4 211.4 0
    endloop
  endfacet
  facet normal 0 0 -1
    outer loop
      vertex 99.3943 14.5658 0
      vertex 118.4 22 0
      vertex 99.45 14 0
    endloop
  endfacet
  facet normal 0 0 -1
    outer loop
      vertex 179.469 2.66863 0
      vertex 98.1612 11.5887 0
      vertex 118.4 22 0
    endloop
  endfacet
  facet normal 0 0 -1
    outer loop
      vertex 118.4 22 0
      vertex 99.3943 13.4342 0
      vertex 99.45 14 0
    endloop
  endfacet
  facet normal 0 0 -1
    outer loop
      vertex 118.4 22 0
      vertex 99.2292 12.8902 0
      vertex 99.3943 13.4342 0
    endloop
  endfacet
  facet normal 0 0 -1
    outer loop
      vertex 118.4 22 0
      vertex 98.9613 12.3888 0
      vertex 99.2292 12.8902 0
    endloop
  endfacet
  facet normal 0 0 -1
    outer loop
      vertex 118.4 22 0
      vertex 98.6006 11.9494 0
      vertex 98.9613 12.3888 0
    endloop
  endfacet
  facet normal 0 0 -1
    outer loop
      vertex 118.4 22 0
      vertex 98.1612 11.5887 0
      vertex 98.6006 11.9494 0
    endloop
  endfacet
  facet normal 0 0 -1
    outer loop
      vertex 179.469 2.66863 0
      vertex 97.6598 11.3207 0
      vertex 98.1612 11.5887 0
    endloop
  endfacet
  facet normal 0 0 -1
    outer loop
      vertex 179.8 2.41436 0
      vertex 97.1158 11.1557 0
      vertex 97.6598 11.3207 0
    endloop
  endfacet
  facet normal 0 0 -1
    outer loop
      vertex 184.4 0 0
      vertex 96.55 11.1 0
      vertex 97.1158 11.1557 0
    endloop
  endfacet
  facet normal 0 0 -1
    outer loop
      vertex 184.4 0 0
      vertex 87.85 11.1 0
      vertex 96.55 11.1 0
    endloop
  endfacet
  facet normal 0 0 -1
    outer loop
      vertex 0 0 0
      vertex 87.85 11.1 0
      vertex 184.4 0 0
    endloop
  endfacet
  facet normal 0 0 -1
    outer loop
      vertex 85.0057 13.4342 0
      vertex 66 22 0
      vertex 84.95 14 0
    endloop
  endfacet
  facet normal 0 0 -1
    outer loop
      vertex 85.1707 12.8902 0
      vertex 66 22 0
      vertex 85.0057 13.4342 0
    endloop
  endfacet
  facet normal 0 0 -1
    outer loop
      vertex 85.4387 12.3888 0
      vertex 66 22 0
      vertex 85.1707 12.8902 0
    endloop
  endfacet
  facet normal 0 0 -1
    outer loop
      vertex 85.7994 11.9494 0
      vertex 66 22 0
      vertex 85.4387 12.3888 0
    endloop
  endfacet
  facet normal 0 0 -1
    outer loop
      vertex 86.2388 11.5887 0
      vertex 66 22 0
      vertex 85.7994 11.9494 0
    endloop
  endfacet
  facet normal 0 0 -1
    outer loop
      vertex 4.93137 2.66863 0
      vertex 86.2388 11.5887 0
      vertex 86.7402 11.3207 0
    endloop
  endfacet
  facet normal -0 0 -1
    outer loop
      vertex 86.2388 11.5887 0
      vertex 4.93137 2.66863 0
      vertex 66 22 0
    endloop
  endfacet
  facet normal 0 0 -1
    outer loop
      vertex 4.6 2.41436 0
      vertex 86.7402 11.3207 0
      vertex 87.2842 11.1557 0
    endloop
  endfacet
  facet normal 0 0 -1
    outer loop
      vertex 5.34548 4.21411 0
      vertex 18 22 0
      vertex 5.4 3.8 0
    endloop
  endfacet
  facet normal 0 0 -1
    outer loop
      vertex 5.18564 4.6 0
      vertex 18 22 0
      vertex 5.34548 4.21411 0
    endloop
  endfacet
  facet normal 0 0 -1
    outer loop
      vertex 4.93137 4.93137 0
      vertex 18 22 0
      vertex 5.18564 4.6 0
    endloop
  endfacet
  facet normal 0 0 -1
    outer loop
      vertex 4.6 5.18564 0
      vertex 18 22 0
      vertex 4.93137 4.93137 0
    endloop
  endfacet
  facet normal 0 0 -1
    outer loop
      vertex 4.21411 5.34548 0
      vertex 18 22 0
      vertex 4.6 5.18564 0
    endloop
  endfacet
  facet normal 0 0 -1
    outer loop
      vertex 3.8 5.4 0
      vertex 18 22 0
      vertex 4.21411 5.34548 0
    endloop
  endfacet
  facet normal 0 0 -1
    outer loop
      vertex 3.38589 5.34548 0
      vertex 18 22 0
      vertex 3.8 5.4 0
    endloop
  endfacet
  facet normal -0 0 -1
    outer loop
      vertex 18 22 0
      vertex 3.38589 5.34548 0
      vertex 18 25 0
    endloop
  endfacet
  facet normal -0 0 -1
    outer loop
      vertex 18 25 0
      vertex 3.38589 5.34548 0
      vertex 18 28 0
    endloop
  endfacet
  facet normal 0 0 -1
    outer loop
      vertex 3 5.18564 0
      vertex 18 28 0
      vertex 3.38589 5.34548 0
    endloop
  endfacet
  facet normal 0 0 -1
    outer loop
      vertex 18 49 0
      vertex 5.4 232.6 0
      vertex 18 190.4 0
    endloop
  endfacet
  facet normal 0 0 -1
    outer loop
      vertex 18 190.4 0
      vertex 5.4 232.6 0
      vertex 18 193.4 0
    endloop
  endfacet
  facet normal 0 0 -1
    outer loop
      vertex 18 193.4 0
      vertex 5.4 232.6 0
      vertex 18 196.4 0
    endloop
  endfacet
  facet normal 0 0 -1
    outer loop
      vertex 18 196.4 0
      vertex 5.4 232.6 0
      vertex 18 199.4 0
    endloop
  endfacet
  facet normal 0 0 -1
    outer loop
      vertex 18 199.4 0
      vertex 5.4 232.6 0
      vertex 18 202.4 0
    endloop
  endfacet
  facet normal 0 0 -1
    outer loop
      vertex 18 202.4 0
      vertex 5.4 232.6 0
      vertex 18 205.4 0
    endloop
  endfacet
  facet normal 0 0 -1
    outer loop
      vertex 18 205.4 0
      vertex 5.4 232.6 0
      vertex 18 208.4 0
    endloop
  endfacet
  facet normal 0 0 -1
    outer loop
      vertex 18 211.4 0
      vertex 5.4 232.6 0
      vertex 18 214.4 0
    endloop
  endfacet
  facet normal 0 0 -1
    outer loop
      vertex 18 208.4 0
      vertex 5.4 232.6 0
      vertex 18 211.4 0
    endloop
  endfacet
  facet normal -0 0 -1
    outer loop
      vertex 66 22 0
      vertex 5.34548 3.38589 0
      vertex 18 22 0
    endloop
  endfacet
  facet normal -0 0 -1
    outer loop
      vertex 87.85 11.1 0
      vertex 0 0 0
      vertex 87.2842 11.1557 0
    endloop
  endfacet
  facet normal 0 0 -1
    outer loop
      vertex 18 22 0
      vertex 5.34548 3.38589 0
      vertex 5.4 3.8 0
    endloop
  endfacet
  facet normal 0 0 -1
    outer loop
      vertex 66 22 0
      vertex 5.18564 3 0
      vertex 5.34548 3.38589 0
    endloop
  endfacet
  facet normal 0 0 -1
    outer loop
      vertex 66 22 0
      vertex 4.93137 2.66863 0
      vertex 5.18564 3 0
    endloop
  endfacet
  facet normal 0 0 -1
    outer loop
      vertex 86.7402 11.3207 0
      vertex 4.6 2.41436 0
      vertex 4.93137 2.66863 0
    endloop
  endfacet
  facet normal 0 0 -1
    outer loop
      vertex 87.2842 11.1557 0
      vertex 0 0 0
      vertex 4.6 2.41436 0
    endloop
  endfacet
  facet normal 0 0 -1
    outer loop
      vertex 4.6 2.41436 0
      vertex 0 0 0
      vertex 4.21411 2.25452 0
    endloop
  endfacet
  facet normal 0 0 -1
    outer loop
      vertex 2.41436 231.8 0
      vertex 0 236.4 0
      vertex 2.25452 232.186 0
    endloop
  endfacet
  facet normal -0 0 -1
    outer loop
      vertex 2.25452 3.38589 0
      vertex 0 0 0
      vertex 2.2 3.8 0
    endloop
  endfacet
  facet normal -0 0 -1
    outer loop
      vertex 2.41436 3 0
      vertex 0 0 0
      vertex 2.25452 3.38589 0
    endloop
  endfacet
  facet normal -0 0 -1
    outer loop
      vertex 2.66863 2.66863 0
      vertex 0 0 0
      vertex 2.41436 3 0
    endloop
  endfacet
  facet normal -0 0 -1
    outer loop
      vertex 3 2.41436 0
      vertex 0 0 0
      vertex 2.66863 2.66863 0
    endloop
  endfacet
  facet normal -0 0 -1
    outer loop
      vertex 3.38589 2.25452 0
      vertex 0 0 0
      vertex 3 2.41436 0
    endloop
  endfacet
  facet normal -0 0 -1
    outer loop
      vertex 3.8 2.2 0
      vertex 0 0 0
      vertex 3.38589 2.25452 0
    endloop
  endfacet
  facet normal 0 0 -1
    outer loop
      vertex 4.21411 2.25452 0
      vertex 0 0 0
      vertex 3.8 2.2 0
    endloop
  endfacet
  facet normal 0 0 -1
    outer loop
      vertex 181.986 4.6 0
      vertex 184.4 0 0
      vertex 182.145 4.21411 0
    endloop
  endfacet
  facet normal 0 0 -1
    outer loop
      vertex 182.145 233.014 0
      vertex 184.4 236.4 0
      vertex 182.2 232.6 0
    endloop
  endfacet
  facet normal 0 0 -1
    outer loop
      vertex 181.986 233.4 0
      vertex 184.4 236.4 0
      vertex 182.145 233.014 0
    endloop
  endfacet
  facet normal 0 0 -1
    outer loop
      vertex 181.731 233.731 0
      vertex 184.4 236.4 0
      vertex 181.986 233.4 0
    endloop
  endfacet
  facet normal 0 0 -1
    outer loop
      vertex 181.4 233.986 0
      vertex 184.4 236.4 0
      vertex 181.731 233.731 0
    endloop
  endfacet
  facet normal 0 0 -1
    outer loop
      vertex 181.014 234.145 0
      vertex 184.4 236.4 0
      vertex 181.4 233.986 0
    endloop
  endfacet
  facet normal 0 0 -1
    outer loop
      vertex 180.6 234.2 0
      vertex 184.4 236.4 0
      vertex 181.014 234.145 0
    endloop
  endfacet
  facet normal 0 0 -1
    outer loop
      vertex 180.186 234.145 0
      vertex 184.4 236.4 0
      vertex 180.6 234.2 0
    endloop
  endfacet
  facet normal 0 0 -1
    outer loop
      vertex 179.8 233.986 0
      vertex 184.4 236.4 0
      vertex 180.186 234.145 0
    endloop
  endfacet
  facet normal 0 0 -1
    outer loop
      vertex 181.014 5.34548 0
      vertex 166.4 25 0
      vertex 166.4 28 0
    endloop
  endfacet
  facet normal 0 0 -1
    outer loop
      vertex 181.4 5.18564 0
      vertex 166.4 28 0
      vertex 166.4 31 0
    endloop
  endfacet
  facet normal 0 0 -1
    outer loop
      vertex 181.4 5.18564 0
      vertex 166.4 31 0
      vertex 166.4 34 0
    endloop
  endfacet
  facet normal 0 0 -1
    outer loop
      vertex 181.4 5.18564 0
      vertex 166.4 34 0
      vertex 166.4 37 0
    endloop
  endfacet
  facet normal 0 0 -1
    outer loop
      vertex 181.731 4.93137 0
      vertex 166.4 37 0
      vertex 166.4 40 0
    endloop
  endfacet
  facet normal 0 0 -1
    outer loop
      vertex 181.731 4.93137 0
      vertex 166.4 40 0
      vertex 166.4 43 0
    endloop
  endfacet
  facet normal 0 0 -1
    outer loop
      vertex 181.731 4.93137 0
      vertex 166.4 43 0
      vertex 166.4 46 0
    endloop
  endfacet
  facet normal 0 0 -1
    outer loop
      vertex 181.731 4.93137 0
      vertex 166.4 46 0
      vertex 166.4 49 0
    endloop
  endfacet
  facet normal 0 0 -1
    outer loop
      vertex 181.4 231.214 0
      vertex 166.4 208.4 0
      vertex 181.014 231.055 0
    endloop
  endfacet
  facet normal 0 0 -1
    outer loop
      vertex 166.4 211.4 0
      vertex 181.014 231.055 0
      vertex 166.4 208.4 0
    endloop
  endfacet
  facet normal 0 0 -1
    outer loop
      vertex 166.4 214.4 0
      vertex 181.014 231.055 0
      vertex 166.4 211.4 0
    endloop
  endfacet
  facet normal 0 0 -1
    outer loop
      vertex 181.014 231.055 0
      vertex 166.4 214.4 0
      vertex 180.6 231 0
    endloop
  endfacet
  facet normal 0 0 -1
    outer loop
      vertex 166.4 217.4 0
      vertex 180.6 231 0
      vertex 166.4 214.4 0
    endloop
  endfacet
  facet normal -0 0 -1
    outer loop
      vertex 180.6 231 0
      vertex 166.4 217.4 0
      vertex 180.186 231.055 0
    endloop
  endfacet
  facet normal -0 0 -1
    outer loop
      vertex 180.186 231.055 0
      vertex 166.4 217.4 0
      vertex 179.8 231.214 0
    endloop
  endfacet
  facet normal -0 0 -1
    outer loop
      vertex 179.8 231.214 0
      vertex 166.4 217.4 0
      vertex 179.469 231.469 0
    endloop
  endfacet
  facet normal -0 0 -1
    outer loop
      vertex 179.469 231.469 0
      vertex 166.4 217.4 0
      vertex 179.214 231.8 0
    endloop
  endfacet
  facet normal -0 0 -1
    outer loop
      vertex 179.214 231.8 0
      vertex 166.4 217.4 0
      vertex 179.055 232.186 0
    endloop
  endfacet
  facet normal -0 0 -1
    outer loop
      vertex 179.055 232.186 0
      vertex 166.4 217.4 0
      vertex 179 232.6 0
    endloop
  endfacet
  facet normal -0 0 -1
    outer loop
      vertex 179 232.6 0
      vertex 166.4 217.4 0
      vertex 179.055 233.014 0
    endloop
  endfacet
  facet normal -0 0 -1
    outer loop
      vertex 179.055 233.014 0
      vertex 166.4 217.4 0
      vertex 179.214 233.4 0
    endloop
  endfacet
  facet normal 0 0 -1
    outer loop
      vertex 118.4 217.4 0
      vertex 179.214 233.4 0
      vertex 166.4 217.4 0
    endloop
  endfacet
  facet normal -0 0 -1
    outer loop
      vertex 179.214 233.4 0
      vertex 118.4 217.4 0
      vertex 179.469 233.731 0
    endloop
  endfacet
  facet normal 0 0 -1
    outer loop
      vertex 94.4 230.4 0
      vertex 179.469 233.731 0
      vertex 118.4 217.4 0
    endloop
  endfacet
  facet normal -0 0 -1
    outer loop
      vertex 179.469 233.731 0
      vertex 94.4 230.4 0
      vertex 179.8 233.986 0
    endloop
  endfacet
  facet normal 0 0 -1
    outer loop
      vertex 99.2292 15.1098 0
      vertex 118.4 22 0
      vertex 99.3943 14.5658 0
    endloop
  endfacet
  facet normal 0 0 -1
    outer loop
      vertex 98.9613 15.6112 0
      vertex 118.4 22 0
      vertex 99.2292 15.1098 0
    endloop
  endfacet
  facet normal 0 0 -1
    outer loop
      vertex 98.6006 16.0506 0
      vertex 118.4 22 0
      vertex 98.9613 15.6112 0
    endloop
  endfacet
  facet normal -0 0 -1
    outer loop
      vertex 118.4 25 0
      vertex 98.1612 16.4113 0
      vertex 118.4 28 0
    endloop
  endfacet
  facet normal 0 0 -1
    outer loop
      vertex 97.1158 16.8443 0
      vertex 118.4 34 0
      vertex 97.6598 16.6792 0
    endloop
  endfacet
  facet normal 0 0 -1
    outer loop
      vertex 66 43 0
      vertex 118.4 43 0
      vertex 96.55 16.9 0
    endloop
  endfacet
  facet normal 0 0 -1
    outer loop
      vertex 118.4 211.4 0
      vertex 96.7 221.4 0
      vertex 118.4 214.4 0
    endloop
  endfacet
  facet normal 0 0 -1
    outer loop
      vertex 118.4 214.4 0
      vertex 96.7 221.4 0
      vertex 118.4 217.4 0
    endloop
  endfacet
  facet normal 0 0 -1
    outer loop
      vertex 96.5467 222.565 0
      vertex 118.4 217.4 0
      vertex 96.7 221.4 0
    endloop
  endfacet
  facet normal 0 0 -1
    outer loop
      vertex 96.0971 223.65 0
      vertex 118.4 217.4 0
      vertex 96.5467 222.565 0
    endloop
  endfacet
  facet normal 0 0 -1
    outer loop
      vertex 118.4 217.4 0
      vertex 96.0971 223.65 0
      vertex 94.4 230.4 0
    endloop
  endfacet
  facet normal 0 0 -1
    outer loop
      vertex 94.4 230.4 0
      vertex 96.0971 223.65 0
      vertex 95.382 224.582 0
    endloop
  endfacet
  facet normal 0 0 -1
    outer loop
      vertex 94.4 230.4 0
      vertex 95.382 224.582 0
      vertex 94.45 225.297 0
    endloop
  endfacet
  facet normal 0 0 -1
    outer loop
      vertex 94.4 230.4 0
      vertex 94.45 225.297 0
      vertex 94.4 225.318 0
    endloop
  endfacet
  facet normal -0 0 -1
    outer loop
      vertex 179.8 233.986 0
      vertex 94.4 230.4 0
      vertex 184.4 236.4 0
    endloop
  endfacet
  facet normal 0 0 -1
    outer loop
      vertex 90 230.4 0
      vertex 184.4 236.4 0
      vertex 94.4 230.4 0
    endloop
  endfacet
  facet normal 0 0 -1
    outer loop
      vertex 89.018 224.582 0
      vertex 90 230.4 0
      vertex 89.95 225.297 0
    endloop
  endfacet
  facet normal 0 0 -1
    outer loop
      vertex 88.3029 223.65 0
      vertex 90 230.4 0
      vertex 89.018 224.582 0
    endloop
  endfacet
  facet normal 0 0 -1
    outer loop
      vertex 66 217.4 0
      vertex 88.3029 223.65 0
      vertex 87.8533 222.565 0
    endloop
  endfacet
  facet normal 0 0 -1
    outer loop
      vertex 66 34 0
      vertex 87.2842 16.8443 0
      vertex 86.7402 16.6792 0
    endloop
  endfacet
  facet normal 0 0 -1
    outer loop
      vertex 66 28 0
      vertex 86.7402 16.6792 0
      vertex 86.2388 16.4113 0
    endloop
  endfacet
  facet normal 0 0 -1
    outer loop
      vertex 66 25 0
      vertex 86.2388 16.4113 0
      vertex 85.7994 16.0506 0
    endloop
  endfacet
  facet normal 0 0 -1
    outer loop
      vertex 66 22 0
      vertex 85.7994 16.0506 0
      vertex 85.4387 15.6112 0
    endloop
  endfacet
  facet normal 0 0 -1
    outer loop
      vertex 66 22 0
      vertex 85.4387 15.6112 0
      vertex 85.1707 15.1098 0
    endloop
  endfacet
  facet normal 0 0 -1
    outer loop
      vertex 66 22 0
      vertex 85.1707 15.1098 0
      vertex 85.0057 14.5658 0
    endloop
  endfacet
  facet normal 0 0 -1
    outer loop
      vertex 66 22 0
      vertex 85.0057 14.5658 0
      vertex 84.95 14 0
    endloop
  endfacet
  facet normal 0 0 -1
    outer loop
      vertex 85.7994 16.0506 0
      vertex 66 22 0
      vertex 66 25 0
    endloop
  endfacet
  facet normal 0 0 -1
    outer loop
      vertex 86.2388 16.4113 0
      vertex 66 25 0
      vertex 66 28 0
    endloop
  endfacet
  facet normal 0 0 -1
    outer loop
      vertex 86.7402 16.6792 0
      vertex 66 28 0
      vertex 66 31 0
    endloop
  endfacet
  facet normal 0 0 -1
    outer loop
      vertex 86.7402 16.6792 0
      vertex 66 31 0
      vertex 66 34 0
    endloop
  endfacet
  facet normal 0 0 -1
    outer loop
      vertex 87.2842 16.8443 0
      vertex 66 34 0
      vertex 66 37 0
    endloop
  endfacet
  facet normal 0 0 -1
    outer loop
      vertex 87.85 16.9 0
      vertex 66 37 0
      vertex 66 40 0
    endloop
  endfacet
  facet normal 0 0 -1
    outer loop
      vertex 87.85 16.9 0
      vertex 66 40 0
      vertex 66 43 0
    endloop
  endfacet
  facet normal 0 0 -1
    outer loop
      vertex 118.4 46 0
      vertex 66 46 0
      vertex 118.4 49 0
    endloop
  endfacet
  facet normal -0 0 -1
    outer loop
      vertex 118.4 49 0
      vertex 66 46 0
      vertex 66 49 0
    endloop
  endfacet
  facet normal -0 0 -1
    outer loop
      vertex 91.0353 217.053 0
      vertex 66 199.4 0
      vertex 89.95 217.503 0
    endloop
  endfacet
  facet normal 0 0 -1
    outer loop
      vertex 66 202.4 0
      vertex 89.95 217.503 0
      vertex 66 199.4 0
    endloop
  endfacet
  facet normal 0 0 -1
    outer loop
      vertex 66 205.4 0
      vertex 89.95 217.503 0
      vertex 66 202.4 0
    endloop
  endfacet
  facet normal -0 0 -1
    outer loop
      vertex 89.95 217.503 0
      vertex 66 205.4 0
      vertex 89.018 218.218 0
    endloop
  endfacet
  facet normal 0 0 -1
    outer loop
      vertex 66 208.4 0
      vertex 89.018 218.218 0
      vertex 66 205.4 0
    endloop
  endfacet
  facet normal 0 0 -1
    outer loop
      vertex 66 211.4 0
      vertex 89.018 218.218 0
      vertex 66 208.4 0
    endloop
  endfacet
  facet normal -0 0 -1
    outer loop
      vertex 89.018 218.218 0
      vertex 66 211.4 0
      vertex 88.3029 219.15 0
    endloop
  endfacet
  facet normal 0 0 -1
    outer loop
      vertex 66 214.4 0
      vertex 88.3029 219.15 0
      vertex 66 211.4 0
    endloop
  endfacet
  facet normal -0 0 -1
    outer loop
      vertex 88.3029 219.15 0
      vertex 66 214.4 0
      vertex 87.8533 220.235 0
    endloop
  endfacet
  facet normal 0 0 -1
    outer loop
      vertex 66 217.4 0
      vertex 87.8533 220.235 0
      vertex 66 214.4 0
    endloop
  endfacet
  facet normal -0 0 -1
    outer loop
      vertex 87.8533 220.235 0
      vertex 66 217.4 0
      vertex 87.7 221.4 0
    endloop
  endfacet
  facet normal -0 0 -1
    outer loop
      vertex 87.7 221.4 0
      vertex 66 217.4 0
      vertex 87.8533 222.565 0
    endloop
  endfacet
  facet normal -0 0 -1
    outer loop
      vertex 88.3029 223.65 0
      vertex 66 217.4 0
      vertex 90 230.4 0
    endloop
  endfacet
  facet normal 0 0 -1
    outer loop
      vertex 5.18564 233.4 0
      vertex 66 217.4 0
      vertex 18 217.4 0
    endloop
  endfacet
  facet normal 0 0 -1
    outer loop
      vertex 18 214.4 0
      vertex 5.4 232.6 0
      vertex 18 217.4 0
    endloop
  endfacet
  facet normal 0 0 -1
    outer loop
      vertex 5.34548 233.014 0
      vertex 18 217.4 0
      vertex 5.4 232.6 0
    endloop
  endfacet
  facet normal 0 0 -1
    outer loop
      vertex 5.18564 233.4 0
      vertex 18 217.4 0
      vertex 5.34548 233.014 0
    endloop
  endfacet
  facet normal 0 0 -1
    outer loop
      vertex 4.93137 233.731 0
      vertex 66 217.4 0
      vertex 5.18564 233.4 0
    endloop
  endfacet
  facet normal 0 0 -1
    outer loop
      vertex 66 217.4 0
      vertex 4.93137 233.731 0
      vertex 90 230.4 0
    endloop
  endfacet
  facet normal 0 0 -1
    outer loop
      vertex 4.6 233.986 0
      vertex 90 230.4 0
      vertex 4.93137 233.731 0
    endloop
  endfacet
  facet normal 0 0 -1
    outer loop
      vertex 0 236.4 0
      vertex 90 230.4 0
      vertex 4.6 233.986 0
    endloop
  endfacet
  facet normal 0 0 -1
    outer loop
      vertex 0 236.4 0
      vertex 4.6 233.986 0
      vertex 4.21411 234.145 0
    endloop
  endfacet
  facet normal 0 0 -1
    outer loop
      vertex 0 236.4 0
      vertex 4.21411 234.145 0
      vertex 3.8 234.2 0
    endloop
  endfacet
  facet normal 0 0 -1
    outer loop
      vertex 90 230.4 0
      vertex 0 236.4 0
      vertex 184.4 236.4 0
    endloop
  endfacet
  facet normal 0 0 -1
    outer loop
      vertex 3.38589 234.145 0
      vertex 0 236.4 0
      vertex 3.8 234.2 0
    endloop
  endfacet
  facet normal 0 0 -1
    outer loop
      vertex 3 233.986 0
      vertex 0 236.4 0
      vertex 3.38589 234.145 0
    endloop
  endfacet
  facet normal 0 0 -1
    outer loop
      vertex 2.66863 233.731 0
      vertex 0 236.4 0
      vertex 3 233.986 0
    endloop
  endfacet
  facet normal 0 0 -1
    outer loop
      vertex 2.41436 233.4 0
      vertex 0 236.4 0
      vertex 2.66863 233.731 0
    endloop
  endfacet
  facet normal 0 0 -1
    outer loop
      vertex 2.25452 233.014 0
      vertex 0 236.4 0
      vertex 2.41436 233.4 0
    endloop
  endfacet
  facet normal 0 0 -1
    outer loop
      vertex 2.2 232.6 0
      vertex 0 236.4 0
      vertex 2.25452 233.014 0
    endloop
  endfacet
  facet normal 0 0 -1
    outer loop
      vertex 2.25452 232.186 0
      vertex 0 236.4 0
      vertex 2.2 232.6 0
    endloop
  endfacet
  facet normal -1 0 0
    outer loop
      vertex 0 0 0
      vertex 0 236.4 2
      vertex 0 236.4 0
    endloop
  endfacet
  facet normal -1 -0 0
    outer loop
      vertex 0 236.4 2
      vertex 0 0 0
      vertex 0 0 2
    endloop
  endfacet
  facet normal 0 1 -0
    outer loop
      vertex 184.4 236.4 0
      vertex 0 236.4 2
      vertex 184.4 236.4 2
    endloop
  endfacet
  facet normal 0 1 0
    outer loop
      vertex 0 236.4 2
      vertex 184.4 236.4 0
      vertex 0 236.4 0
    endloop
  endfacet
  facet normal 0 -1 0
    outer loop
      vertex 0 0 0
      vertex 184.4 0 2
      vertex 0 0 2
    endloop
  endfacet
  facet normal 0 -1 -0
    outer loop
      vertex 184.4 0 2
      vertex 0 0 0
      vertex 184.4 0 0
    endloop
  endfacet
  facet normal -0.471391 0.881924 0
    outer loop
      vertex 98.1612 11.5887 0
      vertex 97.6598 11.3207 2
      vertex 98.1612 11.5887 2
    endloop
  endfacet
  facet normal -0.471391 0.881924 0
    outer loop
      vertex 97.6598 11.3207 2
      vertex 98.1612 11.5887 0
      vertex 97.6598 11.3207 0
    endloop
  endfacet
  facet normal 0.77293 0.634492 0
    outer loop
      vertex 85.7994 11.9494 2
      vertex 85.4387 12.3888 0
      vertex 85.4387 12.3888 2
    endloop
  endfacet
  facet normal 0.77293 0.634492 0
    outer loop
      vertex 85.4387 12.3888 0
      vertex 85.7994 11.9494 2
      vertex 85.7994 11.9494 0
    endloop
  endfacet
  facet normal -0.77293 0.634492 0
    outer loop
      vertex 98.6006 11.9494 0
      vertex 98.9613 12.3888 2
      vertex 98.9613 12.3888 0
    endloop
  endfacet
  facet normal -0.77293 0.634492 0
    outer loop
      vertex 98.9613 12.3888 2
      vertex 98.6006 11.9494 0
      vertex 98.6006 11.9494 2
    endloop
  endfacet
  facet normal -0.471255 -0.881997 0
    outer loop
      vertex 97.6598 16.6792 0
      vertex 98.1612 16.4113 2
      vertex 97.6598 16.6792 2
    endloop
  endfacet
  facet normal -0.471255 -0.881997 -0
    outer loop
      vertex 98.1612 16.4113 2
      vertex 97.6598 16.6792 0
      vertex 98.1612 16.4113 0
    endloop
  endfacet
  facet normal 0.634492 0.77293 -0
    outer loop
      vertex 86.2388 11.5887 0
      vertex 85.7994 11.9494 2
      vertex 86.2388 11.5887 2
    endloop
  endfacet
  facet normal 0.634492 0.77293 0
    outer loop
      vertex 85.7994 11.9494 2
      vertex 86.2388 11.5887 0
      vertex 85.7994 11.9494 0
    endloop
  endfacet
  facet normal 0.471391 0.881924 -0
    outer loop
      vertex 86.7402 11.3207 0
      vertex 86.2388 11.5887 2
      vertex 86.7402 11.3207 2
    endloop
  endfacet
  facet normal 0.471391 0.881924 0
    outer loop
      vertex 86.2388 11.5887 2
      vertex 86.7402 11.3207 0
      vertex 86.2388 11.5887 0
    endloop
  endfacet
  facet normal 0.290413 -0.956902 0
    outer loop
      vertex 86.7402 16.6792 0
      vertex 87.2842 16.8443 2
      vertex 86.7402 16.6792 2
    endloop
  endfacet
  facet normal 0.290413 -0.956902 0
    outer loop
      vertex 87.2842 16.8443 2
      vertex 86.7402 16.6792 0
      vertex 87.2842 16.8443 0
    endloop
  endfacet
  facet normal -0.881997 0.471255 0
    outer loop
      vertex 98.9613 12.3888 0
      vertex 99.2292 12.8902 2
      vertex 99.2292 12.8902 0
    endloop
  endfacet
  facet normal -0.881997 0.471255 0
    outer loop
      vertex 99.2292 12.8902 2
      vertex 98.9613 12.3888 0
      vertex 98.9613 12.3888 2
    endloop
  endfacet
  facet normal -0.881997 -0.471255 0
    outer loop
      vertex 99.2292 15.1098 0
      vertex 98.9613 15.6112 2
      vertex 98.9613 15.6112 0
    endloop
  endfacet
  facet normal -0.881997 -0.471255 0
    outer loop
      vertex 98.9613 15.6112 2
      vertex 99.2292 15.1098 0
      vertex 99.2292 15.1098 2
    endloop
  endfacet
  facet normal 0 1 -0
    outer loop
      vertex 96.55 11.1 0
      vertex 87.85 11.1 2
      vertex 96.55 11.1 2
    endloop
  endfacet
  facet normal 0 1 0
    outer loop
      vertex 87.85 11.1 2
      vertex 96.55 11.1 0
      vertex 87.85 11.1 0
    endloop
  endfacet
  facet normal -0.0979711 -0.995189 0
    outer loop
      vertex 96.55 16.9 0
      vertex 97.1158 16.8443 2
      vertex 96.55 16.9 2
    endloop
  endfacet
  facet normal -0.0979711 -0.995189 -0
    outer loop
      vertex 97.1158 16.8443 2
      vertex 96.55 16.9 0
      vertex 97.1158 16.8443 0
    endloop
  endfacet
  facet normal 0.881924 -0.471391 0
    outer loop
      vertex 85.1707 15.1098 2
      vertex 85.4387 15.6112 0
      vertex 85.4387 15.6112 2
    endloop
  endfacet
  facet normal 0.881924 -0.471391 0
    outer loop
      vertex 85.4387 15.6112 0
      vertex 85.1707 15.1098 2
      vertex 85.1707 15.1098 0
    endloop
  endfacet
  facet normal 0.290251 0.95695 -0
    outer loop
      vertex 87.2842 11.1557 0
      vertex 86.7402 11.3207 2
      vertex 87.2842 11.1557 2
    endloop
  endfacet
  facet normal 0.290251 0.95695 0
    outer loop
      vertex 86.7402 11.3207 2
      vertex 87.2842 11.1557 0
      vertex 86.7402 11.3207 0
    endloop
  endfacet
  facet normal -0.634492 0.77293 0
    outer loop
      vertex 98.6006 11.9494 0
      vertex 98.1612 11.5887 2
      vertex 98.6006 11.9494 2
    endloop
  endfacet
  facet normal -0.634492 0.77293 0
    outer loop
      vertex 98.1612 11.5887 2
      vertex 98.6006 11.9494 0
      vertex 98.1612 11.5887 0
    endloop
  endfacet
  facet normal -0.290251 0.95695 0
    outer loop
      vertex 97.6598 11.3207 0
      vertex 97.1158 11.1557 2
      vertex 97.6598 11.3207 2
    endloop
  endfacet
  facet normal -0.290251 0.95695 0
    outer loop
      vertex 97.1158 11.1557 2
      vertex 97.6598 11.3207 0
      vertex 97.1158 11.1557 0
    endloop
  endfacet
  facet normal 0.95695 -0.290251 0
    outer loop
      vertex 85.0057 14.5658 2
      vertex 85.1707 15.1098 0
      vertex 85.1707 15.1098 2
    endloop
  endfacet
  facet normal 0.95695 -0.290251 0
    outer loop
      vertex 85.1707 15.1098 0
      vertex 85.0057 14.5658 2
      vertex 85.0057 14.5658 0
    endloop
  endfacet
  facet normal 0.995189 0.0979711 0
    outer loop
      vertex 85.0057 13.4342 2
      vertex 84.95 14 0
      vertex 84.95 14 2
    endloop
  endfacet
  facet normal 0.995189 0.0979711 0
    outer loop
      vertex 84.95 14 0
      vertex 85.0057 13.4342 2
      vertex 85.0057 13.4342 0
    endloop
  endfacet
  facet normal 0 -1 0
    outer loop
      vertex 87.85 16.9 0
      vertex 96.55 16.9 2
      vertex 87.85 16.9 2
    endloop
  endfacet
  facet normal 0 -1 -0
    outer loop
      vertex 96.55 16.9 2
      vertex 87.85 16.9 0
      vertex 96.55 16.9 0
    endloop
  endfacet
  facet normal 0.471255 -0.881997 0
    outer loop
      vertex 86.2388 16.4113 0
      vertex 86.7402 16.6792 2
      vertex 86.2388 16.4113 2
    endloop
  endfacet
  facet normal 0.471255 -0.881997 0
    outer loop
      vertex 86.7402 16.6792 2
      vertex 86.2388 16.4113 0
      vertex 86.7402 16.6792 0
    endloop
  endfacet
  facet normal 0.881924 0.471391 0
    outer loop
      vertex 85.4387 12.3888 2
      vertex 85.1707 12.8902 0
      vertex 85.1707 12.8902 2
    endloop
  endfacet
  facet normal 0.881924 0.471391 0
    outer loop
      vertex 85.1707 12.8902 0
      vertex 85.4387 12.3888 2
      vertex 85.4387 12.3888 0
    endloop
  endfacet
  facet normal -0.995189 -0.0979711 0
    outer loop
      vertex 99.45 14 0
      vertex 99.3943 14.5658 2
      vertex 99.3943 14.5658 0
    endloop
  endfacet
  facet normal -0.995189 -0.0979711 0
    outer loop
      vertex 99.3943 14.5658 2
      vertex 99.45 14 0
      vertex 99.45 14 2
    endloop
  endfacet
  facet normal 0.0979711 0.995189 -0
    outer loop
      vertex 87.85 11.1 0
      vertex 87.2842 11.1557 2
      vertex 87.85 11.1 2
    endloop
  endfacet
  facet normal 0.0979711 0.995189 0
    outer loop
      vertex 87.2842 11.1557 2
      vertex 87.85 11.1 0
      vertex 87.2842 11.1557 0
    endloop
  endfacet
  facet normal -0.956902 -0.290413 0
    outer loop
      vertex 99.3943 14.5658 0
      vertex 99.2292 15.1098 2
      vertex 99.2292 15.1098 0
    endloop
  endfacet
  facet normal -0.956902 -0.290413 0
    outer loop
      vertex 99.2292 15.1098 2
      vertex 99.3943 14.5658 0
      vertex 99.3943 14.5658 2
    endloop
  endfacet
  facet normal -0.77293 -0.634492 0
    outer loop
      vertex 98.9613 15.6112 0
      vertex 98.6006 16.0506 2
      vertex 98.6006 16.0506 0
    endloop
  endfacet
  facet normal -0.77293 -0.634492 0
    outer loop
      vertex 98.6006 16.0506 2
      vertex 98.9613 15.6112 0
      vertex 98.9613 15.6112 2
    endloop
  endfacet
  facet normal -0.995189 0.0979711 0
    outer loop
      vertex 99.3943 13.4342 0
      vertex 99.45 14 2
      vertex 99.45 14 0
    endloop
  endfacet
  facet normal -0.995189 0.0979711 0
    outer loop
      vertex 99.45 14 2
      vertex 99.3943 13.4342 0
      vertex 99.3943 13.4342 2
    endloop
  endfacet
  facet normal -0.956902 0.290413 0
    outer loop
      vertex 99.2292 12.8902 0
      vertex 99.3943 13.4342 2
      vertex 99.3943 13.4342 0
    endloop
  endfacet
  facet normal -0.956902 0.290413 0
    outer loop
      vertex 99.3943 13.4342 2
      vertex 99.2292 12.8902 0
      vertex 99.2292 12.8902 2
    endloop
  endfacet
  facet normal -0.0979711 0.995189 0
    outer loop
      vertex 97.1158 11.1557 0
      vertex 96.55 11.1 2
      vertex 97.1158 11.1557 2
    endloop
  endfacet
  facet normal -0.0979711 0.995189 0
    outer loop
      vertex 96.55 11.1 2
      vertex 97.1158 11.1557 0
      vertex 96.55 11.1 0
    endloop
  endfacet
  facet normal 0.95695 0.290251 0
    outer loop
      vertex 85.1707 12.8902 2
      vertex 85.0057 13.4342 0
      vertex 85.0057 13.4342 2
    endloop
  endfacet
  facet normal 0.95695 0.290251 0
    outer loop
      vertex 85.0057 13.4342 0
      vertex 85.1707 12.8902 2
      vertex 85.1707 12.8902 0
    endloop
  endfacet
  facet normal 0.77293 -0.634492 0
    outer loop
      vertex 85.4387 15.6112 2
      vertex 85.7994 16.0506 0
      vertex 85.7994 16.0506 2
    endloop
  endfacet
  facet normal 0.77293 -0.634492 0
    outer loop
      vertex 85.7994 16.0506 0
      vertex 85.4387 15.6112 2
      vertex 85.4387 15.6112 0
    endloop
  endfacet
  facet normal 0.995189 -0.0979711 0
    outer loop
      vertex 84.95 14 2
      vertex 85.0057 14.5658 0
      vertex 85.0057 14.5658 2
    endloop
  endfacet
  facet normal 0.995189 -0.0979711 0
    outer loop
      vertex 85.0057 14.5658 0
      vertex 84.95 14 2
      vertex 84.95 14 0
    endloop
  endfacet
  facet normal -0.290413 -0.956902 0
    outer loop
      vertex 97.1158 16.8443 0
      vertex 97.6598 16.6792 2
      vertex 97.1158 16.8443 2
    endloop
  endfacet
  facet normal -0.290413 -0.956902 -0
    outer loop
      vertex 97.6598 16.6792 2
      vertex 97.1158 16.8443 0
      vertex 97.6598 16.6792 0
    endloop
  endfacet
  facet normal -0.634492 -0.77293 0
    outer loop
      vertex 98.1612 16.4113 0
      vertex 98.6006 16.0506 2
      vertex 98.1612 16.4113 2
    endloop
  endfacet
  facet normal -0.634492 -0.77293 -0
    outer loop
      vertex 98.6006 16.0506 2
      vertex 98.1612 16.4113 0
      vertex 98.6006 16.0506 0
    endloop
  endfacet
  facet normal 0.634492 -0.77293 0
    outer loop
      vertex 85.7994 16.0506 0
      vertex 86.2388 16.4113 2
      vertex 85.7994 16.0506 2
    endloop
  endfacet
  facet normal 0.634492 -0.77293 0
    outer loop
      vertex 86.2388 16.4113 2
      vertex 85.7994 16.0506 0
      vertex 86.2388 16.4113 0
    endloop
  endfacet
  facet normal 0.0979711 -0.995189 0
    outer loop
      vertex 87.2842 16.8443 0
      vertex 87.85 16.9 2
      vertex 87.2842 16.8443 2
    endloop
  endfacet
  facet normal 0.0979711 -0.995189 0
    outer loop
      vertex 87.85 16.9 2
      vertex 87.2842 16.8443 0
      vertex 87.85 16.9 0
    endloop
  endfacet
endsolid OpenSCAD_Model
