solid OpenSCAD_Model
  facet normal 0.991444 -0.130529 0
    outer loop
      vertex 4 5.6 0.699999
      vertex 4.05452 6.01411 0
      vertex 4.05452 6.01411 0.699999
    endloop
  endfacet
  facet normal 0.991444 -0.130529 0
    outer loop
      vertex 4.05452 6.01411 0
      vertex 4 5.6 0.699999
      vertex 4 5.6 0
    endloop
  endfacet
  facet normal -0.92388 -0.382682 0
    outer loop
      vertex 7.14548 6.01411 0
      vertex 6.98564 6.4 0.699999
      vertex 6.98564 6.4 0
    endloop
  endfacet
  facet normal -0.92388 -0.382682 0
    outer loop
      vertex 6.98564 6.4 0.699999
      vertex 7.14548 6.01411 0
      vertex 7.14548 6.01411 0.699999
    endloop
  endfacet
  facet normal -0.991444 -0.130529 0
    outer loop
      vertex 7.2 5.6 0
      vertex 7.14548 6.01411 0.699999
      vertex 7.14548 6.01411 0
    endloop
  endfacet
  facet normal -0.991444 -0.130529 0
    outer loop
      vertex 7.14548 6.01411 0.699999
      vertex 7.2 5.6 0
      vertex 7.2 5.6 0.699999
    endloop
  endfacet
  facet normal -0.793352 -0.608763 0
    outer loop
      vertex 6.98564 6.4 0
      vertex 6.73137 6.73137 0.699999
      vertex 6.73137 6.73137 0
    endloop
  endfacet
  facet normal -0.793352 -0.608763 0
    outer loop
      vertex 6.73137 6.73137 0.699999
      vertex 6.98564 6.4 0
      vertex 6.98564 6.4 0.699999
    endloop
  endfacet
  facet normal -0.991444 0.130529 0
    outer loop
      vertex 7.14548 5.18589 0
      vertex 7.2 5.6 0.699999
      vertex 7.2 5.6 0
    endloop
  endfacet
  facet normal -0.991444 0.130529 0
    outer loop
      vertex 7.2 5.6 0.699999
      vertex 7.14548 5.18589 0
      vertex 7.14548 5.18589 0.699999
    endloop
  endfacet
  facet normal -0.130529 0.991444 0
    outer loop
      vertex 6.01411 4.05452 0
      vertex 5.6 4 0.699999
      vertex 6.01411 4.05452 0.699999
    endloop
  endfacet
  facet normal -0.130529 0.991444 0
    outer loop
      vertex 5.6 4 0.699999
      vertex 6.01411 4.05452 0
      vertex 5.6 4 0
    endloop
  endfacet
  facet normal 0.92388 -0.382682 0
    outer loop
      vertex 4.05452 6.01411 0.699999
      vertex 4.21436 6.4 0
      vertex 4.21436 6.4 0.699999
    endloop
  endfacet
  facet normal 0.92388 -0.382682 0
    outer loop
      vertex 4.21436 6.4 0
      vertex 4.05452 6.01411 0.699999
      vertex 4.05452 6.01411 0
    endloop
  endfacet
  facet normal -0.608763 0.793352 0
    outer loop
      vertex 6.73137 4.46863 0
      vertex 6.4 4.21436 0.699999
      vertex 6.73137 4.46863 0.699999
    endloop
  endfacet
  facet normal -0.608763 0.793352 0
    outer loop
      vertex 6.4 4.21436 0.699999
      vertex 6.73137 4.46863 0
      vertex 6.4 4.21436 0
    endloop
  endfacet
  facet normal -0.382682 -0.92388 0
    outer loop
      vertex 6.01411 7.14548 0
      vertex 6.4 6.98564 0.699999
      vertex 6.01411 7.14548 0.699999
    endloop
  endfacet
  facet normal -0.382682 -0.92388 -0
    outer loop
      vertex 6.4 6.98564 0.699999
      vertex 6.01411 7.14548 0
      vertex 6.4 6.98564 0
    endloop
  endfacet
  facet normal 0.793352 -0.608763 0
    outer loop
      vertex 4.21436 6.4 0.699999
      vertex 4.46863 6.73137 0
      vertex 4.46863 6.73137 0.699999
    endloop
  endfacet
  facet normal 0.793352 -0.608763 0
    outer loop
      vertex 4.46863 6.73137 0
      vertex 4.21436 6.4 0.699999
      vertex 4.21436 6.4 0
    endloop
  endfacet
  facet normal 0.92388 0.382682 0
    outer loop
      vertex 4.21436 4.8 0.699999
      vertex 4.05452 5.18589 0
      vertex 4.05452 5.18589 0.699999
    endloop
  endfacet
  facet normal 0.92388 0.382682 0
    outer loop
      vertex 4.05452 5.18589 0
      vertex 4.21436 4.8 0.699999
      vertex 4.21436 4.8 0
    endloop
  endfacet
  facet normal -0.130529 -0.991444 0
    outer loop
      vertex 5.6 7.2 0
      vertex 6.01411 7.14548 0.699999
      vertex 5.6 7.2 0.699999
    endloop
  endfacet
  facet normal -0.130529 -0.991444 -0
    outer loop
      vertex 6.01411 7.14548 0.699999
      vertex 5.6 7.2 0
      vertex 6.01411 7.14548 0
    endloop
  endfacet
  facet normal 0.382682 -0.92388 0
    outer loop
      vertex 4.8 6.98564 0
      vertex 5.18589 7.14548 0.699999
      vertex 4.8 6.98564 0.699999
    endloop
  endfacet
  facet normal 0.382682 -0.92388 0
    outer loop
      vertex 5.18589 7.14548 0.699999
      vertex 4.8 6.98564 0
      vertex 5.18589 7.14548 0
    endloop
  endfacet
  facet normal 0.130529 -0.991444 0
    outer loop
      vertex 5.18589 7.14548 0
      vertex 5.6 7.2 0.699999
      vertex 5.18589 7.14548 0.699999
    endloop
  endfacet
  facet normal 0.130529 -0.991444 0
    outer loop
      vertex 5.6 7.2 0.699999
      vertex 5.18589 7.14548 0
      vertex 5.6 7.2 0
    endloop
  endfacet
  facet normal 0.608763 0.793352 -0
    outer loop
      vertex 4.8 4.21436 0
      vertex 4.46863 4.46863 0.699999
      vertex 4.8 4.21436 0.699999
    endloop
  endfacet
  facet normal 0.608763 0.793352 0
    outer loop
      vertex 4.46863 4.46863 0.699999
      vertex 4.8 4.21436 0
      vertex 4.46863 4.46863 0
    endloop
  endfacet
  facet normal 0.608763 -0.793352 0
    outer loop
      vertex 4.46863 6.73137 0
      vertex 4.8 6.98564 0.699999
      vertex 4.46863 6.73137 0.699999
    endloop
  endfacet
  facet normal 0.608763 -0.793352 0
    outer loop
      vertex 4.8 6.98564 0.699999
      vertex 4.46863 6.73137 0
      vertex 4.8 6.98564 0
    endloop
  endfacet
  facet normal -0.92388 0.382682 0
    outer loop
      vertex 6.98564 4.8 0
      vertex 7.14548 5.18589 0.699999
      vertex 7.14548 5.18589 0
    endloop
  endfacet
  facet normal -0.92388 0.382682 0
    outer loop
      vertex 7.14548 5.18589 0.699999
      vertex 6.98564 4.8 0
      vertex 6.98564 4.8 0.699999
    endloop
  endfacet
  facet normal -0.793352 0.608763 0
    outer loop
      vertex 6.73137 4.46863 0
      vertex 6.98564 4.8 0.699999
      vertex 6.98564 4.8 0
    endloop
  endfacet
  facet normal -0.793352 0.608763 0
    outer loop
      vertex 6.98564 4.8 0.699999
      vertex 6.73137 4.46863 0
      vertex 6.73137 4.46863 0.699999
    endloop
  endfacet
  facet normal -0.608763 -0.793352 0
    outer loop
      vertex 6.4 6.98564 0
      vertex 6.73137 6.73137 0.699999
      vertex 6.4 6.98564 0.699999
    endloop
  endfacet
  facet normal -0.608763 -0.793352 -0
    outer loop
      vertex 6.73137 6.73137 0.699999
      vertex 6.4 6.98564 0
      vertex 6.73137 6.73137 0
    endloop
  endfacet
  facet normal 0.991444 0.130529 0
    outer loop
      vertex 4.05452 5.18589 0.699999
      vertex 4 5.6 0
      vertex 4 5.6 0.699999
    endloop
  endfacet
  facet normal 0.991444 0.130529 0
    outer loop
      vertex 4 5.6 0
      vertex 4.05452 5.18589 0.699999
      vertex 4.05452 5.18589 0
    endloop
  endfacet
  facet normal -0.382682 0.92388 0
    outer loop
      vertex 6.4 4.21436 0
      vertex 6.01411 4.05452 0.699999
      vertex 6.4 4.21436 0.699999
    endloop
  endfacet
  facet normal -0.382682 0.92388 0
    outer loop
      vertex 6.01411 4.05452 0.699999
      vertex 6.4 4.21436 0
      vertex 6.01411 4.05452 0
    endloop
  endfacet
  facet normal 0.793352 0.608763 0
    outer loop
      vertex 4.46863 4.46863 0.699999
      vertex 4.21436 4.8 0
      vertex 4.21436 4.8 0.699999
    endloop
  endfacet
  facet normal 0.793352 0.608763 0
    outer loop
      vertex 4.21436 4.8 0
      vertex 4.46863 4.46863 0.699999
      vertex 4.46863 4.46863 0
    endloop
  endfacet
  facet normal 0.382682 0.92388 -0
    outer loop
      vertex 5.18589 4.05452 0
      vertex 4.8 4.21436 0.699999
      vertex 5.18589 4.05452 0.699999
    endloop
  endfacet
  facet normal 0.382682 0.92388 0
    outer loop
      vertex 4.8 4.21436 0.699999
      vertex 5.18589 4.05452 0
      vertex 4.8 4.21436 0
    endloop
  endfacet
  facet normal 0.130529 0.991444 -0
    outer loop
      vertex 5.6 4 0
      vertex 5.18589 4.05452 0.699999
      vertex 5.6 4 0.699999
    endloop
  endfacet
  facet normal 0.130529 0.991444 0
    outer loop
      vertex 5.18589 4.05452 0.699999
      vertex 5.6 4 0
      vertex 5.18589 4.05452 0
    endloop
  endfacet
  facet normal 0.385867 0.502869 0.773453
    outer loop
      vertex 4.8 4.21436 0.699999
      vertex 4.46863 4.46863 0.699999
      vertex 4 2.82872 2
    endloop
  endfacet
  facet normal 0.585605 -0.242564 0.773453
    outer loop
      vertex 4.05452 6.01411 0.699999
      vertex 2.82872 7.2 2
      vertex 2.50904 6.42822 2
    endloop
  endfacet
  facet normal 0.242564 0.585605 0.773453
    outer loop
      vertex 4.77178 2.50904 2
      vertex 5.18589 4.05452 0.699999
      vertex 4 2.82872 2
    endloop
  endfacet
  facet normal 0.502869 -0.385867 0.773453
    outer loop
      vertex 4.21436 6.4 0.699999
      vertex 4.46863 6.73137 0.699999
      vertex 2.82872 7.2 2
    endloop
  endfacet
  facet normal 0.628431 -0.0827366 0.773453
    outer loop
      vertex 2.50904 6.42822 2
      vertex 4 5.6 0.699999
      vertex 4.05452 6.01411 0.699999
    endloop
  endfacet
  facet normal 0.628431 -0.0827366 0.773453
    outer loop
      vertex 4 5.6 0.699999
      vertex 2.50904 6.42822 2
      vertex 2.4 5.6 2
    endloop
  endfacet
  facet normal -0.385867 0.502869 0.773453
    outer loop
      vertex 7.2 2.82872 2
      vertex 7.86274 3.33726 2
      vertex 6.73137 4.46863 0.699999
    endloop
  endfacet
  facet normal 0.502869 -0.385867 0.773453
    outer loop
      vertex 4.46863 6.73137 0.699999
      vertex 3.33726 7.86274 2
      vertex 2.82872 7.2 2
    endloop
  endfacet
  facet normal -0.585605 0.242564 0.773453
    outer loop
      vertex 8.37128 4 2
      vertex 7.14548 5.18589 0.699999
      vertex 6.98564 4.8 0.699999
    endloop
  endfacet
  facet normal -0.502869 0.385867 0.773453
    outer loop
      vertex 7.86274 3.33726 2
      vertex 8.37128 4 2
      vertex 6.73137 4.46863 0.699999
    endloop
  endfacet
  facet normal 0.0827366 -0.628431 0.773453
    outer loop
      vertex 5.6 8.8 2
      vertex 5.18589 7.14548 0.699999
      vertex 5.6 7.2 0.699999
    endloop
  endfacet
  facet normal 0.0827366 -0.628431 0.773453
    outer loop
      vertex 5.18589 7.14548 0.699999
      vertex 5.6 8.8 2
      vertex 4.77178 8.69096 2
    endloop
  endfacet
  facet normal 0.628431 0.0827366 0.773453
    outer loop
      vertex 4 5.6 0.699999
      vertex 2.50904 4.77178 2
      vertex 4.05452 5.18589 0.699999
    endloop
  endfacet
  facet normal 0.628431 0.0827366 0.773453
    outer loop
      vertex 2.50904 4.77178 2
      vertex 4 5.6 0.699999
      vertex 2.4 5.6 2
    endloop
  endfacet
  facet normal -0.585605 -0.242564 0.773453
    outer loop
      vertex 8.69096 6.42822 2
      vertex 8.37128 7.2 2
      vertex 7.14548 6.01411 0.699999
    endloop
  endfacet
  facet normal 0.242564 0.585605 0.773453
    outer loop
      vertex 5.18589 4.05452 0.699999
      vertex 4.8 4.21436 0.699999
      vertex 4 2.82872 2
    endloop
  endfacet
  facet normal -0.585605 0.242564 0.773453
    outer loop
      vertex 8.37128 4 2
      vertex 8.69096 4.77178 2
      vertex 7.14548 5.18589 0.699999
    endloop
  endfacet
  facet normal 0.585605 0.242564 0.773453
    outer loop
      vertex 2.82872 4 2
      vertex 4.05452 5.18589 0.699999
      vertex 2.50904 4.77178 2
    endloop
  endfacet
  facet normal 0.242564 -0.585605 0.773453
    outer loop
      vertex 4.8 6.98564 0.699999
      vertex 5.18589 7.14548 0.699999
      vertex 4 8.37128 2
    endloop
  endfacet
  facet normal 0.385867 -0.502869 0.773453
    outer loop
      vertex 4.46863 6.73137 0.699999
      vertex 4 8.37128 2
      vertex 3.33726 7.86274 2
    endloop
  endfacet
  facet normal -0.242564 0.585605 0.773453
    outer loop
      vertex 7.2 2.82872 2
      vertex 6.4 4.21436 0.699999
      vertex 6.01411 4.05452 0.699999
    endloop
  endfacet
  facet normal -0.242564 0.585605 0.773453
    outer loop
      vertex 6.42822 2.50904 2
      vertex 7.2 2.82872 2
      vertex 6.01411 4.05452 0.699999
    endloop
  endfacet
  facet normal -0.502869 0.385867 0.773453
    outer loop
      vertex 8.37128 4 2
      vertex 6.98564 4.8 0.699999
      vertex 6.73137 4.46863 0.699999
    endloop
  endfacet
  facet normal -0.628431 -0.0827366 0.773453
    outer loop
      vertex 8.69096 6.42822 2
      vertex 7.2 5.6 0.699999
      vertex 8.8 5.6 2
    endloop
  endfacet
  facet normal -0.628431 -0.0827366 0.773453
    outer loop
      vertex 7.2 5.6 0.699999
      vertex 8.69096 6.42822 2
      vertex 7.14548 6.01411 0.699999
    endloop
  endfacet
  facet normal -0.628431 0.0827366 0.773453
    outer loop
      vertex 7.2 5.6 0.699999
      vertex 8.69096 4.77178 2
      vertex 8.8 5.6 2
    endloop
  endfacet
  facet normal -0.628431 0.0827366 0.773453
    outer loop
      vertex 8.69096 4.77178 2
      vertex 7.2 5.6 0.699999
      vertex 7.14548 5.18589 0.699999
    endloop
  endfacet
  facet normal -0.242564 -0.585605 0.773453
    outer loop
      vertex 7.2 8.37128 2
      vertex 6.42822 8.69096 2
      vertex 6.01411 7.14548 0.699999
    endloop
  endfacet
  facet normal 0.385867 -0.502869 0.773453
    outer loop
      vertex 4.46863 6.73137 0.699999
      vertex 4.8 6.98564 0.699999
      vertex 4 8.37128 2
    endloop
  endfacet
  facet normal 0 0 -1
    outer loop
      vertex 8.69096 4.77178 2
      vertex 7.14548 5.18589 2
      vertex 7.2 5.6 2
    endloop
  endfacet
  facet normal 0 0 -1
    outer loop
      vertex 7.86274 3.33726 2
      vertex 6.98564 4.8 2
      vertex 7.14548 5.18589 2
    endloop
  endfacet
  facet normal 0 0 -1
    outer loop
      vertex 7.86274 3.33726 2
      vertex 6.73137 4.46863 2
      vertex 6.98564 4.8 2
    endloop
  endfacet
  facet normal 0 0 -1
    outer loop
      vertex 6.4 4.21436 2
      vertex 7.2 2.82872 2
      vertex 6.42822 2.50904 2
    endloop
  endfacet
  facet normal 0 0 -1
    outer loop
      vertex 7.2 2.82872 2
      vertex 6.4 4.21436 2
      vertex 6.73137 4.46863 2
    endloop
  endfacet
  facet normal 0 0 -1
    outer loop
      vertex 6.42822 2.50904 2
      vertex 6.01411 4.05452 2
      vertex 6.4 4.21436 2
    endloop
  endfacet
  facet normal 0 0 -1
    outer loop
      vertex 5.6 2.4 2
      vertex 6.01411 4.05452 2
      vertex 6.42822 2.50904 2
    endloop
  endfacet
  facet normal 0 0 -1
    outer loop
      vertex 5.6 2.4 2
      vertex 5.6 4 2
      vertex 6.01411 4.05452 2
    endloop
  endfacet
  facet normal 0 0 -1
    outer loop
      vertex 5.6 2.4 2
      vertex 5.18589 4.05452 2
      vertex 5.6 4 2
    endloop
  endfacet
  facet normal 0 0 -1
    outer loop
      vertex 4.77178 2.50904 2
      vertex 5.18589 4.05452 2
      vertex 5.6 2.4 2
    endloop
  endfacet
  facet normal -0 0 -1
    outer loop
      vertex 5.18589 4.05452 2
      vertex 4.77178 2.50904 2
      vertex 4.8 4.21436 2
    endloop
  endfacet
  facet normal 0 0 -1
    outer loop
      vertex 4 2.82872 2
      vertex 4.8 4.21436 2
      vertex 4.77178 2.50904 2
    endloop
  endfacet
  facet normal -0 0 -1
    outer loop
      vertex 4.8 4.21436 2
      vertex 4 2.82872 2
      vertex 4.46863 4.46863 2
    endloop
  endfacet
  facet normal 0 0 -1
    outer loop
      vertex 3.33726 3.33726 2
      vertex 4.46863 4.46863 2
      vertex 4 2.82872 2
    endloop
  endfacet
  facet normal -0 0 -1
    outer loop
      vertex 4.46863 4.46863 2
      vertex 3.33726 3.33726 2
      vertex 4.21436 4.8 2
    endloop
  endfacet
  facet normal 0 0 -1
    outer loop
      vertex 2.82872 4 2
      vertex 4.21436 4.8 2
      vertex 3.33726 3.33726 2
    endloop
  endfacet
  facet normal -0 0 -1
    outer loop
      vertex 4.21436 4.8 2
      vertex 2.82872 4 2
      vertex 4.05452 5.18589 2
    endloop
  endfacet
  facet normal 0 0 -1
    outer loop
      vertex 2.50904 4.77178 2
      vertex 4.05452 5.18589 2
      vertex 2.82872 4 2
    endloop
  endfacet
  facet normal 0 0 -1
    outer loop
      vertex 4 5.6 2
      vertex 3.33726 7.86274 2
      vertex 4 8.37128 2
    endloop
  endfacet
  facet normal -0 0 -1
    outer loop
      vertex 4.05452 5.18589 2
      vertex 2.50904 4.77178 2
      vertex 4 5.6 2
    endloop
  endfacet
  facet normal 0 0 -1
    outer loop
      vertex 4 5.6 2
      vertex 2.82872 7.2 2
      vertex 3.33726 7.86274 2
    endloop
  endfacet
  facet normal 0 0 -1
    outer loop
      vertex 2.4 5.6 2
      vertex 4 5.6 2
      vertex 2.50904 4.77178 2
    endloop
  endfacet
  facet normal 0 0 -1
    outer loop
      vertex 4 5.6 2
      vertex 2.50904 6.42822 2
      vertex 2.82872 7.2 2
    endloop
  endfacet
  facet normal 0 0 -1
    outer loop
      vertex 4 5.6 2
      vertex 2.4 5.6 2
      vertex 2.50904 6.42822 2
    endloop
  endfacet
  facet normal 0 0 -1
    outer loop
      vertex 7.2 5.6 2
      vertex 8.8 5.6 2
      vertex 8.69096 4.77178 2
    endloop
  endfacet
  facet normal 0 0 -1
    outer loop
      vertex 7.14548 5.18589 2
      vertex 8.69096 4.77178 2
      vertex 8.37128 4 2
    endloop
  endfacet
  facet normal 0 0 -1
    outer loop
      vertex 8.8 5.6 2
      vertex 7.2 5.6 2
      vertex 8.69096 6.42822 2
    endloop
  endfacet
  facet normal 0 0 -1
    outer loop
      vertex 7.14548 5.18589 2
      vertex 8.37128 4 2
      vertex 7.86274 3.33726 2
    endloop
  endfacet
  facet normal 0 0 -1
    outer loop
      vertex 7.14548 6.01411 2
      vertex 8.69096 6.42822 2
      vertex 7.2 5.6 2
    endloop
  endfacet
  facet normal 0 0 -1
    outer loop
      vertex 6.73137 4.46863 2
      vertex 7.86274 3.33726 2
      vertex 7.2 2.82872 2
    endloop
  endfacet
  facet normal -0 0 -1
    outer loop
      vertex 8.69096 6.42822 2
      vertex 7.14548 6.01411 2
      vertex 8.37128 7.2 2
    endloop
  endfacet
  facet normal 0 0 -1
    outer loop
      vertex 6.98564 6.4 2
      vertex 8.37128 7.2 2
      vertex 7.14548 6.01411 2
    endloop
  endfacet
  facet normal -0 0 -1
    outer loop
      vertex 8.37128 7.2 2
      vertex 6.98564 6.4 2
      vertex 7.86274 7.86274 2
    endloop
  endfacet
  facet normal 0 0 -1
    outer loop
      vertex 6.73137 6.73137 2
      vertex 7.86274 7.86274 2
      vertex 6.98564 6.4 2
    endloop
  endfacet
  facet normal -0 0 -1
    outer loop
      vertex 7.86274 7.86274 2
      vertex 6.73137 6.73137 2
      vertex 7.2 8.37128 2
    endloop
  endfacet
  facet normal 0 0 -1
    outer loop
      vertex 6.4 6.98564 2
      vertex 7.2 8.37128 2
      vertex 6.73137 6.73137 2
    endloop
  endfacet
  facet normal -0 0 -1
    outer loop
      vertex 7.2 8.37128 2
      vertex 6.4 6.98564 2
      vertex 6.42822 8.69096 2
    endloop
  endfacet
  facet normal 0 0 -1
    outer loop
      vertex 6.01411 7.14548 2
      vertex 6.42822 8.69096 2
      vertex 6.4 6.98564 2
    endloop
  endfacet
  facet normal 0 0 -1
    outer loop
      vertex 5.6 7.2 2
      vertex 6.42822 8.69096 2
      vertex 6.01411 7.14548 2
    endloop
  endfacet
  facet normal 0 0 -1
    outer loop
      vertex 5.6 7.2 2
      vertex 5.6 8.8 2
      vertex 6.42822 8.69096 2
    endloop
  endfacet
  facet normal 0 0 -1
    outer loop
      vertex 5.18589 7.14548 2
      vertex 5.6 8.8 2
      vertex 5.6 7.2 2
    endloop
  endfacet
  facet normal 0 0 -1
    outer loop
      vertex 4.77178 8.69096 2
      vertex 5.18589 7.14548 2
      vertex 4.8 6.98564 2
    endloop
  endfacet
  facet normal 0 0 -1
    outer loop
      vertex 5.18589 7.14548 2
      vertex 4.77178 8.69096 2
      vertex 5.6 8.8 2
    endloop
  endfacet
  facet normal 0 0 -1
    outer loop
      vertex 4 8.37128 2
      vertex 4.8 6.98564 2
      vertex 4.46863 6.73137 2
    endloop
  endfacet
  facet normal 0 0 -1
    outer loop
      vertex 4 8.37128 2
      vertex 4.46863 6.73137 2
      vertex 4.21436 6.4 2
    endloop
  endfacet
  facet normal 0 0 -1
    outer loop
      vertex 4 8.37128 2
      vertex 4.21436 6.4 2
      vertex 4.05452 6.01411 2
    endloop
  endfacet
  facet normal 0 0 -1
    outer loop
      vertex 4.8 6.98564 2
      vertex 4 8.37128 2
      vertex 4.77178 8.69096 2
    endloop
  endfacet
  facet normal 0 0 -1
    outer loop
      vertex 4 8.37128 2
      vertex 4.05452 6.01411 2
      vertex 4 5.6 2
    endloop
  endfacet
  facet normal 0.585605 -0.242564 0.773453
    outer loop
      vertex 4.05452 6.01411 0.699999
      vertex 4.21436 6.4 0.699999
      vertex 2.82872 7.2 2
    endloop
  endfacet
  facet normal -0.385867 -0.502869 0.773453
    outer loop
      vertex 7.86274 7.86274 2
      vertex 7.2 8.37128 2
      vertex 6.73137 6.73137 0.699999
    endloop
  endfacet
  facet normal 0.242564 -0.585605 0.773453
    outer loop
      vertex 5.18589 7.14548 0.699999
      vertex 4.77178 8.69096 2
      vertex 4 8.37128 2
    endloop
  endfacet
  facet normal -0.385867 0.502869 0.773453
    outer loop
      vertex 7.2 2.82872 2
      vertex 6.73137 4.46863 0.699999
      vertex 6.4 4.21436 0.699999
    endloop
  endfacet
  facet normal -0.502869 -0.385867 0.773453
    outer loop
      vertex 8.37128 7.2 2
      vertex 7.86274 7.86274 2
      vertex 6.73137 6.73137 0.699999
    endloop
  endfacet
  facet normal -0.242564 -0.585605 0.773453
    outer loop
      vertex 6.4 6.98564 0.699999
      vertex 7.2 8.37128 2
      vertex 6.01411 7.14548 0.699999
    endloop
  endfacet
  facet normal 0.585605 0.242564 0.773453
    outer loop
      vertex 4.21436 4.8 0.699999
      vertex 4.05452 5.18589 0.699999
      vertex 2.82872 4 2
    endloop
  endfacet
  facet normal 0.502869 0.385867 0.773453
    outer loop
      vertex 3.33726 3.33726 2
      vertex 4.46863 4.46863 0.699999
      vertex 2.82872 4 2
    endloop
  endfacet
  facet normal -0.0827366 -0.628431 0.773453
    outer loop
      vertex 5.6 8.8 2
      vertex 6.01411 7.14548 0.699999
      vertex 6.42822 8.69096 2
    endloop
  endfacet
  facet normal -0.0827366 -0.628431 0.773453
    outer loop
      vertex 6.01411 7.14548 0.699999
      vertex 5.6 8.8 2
      vertex 5.6 7.2 0.699999
    endloop
  endfacet
  facet normal 0.385867 0.502869 0.773453
    outer loop
      vertex 4 2.82872 2
      vertex 4.46863 4.46863 0.699999
      vertex 3.33726 3.33726 2
    endloop
  endfacet
  facet normal -0.0827366 0.628431 0.773453
    outer loop
      vertex 5.6 4 0.699999
      vertex 6.42822 2.50904 2
      vertex 6.01411 4.05452 0.699999
    endloop
  endfacet
  facet normal -0.0827366 0.628431 0.773453
    outer loop
      vertex 6.42822 2.50904 2
      vertex 5.6 4 0.699999
      vertex 5.6 2.4 2
    endloop
  endfacet
  facet normal 0.0827366 0.628431 0.773453
    outer loop
      vertex 5.18589 4.05452 0.699999
      vertex 5.6 2.4 2
      vertex 5.6 4 0.699999
    endloop
  endfacet
  facet normal 0.0827366 0.628431 0.773453
    outer loop
      vertex 5.6 2.4 2
      vertex 5.18589 4.05452 0.699999
      vertex 4.77178 2.50904 2
    endloop
  endfacet
  facet normal -0.502869 -0.385867 0.773453
    outer loop
      vertex 6.98564 6.4 0.699999
      vertex 8.37128 7.2 2
      vertex 6.73137 6.73137 0.699999
    endloop
  endfacet
  facet normal -0.585605 -0.242564 0.773453
    outer loop
      vertex 7.14548 6.01411 0.699999
      vertex 8.37128 7.2 2
      vertex 6.98564 6.4 0.699999
    endloop
  endfacet
  facet normal -0.385867 -0.502869 0.773453
    outer loop
      vertex 6.73137 6.73137 0.699999
      vertex 7.2 8.37128 2
      vertex 6.4 6.98564 0.699999
    endloop
  endfacet
  facet normal 0.502869 0.385867 0.773453
    outer loop
      vertex 4.46863 4.46863 0.699999
      vertex 4.21436 4.8 0.699999
      vertex 2.82872 4 2
    endloop
  endfacet
  facet normal 0.991295 0.131659 0
    outer loop
      vertex 180.855 5.18589 0.699999
      vertex 180.8 5.6 0
      vertex 180.8 5.6 0.699999
    endloop
  endfacet
  facet normal 0.991295 0.131659 0
    outer loop
      vertex 180.8 5.6 0
      vertex 180.855 5.18589 0.699999
      vertex 180.855 5.18589 0
    endloop
  endfacet
  facet normal -0.92459 -0.380963 0
    outer loop
      vertex 183.945 6.01411 0
      vertex 183.786 6.4 0.699999
      vertex 183.786 6.4 0
    endloop
  endfacet
  facet normal -0.92459 -0.380963 0
    outer loop
      vertex 183.786 6.4 0.699999
      vertex 183.945 6.01411 0
      vertex 183.945 6.01411 0.699999
    endloop
  endfacet
  facet normal 0.991295 -0.131659 0
    outer loop
      vertex 180.8 5.6 0.699999
      vertex 180.855 6.01411 0
      vertex 180.855 6.01411 0.699999
    endloop
  endfacet
  facet normal 0.991295 -0.131659 0
    outer loop
      vertex 180.855 6.01411 0
      vertex 180.8 5.6 0.699999
      vertex 180.8 5.6 0
    endloop
  endfacet
  facet normal -0.130564 0.99144 0
    outer loop
      vertex 182.814 4.05452 0
      vertex 182.4 4 0.699999
      vertex 182.814 4.05452 0.699999
    endloop
  endfacet
  facet normal -0.130564 0.99144 0
    outer loop
      vertex 182.4 4 0.699999
      vertex 182.814 4.05452 0
      vertex 182.4 4 0
    endloop
  endfacet
  facet normal 0.130564 -0.99144 0
    outer loop
      vertex 181.986 7.14548 0
      vertex 182.4 7.2 0.699999
      vertex 181.986 7.14548 0.699999
    endloop
  endfacet
  facet normal 0.130564 -0.99144 0
    outer loop
      vertex 182.4 7.2 0.699999
      vertex 181.986 7.14548 0
      vertex 182.4 7.2 0
    endloop
  endfacet
  facet normal 0.792508 -0.609861 0
    outer loop
      vertex 181.014 6.4 0.699999
      vertex 181.269 6.73137 0
      vertex 181.269 6.73137 0.699999
    endloop
  endfacet
  facet normal 0.792508 -0.609861 0
    outer loop
      vertex 181.269 6.73137 0
      vertex 181.014 6.4 0.699999
      vertex 181.014 6.4 0
    endloop
  endfacet
  facet normal -0.991295 0.131659 0
    outer loop
      vertex 183.945 5.18589 0
      vertex 184 5.6 0.699999
      vertex 184 5.6 0
    endloop
  endfacet
  facet normal -0.991295 0.131659 0
    outer loop
      vertex 184 5.6 0.699999
      vertex 183.945 5.18589 0
      vertex 183.945 5.18589 0.699999
    endloop
  endfacet
  facet normal -0.991295 -0.131659 0
    outer loop
      vertex 184 5.6 0
      vertex 183.945 6.01411 0.699999
      vertex 183.945 6.01411 0
    endloop
  endfacet
  facet normal -0.991295 -0.131659 0
    outer loop
      vertex 183.945 6.01411 0.699999
      vertex 184 5.6 0
      vertex 184 5.6 0.699999
    endloop
  endfacet
  facet normal -0.792508 -0.609861 0
    outer loop
      vertex 183.786 6.4 0
      vertex 183.531 6.73137 0.699999
      vertex 183.531 6.73137 0
    endloop
  endfacet
  facet normal -0.792508 -0.609861 0
    outer loop
      vertex 183.531 6.73137 0.699999
      vertex 183.786 6.4 0
      vertex 183.786 6.4 0.699999
    endloop
  endfacet
  facet normal -0.792508 0.609861 0
    outer loop
      vertex 183.531 4.46863 0
      vertex 183.786 4.8 0.699999
      vertex 183.786 4.8 0
    endloop
  endfacet
  facet normal -0.792508 0.609861 0
    outer loop
      vertex 183.786 4.8 0.699999
      vertex 183.531 4.46863 0
      vertex 183.531 4.46863 0.699999
    endloop
  endfacet
  facet normal 0.92459 -0.380963 0
    outer loop
      vertex 180.855 6.01411 0.699999
      vertex 181.014 6.4 0
      vertex 181.014 6.4 0.699999
    endloop
  endfacet
  facet normal 0.92459 -0.380963 0
    outer loop
      vertex 181.014 6.4 0
      vertex 180.855 6.01411 0.699999
      vertex 180.855 6.01411 0
    endloop
  endfacet
  facet normal 0.609191 0.793024 -0
    outer loop
      vertex 181.6 4.21436 0
      vertex 181.269 4.46863 0.699999
      vertex 181.6 4.21436 0.699999
    endloop
  endfacet
  facet normal 0.609191 0.793024 0
    outer loop
      vertex 181.269 4.46863 0.699999
      vertex 181.6 4.21436 0
      vertex 181.269 4.46863 0
    endloop
  endfacet
  facet normal 0.92459 0.380963 0
    outer loop
      vertex 181.014 4.8 0.699999
      vertex 180.855 5.18589 0
      vertex 180.855 5.18589 0.699999
    endloop
  endfacet
  facet normal 0.92459 0.380963 0
    outer loop
      vertex 180.855 5.18589 0
      vertex 181.014 4.8 0.699999
      vertex 181.014 4.8 0
    endloop
  endfacet
  facet normal -0.130564 -0.99144 0
    outer loop
      vertex 182.4 7.2 0
      vertex 182.814 7.14548 0.699999
      vertex 182.4 7.2 0.699999
    endloop
  endfacet
  facet normal -0.130564 -0.99144 -0
    outer loop
      vertex 182.814 7.14548 0.699999
      vertex 182.4 7.2 0
      vertex 182.814 7.14548 0
    endloop
  endfacet
  facet normal -0.382589 -0.923919 0
    outer loop
      vertex 182.814 7.14548 0
      vertex 183.2 6.98564 0.699999
      vertex 182.814 7.14548 0.699999
    endloop
  endfacet
  facet normal -0.382589 -0.923919 -0
    outer loop
      vertex 183.2 6.98564 0.699999
      vertex 182.814 7.14548 0
      vertex 183.2 6.98564 0
    endloop
  endfacet
  facet normal 0.382589 0.923919 -0
    outer loop
      vertex 181.986 4.05452 0
      vertex 181.6 4.21436 0.699999
      vertex 181.986 4.05452 0.699999
    endloop
  endfacet
  facet normal 0.382589 0.923919 0
    outer loop
      vertex 181.6 4.21436 0.699999
      vertex 181.986 4.05452 0
      vertex 181.6 4.21436 0
    endloop
  endfacet
  facet normal 0.382589 -0.923919 0
    outer loop
      vertex 181.6 6.98564 0
      vertex 181.986 7.14548 0.699999
      vertex 181.6 6.98564 0.699999
    endloop
  endfacet
  facet normal 0.382589 -0.923919 0
    outer loop
      vertex 181.986 7.14548 0.699999
      vertex 181.6 6.98564 0
      vertex 181.986 7.14548 0
    endloop
  endfacet
  facet normal 0.130564 0.99144 -0
    outer loop
      vertex 182.4 4 0
      vertex 181.986 4.05452 0.699999
      vertex 182.4 4 0.699999
    endloop
  endfacet
  facet normal 0.130564 0.99144 0
    outer loop
      vertex 181.986 4.05452 0.699999
      vertex 182.4 4 0
      vertex 181.986 4.05452 0
    endloop
  endfacet
  facet normal -0.609191 0.793024 0
    outer loop
      vertex 183.531 4.46863 0
      vertex 183.2 4.21436 0.699999
      vertex 183.531 4.46863 0.699999
    endloop
  endfacet
  facet normal -0.609191 0.793024 0
    outer loop
      vertex 183.2 4.21436 0.699999
      vertex 183.531 4.46863 0
      vertex 183.2 4.21436 0
    endloop
  endfacet
  facet normal 0.792508 0.609861 0
    outer loop
      vertex 181.269 4.46863 0.699999
      vertex 181.014 4.8 0
      vertex 181.014 4.8 0.699999
    endloop
  endfacet
  facet normal 0.792508 0.609861 0
    outer loop
      vertex 181.014 4.8 0
      vertex 181.269 4.46863 0.699999
      vertex 181.269 4.46863 0
    endloop
  endfacet
  facet normal 0.609191 -0.793024 0
    outer loop
      vertex 181.269 6.73137 0
      vertex 181.6 6.98564 0.699999
      vertex 181.269 6.73137 0.699999
    endloop
  endfacet
  facet normal 0.609191 -0.793024 0
    outer loop
      vertex 181.6 6.98564 0.699999
      vertex 181.269 6.73137 0
      vertex 181.6 6.98564 0
    endloop
  endfacet
  facet normal -0.609191 -0.793024 0
    outer loop
      vertex 183.2 6.98564 0
      vertex 183.531 6.73137 0.699999
      vertex 183.2 6.98564 0.699999
    endloop
  endfacet
  facet normal -0.609191 -0.793024 -0
    outer loop
      vertex 183.531 6.73137 0.699999
      vertex 183.2 6.98564 0
      vertex 183.531 6.73137 0
    endloop
  endfacet
  facet normal -0.382589 0.923919 0
    outer loop
      vertex 183.2 4.21436 0
      vertex 182.814 4.05452 0.699999
      vertex 183.2 4.21436 0.699999
    endloop
  endfacet
  facet normal -0.382589 0.923919 0
    outer loop
      vertex 182.814 4.05452 0.699999
      vertex 183.2 4.21436 0
      vertex 182.814 4.05452 0
    endloop
  endfacet
  facet normal -0.92459 0.380963 0
    outer loop
      vertex 183.786 4.8 0
      vertex 183.945 5.18589 0.699999
      vertex 183.945 5.18589 0
    endloop
  endfacet
  facet normal -0.92459 0.380963 0
    outer loop
      vertex 183.945 5.18589 0.699999
      vertex 183.786 4.8 0
      vertex 183.786 4.8 0.699999
    endloop
  endfacet
  facet normal 0.386154 0.502683 0.773431
    outer loop
      vertex 181.6 4.21436 0.699999
      vertex 181.269 4.46863 0.699999
      vertex 180.8 2.82872 2
    endloop
  endfacet
  facet normal 0.58543 -0.242734 0.773532
    outer loop
      vertex 180.855 6.01411 0.699999
      vertex 179.629 7.2 2
      vertex 179.309 6.42822 2
    endloop
  endfacet
  facet normal 0.242507 0.585634 0.773449
    outer loop
      vertex 181.572 2.50904 2
      vertex 181.986 4.05452 0.699999
      vertex 180.8 2.82872 2
    endloop
  endfacet
  facet normal 0.502486 -0.386679 0.773296
    outer loop
      vertex 181.014 6.4 0.699999
      vertex 181.269 6.73137 0.699999
      vertex 179.629 7.2 2
    endloop
  endfacet
  facet normal 0.628158 -0.0834288 0.7736
    outer loop
      vertex 179.309 6.42822 2
      vertex 180.8 5.6 0.699999
      vertex 180.855 6.01411 0.699999
    endloop
  endfacet
  facet normal 0.628432 -0.0827065 0.773455
    outer loop
      vertex 180.8 5.6 0.699999
      vertex 179.309 6.42822 2
      vertex 179.2 5.6 2
    endloop
  endfacet
  facet normal -0.385721 0.502877 0.77352
    outer loop
      vertex 184 2.82872 2
      vertex 184.663 3.33726 2
      vertex 183.531 4.46863 0.699999
    endloop
  endfacet
  facet normal 0.502993 -0.385551 0.77353
    outer loop
      vertex 181.269 6.73137 0.699999
      vertex 180.137 7.86274 2
      vertex 179.629 7.2 2
    endloop
  endfacet
  facet normal -0.586272 0.241564 0.77326
    outer loop
      vertex 185.171 4 2
      vertex 183.945 5.18589 0.699999
      vertex 183.786 4.8 0.699999
    endloop
  endfacet
  facet normal -0.502993 0.385551 0.77353
    outer loop
      vertex 184.663 3.33726 2
      vertex 185.171 4 2
      vertex 183.531 4.46863 0.699999
    endloop
  endfacet
  facet normal 0.0827584 -0.62843 0.773451
    outer loop
      vertex 182.4 8.8 2
      vertex 181.986 7.14548 0.699999
      vertex 182.4 7.2 0.699999
    endloop
  endfacet
  facet normal 0.0827584 -0.62843 0.773451
    outer loop
      vertex 181.986 7.14548 0.699999
      vertex 182.4 8.8 2
      vertex 181.572 8.69096 2
    endloop
  endfacet
  facet normal 0.628158 0.0834288 0.7736
    outer loop
      vertex 180.8 5.6 0.699999
      vertex 179.309 4.77178 2
      vertex 180.855 5.18589 0.699999
    endloop
  endfacet
  facet normal 0.628432 0.0827065 0.773455
    outer loop
      vertex 179.309 4.77178 2
      vertex 180.8 5.6 0.699999
      vertex 179.2 5.6 2
    endloop
  endfacet
  facet normal -0.58543 -0.242734 0.773532
    outer loop
      vertex 185.491 6.42822 2
      vertex 185.171 7.2 2
      vertex 183.945 6.01411 0.699999
    endloop
  endfacet
  facet normal 0.242507 0.585634 0.773449
    outer loop
      vertex 181.986 4.05452 0.699999
      vertex 181.6 4.21436 0.699999
      vertex 180.8 2.82872 2
    endloop
  endfacet
  facet normal -0.58543 0.242734 0.773532
    outer loop
      vertex 185.171 4 2
      vertex 185.491 4.77178 2
      vertex 183.945 5.18589 0.699999
    endloop
  endfacet
  facet normal 0.58543 0.242734 0.773532
    outer loop
      vertex 179.629 4 2
      vertex 180.855 5.18589 0.699999
      vertex 179.309 4.77178 2
    endloop
  endfacet
  facet normal 0.242507 -0.585634 0.773449
    outer loop
      vertex 181.6 6.98564 0.699999
      vertex 181.986 7.14548 0.699999
      vertex 180.8 8.37128 2
    endloop
  endfacet
  facet normal 0.385721 -0.502877 0.77352
    outer loop
      vertex 181.269 6.73137 0.699999
      vertex 180.8 8.37128 2
      vertex 180.137 7.86274 2
    endloop
  endfacet
  facet normal -0.242507 0.585634 0.773449
    outer loop
      vertex 184 2.82872 2
      vertex 183.2 4.21436 0.699999
      vertex 182.814 4.05452 0.699999
    endloop
  endfacet
  facet normal -0.242507 0.585634 0.773449
    outer loop
      vertex 183.228 2.50904 2
      vertex 184 2.82872 2
      vertex 182.814 4.05452 0.699999
    endloop
  endfacet
  facet normal -0.502486 0.386679 0.773296
    outer loop
      vertex 185.171 4 2
      vertex 183.786 4.8 0.699999
      vertex 183.531 4.46863 0.699999
    endloop
  endfacet
  facet normal -0.628432 -0.0827065 0.773455
    outer loop
      vertex 185.491 6.42822 2
      vertex 184 5.6 0.699999
      vertex 185.6 5.6 2
    endloop
  endfacet
  facet normal -0.628158 -0.0834288 0.7736
    outer loop
      vertex 184 5.6 0.699999
      vertex 185.491 6.42822 2
      vertex 183.945 6.01411 0.699999
    endloop
  endfacet
  facet normal -0.628432 0.0827065 0.773455
    outer loop
      vertex 184 5.6 0.699999
      vertex 185.491 4.77178 2
      vertex 185.6 5.6 2
    endloop
  endfacet
  facet normal -0.628158 0.0834288 0.7736
    outer loop
      vertex 185.491 4.77178 2
      vertex 184 5.6 0.699999
      vertex 183.945 5.18589 0.699999
    endloop
  endfacet
  facet normal -0.242507 -0.585634 0.773449
    outer loop
      vertex 184 8.37128 2
      vertex 183.228 8.69096 2
      vertex 182.814 7.14548 0.699999
    endloop
  endfacet
  facet normal 0.386154 -0.502683 0.773431
    outer loop
      vertex 181.269 6.73137 0.699999
      vertex 181.6 6.98564 0.699999
      vertex 180.8 8.37128 2
    endloop
  endfacet
  facet normal 0 0 -1
    outer loop
      vertex 185.491 4.77178 2
      vertex 183.945 5.18589 2
      vertex 184 5.6 2
    endloop
  endfacet
  facet normal 0 0 -1
    outer loop
      vertex 184.663 3.33726 2
      vertex 183.786 4.8 2
      vertex 183.945 5.18589 2
    endloop
  endfacet
  facet normal 0 0 -1
    outer loop
      vertex 184.663 3.33726 2
      vertex 183.531 4.46863 2
      vertex 183.786 4.8 2
    endloop
  endfacet
  facet normal 0 0 -1
    outer loop
      vertex 183.2 4.21436 2
      vertex 184 2.82872 2
      vertex 183.228 2.50904 2
    endloop
  endfacet
  facet normal 0 0 -1
    outer loop
      vertex 184 2.82872 2
      vertex 183.2 4.21436 2
      vertex 183.531 4.46863 2
    endloop
  endfacet
  facet normal 0 0 -1
    outer loop
      vertex 183.228 2.50904 2
      vertex 182.814 4.05452 2
      vertex 183.2 4.21436 2
    endloop
  endfacet
  facet normal 0 0 -1
    outer loop
      vertex 182.4 2.4 2
      vertex 182.814 4.05452 2
      vertex 183.228 2.50904 2
    endloop
  endfacet
  facet normal 0 0 -1
    outer loop
      vertex 182.4 2.4 2
      vertex 182.4 4 2
      vertex 182.814 4.05452 2
    endloop
  endfacet
  facet normal 0 0 -1
    outer loop
      vertex 182.4 2.4 2
      vertex 181.986 4.05452 2
      vertex 182.4 4 2
    endloop
  endfacet
  facet normal 0 0 -1
    outer loop
      vertex 181.572 2.50904 2
      vertex 181.986 4.05452 2
      vertex 182.4 2.4 2
    endloop
  endfacet
  facet normal -0 0 -1
    outer loop
      vertex 181.986 4.05452 2
      vertex 181.572 2.50904 2
      vertex 181.6 4.21436 2
    endloop
  endfacet
  facet normal 0 0 -1
    outer loop
      vertex 180.8 2.82872 2
      vertex 181.6 4.21436 2
      vertex 181.572 2.50904 2
    endloop
  endfacet
  facet normal -0 0 -1
    outer loop
      vertex 181.6 4.21436 2
      vertex 180.8 2.82872 2
      vertex 181.269 4.46863 2
    endloop
  endfacet
  facet normal 0 0 -1
    outer loop
      vertex 180.137 3.33726 2
      vertex 181.269 4.46863 2
      vertex 180.8 2.82872 2
    endloop
  endfacet
  facet normal -0 0 -1
    outer loop
      vertex 181.269 4.46863 2
      vertex 180.137 3.33726 2
      vertex 181.014 4.8 2
    endloop
  endfacet
  facet normal 0 0 -1
    outer loop
      vertex 179.629 4 2
      vertex 181.014 4.8 2
      vertex 180.137 3.33726 2
    endloop
  endfacet
  facet normal -0 0 -1
    outer loop
      vertex 181.014 4.8 2
      vertex 179.629 4 2
      vertex 180.855 5.18589 2
    endloop
  endfacet
  facet normal 0 0 -1
    outer loop
      vertex 179.309 4.77178 2
      vertex 180.855 5.18589 2
      vertex 179.629 4 2
    endloop
  endfacet
  facet normal 0 0 -1
    outer loop
      vertex 180.8 5.6 2
      vertex 180.137 7.86274 2
      vertex 180.8 8.37128 2
    endloop
  endfacet
  facet normal -0 0 -1
    outer loop
      vertex 180.855 5.18589 2
      vertex 179.309 4.77178 2
      vertex 180.8 5.6 2
    endloop
  endfacet
  facet normal 0 0 -1
    outer loop
      vertex 180.8 5.6 2
      vertex 179.629 7.2 2
      vertex 180.137 7.86274 2
    endloop
  endfacet
  facet normal 0 0 -1
    outer loop
      vertex 179.2 5.6 2
      vertex 180.8 5.6 2
      vertex 179.309 4.77178 2
    endloop
  endfacet
  facet normal 0 0 -1
    outer loop
      vertex 180.8 5.6 2
      vertex 179.309 6.42822 2
      vertex 179.629 7.2 2
    endloop
  endfacet
  facet normal 0 0 -1
    outer loop
      vertex 180.8 5.6 2
      vertex 179.2 5.6 2
      vertex 179.309 6.42822 2
    endloop
  endfacet
  facet normal 0 0 -1
    outer loop
      vertex 184 5.6 2
      vertex 185.6 5.6 2
      vertex 185.491 4.77178 2
    endloop
  endfacet
  facet normal 0 0 -1
    outer loop
      vertex 183.945 5.18589 2
      vertex 185.491 4.77178 2
      vertex 185.171 4 2
    endloop
  endfacet
  facet normal 0 0 -1
    outer loop
      vertex 185.6 5.6 2
      vertex 184 5.6 2
      vertex 185.491 6.42822 2
    endloop
  endfacet
  facet normal 0 0 -1
    outer loop
      vertex 183.945 5.18589 2
      vertex 185.171 4 2
      vertex 184.663 3.33726 2
    endloop
  endfacet
  facet normal 0 0 -1
    outer loop
      vertex 183.945 6.01411 2
      vertex 185.491 6.42822 2
      vertex 184 5.6 2
    endloop
  endfacet
  facet normal 0 0 -1
    outer loop
      vertex 183.531 4.46863 2
      vertex 184.663 3.33726 2
      vertex 184 2.82872 2
    endloop
  endfacet
  facet normal -0 0 -1
    outer loop
      vertex 185.491 6.42822 2
      vertex 183.945 6.01411 2
      vertex 185.171 7.2 2
    endloop
  endfacet
  facet normal 0 0 -1
    outer loop
      vertex 183.786 6.4 2
      vertex 185.171 7.2 2
      vertex 183.945 6.01411 2
    endloop
  endfacet
  facet normal -0 0 -1
    outer loop
      vertex 185.171 7.2 2
      vertex 183.786 6.4 2
      vertex 184.663 7.86274 2
    endloop
  endfacet
  facet normal 0 0 -1
    outer loop
      vertex 183.531 6.73137 2
      vertex 184.663 7.86274 2
      vertex 183.786 6.4 2
    endloop
  endfacet
  facet normal -0 0 -1
    outer loop
      vertex 184.663 7.86274 2
      vertex 183.531 6.73137 2
      vertex 184 8.37128 2
    endloop
  endfacet
  facet normal 0 0 -1
    outer loop
      vertex 183.2 6.98564 2
      vertex 184 8.37128 2
      vertex 183.531 6.73137 2
    endloop
  endfacet
  facet normal -0 0 -1
    outer loop
      vertex 184 8.37128 2
      vertex 183.2 6.98564 2
      vertex 183.228 8.69096 2
    endloop
  endfacet
  facet normal 0 0 -1
    outer loop
      vertex 182.814 7.14548 2
      vertex 183.228 8.69096 2
      vertex 183.2 6.98564 2
    endloop
  endfacet
  facet normal 0 0 -1
    outer loop
      vertex 182.4 7.2 2
      vertex 183.228 8.69096 2
      vertex 182.814 7.14548 2
    endloop
  endfacet
  facet normal 0 0 -1
    outer loop
      vertex 182.4 7.2 2
      vertex 182.4 8.8 2
      vertex 183.228 8.69096 2
    endloop
  endfacet
  facet normal 0 0 -1
    outer loop
      vertex 181.986 7.14548 2
      vertex 182.4 8.8 2
      vertex 182.4 7.2 2
    endloop
  endfacet
  facet normal 0 0 -1
    outer loop
      vertex 181.572 8.69096 2
      vertex 181.986 7.14548 2
      vertex 181.6 6.98564 2
    endloop
  endfacet
  facet normal 0 0 -1
    outer loop
      vertex 181.986 7.14548 2
      vertex 181.572 8.69096 2
      vertex 182.4 8.8 2
    endloop
  endfacet
  facet normal 0 0 -1
    outer loop
      vertex 180.8 8.37128 2
      vertex 181.6 6.98564 2
      vertex 181.269 6.73137 2
    endloop
  endfacet
  facet normal 0 0 -1
    outer loop
      vertex 180.8 8.37128 2
      vertex 181.269 6.73137 2
      vertex 181.014 6.4 2
    endloop
  endfacet
  facet normal 0 0 -1
    outer loop
      vertex 180.8 8.37128 2
      vertex 181.014 6.4 2
      vertex 180.855 6.01411 2
    endloop
  endfacet
  facet normal 0 0 -1
    outer loop
      vertex 181.6 6.98564 2
      vertex 180.8 8.37128 2
      vertex 181.572 8.69096 2
    endloop
  endfacet
  facet normal 0 0 -1
    outer loop
      vertex 180.8 8.37128 2
      vertex 180.855 6.01411 2
      vertex 180.8 5.6 2
    endloop
  endfacet
  facet normal 0.586272 -0.241564 0.77326
    outer loop
      vertex 180.855 6.01411 0.699999
      vertex 181.014 6.4 0.699999
      vertex 179.629 7.2 2
    endloop
  endfacet
  facet normal -0.385721 -0.502877 0.77352
    outer loop
      vertex 184.663 7.86274 2
      vertex 184 8.37128 2
      vertex 183.531 6.73137 0.699999
    endloop
  endfacet
  facet normal 0.242507 -0.585634 0.773449
    outer loop
      vertex 181.986 7.14548 0.699999
      vertex 181.572 8.69096 2
      vertex 180.8 8.37128 2
    endloop
  endfacet
  facet normal -0.386154 0.502683 0.773431
    outer loop
      vertex 184 2.82872 2
      vertex 183.531 4.46863 0.699999
      vertex 183.2 4.21436 0.699999
    endloop
  endfacet
  facet normal -0.502993 -0.385551 0.77353
    outer loop
      vertex 185.171 7.2 2
      vertex 184.663 7.86274 2
      vertex 183.531 6.73137 0.699999
    endloop
  endfacet
  facet normal -0.242507 -0.585634 0.773449
    outer loop
      vertex 183.2 6.98564 0.699999
      vertex 184 8.37128 2
      vertex 182.814 7.14548 0.699999
    endloop
  endfacet
  facet normal 0.586272 0.241564 0.77326
    outer loop
      vertex 181.014 4.8 0.699999
      vertex 180.855 5.18589 0.699999
      vertex 179.629 4 2
    endloop
  endfacet
  facet normal 0.502993 0.385551 0.77353
    outer loop
      vertex 180.137 3.33726 2
      vertex 181.269 4.46863 0.699999
      vertex 179.629 4 2
    endloop
  endfacet
  facet normal -0.0827584 -0.62843 0.773451
    outer loop
      vertex 182.4 8.8 2
      vertex 182.814 7.14548 0.699999
      vertex 183.228 8.69096 2
    endloop
  endfacet
  facet normal -0.0827584 -0.62843 0.773451
    outer loop
      vertex 182.814 7.14548 0.699999
      vertex 182.4 8.8 2
      vertex 182.4 7.2 0.699999
    endloop
  endfacet
  facet normal 0.385721 0.502877 0.77352
    outer loop
      vertex 180.8 2.82872 2
      vertex 181.269 4.46863 0.699999
      vertex 180.137 3.33726 2
    endloop
  endfacet
  facet normal -0.0827584 0.62843 0.773451
    outer loop
      vertex 182.4 4 0.699999
      vertex 183.228 2.50904 2
      vertex 182.814 4.05452 0.699999
    endloop
  endfacet
  facet normal -0.0827584 0.62843 0.773451
    outer loop
      vertex 183.228 2.50904 2
      vertex 182.4 4 0.699999
      vertex 182.4 2.4 2
    endloop
  endfacet
  facet normal 0.0827584 0.62843 0.773451
    outer loop
      vertex 181.986 4.05452 0.699999
      vertex 182.4 2.4 2
      vertex 182.4 4 0.699999
    endloop
  endfacet
  facet normal 0.0827584 0.62843 0.773451
    outer loop
      vertex 182.4 2.4 2
      vertex 181.986 4.05452 0.699999
      vertex 181.572 2.50904 2
    endloop
  endfacet
  facet normal -0.502486 -0.386679 0.773296
    outer loop
      vertex 183.786 6.4 0.699999
      vertex 185.171 7.2 2
      vertex 183.531 6.73137 0.699999
    endloop
  endfacet
  facet normal -0.586272 -0.241564 0.77326
    outer loop
      vertex 183.945 6.01411 0.699999
      vertex 185.171 7.2 2
      vertex 183.786 6.4 0.699999
    endloop
  endfacet
  facet normal -0.386154 -0.502683 0.773431
    outer loop
      vertex 183.531 6.73137 0.699999
      vertex 184 8.37128 2
      vertex 183.2 6.98564 0.699999
    endloop
  endfacet
  facet normal 0.502486 0.386679 0.773296
    outer loop
      vertex 181.269 4.46863 0.699999
      vertex 181.014 4.8 0.699999
      vertex 179.629 4 2
    endloop
  endfacet
  facet normal 0.99144 -0.130564 0
    outer loop
      vertex 4 234.4 0.699999
      vertex 4.05452 234.814 0
      vertex 4.05452 234.814 0.699999
    endloop
  endfacet
  facet normal 0.99144 -0.130564 0
    outer loop
      vertex 4.05452 234.814 0
      vertex 4 234.4 0.699999
      vertex 4 234.4 0
    endloop
  endfacet
  facet normal -0.923919 -0.382589 0
    outer loop
      vertex 7.14548 234.814 0
      vertex 6.98564 235.2 0.699999
      vertex 6.98564 235.2 0
    endloop
  endfacet
  facet normal -0.923919 -0.382589 0
    outer loop
      vertex 6.98564 235.2 0.699999
      vertex 7.14548 234.814 0
      vertex 7.14548 234.814 0.699999
    endloop
  endfacet
  facet normal -0.99144 -0.130564 0
    outer loop
      vertex 7.2 234.4 0
      vertex 7.14548 234.814 0.699999
      vertex 7.14548 234.814 0
    endloop
  endfacet
  facet normal -0.99144 -0.130564 0
    outer loop
      vertex 7.14548 234.814 0.699999
      vertex 7.2 234.4 0
      vertex 7.2 234.4 0.699999
    endloop
  endfacet
  facet normal -0.793024 -0.609191 0
    outer loop
      vertex 6.98564 235.2 0
      vertex 6.73137 235.531 0.699999
      vertex 6.73137 235.531 0
    endloop
  endfacet
  facet normal -0.793024 -0.609191 0
    outer loop
      vertex 6.73137 235.531 0.699999
      vertex 6.98564 235.2 0
      vertex 6.98564 235.2 0.699999
    endloop
  endfacet
  facet normal -0.99144 0.130564 0
    outer loop
      vertex 7.14548 233.986 0
      vertex 7.2 234.4 0.699999
      vertex 7.2 234.4 0
    endloop
  endfacet
  facet normal -0.99144 0.130564 0
    outer loop
      vertex 7.2 234.4 0.699999
      vertex 7.14548 233.986 0
      vertex 7.14548 233.986 0.699999
    endloop
  endfacet
  facet normal -0.131659 0.991295 0
    outer loop
      vertex 6.01411 232.855 0
      vertex 5.6 232.8 0.699999
      vertex 6.01411 232.855 0.699999
    endloop
  endfacet
  facet normal -0.131659 0.991295 0
    outer loop
      vertex 5.6 232.8 0.699999
      vertex 6.01411 232.855 0
      vertex 5.6 232.8 0
    endloop
  endfacet
  facet normal 0.923919 -0.382589 0
    outer loop
      vertex 4.05452 234.814 0.699999
      vertex 4.21436 235.2 0
      vertex 4.21436 235.2 0.699999
    endloop
  endfacet
  facet normal 0.923919 -0.382589 0
    outer loop
      vertex 4.21436 235.2 0
      vertex 4.05452 234.814 0.699999
      vertex 4.05452 234.814 0
    endloop
  endfacet
  facet normal -0.609861 0.792508 0
    outer loop
      vertex 6.73137 233.269 0
      vertex 6.4 233.014 0.699999
      vertex 6.73137 233.269 0.699999
    endloop
  endfacet
  facet normal -0.609861 0.792508 0
    outer loop
      vertex 6.4 233.014 0.699999
      vertex 6.73137 233.269 0
      vertex 6.4 233.014 0
    endloop
  endfacet
  facet normal -0.380963 -0.92459 0
    outer loop
      vertex 6.01411 235.945 0
      vertex 6.4 235.786 0.699999
      vertex 6.01411 235.945 0.699999
    endloop
  endfacet
  facet normal -0.380963 -0.92459 -0
    outer loop
      vertex 6.4 235.786 0.699999
      vertex 6.01411 235.945 0
      vertex 6.4 235.786 0
    endloop
  endfacet
  facet normal 0.793024 -0.609191 0
    outer loop
      vertex 4.21436 235.2 0.699999
      vertex 4.46863 235.531 0
      vertex 4.46863 235.531 0.699999
    endloop
  endfacet
  facet normal 0.793024 -0.609191 0
    outer loop
      vertex 4.46863 235.531 0
      vertex 4.21436 235.2 0.699999
      vertex 4.21436 235.2 0
    endloop
  endfacet
  facet normal 0.923919 0.382589 0
    outer loop
      vertex 4.21436 233.6 0.699999
      vertex 4.05452 233.986 0
      vertex 4.05452 233.986 0.699999
    endloop
  endfacet
  facet normal 0.923919 0.382589 0
    outer loop
      vertex 4.05452 233.986 0
      vertex 4.21436 233.6 0.699999
      vertex 4.21436 233.6 0
    endloop
  endfacet
  facet normal -0.131659 -0.991295 0
    outer loop
      vertex 5.6 236 0
      vertex 6.01411 235.945 0.699999
      vertex 5.6 236 0.699999
    endloop
  endfacet
  facet normal -0.131659 -0.991295 -0
    outer loop
      vertex 6.01411 235.945 0.699999
      vertex 5.6 236 0
      vertex 6.01411 235.945 0
    endloop
  endfacet
  facet normal 0.380963 -0.92459 0
    outer loop
      vertex 4.8 235.786 0
      vertex 5.18589 235.945 0.699999
      vertex 4.8 235.786 0.699999
    endloop
  endfacet
  facet normal 0.380963 -0.92459 0
    outer loop
      vertex 5.18589 235.945 0.699999
      vertex 4.8 235.786 0
      vertex 5.18589 235.945 0
    endloop
  endfacet
  facet normal 0.131659 -0.991295 0
    outer loop
      vertex 5.18589 235.945 0
      vertex 5.6 236 0.699999
      vertex 5.18589 235.945 0.699999
    endloop
  endfacet
  facet normal 0.131659 -0.991295 0
    outer loop
      vertex 5.6 236 0.699999
      vertex 5.18589 235.945 0
      vertex 5.6 236 0
    endloop
  endfacet
  facet normal 0.609861 0.792508 -0
    outer loop
      vertex 4.8 233.014 0
      vertex 4.46863 233.269 0.699999
      vertex 4.8 233.014 0.699999
    endloop
  endfacet
  facet normal 0.609861 0.792508 0
    outer loop
      vertex 4.46863 233.269 0.699999
      vertex 4.8 233.014 0
      vertex 4.46863 233.269 0
    endloop
  endfacet
  facet normal 0.609861 -0.792508 0
    outer loop
      vertex 4.46863 235.531 0
      vertex 4.8 235.786 0.699999
      vertex 4.46863 235.531 0.699999
    endloop
  endfacet
  facet normal 0.609861 -0.792508 0
    outer loop
      vertex 4.8 235.786 0.699999
      vertex 4.46863 235.531 0
      vertex 4.8 235.786 0
    endloop
  endfacet
  facet normal -0.923919 0.382589 0
    outer loop
      vertex 6.98564 233.6 0
      vertex 7.14548 233.986 0.699999
      vertex 7.14548 233.986 0
    endloop
  endfacet
  facet normal -0.923919 0.382589 0
    outer loop
      vertex 7.14548 233.986 0.699999
      vertex 6.98564 233.6 0
      vertex 6.98564 233.6 0.699999
    endloop
  endfacet
  facet normal -0.793024 0.609191 0
    outer loop
      vertex 6.73137 233.269 0
      vertex 6.98564 233.6 0.699999
      vertex 6.98564 233.6 0
    endloop
  endfacet
  facet normal -0.793024 0.609191 0
    outer loop
      vertex 6.98564 233.6 0.699999
      vertex 6.73137 233.269 0
      vertex 6.73137 233.269 0.699999
    endloop
  endfacet
  facet normal -0.609861 -0.792508 0
    outer loop
      vertex 6.4 235.786 0
      vertex 6.73137 235.531 0.699999
      vertex 6.4 235.786 0.699999
    endloop
  endfacet
  facet normal -0.609861 -0.792508 -0
    outer loop
      vertex 6.73137 235.531 0.699999
      vertex 6.4 235.786 0
      vertex 6.73137 235.531 0
    endloop
  endfacet
  facet normal 0.99144 0.130564 0
    outer loop
      vertex 4.05452 233.986 0.699999
      vertex 4 234.4 0
      vertex 4 234.4 0.699999
    endloop
  endfacet
  facet normal 0.99144 0.130564 0
    outer loop
      vertex 4 234.4 0
      vertex 4.05452 233.986 0.699999
      vertex 4.05452 233.986 0
    endloop
  endfacet
  facet normal -0.380963 0.92459 0
    outer loop
      vertex 6.4 233.014 0
      vertex 6.01411 232.855 0.699999
      vertex 6.4 233.014 0.699999
    endloop
  endfacet
  facet normal -0.380963 0.92459 0
    outer loop
      vertex 6.01411 232.855 0.699999
      vertex 6.4 233.014 0
      vertex 6.01411 232.855 0
    endloop
  endfacet
  facet normal 0.793024 0.609191 0
    outer loop
      vertex 4.46863 233.269 0.699999
      vertex 4.21436 233.6 0
      vertex 4.21436 233.6 0.699999
    endloop
  endfacet
  facet normal 0.793024 0.609191 0
    outer loop
      vertex 4.21436 233.6 0
      vertex 4.46863 233.269 0.699999
      vertex 4.46863 233.269 0
    endloop
  endfacet
  facet normal 0.380963 0.92459 -0
    outer loop
      vertex 5.18589 232.855 0
      vertex 4.8 233.014 0.699999
      vertex 5.18589 232.855 0.699999
    endloop
  endfacet
  facet normal 0.380963 0.92459 0
    outer loop
      vertex 4.8 233.014 0.699999
      vertex 5.18589 232.855 0
      vertex 4.8 233.014 0
    endloop
  endfacet
  facet normal 0.131659 0.991295 -0
    outer loop
      vertex 5.6 232.8 0
      vertex 5.18589 232.855 0.699999
      vertex 5.6 232.8 0.699999
    endloop
  endfacet
  facet normal 0.131659 0.991295 0
    outer loop
      vertex 5.18589 232.855 0.699999
      vertex 5.6 232.8 0
      vertex 5.18589 232.855 0
    endloop
  endfacet
  facet normal 0.386679 0.502486 0.773296
    outer loop
      vertex 4.8 233.014 0.699999
      vertex 4.46863 233.269 0.699999
      vertex 4 231.629 2
    endloop
  endfacet
  facet normal 0.585634 -0.242507 0.773449
    outer loop
      vertex 4.05452 234.814 0.699999
      vertex 2.82872 236 2
      vertex 2.50904 235.228 2
    endloop
  endfacet
  facet normal 0.242734 0.58543 0.773532
    outer loop
      vertex 4.77178 231.309 2
      vertex 5.18589 232.855 0.699999
      vertex 4 231.629 2
    endloop
  endfacet
  facet normal 0.502683 -0.386154 0.773431
    outer loop
      vertex 4.21436 235.2 0.699999
      vertex 4.46863 235.531 0.699999
      vertex 2.82872 236 2
    endloop
  endfacet
  facet normal 0.62843 -0.0827584 0.773451
    outer loop
      vertex 2.50904 235.228 2
      vertex 4 234.4 0.699999
      vertex 4.05452 234.814 0.699999
    endloop
  endfacet
  facet normal 0.62843 -0.0827584 0.773451
    outer loop
      vertex 4 234.4 0.699999
      vertex 2.50904 235.228 2
      vertex 2.4 234.4 2
    endloop
  endfacet
  facet normal -0.385551 0.502993 0.77353
    outer loop
      vertex 7.2 231.629 2
      vertex 7.86274 232.137 2
      vertex 6.73137 233.269 0.699999
    endloop
  endfacet
  facet normal 0.502877 -0.385721 0.77352
    outer loop
      vertex 4.46863 235.531 0.699999
      vertex 3.33726 236.663 2
      vertex 2.82872 236 2
    endloop
  endfacet
  facet normal -0.585634 0.242507 0.773449
    outer loop
      vertex 8.37128 232.8 2
      vertex 7.14548 233.986 0.699999
      vertex 6.98564 233.6 0.699999
    endloop
  endfacet
  facet normal -0.502877 0.385721 0.77352
    outer loop
      vertex 7.86274 232.137 2
      vertex 8.37128 232.8 2
      vertex 6.73137 233.269 0.699999
    endloop
  endfacet
  facet normal 0.08346 -0.628393 0.773406
    outer loop
      vertex 5.6 237.6 2
      vertex 5.18589 235.945 0.699999
      vertex 5.6 236 0.699999
    endloop
  endfacet
  facet normal 0.082691 -0.628315 0.773552
    outer loop
      vertex 5.18589 235.945 0.699999
      vertex 5.6 237.6 2
      vertex 4.77178 237.491 2
    endloop
  endfacet
  facet normal -0.585634 -0.242507 0.773449
    outer loop
      vertex 8.69096 235.228 2
      vertex 8.37128 236 2
      vertex 7.14548 234.814 0.699999
    endloop
  endfacet
  facet normal 0.241564 0.586272 0.77326
    outer loop
      vertex 5.18589 232.855 0.699999
      vertex 4.8 233.014 0.699999
      vertex 4 231.629 2
    endloop
  endfacet
  facet normal -0.585634 0.242507 0.773449
    outer loop
      vertex 8.37128 232.8 2
      vertex 8.69096 233.572 2
      vertex 7.14548 233.986 0.699999
    endloop
  endfacet
  facet normal 0.585634 0.242507 0.773449
    outer loop
      vertex 2.82872 232.8 2
      vertex 4.05452 233.986 0.699999
      vertex 2.50904 233.572 2
    endloop
  endfacet
  facet normal 0.241564 -0.586272 0.77326
    outer loop
      vertex 4.8 235.786 0.699999
      vertex 5.18589 235.945 0.699999
      vertex 4 237.171 2
    endloop
  endfacet
  facet normal 0.385551 -0.502993 0.77353
    outer loop
      vertex 4.46863 235.531 0.699999
      vertex 4 237.171 2
      vertex 3.33726 236.663 2
    endloop
  endfacet
  facet normal -0.241564 0.586272 0.77326
    outer loop
      vertex 7.2 231.629 2
      vertex 6.4 233.014 0.699999
      vertex 6.01411 232.855 0.699999
    endloop
  endfacet
  facet normal -0.242734 0.58543 0.773532
    outer loop
      vertex 6.42822 231.309 2
      vertex 7.2 231.629 2
      vertex 6.01411 232.855 0.699999
    endloop
  endfacet
  facet normal -0.502683 0.386154 0.773431
    outer loop
      vertex 8.37128 232.8 2
      vertex 6.98564 233.6 0.699999
      vertex 6.73137 233.269 0.699999
    endloop
  endfacet
  facet normal -0.62843 -0.0827584 0.773451
    outer loop
      vertex 8.69096 235.228 2
      vertex 7.2 234.4 0.699999
      vertex 8.8 234.4 2
    endloop
  endfacet
  facet normal -0.62843 -0.0827584 0.773451
    outer loop
      vertex 7.2 234.4 0.699999
      vertex 8.69096 235.228 2
      vertex 7.14548 234.814 0.699999
    endloop
  endfacet
  facet normal -0.62843 0.0827584 0.773451
    outer loop
      vertex 7.2 234.4 0.699999
      vertex 8.69096 233.572 2
      vertex 8.8 234.4 2
    endloop
  endfacet
  facet normal -0.62843 0.0827584 0.773451
    outer loop
      vertex 8.69096 233.572 2
      vertex 7.2 234.4 0.699999
      vertex 7.14548 233.986 0.699999
    endloop
  endfacet
  facet normal -0.242734 -0.58543 0.773532
    outer loop
      vertex 7.2 237.171 2
      vertex 6.42822 237.491 2
      vertex 6.01411 235.945 0.699999
    endloop
  endfacet
  facet normal 0.386679 -0.502486 0.773296
    outer loop
      vertex 4.46863 235.531 0.699999
      vertex 4.8 235.786 0.699999
      vertex 4 237.171 2
    endloop
  endfacet
  facet normal 0 0 -1
    outer loop
      vertex 8.69096 233.572 2
      vertex 7.14548 233.986 2
      vertex 7.2 234.4 2
    endloop
  endfacet
  facet normal 0 0 -1
    outer loop
      vertex 7.86274 232.137 2
      vertex 6.98564 233.6 2
      vertex 7.14548 233.986 2
    endloop
  endfacet
  facet normal 0 0 -1
    outer loop
      vertex 7.86274 232.137 2
      vertex 6.73137 233.269 2
      vertex 6.98564 233.6 2
    endloop
  endfacet
  facet normal 0 0 -1
    outer loop
      vertex 6.4 233.014 2
      vertex 7.2 231.629 2
      vertex 6.42822 231.309 2
    endloop
  endfacet
  facet normal 0 0 -1
    outer loop
      vertex 7.2 231.629 2
      vertex 6.4 233.014 2
      vertex 6.73137 233.269 2
    endloop
  endfacet
  facet normal 0 0 -1
    outer loop
      vertex 6.42822 231.309 2
      vertex 6.01411 232.855 2
      vertex 6.4 233.014 2
    endloop
  endfacet
  facet normal 0 0 -1
    outer loop
      vertex 5.6 231.2 2
      vertex 6.01411 232.855 2
      vertex 6.42822 231.309 2
    endloop
  endfacet
  facet normal 0 0 -1
    outer loop
      vertex 5.6 231.2 2
      vertex 5.6 232.8 2
      vertex 6.01411 232.855 2
    endloop
  endfacet
  facet normal 0 0 -1
    outer loop
      vertex 5.6 231.2 2
      vertex 5.18589 232.855 2
      vertex 5.6 232.8 2
    endloop
  endfacet
  facet normal 0 0 -1
    outer loop
      vertex 4.77178 231.309 2
      vertex 5.18589 232.855 2
      vertex 5.6 231.2 2
    endloop
  endfacet
  facet normal -0 0 -1
    outer loop
      vertex 5.18589 232.855 2
      vertex 4.77178 231.309 2
      vertex 4.8 233.014 2
    endloop
  endfacet
  facet normal 0 0 -1
    outer loop
      vertex 4 231.629 2
      vertex 4.8 233.014 2
      vertex 4.77178 231.309 2
    endloop
  endfacet
  facet normal -0 0 -1
    outer loop
      vertex 4.8 233.014 2
      vertex 4 231.629 2
      vertex 4.46863 233.269 2
    endloop
  endfacet
  facet normal 0 0 -1
    outer loop
      vertex 3.33726 232.137 2
      vertex 4.46863 233.269 2
      vertex 4 231.629 2
    endloop
  endfacet
  facet normal -0 0 -1
    outer loop
      vertex 4.46863 233.269 2
      vertex 3.33726 232.137 2
      vertex 4.21436 233.6 2
    endloop
  endfacet
  facet normal 0 0 -1
    outer loop
      vertex 2.82872 232.8 2
      vertex 4.21436 233.6 2
      vertex 3.33726 232.137 2
    endloop
  endfacet
  facet normal -0 0 -1
    outer loop
      vertex 4.21436 233.6 2
      vertex 2.82872 232.8 2
      vertex 4.05452 233.986 2
    endloop
  endfacet
  facet normal 0 0 -1
    outer loop
      vertex 2.50904 233.572 2
      vertex 4.05452 233.986 2
      vertex 2.82872 232.8 2
    endloop
  endfacet
  facet normal 0 0 -1
    outer loop
      vertex 4 234.4 2
      vertex 3.33726 236.663 2
      vertex 4 237.171 2
    endloop
  endfacet
  facet normal -0 0 -1
    outer loop
      vertex 4.05452 233.986 2
      vertex 2.50904 233.572 2
      vertex 4 234.4 2
    endloop
  endfacet
  facet normal 0 0 -1
    outer loop
      vertex 4 234.4 2
      vertex 2.82872 236 2
      vertex 3.33726 236.663 2
    endloop
  endfacet
  facet normal 0 0 -1
    outer loop
      vertex 2.4 234.4 2
      vertex 4 234.4 2
      vertex 2.50904 233.572 2
    endloop
  endfacet
  facet normal 0 0 -1
    outer loop
      vertex 4 234.4 2
      vertex 2.50904 235.228 2
      vertex 2.82872 236 2
    endloop
  endfacet
  facet normal 0 0 -1
    outer loop
      vertex 4 234.4 2
      vertex 2.4 234.4 2
      vertex 2.50904 235.228 2
    endloop
  endfacet
  facet normal 0 0 -1
    outer loop
      vertex 7.2 234.4 2
      vertex 8.8 234.4 2
      vertex 8.69096 233.572 2
    endloop
  endfacet
  facet normal 0 0 -1
    outer loop
      vertex 7.14548 233.986 2
      vertex 8.69096 233.572 2
      vertex 8.37128 232.8 2
    endloop
  endfacet
  facet normal 0 0 -1
    outer loop
      vertex 8.8 234.4 2
      vertex 7.2 234.4 2
      vertex 8.69096 235.228 2
    endloop
  endfacet
  facet normal 0 0 -1
    outer loop
      vertex 7.14548 233.986 2
      vertex 8.37128 232.8 2
      vertex 7.86274 232.137 2
    endloop
  endfacet
  facet normal 0 0 -1
    outer loop
      vertex 7.14548 234.814 2
      vertex 8.69096 235.228 2
      vertex 7.2 234.4 2
    endloop
  endfacet
  facet normal 0 0 -1
    outer loop
      vertex 6.73137 233.269 2
      vertex 7.86274 232.137 2
      vertex 7.2 231.629 2
    endloop
  endfacet
  facet normal -0 0 -1
    outer loop
      vertex 8.69096 235.228 2
      vertex 7.14548 234.814 2
      vertex 8.37128 236 2
    endloop
  endfacet
  facet normal 0 0 -1
    outer loop
      vertex 6.98564 235.2 2
      vertex 8.37128 236 2
      vertex 7.14548 234.814 2
    endloop
  endfacet
  facet normal -0 0 -1
    outer loop
      vertex 8.37128 236 2
      vertex 6.98564 235.2 2
      vertex 7.86274 236.663 2
    endloop
  endfacet
  facet normal 0 0 -1
    outer loop
      vertex 6.73137 235.531 2
      vertex 7.86274 236.663 2
      vertex 6.98564 235.2 2
    endloop
  endfacet
  facet normal -0 0 -1
    outer loop
      vertex 7.86274 236.663 2
      vertex 6.73137 235.531 2
      vertex 7.2 237.171 2
    endloop
  endfacet
  facet normal 0 0 -1
    outer loop
      vertex 6.4 235.786 2
      vertex 7.2 237.171 2
      vertex 6.73137 235.531 2
    endloop
  endfacet
  facet normal -0 0 -1
    outer loop
      vertex 7.2 237.171 2
      vertex 6.4 235.786 2
      vertex 6.42822 237.491 2
    endloop
  endfacet
  facet normal 0 0 -1
    outer loop
      vertex 6.01411 235.945 2
      vertex 6.42822 237.491 2
      vertex 6.4 235.786 2
    endloop
  endfacet
  facet normal 0 0 -1
    outer loop
      vertex 5.6 236 2
      vertex 6.42822 237.491 2
      vertex 6.01411 235.945 2
    endloop
  endfacet
  facet normal 0 0 -1
    outer loop
      vertex 5.6 236 2
      vertex 5.6 237.6 2
      vertex 6.42822 237.491 2
    endloop
  endfacet
  facet normal 0 0 -1
    outer loop
      vertex 5.18589 235.945 2
      vertex 5.6 237.6 2
      vertex 5.6 236 2
    endloop
  endfacet
  facet normal 0 0 -1
    outer loop
      vertex 4.77178 237.491 2
      vertex 5.18589 235.945 2
      vertex 4.8 235.786 2
    endloop
  endfacet
  facet normal 0 0 -1
    outer loop
      vertex 5.18589 235.945 2
      vertex 4.77178 237.491 2
      vertex 5.6 237.6 2
    endloop
  endfacet
  facet normal 0 0 -1
    outer loop
      vertex 4 237.171 2
      vertex 4.8 235.786 2
      vertex 4.46863 235.531 2
    endloop
  endfacet
  facet normal 0 0 -1
    outer loop
      vertex 4 237.171 2
      vertex 4.46863 235.531 2
      vertex 4.21436 235.2 2
    endloop
  endfacet
  facet normal 0 0 -1
    outer loop
      vertex 4 237.171 2
      vertex 4.21436 235.2 2
      vertex 4.05452 234.814 2
    endloop
  endfacet
  facet normal 0 0 -1
    outer loop
      vertex 4.8 235.786 2
      vertex 4 237.171 2
      vertex 4.77178 237.491 2
    endloop
  endfacet
  facet normal 0 0 -1
    outer loop
      vertex 4 237.171 2
      vertex 4.05452 234.814 2
      vertex 4 234.4 2
    endloop
  endfacet
  facet normal 0.585634 -0.242507 0.773449
    outer loop
      vertex 4.05452 234.814 0.699999
      vertex 4.21436 235.2 0.699999
      vertex 2.82872 236 2
    endloop
  endfacet
  facet normal -0.385551 -0.502993 0.77353
    outer loop
      vertex 7.86274 236.663 2
      vertex 7.2 237.171 2
      vertex 6.73137 235.531 0.699999
    endloop
  endfacet
  facet normal 0.242734 -0.58543 0.773532
    outer loop
      vertex 5.18589 235.945 0.699999
      vertex 4.77178 237.491 2
      vertex 4 237.171 2
    endloop
  endfacet
  facet normal -0.386679 0.502486 0.773296
    outer loop
      vertex 7.2 231.629 2
      vertex 6.73137 233.269 0.699999
      vertex 6.4 233.014 0.699999
    endloop
  endfacet
  facet normal 0.62843 0.0827584 0.773451
    outer loop
      vertex 4 234.4 0.699999
      vertex 2.50904 233.572 2
      vertex 4.05452 233.986 0.699999
    endloop
  endfacet
  facet normal 0.62843 0.0827584 0.773451
    outer loop
      vertex 2.50904 233.572 2
      vertex 4 234.4 0.699999
      vertex 2.4 234.4 2
    endloop
  endfacet
  facet normal -0.502877 -0.385721 0.77352
    outer loop
      vertex 8.37128 236 2
      vertex 7.86274 236.663 2
      vertex 6.73137 235.531 0.699999
    endloop
  endfacet
  facet normal -0.241564 -0.586272 0.77326
    outer loop
      vertex 6.4 235.786 0.699999
      vertex 7.2 237.171 2
      vertex 6.01411 235.945 0.699999
    endloop
  endfacet
  facet normal 0.585634 0.242507 0.773449
    outer loop
      vertex 4.21436 233.6 0.699999
      vertex 4.05452 233.986 0.699999
      vertex 2.82872 232.8 2
    endloop
  endfacet
  facet normal 0.502877 0.385721 0.77352
    outer loop
      vertex 3.33726 232.137 2
      vertex 4.46863 233.269 0.699999
      vertex 2.82872 232.8 2
    endloop
  endfacet
  facet normal -0.082691 -0.628315 0.773552
    outer loop
      vertex 5.6 237.6 2
      vertex 6.01411 235.945 0.699999
      vertex 6.42822 237.491 2
    endloop
  endfacet
  facet normal -0.08346 -0.628393 0.773406
    outer loop
      vertex 6.01411 235.945 0.699999
      vertex 5.6 237.6 2
      vertex 5.6 236 0.699999
    endloop
  endfacet
  facet normal 0.385551 0.502993 0.77353
    outer loop
      vertex 4 231.629 2
      vertex 4.46863 233.269 0.699999
      vertex 3.33726 232.137 2
    endloop
  endfacet
  facet normal -0.0834288 0.628158 0.7736
    outer loop
      vertex 5.6 232.8 0.699999
      vertex 6.42822 231.309 2
      vertex 6.01411 232.855 0.699999
    endloop
  endfacet
  facet normal -0.0827065 0.628432 0.773455
    outer loop
      vertex 6.42822 231.309 2
      vertex 5.6 232.8 0.699999
      vertex 5.6 231.2 2
    endloop
  endfacet
  facet normal 0.08346 0.628393 0.773406
    outer loop
      vertex 5.18589 232.855 0.699999
      vertex 5.6 231.2 2
      vertex 5.6 232.8 0.699999
    endloop
  endfacet
  facet normal 0.082691 0.628315 0.773552
    outer loop
      vertex 5.6 231.2 2
      vertex 5.18589 232.855 0.699999
      vertex 4.77178 231.309 2
    endloop
  endfacet
  facet normal -0.502683 -0.386154 0.773431
    outer loop
      vertex 6.98564 235.2 0.699999
      vertex 8.37128 236 2
      vertex 6.73137 235.531 0.699999
    endloop
  endfacet
  facet normal -0.585634 -0.242507 0.773449
    outer loop
      vertex 7.14548 234.814 0.699999
      vertex 8.37128 236 2
      vertex 6.98564 235.2 0.699999
    endloop
  endfacet
  facet normal -0.386679 -0.502486 0.773296
    outer loop
      vertex 6.73137 235.531 0.699999
      vertex 7.2 237.171 2
      vertex 6.4 235.786 0.699999
    endloop
  endfacet
  facet normal 0.502683 0.386154 0.773431
    outer loop
      vertex 4.46863 233.269 0.699999
      vertex 4.21436 233.6 0.699999
      vertex 2.82872 232.8 2
    endloop
  endfacet
  facet normal 0.991291 -0.131693 0
    outer loop
      vertex 180.8 234.4 0.699999
      vertex 180.855 234.814 0
      vertex 180.855 234.814 0.699999
    endloop
  endfacet
  facet normal 0.991291 -0.131693 0
    outer loop
      vertex 180.855 234.814 0
      vertex 180.8 234.4 0.699999
      vertex 180.8 234.4 0
    endloop
  endfacet
  facet normal -0.924628 -0.38087 0
    outer loop
      vertex 183.945 234.814 0
      vertex 183.786 235.2 0.699999
      vertex 183.786 235.2 0
    endloop
  endfacet
  facet normal -0.924628 -0.38087 0
    outer loop
      vertex 183.786 235.2 0.699999
      vertex 183.945 234.814 0
      vertex 183.945 234.814 0.699999
    endloop
  endfacet
  facet normal -0.991291 -0.131693 0
    outer loop
      vertex 184 234.4 0
      vertex 183.945 234.814 0.699999
      vertex 183.945 234.814 0
    endloop
  endfacet
  facet normal -0.991291 -0.131693 0
    outer loop
      vertex 183.945 234.814 0.699999
      vertex 184 234.4 0
      vertex 184 234.4 0.699999
    endloop
  endfacet
  facet normal -0.792179 -0.610289 0
    outer loop
      vertex 183.786 235.2 0
      vertex 183.531 235.531 0.699999
      vertex 183.531 235.531 0
    endloop
  endfacet
  facet normal -0.792179 -0.610289 0
    outer loop
      vertex 183.531 235.531 0.699999
      vertex 183.786 235.2 0
      vertex 183.786 235.2 0.699999
    endloop
  endfacet
  facet normal -0.991291 0.131693 0
    outer loop
      vertex 183.945 233.986 0
      vertex 184 234.4 0.699999
      vertex 184 234.4 0
    endloop
  endfacet
  facet normal -0.991291 0.131693 0
    outer loop
      vertex 184 234.4 0.699999
      vertex 183.945 233.986 0
      vertex 183.945 233.986 0.699999
    endloop
  endfacet
  facet normal -0.131693 0.991291 0
    outer loop
      vertex 182.814 232.855 0
      vertex 182.4 232.8 0.699999
      vertex 182.814 232.855 0.699999
    endloop
  endfacet
  facet normal -0.131693 0.991291 0
    outer loop
      vertex 182.4 232.8 0.699999
      vertex 182.814 232.855 0
      vertex 182.4 232.8 0
    endloop
  endfacet
  facet normal 0.924628 -0.38087 0
    outer loop
      vertex 180.855 234.814 0.699999
      vertex 181.014 235.2 0
      vertex 181.014 235.2 0.699999
    endloop
  endfacet
  facet normal 0.924628 -0.38087 0
    outer loop
      vertex 181.014 235.2 0
      vertex 180.855 234.814 0.699999
      vertex 180.855 234.814 0
    endloop
  endfacet
  facet normal -0.610289 0.792179 0
    outer loop
      vertex 183.531 233.269 0
      vertex 183.2 233.014 0.699999
      vertex 183.531 233.269 0.699999
    endloop
  endfacet
  facet normal -0.610289 0.792179 0
    outer loop
      vertex 183.2 233.014 0.699999
      vertex 183.531 233.269 0
      vertex 183.2 233.014 0
    endloop
  endfacet
  facet normal -0.38087 -0.924628 0
    outer loop
      vertex 182.814 235.945 0
      vertex 183.2 235.786 0.699999
      vertex 182.814 235.945 0.699999
    endloop
  endfacet
  facet normal -0.38087 -0.924628 -0
    outer loop
      vertex 183.2 235.786 0.699999
      vertex 182.814 235.945 0
      vertex 183.2 235.786 0
    endloop
  endfacet
  facet normal 0.792179 -0.610289 0
    outer loop
      vertex 181.014 235.2 0.699999
      vertex 181.269 235.531 0
      vertex 181.269 235.531 0.699999
    endloop
  endfacet
  facet normal 0.792179 -0.610289 0
    outer loop
      vertex 181.269 235.531 0
      vertex 181.014 235.2 0.699999
      vertex 181.014 235.2 0
    endloop
  endfacet
  facet normal 0.924628 0.38087 0
    outer loop
      vertex 181.014 233.6 0.699999
      vertex 180.855 233.986 0
      vertex 180.855 233.986 0.699999
    endloop
  endfacet
  facet normal 0.924628 0.38087 0
    outer loop
      vertex 180.855 233.986 0
      vertex 181.014 233.6 0.699999
      vertex 181.014 233.6 0
    endloop
  endfacet
  facet normal -0.131693 -0.991291 0
    outer loop
      vertex 182.4 236 0
      vertex 182.814 235.945 0.699999
      vertex 182.4 236 0.699999
    endloop
  endfacet
  facet normal -0.131693 -0.991291 -0
    outer loop
      vertex 182.814 235.945 0.699999
      vertex 182.4 236 0
      vertex 182.814 235.945 0
    endloop
  endfacet
  facet normal 0.38087 -0.924628 0
    outer loop
      vertex 181.6 235.786 0
      vertex 181.986 235.945 0.699999
      vertex 181.6 235.786 0.699999
    endloop
  endfacet
  facet normal 0.38087 -0.924628 0
    outer loop
      vertex 181.986 235.945 0.699999
      vertex 181.6 235.786 0
      vertex 181.986 235.945 0
    endloop
  endfacet
  facet normal 0.131693 -0.991291 0
    outer loop
      vertex 181.986 235.945 0
      vertex 182.4 236 0.699999
      vertex 181.986 235.945 0.699999
    endloop
  endfacet
  facet normal 0.131693 -0.991291 0
    outer loop
      vertex 182.4 236 0.699999
      vertex 181.986 235.945 0
      vertex 182.4 236 0
    endloop
  endfacet
  facet normal 0.610289 0.792179 -0
    outer loop
      vertex 181.6 233.014 0
      vertex 181.269 233.269 0.699999
      vertex 181.6 233.014 0.699999
    endloop
  endfacet
  facet normal 0.610289 0.792179 0
    outer loop
      vertex 181.269 233.269 0.699999
      vertex 181.6 233.014 0
      vertex 181.269 233.269 0
    endloop
  endfacet
  facet normal 0.610289 -0.792179 0
    outer loop
      vertex 181.269 235.531 0
      vertex 181.6 235.786 0.699999
      vertex 181.269 235.531 0.699999
    endloop
  endfacet
  facet normal 0.610289 -0.792179 0
    outer loop
      vertex 181.6 235.786 0.699999
      vertex 181.269 235.531 0
      vertex 181.6 235.786 0
    endloop
  endfacet
  facet normal -0.924628 0.38087 0
    outer loop
      vertex 183.786 233.6 0
      vertex 183.945 233.986 0.699999
      vertex 183.945 233.986 0
    endloop
  endfacet
  facet normal -0.924628 0.38087 0
    outer loop
      vertex 183.945 233.986 0.699999
      vertex 183.786 233.6 0
      vertex 183.786 233.6 0.699999
    endloop
  endfacet
  facet normal -0.792179 0.610289 0
    outer loop
      vertex 183.531 233.269 0
      vertex 183.786 233.6 0.699999
      vertex 183.786 233.6 0
    endloop
  endfacet
  facet normal -0.792179 0.610289 0
    outer loop
      vertex 183.786 233.6 0.699999
      vertex 183.531 233.269 0
      vertex 183.531 233.269 0.699999
    endloop
  endfacet
  facet normal -0.610289 -0.792179 0
    outer loop
      vertex 183.2 235.786 0
      vertex 183.531 235.531 0.699999
      vertex 183.2 235.786 0.699999
    endloop
  endfacet
  facet normal -0.610289 -0.792179 -0
    outer loop
      vertex 183.531 235.531 0.699999
      vertex 183.2 235.786 0
      vertex 183.531 235.531 0
    endloop
  endfacet
  facet normal 0.991291 0.131693 0
    outer loop
      vertex 180.855 233.986 0.699999
      vertex 180.8 234.4 0
      vertex 180.8 234.4 0.699999
    endloop
  endfacet
  facet normal 0.991291 0.131693 0
    outer loop
      vertex 180.8 234.4 0
      vertex 180.855 233.986 0.699999
      vertex 180.855 233.986 0
    endloop
  endfacet
  facet normal -0.38087 0.924628 0
    outer loop
      vertex 183.2 233.014 0
      vertex 182.814 232.855 0.699999
      vertex 183.2 233.014 0.699999
    endloop
  endfacet
  facet normal -0.38087 0.924628 0
    outer loop
      vertex 182.814 232.855 0.699999
      vertex 183.2 233.014 0
      vertex 182.814 232.855 0
    endloop
  endfacet
  facet normal 0.792179 0.610289 0
    outer loop
      vertex 181.269 233.269 0.699999
      vertex 181.014 233.6 0
      vertex 181.014 233.6 0.699999
    endloop
  endfacet
  facet normal 0.792179 0.610289 0
    outer loop
      vertex 181.014 233.6 0
      vertex 181.269 233.269 0.699999
      vertex 181.269 233.269 0
    endloop
  endfacet
  facet normal 0.38087 0.924628 -0
    outer loop
      vertex 181.986 232.855 0
      vertex 181.6 233.014 0.699999
      vertex 181.986 232.855 0.699999
    endloop
  endfacet
  facet normal 0.38087 0.924628 0
    outer loop
      vertex 181.6 233.014 0.699999
      vertex 181.986 232.855 0
      vertex 181.6 233.014 0
    endloop
  endfacet
  facet normal 0.131693 0.991291 -0
    outer loop
      vertex 182.4 232.8 0
      vertex 181.986 232.855 0.699999
      vertex 182.4 232.8 0.699999
    endloop
  endfacet
  facet normal 0.131693 0.991291 0
    outer loop
      vertex 181.986 232.855 0.699999
      vertex 182.4 232.8 0
      vertex 181.986 232.855 0
    endloop
  endfacet
  facet normal 0.386967 0.502298 0.773274
    outer loop
      vertex 181.6 233.014 0.699999
      vertex 181.269 233.269 0.699999
      vertex 180.8 231.629 2
    endloop
  endfacet
  facet normal 0.585459 -0.242677 0.773528
    outer loop
      vertex 180.855 234.814 0.699999
      vertex 179.629 236 2
      vertex 179.309 235.228 2
    endloop
  endfacet
  facet normal 0.242677 0.585459 0.773528
    outer loop
      vertex 181.572 231.309 2
      vertex 181.986 232.855 0.699999
      vertex 180.8 231.629 2
    endloop
  endfacet
  facet normal 0.502298 -0.386967 0.773274
    outer loop
      vertex 181.014 235.2 0.699999
      vertex 181.269 235.531 0.699999
      vertex 179.629 236 2
    endloop
  endfacet
  facet normal 0.628157 -0.0834508 0.773599
    outer loop
      vertex 179.309 235.228 2
      vertex 180.8 234.4 0.699999
      vertex 180.855 234.814 0.699999
    endloop
  endfacet
  facet normal 0.628431 -0.0827283 0.773453
    outer loop
      vertex 180.8 234.4 0.699999
      vertex 179.309 235.228 2
      vertex 179.2 234.4 2
    endloop
  endfacet
  facet normal -0.385406 0.503001 0.773597
    outer loop
      vertex 184 231.629 2
      vertex 184.663 232.137 2
      vertex 183.531 233.269 0.699999
    endloop
  endfacet
  facet normal 0.503001 -0.385406 0.773597
    outer loop
      vertex 181.269 235.531 0.699999
      vertex 180.137 236.663 2
      vertex 179.629 236 2
    endloop
  endfacet
  facet normal -0.586301 0.241508 0.773256
    outer loop
      vertex 185.171 232.8 2
      vertex 183.945 233.986 0.699999
      vertex 183.786 233.6 0.699999
    endloop
  endfacet
  facet normal -0.503001 0.385406 0.773597
    outer loop
      vertex 184.663 232.137 2
      vertex 185.171 232.8 2
      vertex 183.531 233.269 0.699999
    endloop
  endfacet
  facet normal 0.083482 -0.628392 0.773405
    outer loop
      vertex 182.4 237.6 2
      vertex 181.986 235.945 0.699999
      vertex 182.4 236 0.699999
    endloop
  endfacet
  facet normal 0.0827128 -0.628314 0.77355
    outer loop
      vertex 181.986 235.945 0.699999
      vertex 182.4 237.6 2
      vertex 181.572 237.491 2
    endloop
  endfacet
  facet normal -0.585459 -0.242677 0.773528
    outer loop
      vertex 185.491 235.228 2
      vertex 185.171 236 2
      vertex 183.945 234.814 0.699999
    endloop
  endfacet
  facet normal 0.241508 0.586301 0.773256
    outer loop
      vertex 181.986 232.855 0.699999
      vertex 181.6 233.014 0.699999
      vertex 180.8 231.629 2
    endloop
  endfacet
  facet normal -0.585459 0.242677 0.773528
    outer loop
      vertex 185.171 232.8 2
      vertex 185.491 233.572 2
      vertex 183.945 233.986 0.699999
    endloop
  endfacet
  facet normal 0.585459 0.242677 0.773528
    outer loop
      vertex 179.629 232.8 2
      vertex 180.855 233.986 0.699999
      vertex 179.309 233.572 2
    endloop
  endfacet
  facet normal 0.241508 -0.586301 0.773256
    outer loop
      vertex 181.6 235.786 0.699999
      vertex 181.986 235.945 0.699999
      vertex 180.8 237.171 2
    endloop
  endfacet
  facet normal 0.385406 -0.503001 0.773597
    outer loop
      vertex 181.269 235.531 0.699999
      vertex 180.8 237.171 2
      vertex 180.137 236.663 2
    endloop
  endfacet
  facet normal -0.241508 0.586301 0.773256
    outer loop
      vertex 184 231.629 2
      vertex 183.2 233.014 0.699999
      vertex 182.814 232.855 0.699999
    endloop
  endfacet
  facet normal -0.242677 0.585459 0.773528
    outer loop
      vertex 183.228 231.309 2
      vertex 184 231.629 2
      vertex 182.814 232.855 0.699999
    endloop
  endfacet
  facet normal -0.502298 0.386967 0.773274
    outer loop
      vertex 185.171 232.8 2
      vertex 183.786 233.6 0.699999
      vertex 183.531 233.269 0.699999
    endloop
  endfacet
  facet normal -0.628431 -0.0827283 0.773453
    outer loop
      vertex 185.491 235.228 2
      vertex 184 234.4 0.699999
      vertex 185.6 234.4 2
    endloop
  endfacet
  facet normal -0.628157 -0.0834508 0.773599
    outer loop
      vertex 184 234.4 0.699999
      vertex 185.491 235.228 2
      vertex 183.945 234.814 0.699999
    endloop
  endfacet
  facet normal -0.628431 0.0827283 0.773453
    outer loop
      vertex 184 234.4 0.699999
      vertex 185.491 233.572 2
      vertex 185.6 234.4 2
    endloop
  endfacet
  facet normal -0.628157 0.0834508 0.773599
    outer loop
      vertex 185.491 233.572 2
      vertex 184 234.4 0.699999
      vertex 183.945 233.986 0.699999
    endloop
  endfacet
  facet normal -0.242677 -0.585459 0.773528
    outer loop
      vertex 184 237.171 2
      vertex 183.228 237.491 2
      vertex 182.814 235.945 0.699999
    endloop
  endfacet
  facet normal 0.386967 -0.502298 0.773274
    outer loop
      vertex 181.269 235.531 0.699999
      vertex 181.6 235.786 0.699999
      vertex 180.8 237.171 2
    endloop
  endfacet
  facet normal 0 0 -1
    outer loop
      vertex 185.491 233.572 2
      vertex 183.945 233.986 2
      vertex 184 234.4 2
    endloop
  endfacet
  facet normal 0 0 -1
    outer loop
      vertex 184.663 232.137 2
      vertex 183.786 233.6 2
      vertex 183.945 233.986 2
    endloop
  endfacet
  facet normal 0 0 -1
    outer loop
      vertex 184.663 232.137 2
      vertex 183.531 233.269 2
      vertex 183.786 233.6 2
    endloop
  endfacet
  facet normal 0 0 -1
    outer loop
      vertex 183.2 233.014 2
      vertex 184 231.629 2
      vertex 183.228 231.309 2
    endloop
  endfacet
  facet normal 0 0 -1
    outer loop
      vertex 184 231.629 2
      vertex 183.2 233.014 2
      vertex 183.531 233.269 2
    endloop
  endfacet
  facet normal 0 0 -1
    outer loop
      vertex 183.228 231.309 2
      vertex 182.814 232.855 2
      vertex 183.2 233.014 2
    endloop
  endfacet
  facet normal 0 0 -1
    outer loop
      vertex 182.4 231.2 2
      vertex 182.814 232.855 2
      vertex 183.228 231.309 2
    endloop
  endfacet
  facet normal 0 0 -1
    outer loop
      vertex 182.4 231.2 2
      vertex 182.4 232.8 2
      vertex 182.814 232.855 2
    endloop
  endfacet
  facet normal 0 0 -1
    outer loop
      vertex 182.4 231.2 2
      vertex 181.986 232.855 2
      vertex 182.4 232.8 2
    endloop
  endfacet
  facet normal 0 0 -1
    outer loop
      vertex 181.572 231.309 2
      vertex 181.986 232.855 2
      vertex 182.4 231.2 2
    endloop
  endfacet
  facet normal -0 0 -1
    outer loop
      vertex 181.986 232.855 2
      vertex 181.572 231.309 2
      vertex 181.6 233.014 2
    endloop
  endfacet
  facet normal 0 0 -1
    outer loop
      vertex 180.8 231.629 2
      vertex 181.6 233.014 2
      vertex 181.572 231.309 2
    endloop
  endfacet
  facet normal -0 0 -1
    outer loop
      vertex 181.6 233.014 2
      vertex 180.8 231.629 2
      vertex 181.269 233.269 2
    endloop
  endfacet
  facet normal 0 0 -1
    outer loop
      vertex 180.137 232.137 2
      vertex 181.269 233.269 2
      vertex 180.8 231.629 2
    endloop
  endfacet
  facet normal -0 0 -1
    outer loop
      vertex 181.269 233.269 2
      vertex 180.137 232.137 2
      vertex 181.014 233.6 2
    endloop
  endfacet
  facet normal 0 0 -1
    outer loop
      vertex 179.629 232.8 2
      vertex 181.014 233.6 2
      vertex 180.137 232.137 2
    endloop
  endfacet
  facet normal -0 0 -1
    outer loop
      vertex 181.014 233.6 2
      vertex 179.629 232.8 2
      vertex 180.855 233.986 2
    endloop
  endfacet
  facet normal 0 0 -1
    outer loop
      vertex 179.309 233.572 2
      vertex 180.855 233.986 2
      vertex 179.629 232.8 2
    endloop
  endfacet
  facet normal 0 0 -1
    outer loop
      vertex 180.8 234.4 2
      vertex 180.137 236.663 2
      vertex 180.8 237.171 2
    endloop
  endfacet
  facet normal -0 0 -1
    outer loop
      vertex 180.855 233.986 2
      vertex 179.309 233.572 2
      vertex 180.8 234.4 2
    endloop
  endfacet
  facet normal 0 0 -1
    outer loop
      vertex 180.8 234.4 2
      vertex 179.629 236 2
      vertex 180.137 236.663 2
    endloop
  endfacet
  facet normal 0 0 -1
    outer loop
      vertex 179.2 234.4 2
      vertex 180.8 234.4 2
      vertex 179.309 233.572 2
    endloop
  endfacet
  facet normal 0 0 -1
    outer loop
      vertex 180.8 234.4 2
      vertex 179.309 235.228 2
      vertex 179.629 236 2
    endloop
  endfacet
  facet normal 0 0 -1
    outer loop
      vertex 180.8 234.4 2
      vertex 179.2 234.4 2
      vertex 179.309 235.228 2
    endloop
  endfacet
  facet normal 0 0 -1
    outer loop
      vertex 184 234.4 2
      vertex 185.6 234.4 2
      vertex 185.491 233.572 2
    endloop
  endfacet
  facet normal 0 0 -1
    outer loop
      vertex 183.945 233.986 2
      vertex 185.491 233.572 2
      vertex 185.171 232.8 2
    endloop
  endfacet
  facet normal 0 0 -1
    outer loop
      vertex 185.6 234.4 2
      vertex 184 234.4 2
      vertex 185.491 235.228 2
    endloop
  endfacet
  facet normal 0 0 -1
    outer loop
      vertex 183.945 233.986 2
      vertex 185.171 232.8 2
      vertex 184.663 232.137 2
    endloop
  endfacet
  facet normal 0 0 -1
    outer loop
      vertex 183.945 234.814 2
      vertex 185.491 235.228 2
      vertex 184 234.4 2
    endloop
  endfacet
  facet normal 0 0 -1
    outer loop
      vertex 183.531 233.269 2
      vertex 184.663 232.137 2
      vertex 184 231.629 2
    endloop
  endfacet
  facet normal -0 0 -1
    outer loop
      vertex 185.491 235.228 2
      vertex 183.945 234.814 2
      vertex 185.171 236 2
    endloop
  endfacet
  facet normal 0 0 -1
    outer loop
      vertex 183.786 235.2 2
      vertex 185.171 236 2
      vertex 183.945 234.814 2
    endloop
  endfacet
  facet normal -0 0 -1
    outer loop
      vertex 185.171 236 2
      vertex 183.786 235.2 2
      vertex 184.663 236.663 2
    endloop
  endfacet
  facet normal 0 0 -1
    outer loop
      vertex 183.531 235.531 2
      vertex 184.663 236.663 2
      vertex 183.786 235.2 2
    endloop
  endfacet
  facet normal -0 0 -1
    outer loop
      vertex 184.663 236.663 2
      vertex 183.531 235.531 2
      vertex 184 237.171 2
    endloop
  endfacet
  facet normal 0 0 -1
    outer loop
      vertex 183.2 235.786 2
      vertex 184 237.171 2
      vertex 183.531 235.531 2
    endloop
  endfacet
  facet normal -0 0 -1
    outer loop
      vertex 184 237.171 2
      vertex 183.2 235.786 2
      vertex 183.228 237.491 2
    endloop
  endfacet
  facet normal 0 0 -1
    outer loop
      vertex 182.814 235.945 2
      vertex 183.228 237.491 2
      vertex 183.2 235.786 2
    endloop
  endfacet
  facet normal 0 0 -1
    outer loop
      vertex 182.4 236 2
      vertex 183.228 237.491 2
      vertex 182.814 235.945 2
    endloop
  endfacet
  facet normal 0 0 -1
    outer loop
      vertex 182.4 236 2
      vertex 182.4 237.6 2
      vertex 183.228 237.491 2
    endloop
  endfacet
  facet normal 0 0 -1
    outer loop
      vertex 181.986 235.945 2
      vertex 182.4 237.6 2
      vertex 182.4 236 2
    endloop
  endfacet
  facet normal 0 0 -1
    outer loop
      vertex 181.572 237.491 2
      vertex 181.986 235.945 2
      vertex 181.6 235.786 2
    endloop
  endfacet
  facet normal 0 0 -1
    outer loop
      vertex 181.986 235.945 2
      vertex 181.572 237.491 2
      vertex 182.4 237.6 2
    endloop
  endfacet
  facet normal 0 0 -1
    outer loop
      vertex 180.8 237.171 2
      vertex 181.6 235.786 2
      vertex 181.269 235.531 2
    endloop
  endfacet
  facet normal 0 0 -1
    outer loop
      vertex 180.8 237.171 2
      vertex 181.269 235.531 2
      vertex 181.014 235.2 2
    endloop
  endfacet
  facet normal 0 0 -1
    outer loop
      vertex 180.8 237.171 2
      vertex 181.014 235.2 2
      vertex 180.855 234.814 2
    endloop
  endfacet
  facet normal 0 0 -1
    outer loop
      vertex 181.6 235.786 2
      vertex 180.8 237.171 2
      vertex 181.572 237.491 2
    endloop
  endfacet
  facet normal 0 0 -1
    outer loop
      vertex 180.8 237.171 2
      vertex 180.855 234.814 2
      vertex 180.8 234.4 2
    endloop
  endfacet
  facet normal 0.586301 -0.241508 0.773256
    outer loop
      vertex 180.855 234.814 0.699999
      vertex 181.014 235.2 0.699999
      vertex 179.629 236 2
    endloop
  endfacet
  facet normal -0.385406 -0.503001 0.773597
    outer loop
      vertex 184.663 236.663 2
      vertex 184 237.171 2
      vertex 183.531 235.531 0.699999
    endloop
  endfacet
  facet normal 0.242677 -0.585459 0.773528
    outer loop
      vertex 181.986 235.945 0.699999
      vertex 181.572 237.491 2
      vertex 180.8 237.171 2
    endloop
  endfacet
  facet normal -0.386967 0.502298 0.773274
    outer loop
      vertex 184 231.629 2
      vertex 183.531 233.269 0.699999
      vertex 183.2 233.014 0.699999
    endloop
  endfacet
  facet normal 0.628157 0.0834508 0.773599
    outer loop
      vertex 180.8 234.4 0.699999
      vertex 179.309 233.572 2
      vertex 180.855 233.986 0.699999
    endloop
  endfacet
  facet normal 0.628431 0.0827283 0.773453
    outer loop
      vertex 179.309 233.572 2
      vertex 180.8 234.4 0.699999
      vertex 179.2 234.4 2
    endloop
  endfacet
  facet normal -0.503001 -0.385406 0.773597
    outer loop
      vertex 185.171 236 2
      vertex 184.663 236.663 2
      vertex 183.531 235.531 0.699999
    endloop
  endfacet
  facet normal -0.241508 -0.586301 0.773256
    outer loop
      vertex 183.2 235.786 0.699999
      vertex 184 237.171 2
      vertex 182.814 235.945 0.699999
    endloop
  endfacet
  facet normal 0.586301 0.241508 0.773256
    outer loop
      vertex 181.014 233.6 0.699999
      vertex 180.855 233.986 0.699999
      vertex 179.629 232.8 2
    endloop
  endfacet
  facet normal 0.503001 0.385406 0.773597
    outer loop
      vertex 180.137 232.137 2
      vertex 181.269 233.269 0.699999
      vertex 179.629 232.8 2
    endloop
  endfacet
  facet normal -0.0827128 -0.628314 0.77355
    outer loop
      vertex 182.4 237.6 2
      vertex 182.814 235.945 0.699999
      vertex 183.228 237.491 2
    endloop
  endfacet
  facet normal -0.083482 -0.628392 0.773405
    outer loop
      vertex 182.814 235.945 0.699999
      vertex 182.4 237.6 2
      vertex 182.4 236 0.699999
    endloop
  endfacet
  facet normal 0.385406 0.503001 0.773597
    outer loop
      vertex 180.8 231.629 2
      vertex 181.269 233.269 0.699999
      vertex 180.137 232.137 2
    endloop
  endfacet
  facet normal -0.0834508 0.628157 0.773599
    outer loop
      vertex 182.4 232.8 0.699999
      vertex 183.228 231.309 2
      vertex 182.814 232.855 0.699999
    endloop
  endfacet
  facet normal -0.0827283 0.628431 0.773453
    outer loop
      vertex 183.228 231.309 2
      vertex 182.4 232.8 0.699999
      vertex 182.4 231.2 2
    endloop
  endfacet
  facet normal 0.083482 0.628392 0.773405
    outer loop
      vertex 181.986 232.855 0.699999
      vertex 182.4 231.2 2
      vertex 182.4 232.8 0.699999
    endloop
  endfacet
  facet normal 0.0827128 0.628314 0.77355
    outer loop
      vertex 182.4 231.2 2
      vertex 181.986 232.855 0.699999
      vertex 181.572 231.309 2
    endloop
  endfacet
  facet normal -0.502298 -0.386967 0.773274
    outer loop
      vertex 183.786 235.2 0.699999
      vertex 185.171 236 2
      vertex 183.531 235.531 0.699999
    endloop
  endfacet
  facet normal -0.586301 -0.241508 0.773256
    outer loop
      vertex 183.945 234.814 0.699999
      vertex 185.171 236 2
      vertex 183.786 235.2 0.699999
    endloop
  endfacet
  facet normal -0.386967 -0.502298 0.773274
    outer loop
      vertex 183.531 235.531 0.699999
      vertex 184 237.171 2
      vertex 183.2 235.786 0.699999
    endloop
  endfacet
  facet normal 0.502298 0.386967 0.773274
    outer loop
      vertex 181.269 233.269 0.699999
      vertex 181.014 233.6 0.699999
      vertex 179.629 232.8 2
    endloop
  endfacet
  facet normal -1 0 0
    outer loop
      vertex 66 218 0
      vertex 66 221 2
      vertex 66 221 0
    endloop
  endfacet
  facet normal -1 -0 0
    outer loop
      vertex 66 221 2
      vertex 66 218 0
      vertex 66 218 2
    endloop
  endfacet
  facet normal 1 -0 0
    outer loop
      vertex 18 218 2
      vertex 18 221 0
      vertex 18 221 2
    endloop
  endfacet
  facet normal 1 0 0
    outer loop
      vertex 18 221 0
      vertex 18 218 2
      vertex 18 218 0
    endloop
  endfacet
  facet normal 0 -1 0
    outer loop
      vertex 18 221 0
      vertex 66 221 2
      vertex 18 221 2
    endloop
  endfacet
  facet normal 0 -1 -0
    outer loop
      vertex 66 221 2
      vertex 18 221 0
      vertex 66 221 0
    endloop
  endfacet
  facet normal 0 1 -0
    outer loop
      vertex 66 218 0
      vertex 18 218 2
      vertex 66 218 2
    endloop
  endfacet
  facet normal 0 1 0
    outer loop
      vertex 18 218 2
      vertex 66 218 0
      vertex 18 218 0
    endloop
  endfacet
  facet normal -1 0 0
    outer loop
      vertex 170 218 0
      vertex 170 221 2
      vertex 170 221 0
    endloop
  endfacet
  facet normal -1 -0 0
    outer loop
      vertex 170 221 2
      vertex 170 218 0
      vertex 170 218 2
    endloop
  endfacet
  facet normal 1 -0 0
    outer loop
      vertex 122 218 2
      vertex 122 221 0
      vertex 122 221 2
    endloop
  endfacet
  facet normal 1 0 0
    outer loop
      vertex 122 221 0
      vertex 122 218 2
      vertex 122 218 0
    endloop
  endfacet
  facet normal 0 -1 0
    outer loop
      vertex 122 221 0
      vertex 170 221 2
      vertex 122 221 2
    endloop
  endfacet
  facet normal 0 -1 -0
    outer loop
      vertex 170 221 2
      vertex 122 221 0
      vertex 170 221 0
    endloop
  endfacet
  facet normal 0 1 -0
    outer loop
      vertex 170 218 0
      vertex 122 218 2
      vertex 170 218 2
    endloop
  endfacet
  facet normal 0 1 0
    outer loop
      vertex 122 218 2
      vertex 170 218 0
      vertex 122 218 0
    endloop
  endfacet
  facet normal -1 0 0
    outer loop
      vertex 66 212 0
      vertex 66 215 2
      vertex 66 215 0
    endloop
  endfacet
  facet normal -1 -0 0
    outer loop
      vertex 66 215 2
      vertex 66 212 0
      vertex 66 212 2
    endloop
  endfacet
  facet normal 1 -0 0
    outer loop
      vertex 18 212 2
      vertex 18 215 0
      vertex 18 215 2
    endloop
  endfacet
  facet normal 1 0 0
    outer loop
      vertex 18 215 0
      vertex 18 212 2
      vertex 18 212 0
    endloop
  endfacet
  facet normal 0 -1 0
    outer loop
      vertex 18 215 0
      vertex 66 215 2
      vertex 18 215 2
    endloop
  endfacet
  facet normal 0 -1 -0
    outer loop
      vertex 66 215 2
      vertex 18 215 0
      vertex 66 215 0
    endloop
  endfacet
  facet normal 0 1 -0
    outer loop
      vertex 66 212 0
      vertex 18 212 2
      vertex 66 212 2
    endloop
  endfacet
  facet normal 0 1 0
    outer loop
      vertex 18 212 2
      vertex 66 212 0
      vertex 18 212 0
    endloop
  endfacet
  facet normal -1 0 0
    outer loop
      vertex 170 212 0
      vertex 170 215 2
      vertex 170 215 0
    endloop
  endfacet
  facet normal -1 -0 0
    outer loop
      vertex 170 215 2
      vertex 170 212 0
      vertex 170 212 2
    endloop
  endfacet
  facet normal 1 -0 0
    outer loop
      vertex 122 212 2
      vertex 122 215 0
      vertex 122 215 2
    endloop
  endfacet
  facet normal 1 0 0
    outer loop
      vertex 122 215 0
      vertex 122 212 2
      vertex 122 212 0
    endloop
  endfacet
  facet normal 0 -1 0
    outer loop
      vertex 122 215 0
      vertex 170 215 2
      vertex 122 215 2
    endloop
  endfacet
  facet normal 0 -1 -0
    outer loop
      vertex 170 215 2
      vertex 122 215 0
      vertex 170 215 0
    endloop
  endfacet
  facet normal 0 1 -0
    outer loop
      vertex 170 212 0
      vertex 122 212 2
      vertex 170 212 2
    endloop
  endfacet
  facet normal 0 1 0
    outer loop
      vertex 122 212 2
      vertex 170 212 0
      vertex 122 212 0
    endloop
  endfacet
  facet normal -1 0 0
    outer loop
      vertex 66 206 0
      vertex 66 209 2
      vertex 66 209 0
    endloop
  endfacet
  facet normal -1 -0 0
    outer loop
      vertex 66 209 2
      vertex 66 206 0
      vertex 66 206 2
    endloop
  endfacet
  facet normal 1 -0 0
    outer loop
      vertex 18 206 2
      vertex 18 209 0
      vertex 18 209 2
    endloop
  endfacet
  facet normal 1 0 0
    outer loop
      vertex 18 209 0
      vertex 18 206 2
      vertex 18 206 0
    endloop
  endfacet
  facet normal 0 -1 0
    outer loop
      vertex 18 209 0
      vertex 66 209 2
      vertex 18 209 2
    endloop
  endfacet
  facet normal 0 -1 -0
    outer loop
      vertex 66 209 2
      vertex 18 209 0
      vertex 66 209 0
    endloop
  endfacet
  facet normal 0 1 -0
    outer loop
      vertex 66 206 0
      vertex 18 206 2
      vertex 66 206 2
    endloop
  endfacet
  facet normal 0 1 0
    outer loop
      vertex 18 206 2
      vertex 66 206 0
      vertex 18 206 0
    endloop
  endfacet
  facet normal -1 0 0
    outer loop
      vertex 170 206 0
      vertex 170 209 2
      vertex 170 209 0
    endloop
  endfacet
  facet normal -1 -0 0
    outer loop
      vertex 170 209 2
      vertex 170 206 0
      vertex 170 206 2
    endloop
  endfacet
  facet normal 1 -0 0
    outer loop
      vertex 122 206 2
      vertex 122 209 0
      vertex 122 209 2
    endloop
  endfacet
  facet normal 1 0 0
    outer loop
      vertex 122 209 0
      vertex 122 206 2
      vertex 122 206 0
    endloop
  endfacet
  facet normal 0 -1 0
    outer loop
      vertex 122 209 0
      vertex 170 209 2
      vertex 122 209 2
    endloop
  endfacet
  facet normal 0 -1 -0
    outer loop
      vertex 170 209 2
      vertex 122 209 0
      vertex 170 209 0
    endloop
  endfacet
  facet normal 0 1 -0
    outer loop
      vertex 170 206 0
      vertex 122 206 2
      vertex 170 206 2
    endloop
  endfacet
  facet normal 0 1 0
    outer loop
      vertex 122 206 2
      vertex 170 206 0
      vertex 122 206 0
    endloop
  endfacet
  facet normal -1 0 0
    outer loop
      vertex 66 200 0
      vertex 66 203 2
      vertex 66 203 0
    endloop
  endfacet
  facet normal -1 -0 0
    outer loop
      vertex 66 203 2
      vertex 66 200 0
      vertex 66 200 2
    endloop
  endfacet
  facet normal 1 -0 0
    outer loop
      vertex 18 200 2
      vertex 18 203 0
      vertex 18 203 2
    endloop
  endfacet
  facet normal 1 0 0
    outer loop
      vertex 18 203 0
      vertex 18 200 2
      vertex 18 200 0
    endloop
  endfacet
  facet normal 0 -1 0
    outer loop
      vertex 18 203 0
      vertex 66 203 2
      vertex 18 203 2
    endloop
  endfacet
  facet normal 0 -1 -0
    outer loop
      vertex 66 203 2
      vertex 18 203 0
      vertex 66 203 0
    endloop
  endfacet
  facet normal 0 1 -0
    outer loop
      vertex 66 200 0
      vertex 18 200 2
      vertex 66 200 2
    endloop
  endfacet
  facet normal 0 1 0
    outer loop
      vertex 18 200 2
      vertex 66 200 0
      vertex 18 200 0
    endloop
  endfacet
  facet normal -1 0 0
    outer loop
      vertex 170 200 0
      vertex 170 203 2
      vertex 170 203 0
    endloop
  endfacet
  facet normal -1 -0 0
    outer loop
      vertex 170 203 2
      vertex 170 200 0
      vertex 170 200 2
    endloop
  endfacet
  facet normal 1 -0 0
    outer loop
      vertex 122 200 2
      vertex 122 203 0
      vertex 122 203 2
    endloop
  endfacet
  facet normal 1 0 0
    outer loop
      vertex 122 203 0
      vertex 122 200 2
      vertex 122 200 0
    endloop
  endfacet
  facet normal 0 -1 0
    outer loop
      vertex 122 203 0
      vertex 170 203 2
      vertex 122 203 2
    endloop
  endfacet
  facet normal 0 -1 -0
    outer loop
      vertex 170 203 2
      vertex 122 203 0
      vertex 170 203 0
    endloop
  endfacet
  facet normal 0 1 -0
    outer loop
      vertex 170 200 0
      vertex 122 200 2
      vertex 170 200 2
    endloop
  endfacet
  facet normal 0 1 0
    outer loop
      vertex 122 200 2
      vertex 170 200 0
      vertex 122 200 0
    endloop
  endfacet
  facet normal -1 0 0
    outer loop
      vertex 66 194 0
      vertex 66 197 2
      vertex 66 197 0
    endloop
  endfacet
  facet normal -1 -0 0
    outer loop
      vertex 66 197 2
      vertex 66 194 0
      vertex 66 194 2
    endloop
  endfacet
  facet normal 1 -0 0
    outer loop
      vertex 18 194 2
      vertex 18 197 0
      vertex 18 197 2
    endloop
  endfacet
  facet normal 1 0 0
    outer loop
      vertex 18 197 0
      vertex 18 194 2
      vertex 18 194 0
    endloop
  endfacet
  facet normal 0 -1 0
    outer loop
      vertex 18 197 0
      vertex 66 197 2
      vertex 18 197 2
    endloop
  endfacet
  facet normal 0 -1 -0
    outer loop
      vertex 66 197 2
      vertex 18 197 0
      vertex 66 197 0
    endloop
  endfacet
  facet normal 0 1 -0
    outer loop
      vertex 66 194 0
      vertex 18 194 2
      vertex 66 194 2
    endloop
  endfacet
  facet normal 0 1 0
    outer loop
      vertex 18 194 2
      vertex 66 194 0
      vertex 18 194 0
    endloop
  endfacet
  facet normal -1 0 0
    outer loop
      vertex 170 194 0
      vertex 170 197 2
      vertex 170 197 0
    endloop
  endfacet
  facet normal -1 -0 0
    outer loop
      vertex 170 197 2
      vertex 170 194 0
      vertex 170 194 2
    endloop
  endfacet
  facet normal 1 -0 0
    outer loop
      vertex 122 194 2
      vertex 122 197 0
      vertex 122 197 2
    endloop
  endfacet
  facet normal 1 0 0
    outer loop
      vertex 122 197 0
      vertex 122 194 2
      vertex 122 194 0
    endloop
  endfacet
  facet normal 0 -1 0
    outer loop
      vertex 122 197 0
      vertex 170 197 2
      vertex 122 197 2
    endloop
  endfacet
  facet normal 0 -1 -0
    outer loop
      vertex 170 197 2
      vertex 122 197 0
      vertex 170 197 0
    endloop
  endfacet
  facet normal 0 1 -0
    outer loop
      vertex 170 194 0
      vertex 122 194 2
      vertex 170 194 2
    endloop
  endfacet
  facet normal 0 1 0
    outer loop
      vertex 122 194 2
      vertex 170 194 0
      vertex 122 194 0
    endloop
  endfacet
  facet normal -1 0 0
    outer loop
      vertex 66 22 0
      vertex 66 25 2
      vertex 66 25 0
    endloop
  endfacet
  facet normal -1 -0 0
    outer loop
      vertex 66 25 2
      vertex 66 22 0
      vertex 66 22 2
    endloop
  endfacet
  facet normal 1 -0 0
    outer loop
      vertex 18 22 2
      vertex 18 25 0
      vertex 18 25 2
    endloop
  endfacet
  facet normal 1 0 0
    outer loop
      vertex 18 25 0
      vertex 18 22 2
      vertex 18 22 0
    endloop
  endfacet
  facet normal 0 -1 0
    outer loop
      vertex 18 25 0
      vertex 66 25 2
      vertex 18 25 2
    endloop
  endfacet
  facet normal 0 -1 -0
    outer loop
      vertex 66 25 2
      vertex 18 25 0
      vertex 66 25 0
    endloop
  endfacet
  facet normal 0 1 -0
    outer loop
      vertex 66 22 0
      vertex 18 22 2
      vertex 66 22 2
    endloop
  endfacet
  facet normal 0 1 0
    outer loop
      vertex 18 22 2
      vertex 66 22 0
      vertex 18 22 0
    endloop
  endfacet
  facet normal -1 0 0
    outer loop
      vertex 170 22 0
      vertex 170 25 2
      vertex 170 25 0
    endloop
  endfacet
  facet normal -1 -0 0
    outer loop
      vertex 170 25 2
      vertex 170 22 0
      vertex 170 22 2
    endloop
  endfacet
  facet normal 1 -0 0
    outer loop
      vertex 122 22 2
      vertex 122 25 0
      vertex 122 25 2
    endloop
  endfacet
  facet normal 1 0 0
    outer loop
      vertex 122 25 0
      vertex 122 22 2
      vertex 122 22 0
    endloop
  endfacet
  facet normal 0 -1 0
    outer loop
      vertex 122 25 0
      vertex 170 25 2
      vertex 122 25 2
    endloop
  endfacet
  facet normal 0 -1 -0
    outer loop
      vertex 170 25 2
      vertex 122 25 0
      vertex 170 25 0
    endloop
  endfacet
  facet normal 0 1 -0
    outer loop
      vertex 170 22 0
      vertex 122 22 2
      vertex 170 22 2
    endloop
  endfacet
  facet normal 0 1 0
    outer loop
      vertex 122 22 2
      vertex 170 22 0
      vertex 122 22 0
    endloop
  endfacet
  facet normal -1 0 0
    outer loop
      vertex 66 28 0
      vertex 66 31 2
      vertex 66 31 0
    endloop
  endfacet
  facet normal -1 -0 0
    outer loop
      vertex 66 31 2
      vertex 66 28 0
      vertex 66 28 2
    endloop
  endfacet
  facet normal 1 -0 0
    outer loop
      vertex 18 28 2
      vertex 18 31 0
      vertex 18 31 2
    endloop
  endfacet
  facet normal 1 0 0
    outer loop
      vertex 18 31 0
      vertex 18 28 2
      vertex 18 28 0
    endloop
  endfacet
  facet normal 0 -1 0
    outer loop
      vertex 18 31 0
      vertex 66 31 2
      vertex 18 31 2
    endloop
  endfacet
  facet normal 0 -1 -0
    outer loop
      vertex 66 31 2
      vertex 18 31 0
      vertex 66 31 0
    endloop
  endfacet
  facet normal 0 1 -0
    outer loop
      vertex 66 28 0
      vertex 18 28 2
      vertex 66 28 2
    endloop
  endfacet
  facet normal 0 1 0
    outer loop
      vertex 18 28 2
      vertex 66 28 0
      vertex 18 28 0
    endloop
  endfacet
  facet normal -1 0 0
    outer loop
      vertex 170 28 0
      vertex 170 31 2
      vertex 170 31 0
    endloop
  endfacet
  facet normal -1 -0 0
    outer loop
      vertex 170 31 2
      vertex 170 28 0
      vertex 170 28 2
    endloop
  endfacet
  facet normal 1 -0 0
    outer loop
      vertex 122 28 2
      vertex 122 31 0
      vertex 122 31 2
    endloop
  endfacet
  facet normal 1 0 0
    outer loop
      vertex 122 31 0
      vertex 122 28 2
      vertex 122 28 0
    endloop
  endfacet
  facet normal 0 -1 0
    outer loop
      vertex 122 31 0
      vertex 170 31 2
      vertex 122 31 2
    endloop
  endfacet
  facet normal 0 -1 -0
    outer loop
      vertex 170 31 2
      vertex 122 31 0
      vertex 170 31 0
    endloop
  endfacet
  facet normal 0 1 -0
    outer loop
      vertex 170 28 0
      vertex 122 28 2
      vertex 170 28 2
    endloop
  endfacet
  facet normal 0 1 0
    outer loop
      vertex 122 28 2
      vertex 170 28 0
      vertex 122 28 0
    endloop
  endfacet
  facet normal -1 0 0
    outer loop
      vertex 66 34 0
      vertex 66 37 2
      vertex 66 37 0
    endloop
  endfacet
  facet normal -1 -0 0
    outer loop
      vertex 66 37 2
      vertex 66 34 0
      vertex 66 34 2
    endloop
  endfacet
  facet normal 1 -0 0
    outer loop
      vertex 18 34 2
      vertex 18 37 0
      vertex 18 37 2
    endloop
  endfacet
  facet normal 1 0 0
    outer loop
      vertex 18 37 0
      vertex 18 34 2
      vertex 18 34 0
    endloop
  endfacet
  facet normal 0 -1 0
    outer loop
      vertex 18 37 0
      vertex 66 37 2
      vertex 18 37 2
    endloop
  endfacet
  facet normal 0 -1 -0
    outer loop
      vertex 66 37 2
      vertex 18 37 0
      vertex 66 37 0
    endloop
  endfacet
  facet normal 0 1 -0
    outer loop
      vertex 66 34 0
      vertex 18 34 2
      vertex 66 34 2
    endloop
  endfacet
  facet normal 0 1 0
    outer loop
      vertex 18 34 2
      vertex 66 34 0
      vertex 18 34 0
    endloop
  endfacet
  facet normal -1 0 0
    outer loop
      vertex 170 34 0
      vertex 170 37 2
      vertex 170 37 0
    endloop
  endfacet
  facet normal -1 -0 0
    outer loop
      vertex 170 37 2
      vertex 170 34 0
      vertex 170 34 2
    endloop
  endfacet
  facet normal 1 -0 0
    outer loop
      vertex 122 34 2
      vertex 122 37 0
      vertex 122 37 2
    endloop
  endfacet
  facet normal 1 0 0
    outer loop
      vertex 122 37 0
      vertex 122 34 2
      vertex 122 34 0
    endloop
  endfacet
  facet normal 0 -1 0
    outer loop
      vertex 122 37 0
      vertex 170 37 2
      vertex 122 37 2
    endloop
  endfacet
  facet normal 0 -1 -0
    outer loop
      vertex 170 37 2
      vertex 122 37 0
      vertex 170 37 0
    endloop
  endfacet
  facet normal 0 1 -0
    outer loop
      vertex 170 34 0
      vertex 122 34 2
      vertex 170 34 2
    endloop
  endfacet
  facet normal 0 1 0
    outer loop
      vertex 122 34 2
      vertex 170 34 0
      vertex 122 34 0
    endloop
  endfacet
  facet normal -1 0 0
    outer loop
      vertex 66 40 0
      vertex 66 43 2
      vertex 66 43 0
    endloop
  endfacet
  facet normal -1 -0 0
    outer loop
      vertex 66 43 2
      vertex 66 40 0
      vertex 66 40 2
    endloop
  endfacet
  facet normal 1 -0 0
    outer loop
      vertex 18 40 2
      vertex 18 43 0
      vertex 18 43 2
    endloop
  endfacet
  facet normal 1 0 0
    outer loop
      vertex 18 43 0
      vertex 18 40 2
      vertex 18 40 0
    endloop
  endfacet
  facet normal 0 -1 0
    outer loop
      vertex 18 43 0
      vertex 66 43 2
      vertex 18 43 2
    endloop
  endfacet
  facet normal 0 -1 -0
    outer loop
      vertex 66 43 2
      vertex 18 43 0
      vertex 66 43 0
    endloop
  endfacet
  facet normal 0 1 -0
    outer loop
      vertex 66 40 0
      vertex 18 40 2
      vertex 66 40 2
    endloop
  endfacet
  facet normal 0 1 0
    outer loop
      vertex 18 40 2
      vertex 66 40 0
      vertex 18 40 0
    endloop
  endfacet
  facet normal -1 0 0
    outer loop
      vertex 170 40 0
      vertex 170 43 2
      vertex 170 43 0
    endloop
  endfacet
  facet normal -1 -0 0
    outer loop
      vertex 170 43 2
      vertex 170 40 0
      vertex 170 40 2
    endloop
  endfacet
  facet normal 1 -0 0
    outer loop
      vertex 122 40 2
      vertex 122 43 0
      vertex 122 43 2
    endloop
  endfacet
  facet normal 1 0 0
    outer loop
      vertex 122 43 0
      vertex 122 40 2
      vertex 122 40 0
    endloop
  endfacet
  facet normal 0 -1 0
    outer loop
      vertex 122 43 0
      vertex 170 43 2
      vertex 122 43 2
    endloop
  endfacet
  facet normal 0 -1 -0
    outer loop
      vertex 170 43 2
      vertex 122 43 0
      vertex 170 43 0
    endloop
  endfacet
  facet normal 0 1 -0
    outer loop
      vertex 170 40 0
      vertex 122 40 2
      vertex 170 40 2
    endloop
  endfacet
  facet normal 0 1 0
    outer loop
      vertex 122 40 2
      vertex 170 40 0
      vertex 122 40 0
    endloop
  endfacet
  facet normal -1 0 0
    outer loop
      vertex 66 46 0
      vertex 66 49 2
      vertex 66 49 0
    endloop
  endfacet
  facet normal -1 -0 0
    outer loop
      vertex 66 49 2
      vertex 66 46 0
      vertex 66 46 2
    endloop
  endfacet
  facet normal 1 -0 0
    outer loop
      vertex 18 46 2
      vertex 18 49 0
      vertex 18 49 2
    endloop
  endfacet
  facet normal 1 0 0
    outer loop
      vertex 18 49 0
      vertex 18 46 2
      vertex 18 46 0
    endloop
  endfacet
  facet normal 0 -1 0
    outer loop
      vertex 18 49 0
      vertex 66 49 2
      vertex 18 49 2
    endloop
  endfacet
  facet normal 0 -1 -0
    outer loop
      vertex 66 49 2
      vertex 18 49 0
      vertex 66 49 0
    endloop
  endfacet
  facet normal 0 1 -0
    outer loop
      vertex 66 46 0
      vertex 18 46 2
      vertex 66 46 2
    endloop
  endfacet
  facet normal 0 1 0
    outer loop
      vertex 18 46 2
      vertex 66 46 0
      vertex 18 46 0
    endloop
  endfacet
  facet normal -1 0 0
    outer loop
      vertex 170 46 0
      vertex 170 49 2
      vertex 170 49 0
    endloop
  endfacet
  facet normal -1 -0 0
    outer loop
      vertex 170 49 2
      vertex 170 46 0
      vertex 170 46 2
    endloop
  endfacet
  facet normal 1 -0 0
    outer loop
      vertex 122 46 2
      vertex 122 49 0
      vertex 122 49 2
    endloop
  endfacet
  facet normal 1 0 0
    outer loop
      vertex 122 49 0
      vertex 122 46 2
      vertex 122 46 0
    endloop
  endfacet
  facet normal 0 -1 0
    outer loop
      vertex 122 49 0
      vertex 170 49 2
      vertex 122 49 2
    endloop
  endfacet
  facet normal 0 -1 -0
    outer loop
      vertex 170 49 2
      vertex 122 49 0
      vertex 170 49 0
    endloop
  endfacet
  facet normal 0 1 -0
    outer loop
      vertex 170 46 0
      vertex 122 46 2
      vertex 170 46 2
    endloop
  endfacet
  facet normal 0 1 0
    outer loop
      vertex 122 46 2
      vertex 170 46 0
      vertex 122 46 0
    endloop
  endfacet
  facet normal -0.923826 -0.382813 0
    outer loop
      vertex 98.3467 226.165 0
      vertex 97.8971 227.25 2
      vertex 97.8971 227.25 0
    endloop
  endfacet
  facet normal -0.923826 -0.382813 0
    outer loop
      vertex 97.8971 227.25 2
      vertex 98.3467 226.165 0
      vertex 98.3467 226.165 2
    endloop
  endfacet
  facet normal -0.991453 -0.130463 0
    outer loop
      vertex 98.5 225 0
      vertex 98.3467 226.165 2
      vertex 98.3467 226.165 0
    endloop
  endfacet
  facet normal -0.991453 -0.130463 0
    outer loop
      vertex 98.3467 226.165 2
      vertex 98.5 225 0
      vertex 98.5 225 2
    endloop
  endfacet
  facet normal -0.793373 -0.608735 0
    outer loop
      vertex 97.8971 227.25 0
      vertex 97.182 228.182 2
      vertex 97.182 228.182 0
    endloop
  endfacet
  facet normal -0.793373 -0.608735 0
    outer loop
      vertex 97.182 228.182 2
      vertex 97.8971 227.25 0
      vertex 97.8971 227.25 2
    endloop
  endfacet
  facet normal 0.608682 -0.793414 0
    outer loop
      vertex 90.818 228.182 0
      vertex 91.75 228.897 2
      vertex 90.818 228.182 2
    endloop
  endfacet
  facet normal 0.608682 -0.793414 0
    outer loop
      vertex 91.75 228.897 2
      vertex 90.818 228.182 0
      vertex 91.75 228.897 0
    endloop
  endfacet
  facet normal -0.991453 0.130463 0
    outer loop
      vertex 98.3467 223.835 0
      vertex 98.5 225 2
      vertex 98.5 225 0
    endloop
  endfacet
  facet normal -0.991453 0.130463 0
    outer loop
      vertex 98.5 225 2
      vertex 98.3467 223.835 0
      vertex 98.3467 223.835 2
    endloop
  endfacet
  facet normal -0.608682 0.793414 0
    outer loop
      vertex 97.182 221.818 0
      vertex 96.25 221.103 2
      vertex 97.182 221.818 2
    endloop
  endfacet
  facet normal -0.608682 0.793414 0
    outer loop
      vertex 96.25 221.103 2
      vertex 97.182 221.818 0
      vertex 96.25 221.103 0
    endloop
  endfacet
  facet normal -0.793373 0.608735 0
    outer loop
      vertex 97.182 221.818 0
      vertex 97.8971 222.75 2
      vertex 97.8971 222.75 0
    endloop
  endfacet
  facet normal -0.793373 0.608735 0
    outer loop
      vertex 97.8971 222.75 2
      vertex 97.182 221.818 0
      vertex 97.182 221.818 2
    endloop
  endfacet
  facet normal 0.608682 0.793414 -0
    outer loop
      vertex 91.75 221.103 0
      vertex 90.818 221.818 2
      vertex 91.75 221.103 2
    endloop
  endfacet
  facet normal 0.608682 0.793414 0
    outer loop
      vertex 90.818 221.818 2
      vertex 91.75 221.103 0
      vertex 90.818 221.818 0
    endloop
  endfacet
  facet normal -0.608682 -0.793414 0
    outer loop
      vertex 96.25 228.897 0
      vertex 97.182 228.182 2
      vertex 96.25 228.897 2
    endloop
  endfacet
  facet normal -0.608682 -0.793414 -0
    outer loop
      vertex 97.182 228.182 2
      vertex 96.25 228.897 0
      vertex 97.182 228.182 0
    endloop
  endfacet
  facet normal 0.387232 -0.921982 0
    outer loop
      vertex 91.75 228.897 0
      vertex 91.8 228.918 2
      vertex 91.75 228.897 2
    endloop
  endfacet
  facet normal 0.387232 -0.921982 0
    outer loop
      vertex 91.8 228.918 2
      vertex 91.75 228.897 0
      vertex 91.8 228.918 0
    endloop
  endfacet
  facet normal -0.923826 0.382813 0
    outer loop
      vertex 97.8971 222.75 0
      vertex 98.3467 223.835 2
      vertex 98.3467 223.835 0
    endloop
  endfacet
  facet normal -0.923826 0.382813 0
    outer loop
      vertex 98.3467 223.835 2
      vertex 97.8971 222.75 0
      vertex 97.8971 222.75 2
    endloop
  endfacet
  facet normal 0.793373 0.608735 0
    outer loop
      vertex 90.818 221.818 2
      vertex 90.1029 222.75 0
      vertex 90.1029 222.75 2
    endloop
  endfacet
  facet normal 0.793373 0.608735 0
    outer loop
      vertex 90.1029 222.75 0
      vertex 90.818 221.818 2
      vertex 90.818 221.818 0
    endloop
  endfacet
  facet normal 0.923826 -0.382813 0
    outer loop
      vertex 89.6533 226.165 2
      vertex 90.1029 227.25 0
      vertex 90.1029 227.25 2
    endloop
  endfacet
  facet normal 0.923826 -0.382813 0
    outer loop
      vertex 90.1029 227.25 0
      vertex 89.6533 226.165 2
      vertex 89.6533 226.165 0
    endloop
  endfacet
  facet normal -0.130245 0.991482 0
    outer loop
      vertex 95.1647 220.653 0
      vertex 94 220.5 2
      vertex 95.1647 220.653 2
    endloop
  endfacet
  facet normal -0.130245 0.991482 0
    outer loop
      vertex 94 220.5 2
      vertex 95.1647 220.653 0
      vertex 94 220.5 0
    endloop
  endfacet
  facet normal 0.793373 -0.608735 0
    outer loop
      vertex 90.1029 227.25 2
      vertex 90.818 228.182 0
      vertex 90.818 228.182 2
    endloop
  endfacet
  facet normal 0.793373 -0.608735 0
    outer loop
      vertex 90.818 228.182 0
      vertex 90.1029 227.25 2
      vertex 90.1029 227.25 0
    endloop
  endfacet
  facet normal 0.130245 0.991482 -0
    outer loop
      vertex 94 220.5 0
      vertex 92.8353 220.653 2
      vertex 94 220.5 2
    endloop
  endfacet
  facet normal 0.130245 0.991482 0
    outer loop
      vertex 92.8353 220.653 2
      vertex 94 220.5 0
      vertex 92.8353 220.653 0
    endloop
  endfacet
  facet normal 0.923826 0.382813 0
    outer loop
      vertex 90.1029 222.75 2
      vertex 89.6533 223.835 0
      vertex 89.6533 223.835 2
    endloop
  endfacet
  facet normal 0.923826 0.382813 0
    outer loop
      vertex 89.6533 223.835 0
      vertex 90.1029 222.75 2
      vertex 90.1029 222.75 0
    endloop
  endfacet
  facet normal 0.991453 0.130463 0
    outer loop
      vertex 89.6533 223.835 2
      vertex 89.5 225 0
      vertex 89.5 225 2
    endloop
  endfacet
  facet normal 0.991453 0.130463 0
    outer loop
      vertex 89.5 225 0
      vertex 89.6533 223.835 2
      vertex 89.6533 223.835 0
    endloop
  endfacet
  facet normal -0.383013 0.923743 0
    outer loop
      vertex 96.25 221.103 0
      vertex 95.1647 220.653 2
      vertex 96.25 221.103 2
    endloop
  endfacet
  facet normal -0.383013 0.923743 0
    outer loop
      vertex 95.1647 220.653 2
      vertex 96.25 221.103 0
      vertex 95.1647 220.653 0
    endloop
  endfacet
  facet normal 0.991453 -0.130463 0
    outer loop
      vertex 89.5 225 2
      vertex 89.6533 226.165 0
      vertex 89.6533 226.165 2
    endloop
  endfacet
  facet normal 0.991453 -0.130463 0
    outer loop
      vertex 89.6533 226.165 0
      vertex 89.5 225 2
      vertex 89.5 225 0
    endloop
  endfacet
  facet normal -0.387232 -0.921982 0
    outer loop
      vertex 96.2 228.918 0
      vertex 96.25 228.897 2
      vertex 96.2 228.918 2
    endloop
  endfacet
  facet normal -0.387232 -0.921982 -0
    outer loop
      vertex 96.25 228.897 2
      vertex 96.2 228.918 0
      vertex 96.25 228.897 0
    endloop
  endfacet
  facet normal 0.383013 0.923743 -0
    outer loop
      vertex 92.8353 220.653 0
      vertex 91.75 221.103 2
      vertex 92.8353 220.653 2
    endloop
  endfacet
  facet normal 0.383013 0.923743 0
    outer loop
      vertex 91.75 221.103 2
      vertex 92.8353 220.653 0
      vertex 91.75 221.103 0
    endloop
  endfacet
  facet normal -1 0 0
    outer loop
      vertex 96.2 228.918 0
      vertex 96.2 234 2
      vertex 96.2 234 0
    endloop
  endfacet
  facet normal -1 -0 0
    outer loop
      vertex 96.2 234 2
      vertex 96.2 228.918 0
      vertex 96.2 228.918 2
    endloop
  endfacet
  facet normal 1 -0 0
    outer loop
      vertex 91.8 228.918 2
      vertex 91.8 234 0
      vertex 91.8 234 2
    endloop
  endfacet
  facet normal 1 0 0
    outer loop
      vertex 91.8 234 0
      vertex 91.8 228.918 2
      vertex 91.8 228.918 0
    endloop
  endfacet
  facet normal 0 -1 0
    outer loop
      vertex 91.8 234 0
      vertex 96.2 234 2
      vertex 91.8 234 2
    endloop
  endfacet
  facet normal 0 -1 -0
    outer loop
      vertex 96.2 234 2
      vertex 91.8 234 0
      vertex 96.2 234 0
    endloop
  endfacet
  facet normal 1 -0 0
    outer loop
      vertex 188 0 2
      vertex 188 240 0
      vertex 188 240 2
    endloop
  endfacet
  facet normal 1 0 0
    outer loop
      vertex 188 240 0
      vertex 188 0 2
      vertex 188 0 0
    endloop
  endfacet
  facet normal 0 0 1
    outer loop
      vertex 18 212 2
      vertex 4.8 233.014 2
      vertex 18 209 2
    endloop
  endfacet
  facet normal 0 0 1
    outer loop
      vertex 18 49 2
      vertex 7.14548 6.01411 2
      vertex 7.2 5.6 2
    endloop
  endfacet
  facet normal 0 0 1
    outer loop
      vertex 18 209 2
      vertex 4.8 233.014 2
      vertex 18 206 2
    endloop
  endfacet
  facet normal 0 0 1
    outer loop
      vertex 18 49 2
      vertex 6.98564 6.4 2
      vertex 7.14548 6.01411 2
    endloop
  endfacet
  facet normal 0 0 1
    outer loop
      vertex 4.46863 233.269 2
      vertex 18 206 2
      vertex 4.8 233.014 2
    endloop
  endfacet
  facet normal 0 0 1
    outer loop
      vertex 18 49 2
      vertex 6.73137 6.73137 2
      vertex 6.98564 6.4 2
    endloop
  endfacet
  facet normal 0 0 1
    outer loop
      vertex 18 206 2
      vertex 4.46863 233.269 2
      vertex 18 203 2
    endloop
  endfacet
  facet normal 0 0 1
    outer loop
      vertex 18 49 2
      vertex 6.4 6.98564 2
      vertex 6.73137 6.73137 2
    endloop
  endfacet
  facet normal 0 0 1
    outer loop
      vertex 18 203 2
      vertex 4.46863 233.269 2
      vertex 18 200 2
    endloop
  endfacet
  facet normal 0 0 1
    outer loop
      vertex 18 49 2
      vertex 6.01411 7.14548 2
      vertex 6.4 6.98564 2
    endloop
  endfacet
  facet normal 0 0 1
    outer loop
      vertex 18 200 2
      vertex 4.46863 233.269 2
      vertex 18 197 2
    endloop
  endfacet
  facet normal 0 0 1
    outer loop
      vertex 18 49 2
      vertex 5.6 7.2 2
      vertex 6.01411 7.14548 2
    endloop
  endfacet
  facet normal 0 0 1
    outer loop
      vertex 18 197 2
      vertex 4.46863 233.269 2
      vertex 18 194 2
    endloop
  endfacet
  facet normal 0 0 1
    outer loop
      vertex 18 49 2
      vertex 5.18589 7.14548 2
      vertex 5.6 7.2 2
    endloop
  endfacet
  facet normal 0 0 1
    outer loop
      vertex 4.21436 233.6 2
      vertex 18 194 2
      vertex 4.46863 233.269 2
    endloop
  endfacet
  facet normal 0 0 1
    outer loop
      vertex 18 49 2
      vertex 4.8 6.98564 2
      vertex 5.18589 7.14548 2
    endloop
  endfacet
  facet normal 0 0 1
    outer loop
      vertex 0 240 2
      vertex 18 194 2
      vertex 4.21436 233.6 2
    endloop
  endfacet
  facet normal 0 0 1
    outer loop
      vertex 18 49 2
      vertex 4.46863 6.73137 2
      vertex 4.8 6.98564 2
    endloop
  endfacet
  facet normal 0 0 1
    outer loop
      vertex 18 194 2
      vertex 0 240 2
      vertex 18 49 2
    endloop
  endfacet
  facet normal 0 0 1
    outer loop
      vertex 18 49 2
      vertex 4.21436 6.4 2
      vertex 4.46863 6.73137 2
    endloop
  endfacet
  facet normal 0 0 1
    outer loop
      vertex 0 240 2
      vertex 4.21436 233.6 2
      vertex 4.05452 233.986 2
    endloop
  endfacet
  facet normal 0 0 1
    outer loop
      vertex 0 0 2
      vertex 18 49 2
      vertex 0 240 2
    endloop
  endfacet
  facet normal 0 0 1
    outer loop
      vertex 0 240 2
      vertex 4.05452 233.986 2
      vertex 4 234.4 2
    endloop
  endfacet
  facet normal 0 0 1
    outer loop
      vertex 18 49 2
      vertex 0 0 2
      vertex 4.21436 6.4 2
    endloop
  endfacet
  facet normal -0 0 1
    outer loop
      vertex 18 28 2
      vertex 66 25 2
      vertex 66 28 2
    endloop
  endfacet
  facet normal 0 0 1
    outer loop
      vertex 66 25 2
      vertex 18 28 2
      vertex 18 25 2
    endloop
  endfacet
  facet normal -0 0 1
    outer loop
      vertex 18 34 2
      vertex 66 31 2
      vertex 66 34 2
    endloop
  endfacet
  facet normal 0 0 1
    outer loop
      vertex 66 31 2
      vertex 18 34 2
      vertex 18 31 2
    endloop
  endfacet
  facet normal -0 0 1
    outer loop
      vertex 18 40 2
      vertex 66 37 2
      vertex 66 40 2
    endloop
  endfacet
  facet normal 0 0 1
    outer loop
      vertex 66 37 2
      vertex 18 40 2
      vertex 18 37 2
    endloop
  endfacet
  facet normal -0 0 1
    outer loop
      vertex 18 46 2
      vertex 66 43 2
      vertex 66 46 2
    endloop
  endfacet
  facet normal 0 0 1
    outer loop
      vertex 66 43 2
      vertex 18 46 2
      vertex 18 43 2
    endloop
  endfacet
  facet normal -0 0 1
    outer loop
      vertex 18 194 2
      vertex 66 49 2
      vertex 66 194 2
    endloop
  endfacet
  facet normal 0 0 1
    outer loop
      vertex 66 49 2
      vertex 18 194 2
      vertex 18 49 2
    endloop
  endfacet
  facet normal -0 0 1
    outer loop
      vertex 18 200 2
      vertex 66 197 2
      vertex 66 200 2
    endloop
  endfacet
  facet normal 0 0 1
    outer loop
      vertex 66 197 2
      vertex 18 200 2
      vertex 18 197 2
    endloop
  endfacet
  facet normal -0 0 1
    outer loop
      vertex 18 206 2
      vertex 66 203 2
      vertex 66 206 2
    endloop
  endfacet
  facet normal 0 0 1
    outer loop
      vertex 66 203 2
      vertex 18 206 2
      vertex 18 203 2
    endloop
  endfacet
  facet normal -0 0 1
    outer loop
      vertex 18 212 2
      vertex 66 209 2
      vertex 66 212 2
    endloop
  endfacet
  facet normal 0 0 1
    outer loop
      vertex 66 209 2
      vertex 18 212 2
      vertex 18 209 2
    endloop
  endfacet
  facet normal -0 0 1
    outer loop
      vertex 18 218 2
      vertex 66 215 2
      vertex 66 218 2
    endloop
  endfacet
  facet normal 0 0 1
    outer loop
      vertex 66 215 2
      vertex 18 218 2
      vertex 18 215 2
    endloop
  endfacet
  facet normal -0 0 1
    outer loop
      vertex 122 28 2
      vertex 170 25 2
      vertex 170 28 2
    endloop
  endfacet
  facet normal 0 0 1
    outer loop
      vertex 170 25 2
      vertex 122 28 2
      vertex 122 25 2
    endloop
  endfacet
  facet normal -0 0 1
    outer loop
      vertex 122 34 2
      vertex 170 31 2
      vertex 170 34 2
    endloop
  endfacet
  facet normal 0 0 1
    outer loop
      vertex 170 31 2
      vertex 122 34 2
      vertex 122 31 2
    endloop
  endfacet
  facet normal -0 0 1
    outer loop
      vertex 122 40 2
      vertex 170 37 2
      vertex 170 40 2
    endloop
  endfacet
  facet normal 0 0 1
    outer loop
      vertex 170 37 2
      vertex 122 40 2
      vertex 122 37 2
    endloop
  endfacet
  facet normal -0 0 1
    outer loop
      vertex 122 46 2
      vertex 170 43 2
      vertex 170 46 2
    endloop
  endfacet
  facet normal 0 0 1
    outer loop
      vertex 170 43 2
      vertex 122 46 2
      vertex 122 43 2
    endloop
  endfacet
  facet normal -0 0 1
    outer loop
      vertex 122 194 2
      vertex 170 49 2
      vertex 170 194 2
    endloop
  endfacet
  facet normal 0 0 1
    outer loop
      vertex 170 49 2
      vertex 122 194 2
      vertex 122 49 2
    endloop
  endfacet
  facet normal -0 0 1
    outer loop
      vertex 122 200 2
      vertex 170 197 2
      vertex 170 200 2
    endloop
  endfacet
  facet normal 0 0 1
    outer loop
      vertex 170 197 2
      vertex 122 200 2
      vertex 122 197 2
    endloop
  endfacet
  facet normal -0 0 1
    outer loop
      vertex 122 206 2
      vertex 170 203 2
      vertex 170 206 2
    endloop
  endfacet
  facet normal 0 0 1
    outer loop
      vertex 170 203 2
      vertex 122 206 2
      vertex 122 203 2
    endloop
  endfacet
  facet normal -0 0 1
    outer loop
      vertex 122 212 2
      vertex 170 209 2
      vertex 170 212 2
    endloop
  endfacet
  facet normal 0 0 1
    outer loop
      vertex 170 209 2
      vertex 122 212 2
      vertex 122 209 2
    endloop
  endfacet
  facet normal -0 0 1
    outer loop
      vertex 122 218 2
      vertex 170 215 2
      vertex 170 218 2
    endloop
  endfacet
  facet normal 0 0 1
    outer loop
      vertex 170 215 2
      vertex 122 218 2
      vertex 122 215 2
    endloop
  endfacet
  facet normal 0 0 1
    outer loop
      vertex 170 194 2
      vertex 188 240 2
      vertex 183.786 233.6 2
    endloop
  endfacet
  facet normal 0 0 1
    outer loop
      vertex 188 0 2
      vertex 183.945 6.01411 2
      vertex 184 5.6 2
    endloop
  endfacet
  facet normal 0 0 1
    outer loop
      vertex 188 240 2
      vertex 170 49 2
      vertex 188 0 2
    endloop
  endfacet
  facet normal 0 0 1
    outer loop
      vertex 188 0 2
      vertex 183.786 6.4 2
      vertex 183.945 6.01411 2
    endloop
  endfacet
  facet normal 0 0 1
    outer loop
      vertex 170 194 2
      vertex 183.786 233.6 2
      vertex 183.531 233.269 2
    endloop
  endfacet
  facet normal 0 0 1
    outer loop
      vertex 188 0 2
      vertex 170 49 2
      vertex 183.786 6.4 2
    endloop
  endfacet
  facet normal 0 0 1
    outer loop
      vertex 170 206 2
      vertex 183.531 233.269 2
      vertex 183.2 233.014 2
    endloop
  endfacet
  facet normal 0 0 1
    outer loop
      vertex 183.786 6.4 2
      vertex 170 49 2
      vertex 183.531 6.73137 2
    endloop
  endfacet
  facet normal 0 0 1
    outer loop
      vertex 170 212 2
      vertex 183.2 233.014 2
      vertex 182.814 232.855 2
    endloop
  endfacet
  facet normal -0 0 1
    outer loop
      vertex 170 46 2
      vertex 183.531 6.73137 2
      vertex 170 49 2
    endloop
  endfacet
  facet normal 0 0 1
    outer loop
      vertex 170 218 2
      vertex 182.814 232.855 2
      vertex 182.4 232.8 2
    endloop
  endfacet
  facet normal -0 0 1
    outer loop
      vertex 170 43 2
      vertex 183.531 6.73137 2
      vertex 170 46 2
    endloop
  endfacet
  facet normal 0 0 1
    outer loop
      vertex 170 221 2
      vertex 182.4 232.8 2
      vertex 181.986 232.855 2
    endloop
  endfacet
  facet normal -0 0 1
    outer loop
      vertex 170 40 2
      vertex 183.531 6.73137 2
      vertex 170 43 2
    endloop
  endfacet
  facet normal 0 0 1
    outer loop
      vertex 170 221 2
      vertex 181.986 232.855 2
      vertex 181.6 233.014 2
    endloop
  endfacet
  facet normal -0 0 1
    outer loop
      vertex 170 37 2
      vertex 183.531 6.73137 2
      vertex 170 40 2
    endloop
  endfacet
  facet normal 0 0 1
    outer loop
      vertex 170 221 2
      vertex 181.6 233.014 2
      vertex 181.269 233.269 2
    endloop
  endfacet
  facet normal -0 0 1
    outer loop
      vertex 170 34 2
      vertex 183.531 6.73137 2
      vertex 170 37 2
    endloop
  endfacet
  facet normal 0 0 1
    outer loop
      vertex 170 221 2
      vertex 181.269 233.269 2
      vertex 181.014 233.6 2
    endloop
  endfacet
  facet normal 0 0 1
    outer loop
      vertex 183.531 6.73137 2
      vertex 170 34 2
      vertex 183.2 6.98564 2
    endloop
  endfacet
  facet normal 0 0 1
    outer loop
      vertex 170 221 2
      vertex 181.014 233.6 2
      vertex 180.855 233.986 2
    endloop
  endfacet
  facet normal -0 0 1
    outer loop
      vertex 170 31 2
      vertex 183.2 6.98564 2
      vertex 170 34 2
    endloop
  endfacet
  facet normal 0 0 1
    outer loop
      vertex 170 221 2
      vertex 180.855 233.986 2
      vertex 180.8 234.4 2
    endloop
  endfacet
  facet normal -0 0 1
    outer loop
      vertex 170 28 2
      vertex 183.2 6.98564 2
      vertex 170 31 2
    endloop
  endfacet
  facet normal 0 0 1
    outer loop
      vertex 183.945 233.986 2
      vertex 188 240 2
      vertex 184 234.4 2
    endloop
  endfacet
  facet normal 0 0 1
    outer loop
      vertex 188 240 2
      vertex 183.945 234.814 2
      vertex 184 234.4 2
    endloop
  endfacet
  facet normal 0 0 1
    outer loop
      vertex 188 240 2
      vertex 183.786 235.2 2
      vertex 183.945 234.814 2
    endloop
  endfacet
  facet normal 0 0 1
    outer loop
      vertex 188 240 2
      vertex 183.531 235.531 2
      vertex 183.786 235.2 2
    endloop
  endfacet
  facet normal 0 0 1
    outer loop
      vertex 188 240 2
      vertex 183.2 235.786 2
      vertex 183.531 235.531 2
    endloop
  endfacet
  facet normal 0 0 1
    outer loop
      vertex 188 240 2
      vertex 182.814 235.945 2
      vertex 183.2 235.786 2
    endloop
  endfacet
  facet normal 0 0 1
    outer loop
      vertex 188 240 2
      vertex 182.4 236 2
      vertex 182.814 235.945 2
    endloop
  endfacet
  facet normal 0 0 1
    outer loop
      vertex 188 240 2
      vertex 181.986 235.945 2
      vertex 182.4 236 2
    endloop
  endfacet
  facet normal 0 0 1
    outer loop
      vertex 188 240 2
      vertex 181.6 235.786 2
      vertex 181.986 235.945 2
    endloop
  endfacet
  facet normal 0 0 1
    outer loop
      vertex 182.4 232.8 2
      vertex 170 221 2
      vertex 170 218 2
    endloop
  endfacet
  facet normal 0 0 1
    outer loop
      vertex 180.855 234.814 2
      vertex 170 221 2
      vertex 180.8 234.4 2
    endloop
  endfacet
  facet normal 0 0 1
    outer loop
      vertex 181.014 235.2 2
      vertex 170 221 2
      vertex 180.855 234.814 2
    endloop
  endfacet
  facet normal 0 0 1
    outer loop
      vertex 122 221 2
      vertex 181.014 235.2 2
      vertex 181.269 235.531 2
    endloop
  endfacet
  facet normal 0 0 1
    outer loop
      vertex 181.014 235.2 2
      vertex 122 221 2
      vertex 170 221 2
    endloop
  endfacet
  facet normal 0 0 1
    outer loop
      vertex 96.2 234 2
      vertex 181.269 235.531 2
      vertex 181.6 235.786 2
    endloop
  endfacet
  facet normal 0 0 1
    outer loop
      vertex 96.2 234 2
      vertex 181.6 235.786 2
      vertex 188 240 2
    endloop
  endfacet
  facet normal 0 0 1
    outer loop
      vertex 98.3467 223.835 2
      vertex 122 218 2
      vertex 122 221 2
    endloop
  endfacet
  facet normal 0 0 1
    outer loop
      vertex 122 218 2
      vertex 97.8971 222.75 2
      vertex 122 215 2
    endloop
  endfacet
  facet normal -0 0 1
    outer loop
      vertex 97.182 221.818 2
      vertex 122 215 2
      vertex 97.8971 222.75 2
    endloop
  endfacet
  facet normal 0 0 1
    outer loop
      vertex 122 215 2
      vertex 97.182 221.818 2
      vertex 122 212 2
    endloop
  endfacet
  facet normal 0 0 1
    outer loop
      vertex 122 212 2
      vertex 97.182 221.818 2
      vertex 122 209 2
    endloop
  endfacet
  facet normal 0 0 1
    outer loop
      vertex 122 209 2
      vertex 96.25 221.103 2
      vertex 122 206 2
    endloop
  endfacet
  facet normal 0 0 1
    outer loop
      vertex 122 206 2
      vertex 96.25 221.103 2
      vertex 122 203 2
    endloop
  endfacet
  facet normal -0 0 1
    outer loop
      vertex 95.1647 220.653 2
      vertex 122 203 2
      vertex 96.25 221.103 2
    endloop
  endfacet
  facet normal 0 0 1
    outer loop
      vertex 122 203 2
      vertex 95.1647 220.653 2
      vertex 122 200 2
    endloop
  endfacet
  facet normal 0 0 1
    outer loop
      vertex 122 197 2
      vertex 94 220.5 2
      vertex 122 194 2
    endloop
  endfacet
  facet normal 0 0 1
    outer loop
      vertex 92.8353 220.653 2
      vertex 122 194 2
      vertex 94 220.5 2
    endloop
  endfacet
  facet normal 0 0 1
    outer loop
      vertex 91.75 221.103 2
      vertex 122 194 2
      vertex 92.8353 220.653 2
    endloop
  endfacet
  facet normal 0 0 1
    outer loop
      vertex 122 194 2
      vertex 91.75 221.103 2
      vertex 122 49 2
    endloop
  endfacet
  facet normal 0 0 1
    outer loop
      vertex 88.5402 16.6792 2
      vertex 122 49 2
      vertex 91.75 221.103 2
    endloop
  endfacet
  facet normal 0 -0 1
    outer loop
      vertex 89.0842 16.8443 2
      vertex 122 49 2
      vertex 88.5402 16.6792 2
    endloop
  endfacet
  facet normal 0 -0 1
    outer loop
      vertex 89.65 16.9 2
      vertex 122 49 2
      vertex 89.0842 16.8443 2
    endloop
  endfacet
  facet normal 0 0 1
    outer loop
      vertex 122 49 2
      vertex 89.65 16.9 2
      vertex 122 46 2
    endloop
  endfacet
  facet normal 0 0 1
    outer loop
      vertex 122 43 2
      vertex 98.35 16.9 2
      vertex 122 40 2
    endloop
  endfacet
  facet normal 0 0 1
    outer loop
      vertex 122 40 2
      vertex 98.35 16.9 2
      vertex 122 37 2
    endloop
  endfacet
  facet normal 0 0 1
    outer loop
      vertex 122 22 2
      vertex 101.194 14.5658 2
      vertex 101.25 14 2
    endloop
  endfacet
  facet normal 0 0 1
    outer loop
      vertex 122 22 2
      vertex 101.029 15.1098 2
      vertex 101.194 14.5658 2
    endloop
  endfacet
  facet normal 0 0 1
    outer loop
      vertex 122 22 2
      vertex 100.761 15.6112 2
      vertex 101.029 15.1098 2
    endloop
  endfacet
  facet normal 0 0 1
    outer loop
      vertex 122 22 2
      vertex 100.401 16.0506 2
      vertex 100.761 15.6112 2
    endloop
  endfacet
  facet normal 0 0 1
    outer loop
      vertex 122 25 2
      vertex 100.401 16.0506 2
      vertex 122 22 2
    endloop
  endfacet
  facet normal 0 -0 1
    outer loop
      vertex 100.401 16.0506 2
      vertex 122 25 2
      vertex 99.9612 16.4113 2
    endloop
  endfacet
  facet normal 0 0 1
    outer loop
      vertex 122 28 2
      vertex 99.9612 16.4113 2
      vertex 122 25 2
    endloop
  endfacet
  facet normal -0 0 1
    outer loop
      vertex 98.3467 223.835 2
      vertex 122 221 2
      vertex 98.5 225 2
    endloop
  endfacet
  facet normal 0 0 1
    outer loop
      vertex 181.269 235.531 2
      vertex 96.2 234 2
      vertex 122 221 2
    endloop
  endfacet
  facet normal 0 0 1
    outer loop
      vertex 122 221 2
      vertex 98.3467 226.165 2
      vertex 98.5 225 2
    endloop
  endfacet
  facet normal -0 -0 1
    outer loop
      vertex 97.8971 227.25 2
      vertex 122 221 2
      vertex 96.2 234 2
    endloop
  endfacet
  facet normal 0 0 1
    outer loop
      vertex 122 221 2
      vertex 97.8971 227.25 2
      vertex 98.3467 226.165 2
    endloop
  endfacet
  facet normal 0 0 1
    outer loop
      vertex 97.8971 227.25 2
      vertex 96.2 234 2
      vertex 97.182 228.182 2
    endloop
  endfacet
  facet normal 0 0 1
    outer loop
      vertex 97.182 228.182 2
      vertex 96.2 234 2
      vertex 96.25 228.897 2
    endloop
  endfacet
  facet normal 0 0 1
    outer loop
      vertex 188 240 2
      vertex 91.8 234 2
      vertex 96.2 234 2
    endloop
  endfacet
  facet normal 0 0 1
    outer loop
      vertex 91.8 234 2
      vertex 91.75 228.897 2
      vertex 91.8 228.918 2
    endloop
  endfacet
  facet normal 0 0 1
    outer loop
      vertex 91.8 234 2
      vertex 90.818 228.182 2
      vertex 91.75 228.897 2
    endloop
  endfacet
  facet normal 0 0 1
    outer loop
      vertex 91.8 234 2
      vertex 90.1029 227.25 2
      vertex 90.818 228.182 2
    endloop
  endfacet
  facet normal 0 0 1
    outer loop
      vertex 66 221 2
      vertex 90.1029 227.25 2
      vertex 91.8 234 2
    endloop
  endfacet
  facet normal 0 -0 1
    outer loop
      vertex 98.35 16.9 2
      vertex 122 43 2
      vertex 89.65 16.9 2
    endloop
  endfacet
  facet normal 0 0 1
    outer loop
      vertex 89.6533 223.835 2
      vertex 66 49 2
      vertex 88.5402 16.6792 2
    endloop
  endfacet
  facet normal -0 0 1
    outer loop
      vertex 66 46 2
      vertex 88.5402 16.6792 2
      vertex 66 49 2
    endloop
  endfacet
  facet normal -0 0 1
    outer loop
      vertex 66 43 2
      vertex 88.5402 16.6792 2
      vertex 66 46 2
    endloop
  endfacet
  facet normal -0 0 1
    outer loop
      vertex 66 40 2
      vertex 88.5402 16.6792 2
      vertex 66 43 2
    endloop
  endfacet
  facet normal -0 0 1
    outer loop
      vertex 66 37 2
      vertex 88.5402 16.6792 2
      vertex 66 40 2
    endloop
  endfacet
  facet normal -0 0 1
    outer loop
      vertex 66 34 2
      vertex 88.5402 16.6792 2
      vertex 66 37 2
    endloop
  endfacet
  facet normal 0 0 1
    outer loop
      vertex 89.6533 223.835 2
      vertex 66 221 2
      vertex 66 218 2
    endloop
  endfacet
  facet normal 0 0 1
    outer loop
      vertex 89.6533 226.165 2
      vertex 66 221 2
      vertex 89.5 225 2
    endloop
  endfacet
  facet normal 0 0 1
    outer loop
      vertex 90.1029 227.25 2
      vertex 66 221 2
      vertex 89.6533 226.165 2
    endloop
  endfacet
  facet normal 0 0 1
    outer loop
      vertex 6.73137 235.531 2
      vertex 66 221 2
      vertex 91.8 234 2
    endloop
  endfacet
  facet normal -0 0 1
    outer loop
      vertex 7.14548 233.986 2
      vertex 18 221 2
      vertex 7.2 234.4 2
    endloop
  endfacet
  facet normal -0 0 1
    outer loop
      vertex 6.98564 233.6 2
      vertex 18 221 2
      vertex 7.14548 233.986 2
    endloop
  endfacet
  facet normal -0 0 1
    outer loop
      vertex 6.73137 233.269 2
      vertex 18 221 2
      vertex 6.98564 233.6 2
    endloop
  endfacet
  facet normal -0 0 1
    outer loop
      vertex 6.4 233.014 2
      vertex 18 221 2
      vertex 6.73137 233.269 2
    endloop
  endfacet
  facet normal -0 0 1
    outer loop
      vertex 6.01411 232.855 2
      vertex 18 221 2
      vertex 6.4 233.014 2
    endloop
  endfacet
  facet normal -0 0 1
    outer loop
      vertex 5.6 232.8 2
      vertex 18 221 2
      vertex 6.01411 232.855 2
    endloop
  endfacet
  facet normal 0 0 1
    outer loop
      vertex 18 221 2
      vertex 5.6 232.8 2
      vertex 18 218 2
    endloop
  endfacet
  facet normal 0 0 1
    outer loop
      vertex 5.18589 232.855 2
      vertex 18 218 2
      vertex 5.6 232.8 2
    endloop
  endfacet
  facet normal 0 0 1
    outer loop
      vertex 18 218 2
      vertex 5.18589 232.855 2
      vertex 18 215 2
    endloop
  endfacet
  facet normal 0 0 1
    outer loop
      vertex 18 215 2
      vertex 5.18589 232.855 2
      vertex 18 212 2
    endloop
  endfacet
  facet normal 0 0 1
    outer loop
      vertex 4.8 233.014 2
      vertex 18 212 2
      vertex 5.18589 232.855 2
    endloop
  endfacet
  facet normal 0 0 1
    outer loop
      vertex 18 49 2
      vertex 7.2 5.6 2
      vertex 18 46 2
    endloop
  endfacet
  facet normal 0 0 1
    outer loop
      vertex 18 46 2
      vertex 7.2 5.6 2
      vertex 18 43 2
    endloop
  endfacet
  facet normal 0 0 1
    outer loop
      vertex 18 43 2
      vertex 7.2 5.6 2
      vertex 18 40 2
    endloop
  endfacet
  facet normal 0 0 1
    outer loop
      vertex 18 40 2
      vertex 7.2 5.6 2
      vertex 18 37 2
    endloop
  endfacet
  facet normal 0 0 1
    outer loop
      vertex 18 37 2
      vertex 7.2 5.6 2
      vertex 18 34 2
    endloop
  endfacet
  facet normal 0 0 1
    outer loop
      vertex 18 34 2
      vertex 7.2 5.6 2
      vertex 18 31 2
    endloop
  endfacet
  facet normal 0 0 1
    outer loop
      vertex 18 31 2
      vertex 7.2 5.6 2
      vertex 18 28 2
    endloop
  endfacet
  facet normal 0 0 1
    outer loop
      vertex 18 28 2
      vertex 7.2 5.6 2
      vertex 18 25 2
    endloop
  endfacet
  facet normal 0 0 1
    outer loop
      vertex 66 221 2
      vertex 6.98564 235.2 2
      vertex 18 221 2
    endloop
  endfacet
  facet normal -0 0 1
    outer loop
      vertex 0 240 2
      vertex 91.8 234 2
      vertex 188 240 2
    endloop
  endfacet
  facet normal 0 0 1
    outer loop
      vertex 18 221 2
      vertex 7.14548 234.814 2
      vertex 7.2 234.4 2
    endloop
  endfacet
  facet normal 0 0 1
    outer loop
      vertex 18 221 2
      vertex 6.98564 235.2 2
      vertex 7.14548 234.814 2
    endloop
  endfacet
  facet normal 0 0 1
    outer loop
      vertex 66 221 2
      vertex 6.73137 235.531 2
      vertex 6.98564 235.2 2
    endloop
  endfacet
  facet normal 0 0 1
    outer loop
      vertex 91.8 234 2
      vertex 6.4 235.786 2
      vertex 6.73137 235.531 2
    endloop
  endfacet
  facet normal 0 0 1
    outer loop
      vertex 91.8 234 2
      vertex 0 240 2
      vertex 6.4 235.786 2
    endloop
  endfacet
  facet normal 0 0 1
    outer loop
      vertex 6.4 235.786 2
      vertex 0 240 2
      vertex 6.01411 235.945 2
    endloop
  endfacet
  facet normal 0 0 1
    outer loop
      vertex 4.21436 6.4 2
      vertex 0 0 2
      vertex 4.05452 6.01411 2
    endloop
  endfacet
  facet normal 0 0 1
    outer loop
      vertex 4.05452 234.814 2
      vertex 0 240 2
      vertex 4 234.4 2
    endloop
  endfacet
  facet normal 0 0 1
    outer loop
      vertex 4.21436 235.2 2
      vertex 0 240 2
      vertex 4.05452 234.814 2
    endloop
  endfacet
  facet normal 0 0 1
    outer loop
      vertex 4.46863 235.531 2
      vertex 0 240 2
      vertex 4.21436 235.2 2
    endloop
  endfacet
  facet normal 0 0 1
    outer loop
      vertex 4.8 235.786 2
      vertex 0 240 2
      vertex 4.46863 235.531 2
    endloop
  endfacet
  facet normal 0 0 1
    outer loop
      vertex 5.18589 235.945 2
      vertex 0 240 2
      vertex 4.8 235.786 2
    endloop
  endfacet
  facet normal 0 0 1
    outer loop
      vertex 5.6 236 2
      vertex 0 240 2
      vertex 5.18589 235.945 2
    endloop
  endfacet
  facet normal 0 0 1
    outer loop
      vertex 6.01411 235.945 2
      vertex 0 240 2
      vertex 5.6 236 2
    endloop
  endfacet
  facet normal 0 0 1
    outer loop
      vertex 183.786 233.6 2
      vertex 188 240 2
      vertex 183.945 233.986 2
    endloop
  endfacet
  facet normal -0 0 1
    outer loop
      vertex 183.945 5.18589 2
      vertex 188 0 2
      vertex 184 5.6 2
    endloop
  endfacet
  facet normal -0 0 1
    outer loop
      vertex 183.786 4.8 2
      vertex 188 0 2
      vertex 183.945 5.18589 2
    endloop
  endfacet
  facet normal -0 0 1
    outer loop
      vertex 183.531 4.46863 2
      vertex 188 0 2
      vertex 183.786 4.8 2
    endloop
  endfacet
  facet normal -0 0 1
    outer loop
      vertex 183.2 4.21436 2
      vertex 188 0 2
      vertex 183.531 4.46863 2
    endloop
  endfacet
  facet normal -0 0 1
    outer loop
      vertex 182.814 4.05452 2
      vertex 188 0 2
      vertex 183.2 4.21436 2
    endloop
  endfacet
  facet normal -0 0 1
    outer loop
      vertex 182.4 4 2
      vertex 188 0 2
      vertex 182.814 4.05452 2
    endloop
  endfacet
  facet normal 0 0 1
    outer loop
      vertex 181.986 4.05452 2
      vertex 188 0 2
      vertex 182.4 4 2
    endloop
  endfacet
  facet normal 0 0 1
    outer loop
      vertex 181.6 4.21436 2
      vertex 188 0 2
      vertex 181.986 4.05452 2
    endloop
  endfacet
  facet normal 0 0 1
    outer loop
      vertex 182.814 232.855 2
      vertex 170 218 2
      vertex 170 215 2
    endloop
  endfacet
  facet normal 0 0 1
    outer loop
      vertex 182.814 232.855 2
      vertex 170 215 2
      vertex 170 212 2
    endloop
  endfacet
  facet normal 0 0 1
    outer loop
      vertex 183.2 233.014 2
      vertex 170 212 2
      vertex 170 209 2
    endloop
  endfacet
  facet normal 0 0 1
    outer loop
      vertex 183.2 233.014 2
      vertex 170 209 2
      vertex 170 206 2
    endloop
  endfacet
  facet normal 0 0 1
    outer loop
      vertex 183.531 233.269 2
      vertex 170 206 2
      vertex 170 203 2
    endloop
  endfacet
  facet normal 0 0 1
    outer loop
      vertex 183.531 233.269 2
      vertex 170 203 2
      vertex 170 200 2
    endloop
  endfacet
  facet normal 0 0 1
    outer loop
      vertex 183.531 233.269 2
      vertex 170 200 2
      vertex 170 197 2
    endloop
  endfacet
  facet normal 0 0 1
    outer loop
      vertex 183.531 233.269 2
      vertex 170 197 2
      vertex 170 194 2
    endloop
  endfacet
  facet normal 0 0 1
    outer loop
      vertex 188 240 2
      vertex 170 194 2
      vertex 170 49 2
    endloop
  endfacet
  facet normal 0 0 1
    outer loop
      vertex 183.2 6.98564 2
      vertex 170 28 2
      vertex 182.814 7.14548 2
    endloop
  endfacet
  facet normal -0 0 1
    outer loop
      vertex 170 25 2
      vertex 182.814 7.14548 2
      vertex 170 28 2
    endloop
  endfacet
  facet normal -0 0 1
    outer loop
      vertex 170 22 2
      vertex 182.814 7.14548 2
      vertex 170 25 2
    endloop
  endfacet
  facet normal 0 0 1
    outer loop
      vertex 182.814 7.14548 2
      vertex 170 22 2
      vertex 182.4 7.2 2
    endloop
  endfacet
  facet normal 0 0 1
    outer loop
      vertex 182.4 7.2 2
      vertex 170 22 2
      vertex 181.986 7.14548 2
    endloop
  endfacet
  facet normal 0 0 1
    outer loop
      vertex 181.986 7.14548 2
      vertex 170 22 2
      vertex 181.6 6.98564 2
    endloop
  endfacet
  facet normal 0 0 1
    outer loop
      vertex 181.6 6.98564 2
      vertex 170 22 2
      vertex 181.269 6.73137 2
    endloop
  endfacet
  facet normal 0 0 1
    outer loop
      vertex 181.269 6.73137 2
      vertex 170 22 2
      vertex 181.014 6.4 2
    endloop
  endfacet
  facet normal 0 0 1
    outer loop
      vertex 181.014 6.4 2
      vertex 170 22 2
      vertex 180.855 6.01411 2
    endloop
  endfacet
  facet normal 0 0 1
    outer loop
      vertex 180.855 6.01411 2
      vertex 170 22 2
      vertex 180.8 5.6 2
    endloop
  endfacet
  facet normal 0 0 1
    outer loop
      vertex 180.8 5.6 2
      vertex 170 22 2
      vertex 180.855 5.18589 2
    endloop
  endfacet
  facet normal -0 0 1
    outer loop
      vertex 122 22 2
      vertex 180.855 5.18589 2
      vertex 170 22 2
    endloop
  endfacet
  facet normal 0 0 1
    outer loop
      vertex 180.855 5.18589 2
      vertex 122 22 2
      vertex 181.014 4.8 2
    endloop
  endfacet
  facet normal 0 0 1
    outer loop
      vertex 122 22 2
      vertex 181.269 4.46863 2
      vertex 181.014 4.8 2
    endloop
  endfacet
  facet normal -0 0 1
    outer loop
      vertex 99.9612 11.5887 2
      vertex 181.269 4.46863 2
      vertex 122 22 2
    endloop
  endfacet
  facet normal -0 0 1
    outer loop
      vertex 99.4598 11.3207 2
      vertex 181.269 4.46863 2
      vertex 99.9612 11.5887 2
    endloop
  endfacet
  facet normal 0 0 1
    outer loop
      vertex 101.194 13.4342 2
      vertex 122 22 2
      vertex 101.25 14 2
    endloop
  endfacet
  facet normal 0 0 1
    outer loop
      vertex 101.029 12.8902 2
      vertex 122 22 2
      vertex 101.194 13.4342 2
    endloop
  endfacet
  facet normal 0 0 1
    outer loop
      vertex 100.761 12.3888 2
      vertex 122 22 2
      vertex 101.029 12.8902 2
    endloop
  endfacet
  facet normal 0 0 1
    outer loop
      vertex 100.401 11.9494 2
      vertex 122 22 2
      vertex 100.761 12.3888 2
    endloop
  endfacet
  facet normal 0 0 1
    outer loop
      vertex 99.9612 11.5887 2
      vertex 122 22 2
      vertex 100.401 11.9494 2
    endloop
  endfacet
  facet normal 0 0 1
    outer loop
      vertex 181.269 4.46863 2
      vertex 99.4598 11.3207 2
      vertex 181.6 4.21436 2
    endloop
  endfacet
  facet normal 0 0 1
    outer loop
      vertex 181.6 4.21436 2
      vertex 99.4598 11.3207 2
      vertex 188 0 2
    endloop
  endfacet
  facet normal -0 0 1
    outer loop
      vertex 98.9158 11.1557 2
      vertex 188 0 2
      vertex 99.4598 11.3207 2
    endloop
  endfacet
  facet normal -0 0 1
    outer loop
      vertex 98.35 11.1 2
      vertex 188 0 2
      vertex 98.9158 11.1557 2
    endloop
  endfacet
  facet normal -0 0 1
    outer loop
      vertex 89.65 11.1 2
      vertex 188 0 2
      vertex 98.35 11.1 2
    endloop
  endfacet
  facet normal 0 0 1
    outer loop
      vertex 0 0 2
      vertex 89.65 11.1 2
      vertex 89.0842 11.1557 2
    endloop
  endfacet
  facet normal 0 0 1
    outer loop
      vertex 89.6533 223.835 2
      vertex 66 218 2
      vertex 66 215 2
    endloop
  endfacet
  facet normal 0 0 1
    outer loop
      vertex 89.6533 223.835 2
      vertex 66 215 2
      vertex 66 212 2
    endloop
  endfacet
  facet normal 0 0 1
    outer loop
      vertex 89.6533 223.835 2
      vertex 66 212 2
      vertex 66 209 2
    endloop
  endfacet
  facet normal 0 0 1
    outer loop
      vertex 89.6533 223.835 2
      vertex 66 209 2
      vertex 66 206 2
    endloop
  endfacet
  facet normal 0 0 1
    outer loop
      vertex 89.6533 223.835 2
      vertex 66 206 2
      vertex 66 203 2
    endloop
  endfacet
  facet normal 0 0 1
    outer loop
      vertex 89.6533 223.835 2
      vertex 66 203 2
      vertex 66 200 2
    endloop
  endfacet
  facet normal 0 0 1
    outer loop
      vertex 89.6533 223.835 2
      vertex 66 200 2
      vertex 66 197 2
    endloop
  endfacet
  facet normal 0 0 1
    outer loop
      vertex 89.6533 223.835 2
      vertex 66 197 2
      vertex 66 194 2
    endloop
  endfacet
  facet normal 0 0 1
    outer loop
      vertex 89.6533 223.835 2
      vertex 66 194 2
      vertex 66 49 2
    endloop
  endfacet
  facet normal -0 0 1
    outer loop
      vertex 66 31 2
      vertex 88.5402 16.6792 2
      vertex 66 34 2
    endloop
  endfacet
  facet normal 0 0 1
    outer loop
      vertex 88.5402 16.6792 2
      vertex 66 31 2
      vertex 88.0388 16.4113 2
    endloop
  endfacet
  facet normal -0 0 1
    outer loop
      vertex 66 28 2
      vertex 88.0388 16.4113 2
      vertex 66 31 2
    endloop
  endfacet
  facet normal 0 0 1
    outer loop
      vertex 88.0388 16.4113 2
      vertex 66 28 2
      vertex 87.5994 16.0506 2
    endloop
  endfacet
  facet normal -0 0 1
    outer loop
      vertex 66 25 2
      vertex 87.5994 16.0506 2
      vertex 66 28 2
    endloop
  endfacet
  facet normal 0 0 1
    outer loop
      vertex 87.5994 16.0506 2
      vertex 66 25 2
      vertex 87.2387 15.6112 2
    endloop
  endfacet
  facet normal -0 0 1
    outer loop
      vertex 66 22 2
      vertex 87.2387 15.6112 2
      vertex 66 25 2
    endloop
  endfacet
  facet normal 0 0 1
    outer loop
      vertex 87.2387 15.6112 2
      vertex 66 22 2
      vertex 86.9707 15.1098 2
    endloop
  endfacet
  facet normal 0 0 1
    outer loop
      vertex 86.9707 15.1098 2
      vertex 66 22 2
      vertex 86.8057 14.5658 2
    endloop
  endfacet
  facet normal 0 0 1
    outer loop
      vertex 86.8057 14.5658 2
      vertex 66 22 2
      vertex 86.75 14 2
    endloop
  endfacet
  facet normal 0 0 1
    outer loop
      vertex 86.75 14 2
      vertex 66 22 2
      vertex 86.8057 13.4342 2
    endloop
  endfacet
  facet normal 0 0 1
    outer loop
      vertex 86.8057 13.4342 2
      vertex 66 22 2
      vertex 86.9707 12.8902 2
    endloop
  endfacet
  facet normal 0 0 1
    outer loop
      vertex 86.9707 12.8902 2
      vertex 66 22 2
      vertex 87.2387 12.3888 2
    endloop
  endfacet
  facet normal 0 0 1
    outer loop
      vertex 87.2387 12.3888 2
      vertex 66 22 2
      vertex 87.5994 11.9494 2
    endloop
  endfacet
  facet normal 0 0 1
    outer loop
      vertex 87.5994 11.9494 2
      vertex 66 22 2
      vertex 88.0388 11.5887 2
    endloop
  endfacet
  facet normal 0 0 1
    outer loop
      vertex 6.73137 4.46863 2
      vertex 88.0388 11.5887 2
      vertex 66 22 2
    endloop
  endfacet
  facet normal 0 0 1
    outer loop
      vertex 7.14548 5.18589 2
      vertex 66 22 2
      vertex 18 22 2
    endloop
  endfacet
  facet normal 0 0 1
    outer loop
      vertex 6.98564 4.8 2
      vertex 66 22 2
      vertex 7.14548 5.18589 2
    endloop
  endfacet
  facet normal 0 0 1
    outer loop
      vertex 18 25 2
      vertex 7.2 5.6 2
      vertex 18 22 2
    endloop
  endfacet
  facet normal 0 0 1
    outer loop
      vertex 7.14548 5.18589 2
      vertex 18 22 2
      vertex 7.2 5.6 2
    endloop
  endfacet
  facet normal 0 0 1
    outer loop
      vertex 6.73137 4.46863 2
      vertex 66 22 2
      vertex 6.98564 4.8 2
    endloop
  endfacet
  facet normal 0 0 1
    outer loop
      vertex 88.0388 11.5887 2
      vertex 6.73137 4.46863 2
      vertex 88.5402 11.3207 2
    endloop
  endfacet
  facet normal 0 0 1
    outer loop
      vertex 6.4 4.21436 2
      vertex 88.5402 11.3207 2
      vertex 6.73137 4.46863 2
    endloop
  endfacet
  facet normal 0 0 1
    outer loop
      vertex 0 0 2
      vertex 88.5402 11.3207 2
      vertex 6.4 4.21436 2
    endloop
  endfacet
  facet normal 0 0 1
    outer loop
      vertex 88.5402 11.3207 2
      vertex 0 0 2
      vertex 89.0842 11.1557 2
    endloop
  endfacet
  facet normal 0 0 1
    outer loop
      vertex 0 0 2
      vertex 6.4 4.21436 2
      vertex 6.01411 4.05452 2
    endloop
  endfacet
  facet normal 0 0 1
    outer loop
      vertex 0 0 2
      vertex 6.01411 4.05452 2
      vertex 5.6 4 2
    endloop
  endfacet
  facet normal 0 0 1
    outer loop
      vertex 89.65 11.1 2
      vertex 0 0 2
      vertex 188 0 2
    endloop
  endfacet
  facet normal 0 0 1
    outer loop
      vertex 5.18589 4.05452 2
      vertex 0 0 2
      vertex 5.6 4 2
    endloop
  endfacet
  facet normal 0 0 1
    outer loop
      vertex 4.8 4.21436 2
      vertex 0 0 2
      vertex 5.18589 4.05452 2
    endloop
  endfacet
  facet normal 0 0 1
    outer loop
      vertex 4.46863 4.46863 2
      vertex 0 0 2
      vertex 4.8 4.21436 2
    endloop
  endfacet
  facet normal 0 0 1
    outer loop
      vertex 4.21436 4.8 2
      vertex 0 0 2
      vertex 4.46863 4.46863 2
    endloop
  endfacet
  facet normal 0 0 1
    outer loop
      vertex 4.05452 5.18589 2
      vertex 0 0 2
      vertex 4.21436 4.8 2
    endloop
  endfacet
  facet normal 0 0 1
    outer loop
      vertex 4 5.6 2
      vertex 0 0 2
      vertex 4.05452 5.18589 2
    endloop
  endfacet
  facet normal 0 0 1
    outer loop
      vertex 4.05452 6.01411 2
      vertex 0 0 2
      vertex 4 5.6 2
    endloop
  endfacet
  facet normal 0 0 1
    outer loop
      vertex 122 218 2
      vertex 98.3467 223.835 2
      vertex 97.8971 222.75 2
    endloop
  endfacet
  facet normal -0 0 1
    outer loop
      vertex 96.25 221.103 2
      vertex 122 209 2
      vertex 97.182 221.818 2
    endloop
  endfacet
  facet normal 0 0 1
    outer loop
      vertex 122 200 2
      vertex 95.1647 220.653 2
      vertex 122 197 2
    endloop
  endfacet
  facet normal -0 0 1
    outer loop
      vertex 94 220.5 2
      vertex 122 197 2
      vertex 95.1647 220.653 2
    endloop
  endfacet
  facet normal 0 -0 1
    outer loop
      vertex 99.4598 16.6792 2
      vertex 122 34 2
      vertex 98.9158 16.8443 2
    endloop
  endfacet
  facet normal 0 0 1
    outer loop
      vertex 122 31 2
      vertex 99.9612 16.4113 2
      vertex 122 28 2
    endloop
  endfacet
  facet normal 0 0 1
    outer loop
      vertex 122 34 2
      vertex 99.4598 16.6792 2
      vertex 122 31 2
    endloop
  endfacet
  facet normal 0 -0 1
    outer loop
      vertex 98.9158 16.8443 2
      vertex 122 37 2
      vertex 98.35 16.9 2
    endloop
  endfacet
  facet normal 0 0 1
    outer loop
      vertex 122 46 2
      vertex 89.65 16.9 2
      vertex 122 43 2
    endloop
  endfacet
  facet normal 0 0 1
    outer loop
      vertex 88.5402 16.6792 2
      vertex 91.75 221.103 2
      vertex 90.818 221.818 2
    endloop
  endfacet
  facet normal 0 0 1
    outer loop
      vertex 88.5402 16.6792 2
      vertex 90.818 221.818 2
      vertex 90.1029 222.75 2
    endloop
  endfacet
  facet normal 0 0 1
    outer loop
      vertex 88.5402 16.6792 2
      vertex 90.1029 222.75 2
      vertex 89.6533 223.835 2
    endloop
  endfacet
  facet normal 0 -0 1
    outer loop
      vertex 99.9612 16.4113 2
      vertex 122 31 2
      vertex 99.4598 16.6792 2
    endloop
  endfacet
  facet normal 0 0 1
    outer loop
      vertex 66 221 2
      vertex 89.6533 223.835 2
      vertex 89.5 225 2
    endloop
  endfacet
  facet normal 0 0 1
    outer loop
      vertex 122 37 2
      vertex 98.9158 16.8443 2
      vertex 122 34 2
    endloop
  endfacet
  facet normal 0 0 1
    outer loop
      vertex 96.25 228.897 2
      vertex 96.2 234 2
      vertex 96.2 228.918 2
    endloop
  endfacet
  facet normal -0 0 -1
    outer loop
      vertex 18 28 0
      vertex 4.8 6.98564 0
      vertex 18 31 0
    endloop
  endfacet
  facet normal 0 0 -1
    outer loop
      vertex 18 49 0
      vertex 7.14548 233.986 0
      vertex 7.2 234.4 0
    endloop
  endfacet
  facet normal -0 0 -1
    outer loop
      vertex 18 31 0
      vertex 4.8 6.98564 0
      vertex 18 34 0
    endloop
  endfacet
  facet normal 0 0 -1
    outer loop
      vertex 18 49 0
      vertex 6.98564 233.6 0
      vertex 7.14548 233.986 0
    endloop
  endfacet
  facet normal 0 0 -1
    outer loop
      vertex 4.46863 6.73137 0
      vertex 18 34 0
      vertex 4.8 6.98564 0
    endloop
  endfacet
  facet normal 0 0 -1
    outer loop
      vertex 18 49 0
      vertex 6.73137 233.269 0
      vertex 6.98564 233.6 0
    endloop
  endfacet
  facet normal -0 0 -1
    outer loop
      vertex 18 34 0
      vertex 4.46863 6.73137 0
      vertex 18 37 0
    endloop
  endfacet
  facet normal 0 0 -1
    outer loop
      vertex 18 49 0
      vertex 6.4 233.014 0
      vertex 6.73137 233.269 0
    endloop
  endfacet
  facet normal -0 0 -1
    outer loop
      vertex 18 37 0
      vertex 4.46863 6.73137 0
      vertex 18 40 0
    endloop
  endfacet
  facet normal 0 0 -1
    outer loop
      vertex 18 49 0
      vertex 6.01411 232.855 0
      vertex 6.4 233.014 0
    endloop
  endfacet
  facet normal -0 0 -1
    outer loop
      vertex 18 40 0
      vertex 4.46863 6.73137 0
      vertex 18 43 0
    endloop
  endfacet
  facet normal 0 0 -1
    outer loop
      vertex 18 49 0
      vertex 5.6 232.8 0
      vertex 6.01411 232.855 0
    endloop
  endfacet
  facet normal -0 0 -1
    outer loop
      vertex 18 43 0
      vertex 4.46863 6.73137 0
      vertex 18 46 0
    endloop
  endfacet
  facet normal 0 0 -1
    outer loop
      vertex 18 49 0
      vertex 5.18589 232.855 0
      vertex 5.6 232.8 0
    endloop
  endfacet
  facet normal -0 0 -1
    outer loop
      vertex 18 46 0
      vertex 4.46863 6.73137 0
      vertex 18 49 0
    endloop
  endfacet
  facet normal 0 0 -1
    outer loop
      vertex 18 49 0
      vertex 4.8 233.014 0
      vertex 5.18589 232.855 0
    endloop
  endfacet
  facet normal 0 0 -1
    outer loop
      vertex 4.21436 6.4 0
      vertex 18 49 0
      vertex 4.46863 6.73137 0
    endloop
  endfacet
  facet normal 0 0 -1
    outer loop
      vertex 18 49 0
      vertex 4.46863 233.269 0
      vertex 4.8 233.014 0
    endloop
  endfacet
  facet normal 0 0 -1
    outer loop
      vertex 0 0 0
      vertex 18 49 0
      vertex 4.21436 6.4 0
    endloop
  endfacet
  facet normal 0 0 -1
    outer loop
      vertex 18 49 0
      vertex 4.21436 233.6 0
      vertex 4.46863 233.269 0
    endloop
  endfacet
  facet normal 0 0 -1
    outer loop
      vertex 0 0 0
      vertex 4.21436 6.4 0
      vertex 4.05452 6.01411 0
    endloop
  endfacet
  facet normal 0 0 -1
    outer loop
      vertex 0 240 0
      vertex 18 49 0
      vertex 0 0 0
    endloop
  endfacet
  facet normal 0 0 -1
    outer loop
      vertex 0 0 0
      vertex 4.05452 6.01411 0
      vertex 4 5.6 0
    endloop
  endfacet
  facet normal 0 0 -1
    outer loop
      vertex 18 49 0
      vertex 0 240 0
      vertex 4.21436 233.6 0
    endloop
  endfacet
  facet normal 0 0 -1
    outer loop
      vertex 18 215 0
      vertex 66 218 0
      vertex 66 215 0
    endloop
  endfacet
  facet normal -0 0 -1
    outer loop
      vertex 66 218 0
      vertex 18 215 0
      vertex 18 218 0
    endloop
  endfacet
  facet normal 0 0 -1
    outer loop
      vertex 18 209 0
      vertex 66 212 0
      vertex 66 209 0
    endloop
  endfacet
  facet normal -0 0 -1
    outer loop
      vertex 66 212 0
      vertex 18 209 0
      vertex 18 212 0
    endloop
  endfacet
  facet normal 0 0 -1
    outer loop
      vertex 18 203 0
      vertex 66 206 0
      vertex 66 203 0
    endloop
  endfacet
  facet normal -0 0 -1
    outer loop
      vertex 66 206 0
      vertex 18 203 0
      vertex 18 206 0
    endloop
  endfacet
  facet normal 0 0 -1
    outer loop
      vertex 18 197 0
      vertex 66 200 0
      vertex 66 197 0
    endloop
  endfacet
  facet normal -0 0 -1
    outer loop
      vertex 66 200 0
      vertex 18 197 0
      vertex 18 200 0
    endloop
  endfacet
  facet normal 0 0 -1
    outer loop
      vertex 18 49 0
      vertex 66 194 0
      vertex 66 49 0
    endloop
  endfacet
  facet normal -0 0 -1
    outer loop
      vertex 66 194 0
      vertex 18 49 0
      vertex 18 194 0
    endloop
  endfacet
  facet normal 0 0 -1
    outer loop
      vertex 18 43 0
      vertex 66 46 0
      vertex 66 43 0
    endloop
  endfacet
  facet normal -0 0 -1
    outer loop
      vertex 66 46 0
      vertex 18 43 0
      vertex 18 46 0
    endloop
  endfacet
  facet normal 0 0 -1
    outer loop
      vertex 18 37 0
      vertex 66 40 0
      vertex 66 37 0
    endloop
  endfacet
  facet normal -0 0 -1
    outer loop
      vertex 66 40 0
      vertex 18 37 0
      vertex 18 40 0
    endloop
  endfacet
  facet normal 0 0 -1
    outer loop
      vertex 18 31 0
      vertex 66 34 0
      vertex 66 31 0
    endloop
  endfacet
  facet normal -0 0 -1
    outer loop
      vertex 66 34 0
      vertex 18 31 0
      vertex 18 34 0
    endloop
  endfacet
  facet normal 0 0 -1
    outer loop
      vertex 18 25 0
      vertex 66 28 0
      vertex 66 25 0
    endloop
  endfacet
  facet normal -0 0 -1
    outer loop
      vertex 66 28 0
      vertex 18 25 0
      vertex 18 28 0
    endloop
  endfacet
  facet normal -0 0 -1
    outer loop
      vertex 91.8 228.918 0
      vertex 91.75 228.897 0
      vertex 91.8 234 0
    endloop
  endfacet
  facet normal 0 0 -1
    outer loop
      vertex 122 46 0
      vertex 66 46 0
      vertex 122 49 0
    endloop
  endfacet
  facet normal 0 0 -1
    outer loop
      vertex 122 49 0
      vertex 98.3467 223.835 0
      vertex 98.5 225 0
    endloop
  endfacet
  facet normal 0 0 -1
    outer loop
      vertex 122 49 0
      vertex 97.8971 222.75 0
      vertex 98.3467 223.835 0
    endloop
  endfacet
  facet normal 0 0 -1
    outer loop
      vertex 122 49 0
      vertex 97.182 221.818 0
      vertex 97.8971 222.75 0
    endloop
  endfacet
  facet normal 0 0 -1
    outer loop
      vertex 122 49 0
      vertex 96.25 221.103 0
      vertex 97.182 221.818 0
    endloop
  endfacet
  facet normal 0 0 -1
    outer loop
      vertex 66 194 0
      vertex 122 49 0
      vertex 66 49 0
    endloop
  endfacet
  facet normal 0 0 -1
    outer loop
      vertex 122 49 0
      vertex 66 194 0
      vertex 96.25 221.103 0
    endloop
  endfacet
  facet normal 0 0 -1
    outer loop
      vertex 96.25 221.103 0
      vertex 66 194 0
      vertex 95.1647 220.653 0
    endloop
  endfacet
  facet normal 0 0 -1
    outer loop
      vertex 95.1647 220.653 0
      vertex 66 194 0
      vertex 94 220.5 0
    endloop
  endfacet
  facet normal -0 0 -1
    outer loop
      vertex 94 220.5 0
      vertex 66 197 0
      vertex 92.8353 220.653 0
    endloop
  endfacet
  facet normal 0 0 -1
    outer loop
      vertex 66 200 0
      vertex 92.8353 220.653 0
      vertex 66 197 0
    endloop
  endfacet
  facet normal 0 0 -1
    outer loop
      vertex 66 203 0
      vertex 92.8353 220.653 0
      vertex 66 200 0
    endloop
  endfacet
  facet normal 0 0 -1
    outer loop
      vertex 66 46 0
      vertex 98.35 16.9 0
      vertex 89.65 16.9 0
    endloop
  endfacet
  facet normal 0 0 -1
    outer loop
      vertex 66 197 0
      vertex 94 220.5 0
      vertex 66 194 0
    endloop
  endfacet
  facet normal 0 0 -1
    outer loop
      vertex 66 37 0
      vertex 89.65 16.9 0
      vertex 89.0842 16.8443 0
    endloop
  endfacet
  facet normal 0 0 -1
    outer loop
      vertex 122 215 0
      vertex 170 218 0
      vertex 170 215 0
    endloop
  endfacet
  facet normal -0 0 -1
    outer loop
      vertex 170 218 0
      vertex 122 215 0
      vertex 122 218 0
    endloop
  endfacet
  facet normal 0 0 -1
    outer loop
      vertex 122 209 0
      vertex 170 212 0
      vertex 170 209 0
    endloop
  endfacet
  facet normal -0 0 -1
    outer loop
      vertex 170 212 0
      vertex 122 209 0
      vertex 122 212 0
    endloop
  endfacet
  facet normal 0 0 -1
    outer loop
      vertex 122 203 0
      vertex 170 206 0
      vertex 170 203 0
    endloop
  endfacet
  facet normal -0 0 -1
    outer loop
      vertex 170 206 0
      vertex 122 203 0
      vertex 122 206 0
    endloop
  endfacet
  facet normal 0 0 -1
    outer loop
      vertex 122 197 0
      vertex 170 200 0
      vertex 170 197 0
    endloop
  endfacet
  facet normal -0 0 -1
    outer loop
      vertex 170 200 0
      vertex 122 197 0
      vertex 122 200 0
    endloop
  endfacet
  facet normal 0 0 -1
    outer loop
      vertex 122 49 0
      vertex 170 194 0
      vertex 170 49 0
    endloop
  endfacet
  facet normal -0 0 -1
    outer loop
      vertex 170 194 0
      vertex 122 49 0
      vertex 122 194 0
    endloop
  endfacet
  facet normal 0 0 -1
    outer loop
      vertex 122 43 0
      vertex 170 46 0
      vertex 170 43 0
    endloop
  endfacet
  facet normal -0 0 -1
    outer loop
      vertex 170 46 0
      vertex 122 43 0
      vertex 122 46 0
    endloop
  endfacet
  facet normal 0 0 -1
    outer loop
      vertex 122 37 0
      vertex 170 40 0
      vertex 170 37 0
    endloop
  endfacet
  facet normal -0 0 -1
    outer loop
      vertex 170 40 0
      vertex 122 37 0
      vertex 122 40 0
    endloop
  endfacet
  facet normal 0 0 -1
    outer loop
      vertex 122 31 0
      vertex 170 34 0
      vertex 170 31 0
    endloop
  endfacet
  facet normal -0 0 -1
    outer loop
      vertex 170 34 0
      vertex 122 31 0
      vertex 122 34 0
    endloop
  endfacet
  facet normal 0 0 -1
    outer loop
      vertex 122 25 0
      vertex 170 28 0
      vertex 170 25 0
    endloop
  endfacet
  facet normal -0 0 -1
    outer loop
      vertex 170 28 0
      vertex 122 25 0
      vertex 122 28 0
    endloop
  endfacet
  facet normal 0 0 -1
    outer loop
      vertex 170 49 0
      vertex 188 0 0
      vertex 183.786 6.4 0
    endloop
  endfacet
  facet normal 0 0 -1
    outer loop
      vertex 188 240 0
      vertex 183.945 233.986 0
      vertex 184 234.4 0
    endloop
  endfacet
  facet normal 0 0 -1
    outer loop
      vertex 188 0 0
      vertex 170 49 0
      vertex 188 240 0
    endloop
  endfacet
  facet normal 0 0 -1
    outer loop
      vertex 188 240 0
      vertex 183.786 233.6 0
      vertex 183.945 233.986 0
    endloop
  endfacet
  facet normal 0 0 -1
    outer loop
      vertex 170 49 0
      vertex 183.786 6.4 0
      vertex 183.531 6.73137 0
    endloop
  endfacet
  facet normal 0 0 -1
    outer loop
      vertex 170 194 0
      vertex 188 240 0
      vertex 170 49 0
    endloop
  endfacet
  facet normal 0 0 -1
    outer loop
      vertex 170 34 0
      vertex 183.531 6.73137 0
      vertex 183.2 6.98564 0
    endloop
  endfacet
  facet normal 0 0 -1
    outer loop
      vertex 188 240 0
      vertex 170 194 0
      vertex 183.786 233.6 0
    endloop
  endfacet
  facet normal 0 0 -1
    outer loop
      vertex 170 28 0
      vertex 183.2 6.98564 0
      vertex 182.814 7.14548 0
    endloop
  endfacet
  facet normal 0 0 -1
    outer loop
      vertex 183.786 233.6 0
      vertex 170 194 0
      vertex 183.531 233.269 0
    endloop
  endfacet
  facet normal 0 0 -1
    outer loop
      vertex 170 22 0
      vertex 182.814 7.14548 0
      vertex 182.4 7.2 0
    endloop
  endfacet
  facet normal 0 0 -1
    outer loop
      vertex 170 197 0
      vertex 183.531 233.269 0
      vertex 170 194 0
    endloop
  endfacet
  facet normal 0 0 -1
    outer loop
      vertex 170 22 0
      vertex 182.4 7.2 0
      vertex 181.986 7.14548 0
    endloop
  endfacet
  facet normal 0 0 -1
    outer loop
      vertex 170 200 0
      vertex 183.531 233.269 0
      vertex 170 197 0
    endloop
  endfacet
  facet normal 0 0 -1
    outer loop
      vertex 170 22 0
      vertex 181.986 7.14548 0
      vertex 181.6 6.98564 0
    endloop
  endfacet
  facet normal 0 0 -1
    outer loop
      vertex 170 203 0
      vertex 183.531 233.269 0
      vertex 170 200 0
    endloop
  endfacet
  facet normal 0 0 -1
    outer loop
      vertex 170 22 0
      vertex 181.6 6.98564 0
      vertex 181.269 6.73137 0
    endloop
  endfacet
  facet normal 0 0 -1
    outer loop
      vertex 170 206 0
      vertex 183.531 233.269 0
      vertex 170 203 0
    endloop
  endfacet
  facet normal 0 0 -1
    outer loop
      vertex 170 22 0
      vertex 181.269 6.73137 0
      vertex 181.014 6.4 0
    endloop
  endfacet
  facet normal 0 0 -1
    outer loop
      vertex 183.531 233.269 0
      vertex 170 206 0
      vertex 183.2 233.014 0
    endloop
  endfacet
  facet normal 0 0 -1
    outer loop
      vertex 170 22 0
      vertex 181.014 6.4 0
      vertex 180.855 6.01411 0
    endloop
  endfacet
  facet normal 0 0 -1
    outer loop
      vertex 170 209 0
      vertex 183.2 233.014 0
      vertex 170 206 0
    endloop
  endfacet
  facet normal 0 0 -1
    outer loop
      vertex 170 22 0
      vertex 180.855 6.01411 0
      vertex 180.8 5.6 0
    endloop
  endfacet
  facet normal 0 0 -1
    outer loop
      vertex 170 212 0
      vertex 183.2 233.014 0
      vertex 170 209 0
    endloop
  endfacet
  facet normal 0 0 -1
    outer loop
      vertex 183.945 6.01411 0
      vertex 188 0 0
      vertex 184 5.6 0
    endloop
  endfacet
  facet normal 0 0 -1
    outer loop
      vertex 188 0 0
      vertex 183.945 5.18589 0
      vertex 184 5.6 0
    endloop
  endfacet
  facet normal 0 0 -1
    outer loop
      vertex 188 0 0
      vertex 183.786 4.8 0
      vertex 183.945 5.18589 0
    endloop
  endfacet
  facet normal 0 0 -1
    outer loop
      vertex 188 0 0
      vertex 183.531 4.46863 0
      vertex 183.786 4.8 0
    endloop
  endfacet
  facet normal 0 0 -1
    outer loop
      vertex 188 0 0
      vertex 183.2 4.21436 0
      vertex 183.531 4.46863 0
    endloop
  endfacet
  facet normal 0 0 -1
    outer loop
      vertex 188 0 0
      vertex 182.814 4.05452 0
      vertex 183.2 4.21436 0
    endloop
  endfacet
  facet normal 0 0 -1
    outer loop
      vertex 188 0 0
      vertex 182.4 4 0
      vertex 182.814 4.05452 0
    endloop
  endfacet
  facet normal 0 0 -1
    outer loop
      vertex 188 0 0
      vertex 181.986 4.05452 0
      vertex 182.4 4 0
    endloop
  endfacet
  facet normal 0 0 -1
    outer loop
      vertex 188 0 0
      vertex 181.6 4.21436 0
      vertex 181.986 4.05452 0
    endloop
  endfacet
  facet normal 0 0 -1
    outer loop
      vertex 182.814 7.14548 0
      vertex 170 22 0
      vertex 170 25 0
    endloop
  endfacet
  facet normal 0 0 -1
    outer loop
      vertex 180.855 5.18589 0
      vertex 170 22 0
      vertex 180.8 5.6 0
    endloop
  endfacet
  facet normal 0 0 -1
    outer loop
      vertex 122 22 0
      vertex 180.855 5.18589 0
      vertex 181.014 4.8 0
    endloop
  endfacet
  facet normal 0 0 -1
    outer loop
      vertex 180.855 5.18589 0
      vertex 122 22 0
      vertex 170 22 0
    endloop
  endfacet
  facet normal 0 0 -1
    outer loop
      vertex 181.269 4.46863 0
      vertex 122 22 0
      vertex 181.014 4.8 0
    endloop
  endfacet
  facet normal 0 0 -1
    outer loop
      vertex 99.4598 11.3207 0
      vertex 181.269 4.46863 0
      vertex 181.6 4.21436 0
    endloop
  endfacet
  facet normal 0 0 -1
    outer loop
      vertex 99.4598 11.3207 0
      vertex 181.6 4.21436 0
      vertex 188 0 0
    endloop
  endfacet
  facet normal 0 0 -1
    outer loop
      vertex 100.401 16.0506 0
      vertex 122 25 0
      vertex 122 22 0
    endloop
  endfacet
  facet normal -0 0 -1
    outer loop
      vertex 122 25 0
      vertex 100.401 16.0506 0
      vertex 122 28 0
    endloop
  endfacet
  facet normal 0 0 -1
    outer loop
      vertex 99.9612 16.4113 0
      vertex 122 28 0
      vertex 100.401 16.0506 0
    endloop
  endfacet
  facet normal 0 0 -1
    outer loop
      vertex 99.4598 16.6792 0
      vertex 122 31 0
      vertex 99.9612 16.4113 0
    endloop
  endfacet
  facet normal -0 0 -1
    outer loop
      vertex 122 31 0
      vertex 99.4598 16.6792 0
      vertex 122 34 0
    endloop
  endfacet
  facet normal 0 0 -1
    outer loop
      vertex 98.9158 16.8443 0
      vertex 122 34 0
      vertex 99.4598 16.6792 0
    endloop
  endfacet
  facet normal 0 0 -1
    outer loop
      vertex 98.35 16.9 0
      vertex 122 37 0
      vertex 98.9158 16.8443 0
    endloop
  endfacet
  facet normal -0 0 -1
    outer loop
      vertex 122 37 0
      vertex 98.35 16.9 0
      vertex 122 40 0
    endloop
  endfacet
  facet normal -0 0 -1
    outer loop
      vertex 122 40 0
      vertex 98.35 16.9 0
      vertex 122 43 0
    endloop
  endfacet
  facet normal 0 0 -1
    outer loop
      vertex 66 46 0
      vertex 122 46 0
      vertex 98.35 16.9 0
    endloop
  endfacet
  facet normal 0 0 -1
    outer loop
      vertex 122 49 0
      vertex 98.5 225 0
      vertex 122 194 0
    endloop
  endfacet
  facet normal 0 0 -1
    outer loop
      vertex 122 194 0
      vertex 98.5 225 0
      vertex 122 197 0
    endloop
  endfacet
  facet normal 0 0 -1
    outer loop
      vertex 122 197 0
      vertex 98.5 225 0
      vertex 122 200 0
    endloop
  endfacet
  facet normal 0 0 -1
    outer loop
      vertex 122 200 0
      vertex 98.5 225 0
      vertex 122 203 0
    endloop
  endfacet
  facet normal 0 0 -1
    outer loop
      vertex 122 203 0
      vertex 98.5 225 0
      vertex 122 206 0
    endloop
  endfacet
  facet normal 0 0 -1
    outer loop
      vertex 122 206 0
      vertex 98.5 225 0
      vertex 122 209 0
    endloop
  endfacet
  facet normal 0 0 -1
    outer loop
      vertex 122 209 0
      vertex 98.5 225 0
      vertex 122 212 0
    endloop
  endfacet
  facet normal 0 0 -1
    outer loop
      vertex 122 212 0
      vertex 98.5 225 0
      vertex 122 215 0
    endloop
  endfacet
  facet normal 0 0 -1
    outer loop
      vertex 101.194 14.5658 0
      vertex 122 22 0
      vertex 101.25 14 0
    endloop
  endfacet
  facet normal 0 0 -1
    outer loop
      vertex 181.269 4.46863 0
      vertex 99.9612 11.5887 0
      vertex 122 22 0
    endloop
  endfacet
  facet normal 0 0 -1
    outer loop
      vertex 122 22 0
      vertex 101.194 13.4342 0
      vertex 101.25 14 0
    endloop
  endfacet
  facet normal 0 0 -1
    outer loop
      vertex 122 22 0
      vertex 101.029 12.8902 0
      vertex 101.194 13.4342 0
    endloop
  endfacet
  facet normal 0 0 -1
    outer loop
      vertex 122 22 0
      vertex 100.761 12.3888 0
      vertex 101.029 12.8902 0
    endloop
  endfacet
  facet normal 0 0 -1
    outer loop
      vertex 122 22 0
      vertex 100.401 11.9494 0
      vertex 100.761 12.3888 0
    endloop
  endfacet
  facet normal 0 0 -1
    outer loop
      vertex 122 22 0
      vertex 99.9612 11.5887 0
      vertex 100.401 11.9494 0
    endloop
  endfacet
  facet normal 0 0 -1
    outer loop
      vertex 181.269 4.46863 0
      vertex 99.4598 11.3207 0
      vertex 99.9612 11.5887 0
    endloop
  endfacet
  facet normal 0 0 -1
    outer loop
      vertex 188 0 0
      vertex 98.9158 11.1557 0
      vertex 99.4598 11.3207 0
    endloop
  endfacet
  facet normal 0 0 -1
    outer loop
      vertex 188 0 0
      vertex 98.35 11.1 0
      vertex 98.9158 11.1557 0
    endloop
  endfacet
  facet normal 0 0 -1
    outer loop
      vertex 188 0 0
      vertex 89.65 11.1 0
      vertex 98.35 11.1 0
    endloop
  endfacet
  facet normal 0 0 -1
    outer loop
      vertex 0 0 0
      vertex 89.65 11.1 0
      vertex 188 0 0
    endloop
  endfacet
  facet normal 0 0 -1
    outer loop
      vertex 86.8057 13.4342 0
      vertex 66 22 0
      vertex 86.75 14 0
    endloop
  endfacet
  facet normal 0 0 -1
    outer loop
      vertex 86.9707 12.8902 0
      vertex 66 22 0
      vertex 86.8057 13.4342 0
    endloop
  endfacet
  facet normal 0 0 -1
    outer loop
      vertex 87.2387 12.3888 0
      vertex 66 22 0
      vertex 86.9707 12.8902 0
    endloop
  endfacet
  facet normal 0 0 -1
    outer loop
      vertex 87.5994 11.9494 0
      vertex 66 22 0
      vertex 87.2387 12.3888 0
    endloop
  endfacet
  facet normal 0 0 -1
    outer loop
      vertex 88.0388 11.5887 0
      vertex 66 22 0
      vertex 87.5994 11.9494 0
    endloop
  endfacet
  facet normal 0 0 -1
    outer loop
      vertex 6.73137 4.46863 0
      vertex 88.0388 11.5887 0
      vertex 88.5402 11.3207 0
    endloop
  endfacet
  facet normal -0 0 -1
    outer loop
      vertex 88.0388 11.5887 0
      vertex 6.73137 4.46863 0
      vertex 66 22 0
    endloop
  endfacet
  facet normal 0 0 -1
    outer loop
      vertex 0 0 0
      vertex 88.5402 11.3207 0
      vertex 89.0842 11.1557 0
    endloop
  endfacet
  facet normal 0 0 -1
    outer loop
      vertex 7.14548 6.01411 0
      vertex 18 22 0
      vertex 7.2 5.6 0
    endloop
  endfacet
  facet normal 0 0 -1
    outer loop
      vertex 6.98564 6.4 0
      vertex 18 22 0
      vertex 7.14548 6.01411 0
    endloop
  endfacet
  facet normal 0 0 -1
    outer loop
      vertex 6.73137 6.73137 0
      vertex 18 22 0
      vertex 6.98564 6.4 0
    endloop
  endfacet
  facet normal 0 0 -1
    outer loop
      vertex 6.4 6.98564 0
      vertex 18 22 0
      vertex 6.73137 6.73137 0
    endloop
  endfacet
  facet normal 0 0 -1
    outer loop
      vertex 6.01411 7.14548 0
      vertex 18 22 0
      vertex 6.4 6.98564 0
    endloop
  endfacet
  facet normal 0 0 -1
    outer loop
      vertex 5.6 7.2 0
      vertex 18 22 0
      vertex 6.01411 7.14548 0
    endloop
  endfacet
  facet normal 0 0 -1
    outer loop
      vertex 5.18589 7.14548 0
      vertex 18 22 0
      vertex 5.6 7.2 0
    endloop
  endfacet
  facet normal -0 0 -1
    outer loop
      vertex 18 22 0
      vertex 5.18589 7.14548 0
      vertex 18 25 0
    endloop
  endfacet
  facet normal -0 0 -1
    outer loop
      vertex 18 25 0
      vertex 5.18589 7.14548 0
      vertex 18 28 0
    endloop
  endfacet
  facet normal 0 0 -1
    outer loop
      vertex 4.8 6.98564 0
      vertex 18 28 0
      vertex 5.18589 7.14548 0
    endloop
  endfacet
  facet normal 0 0 -1
    outer loop
      vertex 18 49 0
      vertex 7.2 234.4 0
      vertex 18 194 0
    endloop
  endfacet
  facet normal 0 0 -1
    outer loop
      vertex 18 194 0
      vertex 7.2 234.4 0
      vertex 18 197 0
    endloop
  endfacet
  facet normal 0 0 -1
    outer loop
      vertex 18 197 0
      vertex 7.2 234.4 0
      vertex 18 200 0
    endloop
  endfacet
  facet normal 0 0 -1
    outer loop
      vertex 18 200 0
      vertex 7.2 234.4 0
      vertex 18 203 0
    endloop
  endfacet
  facet normal 0 0 -1
    outer loop
      vertex 18 203 0
      vertex 7.2 234.4 0
      vertex 18 206 0
    endloop
  endfacet
  facet normal 0 0 -1
    outer loop
      vertex 18 206 0
      vertex 7.2 234.4 0
      vertex 18 209 0
    endloop
  endfacet
  facet normal 0 0 -1
    outer loop
      vertex 18 209 0
      vertex 7.2 234.4 0
      vertex 18 212 0
    endloop
  endfacet
  facet normal 0 0 -1
    outer loop
      vertex 18 215 0
      vertex 7.2 234.4 0
      vertex 18 218 0
    endloop
  endfacet
  facet normal 0 0 -1
    outer loop
      vertex 18 212 0
      vertex 7.2 234.4 0
      vertex 18 215 0
    endloop
  endfacet
  facet normal -0 0 -1
    outer loop
      vertex 66 22 0
      vertex 7.14548 5.18589 0
      vertex 18 22 0
    endloop
  endfacet
  facet normal -0 0 -1
    outer loop
      vertex 89.65 11.1 0
      vertex 0 0 0
      vertex 89.0842 11.1557 0
    endloop
  endfacet
  facet normal 0 0 -1
    outer loop
      vertex 18 22 0
      vertex 7.14548 5.18589 0
      vertex 7.2 5.6 0
    endloop
  endfacet
  facet normal 0 0 -1
    outer loop
      vertex 66 22 0
      vertex 6.98564 4.8 0
      vertex 7.14548 5.18589 0
    endloop
  endfacet
  facet normal 0 0 -1
    outer loop
      vertex 66 22 0
      vertex 6.73137 4.46863 0
      vertex 6.98564 4.8 0
    endloop
  endfacet
  facet normal 0 0 -1
    outer loop
      vertex 88.5402 11.3207 0
      vertex 6.4 4.21436 0
      vertex 6.73137 4.46863 0
    endloop
  endfacet
  facet normal 0 0 -1
    outer loop
      vertex 88.5402 11.3207 0
      vertex 0 0 0
      vertex 6.4 4.21436 0
    endloop
  endfacet
  facet normal 0 0 -1
    outer loop
      vertex 6.4 4.21436 0
      vertex 0 0 0
      vertex 6.01411 4.05452 0
    endloop
  endfacet
  facet normal 0 0 -1
    outer loop
      vertex 4.21436 233.6 0
      vertex 0 240 0
      vertex 4.05452 233.986 0
    endloop
  endfacet
  facet normal -0 0 -1
    outer loop
      vertex 4.05452 5.18589 0
      vertex 0 0 0
      vertex 4 5.6 0
    endloop
  endfacet
  facet normal -0 0 -1
    outer loop
      vertex 4.21436 4.8 0
      vertex 0 0 0
      vertex 4.05452 5.18589 0
    endloop
  endfacet
  facet normal -0 0 -1
    outer loop
      vertex 4.46863 4.46863 0
      vertex 0 0 0
      vertex 4.21436 4.8 0
    endloop
  endfacet
  facet normal -0 0 -1
    outer loop
      vertex 4.8 4.21436 0
      vertex 0 0 0
      vertex 4.46863 4.46863 0
    endloop
  endfacet
  facet normal -0 0 -1
    outer loop
      vertex 5.18589 4.05452 0
      vertex 0 0 0
      vertex 4.8 4.21436 0
    endloop
  endfacet
  facet normal -0 0 -1
    outer loop
      vertex 5.6 4 0
      vertex 0 0 0
      vertex 5.18589 4.05452 0
    endloop
  endfacet
  facet normal 0 0 -1
    outer loop
      vertex 6.01411 4.05452 0
      vertex 0 0 0
      vertex 5.6 4 0
    endloop
  endfacet
  facet normal 0 0 -1
    outer loop
      vertex 183.786 6.4 0
      vertex 188 0 0
      vertex 183.945 6.01411 0
    endloop
  endfacet
  facet normal 0 0 -1
    outer loop
      vertex 183.945 234.814 0
      vertex 188 240 0
      vertex 184 234.4 0
    endloop
  endfacet
  facet normal 0 0 -1
    outer loop
      vertex 183.786 235.2 0
      vertex 188 240 0
      vertex 183.945 234.814 0
    endloop
  endfacet
  facet normal 0 0 -1
    outer loop
      vertex 183.531 235.531 0
      vertex 188 240 0
      vertex 183.786 235.2 0
    endloop
  endfacet
  facet normal 0 0 -1
    outer loop
      vertex 183.2 235.786 0
      vertex 188 240 0
      vertex 183.531 235.531 0
    endloop
  endfacet
  facet normal 0 0 -1
    outer loop
      vertex 182.814 235.945 0
      vertex 188 240 0
      vertex 183.2 235.786 0
    endloop
  endfacet
  facet normal 0 0 -1
    outer loop
      vertex 182.4 236 0
      vertex 188 240 0
      vertex 182.814 235.945 0
    endloop
  endfacet
  facet normal 0 0 -1
    outer loop
      vertex 181.986 235.945 0
      vertex 188 240 0
      vertex 182.4 236 0
    endloop
  endfacet
  facet normal 0 0 -1
    outer loop
      vertex 181.6 235.786 0
      vertex 188 240 0
      vertex 181.986 235.945 0
    endloop
  endfacet
  facet normal 0 0 -1
    outer loop
      vertex 182.814 7.14548 0
      vertex 170 25 0
      vertex 170 28 0
    endloop
  endfacet
  facet normal 0 0 -1
    outer loop
      vertex 183.2 6.98564 0
      vertex 170 28 0
      vertex 170 31 0
    endloop
  endfacet
  facet normal 0 0 -1
    outer loop
      vertex 183.2 6.98564 0
      vertex 170 31 0
      vertex 170 34 0
    endloop
  endfacet
  facet normal 0 0 -1
    outer loop
      vertex 183.531 6.73137 0
      vertex 170 34 0
      vertex 170 37 0
    endloop
  endfacet
  facet normal 0 0 -1
    outer loop
      vertex 183.531 6.73137 0
      vertex 170 37 0
      vertex 170 40 0
    endloop
  endfacet
  facet normal 0 0 -1
    outer loop
      vertex 183.531 6.73137 0
      vertex 170 40 0
      vertex 170 43 0
    endloop
  endfacet
  facet normal 0 0 -1
    outer loop
      vertex 183.531 6.73137 0
      vertex 170 43 0
      vertex 170 46 0
    endloop
  endfacet
  facet normal 0 0 -1
    outer loop
      vertex 183.531 6.73137 0
      vertex 170 46 0
      vertex 170 49 0
    endloop
  endfacet
  facet normal 0 0 -1
    outer loop
      vertex 183.2 233.014 0
      vertex 170 212 0
      vertex 182.814 232.855 0
    endloop
  endfacet
  facet normal 0 0 -1
    outer loop
      vertex 170 215 0
      vertex 182.814 232.855 0
      vertex 170 212 0
    endloop
  endfacet
  facet normal 0 0 -1
    outer loop
      vertex 170 218 0
      vertex 182.814 232.855 0
      vertex 170 215 0
    endloop
  endfacet
  facet normal 0 0 -1
    outer loop
      vertex 182.814 232.855 0
      vertex 170 218 0
      vertex 182.4 232.8 0
    endloop
  endfacet
  facet normal 0 0 -1
    outer loop
      vertex 170 221 0
      vertex 182.4 232.8 0
      vertex 170 218 0
    endloop
  endfacet
  facet normal -0 0 -1
    outer loop
      vertex 182.4 232.8 0
      vertex 170 221 0
      vertex 181.986 232.855 0
    endloop
  endfacet
  facet normal -0 0 -1
    outer loop
      vertex 181.986 232.855 0
      vertex 170 221 0
      vertex 181.6 233.014 0
    endloop
  endfacet
  facet normal -0 0 -1
    outer loop
      vertex 181.6 233.014 0
      vertex 170 221 0
      vertex 181.269 233.269 0
    endloop
  endfacet
  facet normal -0 0 -1
    outer loop
      vertex 181.269 233.269 0
      vertex 170 221 0
      vertex 181.014 233.6 0
    endloop
  endfacet
  facet normal -0 0 -1
    outer loop
      vertex 181.014 233.6 0
      vertex 170 221 0
      vertex 180.855 233.986 0
    endloop
  endfacet
  facet normal -0 0 -1
    outer loop
      vertex 180.855 233.986 0
      vertex 170 221 0
      vertex 180.8 234.4 0
    endloop
  endfacet
  facet normal -0 0 -1
    outer loop
      vertex 180.8 234.4 0
      vertex 170 221 0
      vertex 180.855 234.814 0
    endloop
  endfacet
  facet normal -0 0 -1
    outer loop
      vertex 180.855 234.814 0
      vertex 170 221 0
      vertex 181.014 235.2 0
    endloop
  endfacet
  facet normal 0 0 -1
    outer loop
      vertex 122 221 0
      vertex 181.014 235.2 0
      vertex 170 221 0
    endloop
  endfacet
  facet normal -0 0 -1
    outer loop
      vertex 181.014 235.2 0
      vertex 122 221 0
      vertex 181.269 235.531 0
    endloop
  endfacet
  facet normal 0 0 -1
    outer loop
      vertex 96.2 234 0
      vertex 181.269 235.531 0
      vertex 122 221 0
    endloop
  endfacet
  facet normal -0 0 -1
    outer loop
      vertex 181.269 235.531 0
      vertex 96.2 234 0
      vertex 181.6 235.786 0
    endloop
  endfacet
  facet normal 0 0 -1
    outer loop
      vertex 101.029 15.1098 0
      vertex 122 22 0
      vertex 101.194 14.5658 0
    endloop
  endfacet
  facet normal 0 0 -1
    outer loop
      vertex 100.761 15.6112 0
      vertex 122 22 0
      vertex 101.029 15.1098 0
    endloop
  endfacet
  facet normal 0 0 -1
    outer loop
      vertex 100.401 16.0506 0
      vertex 122 22 0
      vertex 100.761 15.6112 0
    endloop
  endfacet
  facet normal -0 0 -1
    outer loop
      vertex 122 28 0
      vertex 99.9612 16.4113 0
      vertex 122 31 0
    endloop
  endfacet
  facet normal -0 0 -1
    outer loop
      vertex 122 34 0
      vertex 98.9158 16.8443 0
      vertex 122 37 0
    endloop
  endfacet
  facet normal -0 0 -1
    outer loop
      vertex 122 43 0
      vertex 98.35 16.9 0
      vertex 122 46 0
    endloop
  endfacet
  facet normal 0 0 -1
    outer loop
      vertex 122 215 0
      vertex 98.5 225 0
      vertex 122 218 0
    endloop
  endfacet
  facet normal 0 0 -1
    outer loop
      vertex 122 218 0
      vertex 98.5 225 0
      vertex 122 221 0
    endloop
  endfacet
  facet normal 0 0 -1
    outer loop
      vertex 98.3467 226.165 0
      vertex 122 221 0
      vertex 98.5 225 0
    endloop
  endfacet
  facet normal 0 0 -1
    outer loop
      vertex 97.8971 227.25 0
      vertex 122 221 0
      vertex 98.3467 226.165 0
    endloop
  endfacet
  facet normal 0 0 -1
    outer loop
      vertex 122 221 0
      vertex 97.8971 227.25 0
      vertex 96.2 234 0
    endloop
  endfacet
  facet normal 0 0 -1
    outer loop
      vertex 96.2 234 0
      vertex 97.8971 227.25 0
      vertex 97.182 228.182 0
    endloop
  endfacet
  facet normal 0 0 -1
    outer loop
      vertex 96.2 234 0
      vertex 97.182 228.182 0
      vertex 96.25 228.897 0
    endloop
  endfacet
  facet normal 0 0 -1
    outer loop
      vertex 96.2 234 0
      vertex 96.25 228.897 0
      vertex 96.2 228.918 0
    endloop
  endfacet
  facet normal -0 0 -1
    outer loop
      vertex 181.6 235.786 0
      vertex 96.2 234 0
      vertex 188 240 0
    endloop
  endfacet
  facet normal 0 0 -1
    outer loop
      vertex 91.8 234 0
      vertex 188 240 0
      vertex 96.2 234 0
    endloop
  endfacet
  facet normal 0 0 -1
    outer loop
      vertex 90.818 228.182 0
      vertex 91.8 234 0
      vertex 91.75 228.897 0
    endloop
  endfacet
  facet normal 0 0 -1
    outer loop
      vertex 90.1029 227.25 0
      vertex 91.8 234 0
      vertex 90.818 228.182 0
    endloop
  endfacet
  facet normal 0 0 -1
    outer loop
      vertex 66 221 0
      vertex 90.1029 227.25 0
      vertex 89.6533 226.165 0
    endloop
  endfacet
  facet normal 0 0 -1
    outer loop
      vertex 66 34 0
      vertex 89.0842 16.8443 0
      vertex 88.5402 16.6792 0
    endloop
  endfacet
  facet normal 0 0 -1
    outer loop
      vertex 66 31 0
      vertex 88.5402 16.6792 0
      vertex 88.0388 16.4113 0
    endloop
  endfacet
  facet normal 0 0 -1
    outer loop
      vertex 66 28 0
      vertex 88.0388 16.4113 0
      vertex 87.5994 16.0506 0
    endloop
  endfacet
  facet normal 0 0 -1
    outer loop
      vertex 66 25 0
      vertex 87.5994 16.0506 0
      vertex 87.2387 15.6112 0
    endloop
  endfacet
  facet normal 0 0 -1
    outer loop
      vertex 66 22 0
      vertex 87.2387 15.6112 0
      vertex 86.9707 15.1098 0
    endloop
  endfacet
  facet normal 0 0 -1
    outer loop
      vertex 66 22 0
      vertex 86.9707 15.1098 0
      vertex 86.8057 14.5658 0
    endloop
  endfacet
  facet normal 0 0 -1
    outer loop
      vertex 66 22 0
      vertex 86.8057 14.5658 0
      vertex 86.75 14 0
    endloop
  endfacet
  facet normal 0 0 -1
    outer loop
      vertex 87.2387 15.6112 0
      vertex 66 22 0
      vertex 66 25 0
    endloop
  endfacet
  facet normal 0 0 -1
    outer loop
      vertex 87.5994 16.0506 0
      vertex 66 25 0
      vertex 66 28 0
    endloop
  endfacet
  facet normal 0 0 -1
    outer loop
      vertex 88.0388 16.4113 0
      vertex 66 28 0
      vertex 66 31 0
    endloop
  endfacet
  facet normal 0 0 -1
    outer loop
      vertex 88.5402 16.6792 0
      vertex 66 31 0
      vertex 66 34 0
    endloop
  endfacet
  facet normal 0 0 -1
    outer loop
      vertex 89.0842 16.8443 0
      vertex 66 34 0
      vertex 66 37 0
    endloop
  endfacet
  facet normal 0 0 -1
    outer loop
      vertex 89.65 16.9 0
      vertex 66 37 0
      vertex 66 40 0
    endloop
  endfacet
  facet normal 0 0 -1
    outer loop
      vertex 89.65 16.9 0
      vertex 66 40 0
      vertex 66 43 0
    endloop
  endfacet
  facet normal 0 0 -1
    outer loop
      vertex 89.65 16.9 0
      vertex 66 43 0
      vertex 66 46 0
    endloop
  endfacet
  facet normal -0 0 -1
    outer loop
      vertex 122 49 0
      vertex 66 46 0
      vertex 66 49 0
    endloop
  endfacet
  facet normal -0 0 -1
    outer loop
      vertex 92.8353 220.653 0
      vertex 66 203 0
      vertex 91.75 221.103 0
    endloop
  endfacet
  facet normal 0 0 -1
    outer loop
      vertex 66 206 0
      vertex 91.75 221.103 0
      vertex 66 203 0
    endloop
  endfacet
  facet normal 0 0 -1
    outer loop
      vertex 66 209 0
      vertex 91.75 221.103 0
      vertex 66 206 0
    endloop
  endfacet
  facet normal -0 0 -1
    outer loop
      vertex 91.75 221.103 0
      vertex 66 209 0
      vertex 90.818 221.818 0
    endloop
  endfacet
  facet normal 0 0 -1
    outer loop
      vertex 66 212 0
      vertex 90.818 221.818 0
      vertex 66 209 0
    endloop
  endfacet
  facet normal 0 0 -1
    outer loop
      vertex 66 215 0
      vertex 90.818 221.818 0
      vertex 66 212 0
    endloop
  endfacet
  facet normal -0 0 -1
    outer loop
      vertex 90.818 221.818 0
      vertex 66 215 0
      vertex 90.1029 222.75 0
    endloop
  endfacet
  facet normal 0 0 -1
    outer loop
      vertex 66 218 0
      vertex 90.1029 222.75 0
      vertex 66 215 0
    endloop
  endfacet
  facet normal -0 0 -1
    outer loop
      vertex 90.1029 222.75 0
      vertex 66 218 0
      vertex 89.6533 223.835 0
    endloop
  endfacet
  facet normal 0 0 -1
    outer loop
      vertex 66 221 0
      vertex 89.6533 223.835 0
      vertex 66 218 0
    endloop
  endfacet
  facet normal -0 0 -1
    outer loop
      vertex 89.6533 223.835 0
      vertex 66 221 0
      vertex 89.5 225 0
    endloop
  endfacet
  facet normal -0 0 -1
    outer loop
      vertex 89.5 225 0
      vertex 66 221 0
      vertex 89.6533 226.165 0
    endloop
  endfacet
  facet normal -0 0 -1
    outer loop
      vertex 90.1029 227.25 0
      vertex 66 221 0
      vertex 91.8 234 0
    endloop
  endfacet
  facet normal 0 0 -1
    outer loop
      vertex 6.98564 235.2 0
      vertex 66 221 0
      vertex 18 221 0
    endloop
  endfacet
  facet normal 0 0 -1
    outer loop
      vertex 18 218 0
      vertex 7.2 234.4 0
      vertex 18 221 0
    endloop
  endfacet
  facet normal 0 0 -1
    outer loop
      vertex 7.14548 234.814 0
      vertex 18 221 0
      vertex 7.2 234.4 0
    endloop
  endfacet
  facet normal 0 0 -1
    outer loop
      vertex 6.98564 235.2 0
      vertex 18 221 0
      vertex 7.14548 234.814 0
    endloop
  endfacet
  facet normal 0 0 -1
    outer loop
      vertex 6.73137 235.531 0
      vertex 66 221 0
      vertex 6.98564 235.2 0
    endloop
  endfacet
  facet normal 0 0 -1
    outer loop
      vertex 66 221 0
      vertex 6.73137 235.531 0
      vertex 91.8 234 0
    endloop
  endfacet
  facet normal 0 0 -1
    outer loop
      vertex 6.4 235.786 0
      vertex 91.8 234 0
      vertex 6.73137 235.531 0
    endloop
  endfacet
  facet normal 0 0 -1
    outer loop
      vertex 0 240 0
      vertex 91.8 234 0
      vertex 6.4 235.786 0
    endloop
  endfacet
  facet normal 0 0 -1
    outer loop
      vertex 0 240 0
      vertex 6.4 235.786 0
      vertex 6.01411 235.945 0
    endloop
  endfacet
  facet normal 0 0 -1
    outer loop
      vertex 0 240 0
      vertex 6.01411 235.945 0
      vertex 5.6 236 0
    endloop
  endfacet
  facet normal 0 0 -1
    outer loop
      vertex 91.8 234 0
      vertex 0 240 0
      vertex 188 240 0
    endloop
  endfacet
  facet normal 0 0 -1
    outer loop
      vertex 5.18589 235.945 0
      vertex 0 240 0
      vertex 5.6 236 0
    endloop
  endfacet
  facet normal 0 0 -1
    outer loop
      vertex 4.8 235.786 0
      vertex 0 240 0
      vertex 5.18589 235.945 0
    endloop
  endfacet
  facet normal 0 0 -1
    outer loop
      vertex 4.46863 235.531 0
      vertex 0 240 0
      vertex 4.8 235.786 0
    endloop
  endfacet
  facet normal 0 0 -1
    outer loop
      vertex 4.21436 235.2 0
      vertex 0 240 0
      vertex 4.46863 235.531 0
    endloop
  endfacet
  facet normal 0 0 -1
    outer loop
      vertex 4.05452 234.814 0
      vertex 0 240 0
      vertex 4.21436 235.2 0
    endloop
  endfacet
  facet normal 0 0 -1
    outer loop
      vertex 4 234.4 0
      vertex 0 240 0
      vertex 4.05452 234.814 0
    endloop
  endfacet
  facet normal 0 0 -1
    outer loop
      vertex 4.05452 233.986 0
      vertex 0 240 0
      vertex 4 234.4 0
    endloop
  endfacet
  facet normal -1 0 0
    outer loop
      vertex 0 0 0
      vertex 0 240 2
      vertex 0 240 0
    endloop
  endfacet
  facet normal -1 -0 0
    outer loop
      vertex 0 240 2
      vertex 0 0 0
      vertex 0 0 2
    endloop
  endfacet
  facet normal 0 1 -0
    outer loop
      vertex 188 240 0
      vertex 0 240 2
      vertex 188 240 2
    endloop
  endfacet
  facet normal 0 1 0
    outer loop
      vertex 0 240 2
      vertex 188 240 0
      vertex 0 240 0
    endloop
  endfacet
  facet normal 0 -1 0
    outer loop
      vertex 0 0 0
      vertex 188 0 2
      vertex 0 0 2
    endloop
  endfacet
  facet normal 0 -1 -0
    outer loop
      vertex 188 0 2
      vertex 0 0 0
      vertex 188 0 0
    endloop
  endfacet
  facet normal -0.0979711 -0.995189 0
    outer loop
      vertex 98.35 16.9 0
      vertex 98.9158 16.8443 2
      vertex 98.35 16.9 2
    endloop
  endfacet
  facet normal -0.0979711 -0.995189 -0
    outer loop
      vertex 98.9158 16.8443 2
      vertex 98.35 16.9 0
      vertex 98.9158 16.8443 0
    endloop
  endfacet
  facet normal -0.634147 0.773213 0
    outer loop
      vertex 100.401 11.9494 0
      vertex 99.9612 11.5887 2
      vertex 100.401 11.9494 2
    endloop
  endfacet
  facet normal -0.634147 0.773213 0
    outer loop
      vertex 99.9612 11.5887 2
      vertex 100.401 11.9494 0
      vertex 99.9612 11.5887 0
    endloop
  endfacet
  facet normal -0.471391 0.881924 0
    outer loop
      vertex 99.9612 11.5887 0
      vertex 99.4598 11.3207 2
      vertex 99.9612 11.5887 2
    endloop
  endfacet
  facet normal -0.471391 0.881924 0
    outer loop
      vertex 99.4598 11.3207 2
      vertex 99.9612 11.5887 0
      vertex 99.4598 11.3207 0
    endloop
  endfacet
  facet normal 0.77293 -0.634492 0
    outer loop
      vertex 87.2387 15.6112 2
      vertex 87.5994 16.0506 0
      vertex 87.5994 16.0506 2
    endloop
  endfacet
  facet normal 0.77293 -0.634492 0
    outer loop
      vertex 87.5994 16.0506 0
      vertex 87.2387 15.6112 2
      vertex 87.2387 15.6112 0
    endloop
  endfacet
  facet normal 0.77293 0.634492 0
    outer loop
      vertex 87.5994 11.9494 2
      vertex 87.2387 12.3888 0
      vertex 87.2387 12.3888 2
    endloop
  endfacet
  facet normal 0.77293 0.634492 0
    outer loop
      vertex 87.2387 12.3888 0
      vertex 87.5994 11.9494 2
      vertex 87.5994 11.9494 0
    endloop
  endfacet
  facet normal 0 -1 0
    outer loop
      vertex 89.65 16.9 0
      vertex 98.35 16.9 2
      vertex 89.65 16.9 2
    endloop
  endfacet
  facet normal 0 -1 -0
    outer loop
      vertex 98.35 16.9 2
      vertex 89.65 16.9 0
      vertex 98.35 16.9 0
    endloop
  endfacet
  facet normal 0.95695 -0.290251 0
    outer loop
      vertex 86.8057 14.5658 2
      vertex 86.9707 15.1098 0
      vertex 86.9707 15.1098 2
    endloop
  endfacet
  facet normal 0.95695 -0.290251 0
    outer loop
      vertex 86.9707 15.1098 0
      vertex 86.8057 14.5658 2
      vertex 86.8057 14.5658 0
    endloop
  endfacet
  facet normal -0.773534 0.633755 0
    outer loop
      vertex 100.401 11.9494 0
      vertex 100.761 12.3888 2
      vertex 100.761 12.3888 0
    endloop
  endfacet
  facet normal -0.773534 0.633755 0
    outer loop
      vertex 100.761 12.3888 2
      vertex 100.401 11.9494 0
      vertex 100.401 11.9494 2
    endloop
  endfacet
  facet normal 0 1 -0
    outer loop
      vertex 98.35 11.1 0
      vertex 89.65 11.1 2
      vertex 98.35 11.1 2
    endloop
  endfacet
  facet normal 0 1 0
    outer loop
      vertex 89.65 11.1 2
      vertex 98.35 11.1 0
      vertex 89.65 11.1 0
    endloop
  endfacet
  facet normal 0.471255 -0.881997 0
    outer loop
      vertex 88.0388 16.4113 0
      vertex 88.5402 16.6792 2
      vertex 88.0388 16.4113 2
    endloop
  endfacet
  facet normal 0.471255 -0.881997 0
    outer loop
      vertex 88.5402 16.6792 2
      vertex 88.0388 16.4113 0
      vertex 88.5402 16.6792 0
    endloop
  endfacet
  facet normal -0.634147 -0.773213 0
    outer loop
      vertex 99.9612 16.4113 0
      vertex 100.401 16.0506 2
      vertex 99.9612 16.4113 2
    endloop
  endfacet
  facet normal -0.634147 -0.773213 -0
    outer loop
      vertex 100.401 16.0506 2
      vertex 99.9612 16.4113 0
      vertex 100.401 16.0506 0
    endloop
  endfacet
  facet normal 0.290251 0.95695 -0
    outer loop
      vertex 89.0842 11.1557 0
      vertex 88.5402 11.3207 2
      vertex 89.0842 11.1557 2
    endloop
  endfacet
  facet normal 0.290251 0.95695 0
    outer loop
      vertex 88.5402 11.3207 2
      vertex 89.0842 11.1557 0
      vertex 88.5402 11.3207 0
    endloop
  endfacet
  facet normal 0.0979711 -0.995189 0
    outer loop
      vertex 89.0842 16.8443 0
      vertex 89.65 16.9 2
      vertex 89.0842 16.8443 2
    endloop
  endfacet
  facet normal 0.0979711 -0.995189 0
    outer loop
      vertex 89.65 16.9 2
      vertex 89.0842 16.8443 0
      vertex 89.65 16.9 0
    endloop
  endfacet
  facet normal -0.95695 -0.290251 0
    outer loop
      vertex 101.194 14.5658 0
      vertex 101.029 15.1098 2
      vertex 101.029 15.1098 0
    endloop
  endfacet
  facet normal -0.95695 -0.290251 0
    outer loop
      vertex 101.029 15.1098 2
      vertex 101.194 14.5658 0
      vertex 101.194 14.5658 2
    endloop
  endfacet
  facet normal 0.881924 -0.471391 0
    outer loop
      vertex 86.9707 15.1098 2
      vertex 87.2387 15.6112 0
      vertex 87.2387 15.6112 2
    endloop
  endfacet
  facet normal 0.881924 -0.471391 0
    outer loop
      vertex 87.2387 15.6112 0
      vertex 86.9707 15.1098 2
      vertex 86.9707 15.1098 0
    endloop
  endfacet
  facet normal -0.290251 0.95695 0
    outer loop
      vertex 99.4598 11.3207 0
      vertex 98.9158 11.1557 2
      vertex 99.4598 11.3207 2
    endloop
  endfacet
  facet normal -0.290251 0.95695 0
    outer loop
      vertex 98.9158 11.1557 2
      vertex 99.4598 11.3207 0
      vertex 98.9158 11.1557 0
    endloop
  endfacet
  facet normal 0.95695 0.290251 0
    outer loop
      vertex 86.9707 12.8902 2
      vertex 86.8057 13.4342 0
      vertex 86.8057 13.4342 2
    endloop
  endfacet
  facet normal 0.95695 0.290251 0
    outer loop
      vertex 86.8057 13.4342 0
      vertex 86.9707 12.8902 2
      vertex 86.9707 12.8902 0
    endloop
  endfacet
  facet normal 0.0979711 0.995189 -0
    outer loop
      vertex 89.65 11.1 0
      vertex 89.0842 11.1557 2
      vertex 89.65 11.1 2
    endloop
  endfacet
  facet normal 0.0979711 0.995189 0
    outer loop
      vertex 89.0842 11.1557 2
      vertex 89.65 11.1 0
      vertex 89.0842 11.1557 0
    endloop
  endfacet
  facet normal 0.634492 -0.77293 0
    outer loop
      vertex 87.5994 16.0506 0
      vertex 88.0388 16.4113 2
      vertex 87.5994 16.0506 2
    endloop
  endfacet
  facet normal 0.634492 -0.77293 0
    outer loop
      vertex 88.0388 16.4113 2
      vertex 87.5994 16.0506 0
      vertex 88.0388 16.4113 0
    endloop
  endfacet
  facet normal 0.995189 -0.0979711 0
    outer loop
      vertex 86.75 14 2
      vertex 86.8057 14.5658 0
      vertex 86.8057 14.5658 2
    endloop
  endfacet
  facet normal 0.995189 -0.0979711 0
    outer loop
      vertex 86.8057 14.5658 0
      vertex 86.75 14 2
      vertex 86.75 14 0
    endloop
  endfacet
  facet normal 0.634492 0.77293 -0
    outer loop
      vertex 88.0388 11.5887 0
      vertex 87.5994 11.9494 2
      vertex 88.0388 11.5887 2
    endloop
  endfacet
  facet normal 0.634492 0.77293 0
    outer loop
      vertex 87.5994 11.9494 2
      vertex 88.0388 11.5887 0
      vertex 87.5994 11.9494 0
    endloop
  endfacet
  facet normal -0.773534 -0.633755 0
    outer loop
      vertex 100.761 15.6112 0
      vertex 100.401 16.0506 2
      vertex 100.401 16.0506 0
    endloop
  endfacet
  facet normal -0.773534 -0.633755 0
    outer loop
      vertex 100.401 16.0506 2
      vertex 100.761 15.6112 0
      vertex 100.761 15.6112 2
    endloop
  endfacet
  facet normal -0.881924 -0.471391 0
    outer loop
      vertex 101.029 15.1098 0
      vertex 100.761 15.6112 2
      vertex 100.761 15.6112 0
    endloop
  endfacet
  facet normal -0.881924 -0.471391 0
    outer loop
      vertex 100.761 15.6112 2
      vertex 101.029 15.1098 0
      vertex 101.029 15.1098 2
    endloop
  endfacet
  facet normal -0.290413 -0.956902 0
    outer loop
      vertex 98.9158 16.8443 0
      vertex 99.4598 16.6792 2
      vertex 98.9158 16.8443 2
    endloop
  endfacet
  facet normal -0.290413 -0.956902 -0
    outer loop
      vertex 99.4598 16.6792 2
      vertex 98.9158 16.8443 0
      vertex 99.4598 16.6792 0
    endloop
  endfacet
  facet normal -0.471255 -0.881997 0
    outer loop
      vertex 99.4598 16.6792 0
      vertex 99.9612 16.4113 2
      vertex 99.4598 16.6792 2
    endloop
  endfacet
  facet normal -0.471255 -0.881997 -0
    outer loop
      vertex 99.9612 16.4113 2
      vertex 99.4598 16.6792 0
      vertex 99.9612 16.4113 0
    endloop
  endfacet
  facet normal -0.881924 0.471391 0
    outer loop
      vertex 100.761 12.3888 0
      vertex 101.029 12.8902 2
      vertex 101.029 12.8902 0
    endloop
  endfacet
  facet normal -0.881924 0.471391 0
    outer loop
      vertex 101.029 12.8902 2
      vertex 100.761 12.3888 0
      vertex 100.761 12.3888 2
    endloop
  endfacet
  facet normal -0.0979711 0.995189 0
    outer loop
      vertex 98.9158 11.1557 0
      vertex 98.35 11.1 2
      vertex 98.9158 11.1557 2
    endloop
  endfacet
  facet normal -0.0979711 0.995189 0
    outer loop
      vertex 98.35 11.1 2
      vertex 98.9158 11.1557 0
      vertex 98.35 11.1 0
    endloop
  endfacet
  facet normal 0.471391 0.881924 -0
    outer loop
      vertex 88.5402 11.3207 0
      vertex 88.0388 11.5887 2
      vertex 88.5402 11.3207 2
    endloop
  endfacet
  facet normal 0.471391 0.881924 0
    outer loop
      vertex 88.0388 11.5887 2
      vertex 88.5402 11.3207 0
      vertex 88.0388 11.5887 0
    endloop
  endfacet
  facet normal -0.995138 -0.0984937 0
    outer loop
      vertex 101.25 14 0
      vertex 101.194 14.5658 2
      vertex 101.194 14.5658 0
    endloop
  endfacet
  facet normal -0.995138 -0.0984937 0
    outer loop
      vertex 101.194 14.5658 2
      vertex 101.25 14 0
      vertex 101.25 14 2
    endloop
  endfacet
  facet normal 0.290413 -0.956902 0
    outer loop
      vertex 88.5402 16.6792 0
      vertex 89.0842 16.8443 2
      vertex 88.5402 16.6792 2
    endloop
  endfacet
  facet normal 0.290413 -0.956902 0
    outer loop
      vertex 89.0842 16.8443 2
      vertex 88.5402 16.6792 0
      vertex 89.0842 16.8443 0
    endloop
  endfacet
  facet normal 0.995189 0.0979711 0
    outer loop
      vertex 86.8057 13.4342 2
      vertex 86.75 14 0
      vertex 86.75 14 2
    endloop
  endfacet
  facet normal 0.995189 0.0979711 0
    outer loop
      vertex 86.75 14 0
      vertex 86.8057 13.4342 2
      vertex 86.8057 13.4342 0
    endloop
  endfacet
  facet normal 0.881924 0.471391 0
    outer loop
      vertex 87.2387 12.3888 2
      vertex 86.9707 12.8902 0
      vertex 86.9707 12.8902 2
    endloop
  endfacet
  facet normal 0.881924 0.471391 0
    outer loop
      vertex 86.9707 12.8902 0
      vertex 87.2387 12.3888 2
      vertex 87.2387 12.3888 0
    endloop
  endfacet
  facet normal -0.95695 0.290251 0
    outer loop
      vertex 101.029 12.8902 0
      vertex 101.194 13.4342 2
      vertex 101.194 13.4342 0
    endloop
  endfacet
  facet normal -0.95695 0.290251 0
    outer loop
      vertex 101.194 13.4342 2
      vertex 101.029 12.8902 0
      vertex 101.029 12.8902 2
    endloop
  endfacet
  facet normal -0.995138 0.0984937 0
    outer loop
      vertex 101.194 13.4342 0
      vertex 101.25 14 2
      vertex 101.25 14 0
    endloop
  endfacet
  facet normal -0.995138 0.0984937 0
    outer loop
      vertex 101.25 14 2
      vertex 101.194 13.4342 0
      vertex 101.194 13.4342 2
    endloop
  endfacet
endsolid OpenSCAD_Model
