solid OpenSCAD_Model
  facet normal -0.95694 -0.290286 0
    outer loop
      vertex 5.36926 4.11214 0.799999
      vertex 5.27821 4.41229 1.2
      vertex 5.27821 4.41229 0.799999
    endloop
  endfacet
  facet normal -0.95694 -0.290286 0
    outer loop
      vertex 5.27821 4.41229 1.2
      vertex 5.36926 4.11214 0.799999
      vertex 5.36926 4.11214 1.2
    endloop
  endfacet
  facet normal -0.995186 -0.0980073 0
    outer loop
      vertex 5.4 3.8 0.799999
      vertex 5.36926 4.11214 1.2
      vertex 5.36926 4.11214 0.799999
    endloop
  endfacet
  facet normal -0.995186 -0.0980073 0
    outer loop
      vertex 5.36926 4.11214 1.2
      vertex 5.4 3.8 0.799999
      vertex 5.4 3.8 1.2
    endloop
  endfacet
  facet normal -0.881917 -0.471405 0
    outer loop
      vertex 5.27821 4.41229 0.799999
      vertex 5.13035 4.68891 1.2
      vertex 5.13035 4.68891 0.799999
    endloop
  endfacet
  facet normal -0.881917 -0.471405 0
    outer loop
      vertex 5.13035 4.68891 1.2
      vertex 5.27821 4.41229 0.799999
      vertex 5.27821 4.41229 1.2
    endloop
  endfacet
  facet normal 0.63439 -0.773013 0
    outer loop
      vertex 2.66863 4.93137 0.799999
      vertex 2.91109 5.13035 1.2
      vertex 2.66863 4.93137 1.2
    endloop
  endfacet
  facet normal 0.63439 -0.773013 0
    outer loop
      vertex 2.91109 5.13035 1.2
      vertex 2.66863 4.93137 0.799999
      vertex 2.91109 5.13035 0.799999
    endloop
  endfacet
  facet normal -0.290286 -0.95694 0
    outer loop
      vertex 4.11214 5.36926 0.799999
      vertex 4.41229 5.27821 1.2
      vertex 4.11214 5.36926 1.2
    endloop
  endfacet
  facet normal -0.290286 -0.95694 -0
    outer loop
      vertex 4.41229 5.27821 1.2
      vertex 4.11214 5.36926 0.799999
      vertex 4.41229 5.27821 0.799999
    endloop
  endfacet
  facet normal -0.773013 -0.63439 0
    outer loop
      vertex 5.13035 4.68891 0.799999
      vertex 4.93137 4.93137 1.2
      vertex 4.93137 4.93137 0.799999
    endloop
  endfacet
  facet normal -0.773013 -0.63439 0
    outer loop
      vertex 4.93137 4.93137 1.2
      vertex 5.13035 4.68891 0.799999
      vertex 5.13035 4.68891 1.2
    endloop
  endfacet
  facet normal 0.773013 -0.63439 0
    outer loop
      vertex 2.46965 4.68891 1.2
      vertex 2.66863 4.93137 0.799999
      vertex 2.66863 4.93137 1.2
    endloop
  endfacet
  facet normal 0.773013 -0.63439 0
    outer loop
      vertex 2.66863 4.93137 0.799999
      vertex 2.46965 4.68891 1.2
      vertex 2.46965 4.68891 0.799999
    endloop
  endfacet
  facet normal 0.881917 0.471405 0
    outer loop
      vertex 2.46965 2.91109 1.2
      vertex 2.32179 3.18771 0.799999
      vertex 2.32179 3.18771 1.2
    endloop
  endfacet
  facet normal 0.881917 0.471405 0
    outer loop
      vertex 2.32179 3.18771 0.799999
      vertex 2.46965 2.91109 1.2
      vertex 2.46965 2.91109 0.799999
    endloop
  endfacet
  facet normal -0.881917 0.471405 0
    outer loop
      vertex 5.13035 2.91109 0.799999
      vertex 5.27821 3.18771 1.2
      vertex 5.27821 3.18771 0.799999
    endloop
  endfacet
  facet normal -0.881917 0.471405 0
    outer loop
      vertex 5.27821 3.18771 1.2
      vertex 5.13035 2.91109 0.799999
      vertex 5.13035 2.91109 1.2
    endloop
  endfacet
  facet normal 0.290286 -0.95694 0
    outer loop
      vertex 3.18771 5.27821 0.799999
      vertex 3.48786 5.36926 1.2
      vertex 3.18771 5.27821 1.2
    endloop
  endfacet
  facet normal 0.290286 -0.95694 0
    outer loop
      vertex 3.48786 5.36926 1.2
      vertex 3.18771 5.27821 0.799999
      vertex 3.48786 5.36926 0.799999
    endloop
  endfacet
  facet normal -0.290286 0.95694 0
    outer loop
      vertex 4.41229 2.32179 0.799999
      vertex 4.11214 2.23074 1.2
      vertex 4.41229 2.32179 1.2
    endloop
  endfacet
  facet normal -0.290286 0.95694 0
    outer loop
      vertex 4.11214 2.23074 1.2
      vertex 4.41229 2.32179 0.799999
      vertex 4.11214 2.23074 0.799999
    endloop
  endfacet
  facet normal -0.63439 -0.773013 0
    outer loop
      vertex 4.68891 5.13035 0.799999
      vertex 4.93137 4.93137 1.2
      vertex 4.68891 5.13035 1.2
    endloop
  endfacet
  facet normal -0.63439 -0.773013 -0
    outer loop
      vertex 4.93137 4.93137 1.2
      vertex 4.68891 5.13035 0.799999
      vertex 4.93137 4.93137 0.799999
    endloop
  endfacet
  facet normal -0.63439 0.773013 0
    outer loop
      vertex 4.93137 2.66863 0.799999
      vertex 4.68891 2.46965 1.2
      vertex 4.93137 2.66863 1.2
    endloop
  endfacet
  facet normal -0.63439 0.773013 0
    outer loop
      vertex 4.68891 2.46965 1.2
      vertex 4.93137 2.66863 0.799999
      vertex 4.68891 2.46965 0.799999
    endloop
  endfacet
  facet normal -0.471405 0.881917 0
    outer loop
      vertex 4.68891 2.46965 0.799999
      vertex 4.41229 2.32179 1.2
      vertex 4.68891 2.46965 1.2
    endloop
  endfacet
  facet normal -0.471405 0.881917 0
    outer loop
      vertex 4.41229 2.32179 1.2
      vertex 4.68891 2.46965 0.799999
      vertex 4.41229 2.32179 0.799999
    endloop
  endfacet
  facet normal 0.63439 0.773013 -0
    outer loop
      vertex 2.91109 2.46965 0.799999
      vertex 2.66863 2.66863 1.2
      vertex 2.91109 2.46965 1.2
    endloop
  endfacet
  facet normal 0.63439 0.773013 0
    outer loop
      vertex 2.66863 2.66863 1.2
      vertex 2.91109 2.46965 0.799999
      vertex 2.66863 2.66863 0.799999
    endloop
  endfacet
  facet normal -0.773013 0.63439 0
    outer loop
      vertex 4.93137 2.66863 0.799999
      vertex 5.13035 2.91109 1.2
      vertex 5.13035 2.91109 0.799999
    endloop
  endfacet
  facet normal -0.773013 0.63439 0
    outer loop
      vertex 5.13035 2.91109 1.2
      vertex 4.93137 2.66863 0.799999
      vertex 4.93137 2.66863 1.2
    endloop
  endfacet
  facet normal -0.995186 0.0980073 0
    outer loop
      vertex 5.36926 3.48786 0.799999
      vertex 5.4 3.8 1.2
      vertex 5.4 3.8 0.799999
    endloop
  endfacet
  facet normal -0.995186 0.0980073 0
    outer loop
      vertex 5.4 3.8 1.2
      vertex 5.36926 3.48786 0.799999
      vertex 5.36926 3.48786 1.2
    endloop
  endfacet
  facet normal -0.95694 0.290286 0
    outer loop
      vertex 5.27821 3.18771 0.799999
      vertex 5.36926 3.48786 1.2
      vertex 5.36926 3.48786 0.799999
    endloop
  endfacet
  facet normal -0.95694 0.290286 0
    outer loop
      vertex 5.36926 3.48786 1.2
      vertex 5.27821 3.18771 0.799999
      vertex 5.27821 3.18771 1.2
    endloop
  endfacet
  facet normal 0.471405 -0.881917 0
    outer loop
      vertex 2.91109 5.13035 0.799999
      vertex 3.18771 5.27821 1.2
      vertex 2.91109 5.13035 1.2
    endloop
  endfacet
  facet normal 0.471405 -0.881917 0
    outer loop
      vertex 3.18771 5.27821 1.2
      vertex 2.91109 5.13035 0.799999
      vertex 3.18771 5.27821 0.799999
    endloop
  endfacet
  facet normal -0.471405 -0.881917 0
    outer loop
      vertex 4.41229 5.27821 0.799999
      vertex 4.68891 5.13035 1.2
      vertex 4.41229 5.27821 1.2
    endloop
  endfacet
  facet normal -0.471405 -0.881917 -0
    outer loop
      vertex 4.68891 5.13035 1.2
      vertex 4.41229 5.27821 0.799999
      vertex 4.68891 5.13035 0.799999
    endloop
  endfacet
  facet normal 0.95694 -0.290286 0
    outer loop
      vertex 2.23074 4.11214 1.2
      vertex 2.32179 4.41229 0.799999
      vertex 2.32179 4.41229 1.2
    endloop
  endfacet
  facet normal 0.95694 -0.290286 0
    outer loop
      vertex 2.32179 4.41229 0.799999
      vertex 2.23074 4.11214 1.2
      vertex 2.23074 4.11214 0.799999
    endloop
  endfacet
  facet normal -0.0980073 0.995186 0
    outer loop
      vertex 4.11214 2.23074 0.799999
      vertex 3.8 2.2 1.2
      vertex 4.11214 2.23074 1.2
    endloop
  endfacet
  facet normal -0.0980073 0.995186 0
    outer loop
      vertex 3.8 2.2 1.2
      vertex 4.11214 2.23074 0.799999
      vertex 3.8 2.2 0.799999
    endloop
  endfacet
  facet normal 0.0980073 -0.995186 0
    outer loop
      vertex 3.48786 5.36926 0.799999
      vertex 3.8 5.4 1.2
      vertex 3.48786 5.36926 1.2
    endloop
  endfacet
  facet normal 0.0980073 -0.995186 0
    outer loop
      vertex 3.8 5.4 1.2
      vertex 3.48786 5.36926 0.799999
      vertex 3.8 5.4 0.799999
    endloop
  endfacet
  facet normal 0.881917 -0.471405 0
    outer loop
      vertex 2.32179 4.41229 1.2
      vertex 2.46965 4.68891 0.799999
      vertex 2.46965 4.68891 1.2
    endloop
  endfacet
  facet normal 0.881917 -0.471405 0
    outer loop
      vertex 2.46965 4.68891 0.799999
      vertex 2.32179 4.41229 1.2
      vertex 2.32179 4.41229 0.799999
    endloop
  endfacet
  facet normal 0.95694 0.290286 0
    outer loop
      vertex 2.32179 3.18771 1.2
      vertex 2.23074 3.48786 0.799999
      vertex 2.23074 3.48786 1.2
    endloop
  endfacet
  facet normal 0.95694 0.290286 0
    outer loop
      vertex 2.23074 3.48786 0.799999
      vertex 2.32179 3.18771 1.2
      vertex 2.32179 3.18771 0.799999
    endloop
  endfacet
  facet normal 0.995186 0.0980073 0
    outer loop
      vertex 2.23074 3.48786 1.2
      vertex 2.2 3.8 0.799999
      vertex 2.2 3.8 1.2
    endloop
  endfacet
  facet normal 0.995186 0.0980073 0
    outer loop
      vertex 2.2 3.8 0.799999
      vertex 2.23074 3.48786 1.2
      vertex 2.23074 3.48786 0.799999
    endloop
  endfacet
  facet normal 0.773013 0.63439 0
    outer loop
      vertex 2.66863 2.66863 1.2
      vertex 2.46965 2.91109 0.799999
      vertex 2.46965 2.91109 1.2
    endloop
  endfacet
  facet normal 0.773013 0.63439 0
    outer loop
      vertex 2.46965 2.91109 0.799999
      vertex 2.66863 2.66863 1.2
      vertex 2.66863 2.66863 0.799999
    endloop
  endfacet
  facet normal 0.471405 0.881917 -0
    outer loop
      vertex 3.18771 2.32179 0.799999
      vertex 2.91109 2.46965 1.2
      vertex 3.18771 2.32179 1.2
    endloop
  endfacet
  facet normal 0.471405 0.881917 0
    outer loop
      vertex 2.91109 2.46965 1.2
      vertex 3.18771 2.32179 0.799999
      vertex 2.91109 2.46965 0.799999
    endloop
  endfacet
  facet normal -0.0980073 -0.995186 0
    outer loop
      vertex 3.8 5.4 0.799999
      vertex 4.11214 5.36926 1.2
      vertex 3.8 5.4 1.2
    endloop
  endfacet
  facet normal -0.0980073 -0.995186 -0
    outer loop
      vertex 4.11214 5.36926 1.2
      vertex 3.8 5.4 0.799999
      vertex 4.11214 5.36926 0.799999
    endloop
  endfacet
  facet normal 0.995186 -0.0980073 0
    outer loop
      vertex 2.2 3.8 1.2
      vertex 2.23074 4.11214 0.799999
      vertex 2.23074 4.11214 1.2
    endloop
  endfacet
  facet normal 0.995186 -0.0980073 0
    outer loop
      vertex 2.23074 4.11214 0.799999
      vertex 2.2 3.8 1.2
      vertex 2.2 3.8 0.799999
    endloop
  endfacet
  facet normal 0.0980073 0.995186 -0
    outer loop
      vertex 3.8 2.2 0.799999
      vertex 3.48786 2.23074 1.2
      vertex 3.8 2.2 1.2
    endloop
  endfacet
  facet normal 0.0980073 0.995186 0
    outer loop
      vertex 3.48786 2.23074 1.2
      vertex 3.8 2.2 0.799999
      vertex 3.48786 2.23074 0.799999
    endloop
  endfacet
  facet normal 0.290286 0.95694 -0
    outer loop
      vertex 3.48786 2.23074 0.799999
      vertex 3.18771 2.32179 1.2
      vertex 3.48786 2.23074 1.2
    endloop
  endfacet
  facet normal 0.290286 0.95694 0
    outer loop
      vertex 3.18771 2.32179 1.2
      vertex 3.48786 2.23074 0.799999
      vertex 3.18771 2.32179 0.799999
    endloop
  endfacet
  facet normal -0.467392 -0.0460319 -0.882851
    outer loop
      vertex 6.85475 4.37226 0
      vertex 6.91111 3.8 0
      vertex 5.4 3.8 0.799999
    endloop
  endfacet
  facet normal -0.449449 -0.13625 -0.882854
    outer loop
      vertex 5.36926 4.11214 0.799999
      vertex 6.84122 4.4403 0
      vertex 6.85133 4.40695 0
    endloop
  endfacet
  facet normal -0.449429 -0.136333 -0.882852
    outer loop
      vertex 6.84122 4.4403 0
      vertex 5.36926 4.11214 0.799999
      vertex 5.27821 4.41229 0.799999
    endloop
  endfacet
  facet normal -0.297951 -0.363039 -0.882852
    outer loop
      vertex 4.93137 4.93137 0.799999
      vertex 5.97295 6.022 0
      vertex 5.99989 5.99989 0
    endloop
  endfacet
  facet normal -0.297942 -0.363047 -0.882852
    outer loop
      vertex 5.97295 6.022 0
      vertex 4.93137 4.93137 0.799999
      vertex 4.68891 5.13035 0.799999
    endloop
  endfacet
  facet normal -0.136334 0.44943 -0.882851
    outer loop
      vertex 4.99057 0.925708 0
      vertex 4.4403 0.758784 0
      vertex 4.41229 2.32179 0.799999
    endloop
  endfacet
  facet normal 0.221395 -0.414196 -0.882851
    outer loop
      vertex 2.57869 6.65786 0
      vertex 2.91109 5.13035 0.799999
      vertex 2.07156 6.38679 0
    endloop
  endfacet
  facet normal 0.36305 0.29794 -0.882851
    outer loop
      vertex 2.46965 2.91109 0.799999
      vertex 1.578 1.62705 0
      vertex 1.21321 2.07156 0
    endloop
  endfacet
  facet normal 0.297942 0.363047 -0.882852
    outer loop
      vertex 1.62705 1.578 0
      vertex 2.66863 2.66863 0.799999
      vertex 2.91109 2.46965 0.799999
    endloop
  endfacet
  facet normal 0.297951 0.363039 -0.882852
    outer loop
      vertex 2.66863 2.66863 0.799999
      vertex 1.62705 1.578 0
      vertex 1.60011 1.60011 0
    endloop
  endfacet
  facet normal 0.44943 0.136334 -0.882851
    outer loop
      vertex 2.32179 3.18771 0.799999
      vertex 0.925708 2.60943 0
      vertex 0.758784 3.1597 0
    endloop
  endfacet
  facet normal 0.0460295 0.467392 -0.882851
    outer loop
      vertex 3.22773 0.745251 0
      vertex 3.48786 2.23074 0.799999
      vertex 3.8 2.2 0.799999
    endloop
  endfacet
  facet normal 0.0460383 0.467391 -0.882851
    outer loop
      vertex 3.48786 2.23074 0.799999
      vertex 3.22773 0.745251 0
      vertex 3.19305 0.748667 0
    endloop
  endfacet
  facet normal -0.136339 -0.449428 -0.882851
    outer loop
      vertex 4.4403 6.84122 0
      vertex 4.99057 6.67429 0
      vertex 4.41229 5.27821 0.799999
    endloop
  endfacet
  facet normal 0.136338 0.449429 -0.882851
    outer loop
      vertex 3.1597 0.758784 0
      vertex 3.48786 2.23074 0.799999
      vertex 3.19305 0.748667 0
    endloop
  endfacet
  facet normal 0.136334 0.44943 -0.882851
    outer loop
      vertex 3.48786 2.23074 0.799999
      vertex 3.1597 0.758784 0
      vertex 3.18771 2.32179 0.799999
    endloop
  endfacet
  facet normal -0.221397 0.414194 -0.882851
    outer loop
      vertex 5.52844 1.21321 0
      vertex 5.02131 0.942136 0
      vertex 4.68891 2.46965 0.799999
    endloop
  endfacet
  facet normal -0.0460783 -0.467385 -0.882852
    outer loop
      vertex 4.11214 5.36926 0.799999
      vertex 4.37226 6.85475 0
      vertex 4.40695 6.85133 0
    endloop
  endfacet
  facet normal -0.0460295 -0.467392 -0.882851
    outer loop
      vertex 4.37226 6.85475 0
      vertex 4.11214 5.36926 0.799999
      vertex 3.8 5.4 0.799999
    endloop
  endfacet
  facet normal -0.136333 -0.449429 -0.882852
    outer loop
      vertex 4.11214 5.36926 0.799999
      vertex 4.4403 6.84122 0
      vertex 4.41229 5.27821 0.799999
    endloop
  endfacet
  facet normal -0.13625 -0.449449 -0.882854
    outer loop
      vertex 4.4403 6.84122 0
      vertex 4.11214 5.36926 0.799999
      vertex 4.40695 6.85133 0
    endloop
  endfacet
  facet normal 0.363039 0.297951 -0.882852
    outer loop
      vertex 1.578 1.62705 0
      vertex 2.66863 2.66863 0.799999
      vertex 1.60011 1.60011 0
    endloop
  endfacet
  facet normal 0.363047 0.297942 -0.882852
    outer loop
      vertex 2.66863 2.66863 0.799999
      vertex 1.578 1.62705 0
      vertex 2.46965 2.91109 0.799999
    endloop
  endfacet
  facet normal -0.36305 0.29794 -0.882851
    outer loop
      vertex 6.38679 2.07156 0
      vertex 6.022 1.62705 0
      vertex 5.13035 2.91109 0.799999
    endloop
  endfacet
  facet normal 0.467391 0.0460327 -0.882851
    outer loop
      vertex 2.2 3.8 0.799999
      vertex 0.745251 3.22773 0
      vertex 0.688889 3.8 0
    endloop
  endfacet
  facet normal -0.136338 0.449429 -0.882851
    outer loop
      vertex 4.11214 2.23074 0.799999
      vertex 4.4403 0.758784 0
      vertex 4.40695 0.748667 0
    endloop
  endfacet
  facet normal -0.136334 0.44943 -0.882851
    outer loop
      vertex 4.4403 0.758784 0
      vertex 4.11214 2.23074 0.799999
      vertex 4.41229 2.32179 0.799999
    endloop
  endfacet
  facet normal -0.221362 0.414211 -0.882852
    outer loop
      vertex 4.41229 2.32179 0.799999
      vertex 5.02131 0.942136 0
      vertex 4.99057 0.925708 0
    endloop
  endfacet
  facet normal -0.221397 0.414194 -0.882851
    outer loop
      vertex 5.02131 0.942136 0
      vertex 4.41229 2.32179 0.799999
      vertex 4.68891 2.46965 0.799999
    endloop
  endfacet
  facet normal 0.44943 -0.136334 -0.882851
    outer loop
      vertex 0.925708 4.99057 0
      vertex 2.32179 4.41229 0.799999
      vertex 0.758784 4.4403 0
    endloop
  endfacet
  facet normal -0.414196 0.221395 -0.882851
    outer loop
      vertex 6.65786 2.57869 0
      vertex 6.38679 2.07156 0
      vertex 5.13035 2.91109 0.799999
    endloop
  endfacet
  facet normal 0.297942 -0.363047 -0.882852
    outer loop
      vertex 2.66863 4.93137 0.799999
      vertex 1.62705 6.022 0
      vertex 2.91109 5.13035 0.799999
    endloop
  endfacet
  facet normal 0.297951 -0.363039 -0.882852
    outer loop
      vertex 1.62705 6.022 0
      vertex 2.66863 4.93137 0.799999
      vertex 1.60011 5.99989 0
    endloop
  endfacet
  facet normal -0.467392 -0.0460295 -0.882851
    outer loop
      vertex 5.36926 4.11214 0.799999
      vertex 6.85475 4.37226 0
      vertex 5.4 3.8 0.799999
    endloop
  endfacet
  facet normal -0.467385 -0.0460783 -0.882852
    outer loop
      vertex 6.85475 4.37226 0
      vertex 5.36926 4.11214 0.799999
      vertex 6.85133 4.40695 0
    endloop
  endfacet
  facet normal -0.363039 0.297951 -0.882852
    outer loop
      vertex 4.93137 2.66863 0.799999
      vertex 6.022 1.62705 0
      vertex 5.99989 1.60011 0
    endloop
  endfacet
  facet normal -0.363047 0.297942 -0.882852
    outer loop
      vertex 6.022 1.62705 0
      vertex 4.93137 2.66863 0.799999
      vertex 5.13035 2.91109 0.799999
    endloop
  endfacet
  facet normal -0.467392 0.0460311 -0.882851
    outer loop
      vertex 6.91111 3.8 0
      vertex 6.85475 3.22773 0
      vertex 5.4 3.8 0.799999
    endloop
  endfacet
  facet normal 0.467391 0.0460383 -0.882851
    outer loop
      vertex 0.745251 3.22773 0
      vertex 2.23074 3.48786 0.799999
      vertex 0.748667 3.19305 0
    endloop
  endfacet
  facet normal 0.467392 0.0460295 -0.882851
    outer loop
      vertex 2.23074 3.48786 0.799999
      vertex 0.745251 3.22773 0
      vertex 2.2 3.8 0.799999
    endloop
  endfacet
  facet normal 0.0460327 0.467391 -0.882851
    outer loop
      vertex 3.8 2.2 0.799999
      vertex 3.8 0.688889 0
      vertex 3.22773 0.745251 0
    endloop
  endfacet
  facet normal -0.449428 0.136339 -0.882851
    outer loop
      vertex 6.84122 3.1597 0
      vertex 6.67429 2.60943 0
      vertex 5.27821 3.18771 0.799999
    endloop
  endfacet
  facet normal 0.29794 -0.36305 -0.882851
    outer loop
      vertex 2.07156 6.38679 0
      vertex 2.91109 5.13035 0.799999
      vertex 1.62705 6.022 0
    endloop
  endfacet
  facet normal 0.44943 0.136334 -0.882851
    outer loop
      vertex 0.758784 3.1597 0
      vertex 2.23074 3.48786 0.799999
      vertex 2.32179 3.18771 0.799999
    endloop
  endfacet
  facet normal 0.449429 0.136338 -0.882851
    outer loop
      vertex 2.23074 3.48786 0.799999
      vertex 0.758784 3.1597 0
      vertex 0.748667 3.19305 0
    endloop
  endfacet
  facet normal 0.136334 0.44943 -0.882851
    outer loop
      vertex 3.18771 2.32179 0.799999
      vertex 3.1597 0.758784 0
      vertex 2.60943 0.925708 0
    endloop
  endfacet
  facet normal -0.0460252 0.467393 -0.882851
    outer loop
      vertex 4.37226 0.745251 0
      vertex 4.11214 2.23074 0.799999
      vertex 4.40695 0.748667 0
    endloop
  endfacet
  facet normal -0.0460295 0.467393 -0.882851
    outer loop
      vertex 4.11214 2.23074 0.799999
      vertex 4.37226 0.745251 0
      vertex 3.8 2.2 0.799999
    endloop
  endfacet
  facet normal 0.414194 0.221397 -0.882851
    outer loop
      vertex 0.942136 2.57869 0
      vertex 2.32179 3.18771 0.799999
      vertex 2.46965 2.91109 0.799999
    endloop
  endfacet
  facet normal 0.414211 0.221362 -0.882852
    outer loop
      vertex 2.32179 3.18771 0.799999
      vertex 0.942136 2.57869 0
      vertex 0.925708 2.60943 0
    endloop
  endfacet
  facet normal 0.467391 -0.0460335 -0.882851
    outer loop
      vertex 0.745251 4.37226 0
      vertex 2.2 3.8 0.799999
      vertex 0.688889 3.8 0
    endloop
  endfacet
  facet normal 0.363047 -0.297942 -0.882852
    outer loop
      vertex 1.578 5.97295 0
      vertex 2.66863 4.93137 0.799999
      vertex 2.46965 4.68891 0.799999
    endloop
  endfacet
  facet normal 0.363039 -0.297951 -0.882852
    outer loop
      vertex 2.66863 4.93137 0.799999
      vertex 1.578 5.97295 0
      vertex 1.60011 5.99989 0
    endloop
  endfacet
  facet normal 0.414194 -0.221397 -0.882851
    outer loop
      vertex 2.32179 4.41229 0.799999
      vertex 0.942136 5.02131 0
      vertex 2.46965 4.68891 0.799999
    endloop
  endfacet
  facet normal 0.414211 -0.221362 -0.882852
    outer loop
      vertex 0.942136 5.02131 0
      vertex 2.32179 4.41229 0.799999
      vertex 0.925708 4.99057 0
    endloop
  endfacet
  facet normal -0.449449 0.13625 -0.882854
    outer loop
      vertex 6.84122 3.1597 0
      vertex 5.36926 3.48786 0.799999
      vertex 6.85133 3.19305 0
    endloop
  endfacet
  facet normal -0.449429 0.136333 -0.882852
    outer loop
      vertex 5.36926 3.48786 0.799999
      vertex 6.84122 3.1597 0
      vertex 5.27821 3.18771 0.799999
    endloop
  endfacet
  facet normal 0.221397 -0.414195 -0.882851
    outer loop
      vertex 2.57869 6.65786 0
      vertex 3.18771 5.27821 0.799999
      vertex 2.91109 5.13035 0.799999
    endloop
  endfacet
  facet normal 0.221384 -0.414202 -0.882851
    outer loop
      vertex 3.18771 5.27821 0.799999
      vertex 2.57869 6.65786 0
      vertex 2.60943 6.67429 0
    endloop
  endfacet
  facet normal -0.414202 0.221384 -0.882851
    outer loop
      vertex 6.65786 2.57869 0
      vertex 5.27821 3.18771 0.799999
      vertex 6.67429 2.60943 0
    endloop
  endfacet
  facet normal -0.414195 0.221397 -0.882851
    outer loop
      vertex 5.27821 3.18771 0.799999
      vertex 6.65786 2.57869 0
      vertex 5.13035 2.91109 0.799999
    endloop
  endfacet
  facet normal -0.467382 0.0460913 -0.882853
    outer loop
      vertex 5.36926 3.48786 0.799999
      vertex 6.85475 3.22773 0
      vertex 6.85133 3.19305 0
    endloop
  endfacet
  facet normal -0.467392 0.0460295 -0.882851
    outer loop
      vertex 6.85475 3.22773 0
      vertex 5.36926 3.48786 0.799999
      vertex 5.4 3.8 0.799999
    endloop
  endfacet
  facet normal 0.414194 0.221397 -0.882851
    outer loop
      vertex 2.46965 2.91109 0.799999
      vertex 1.21321 2.07156 0
      vertex 0.942136 2.57869 0
    endloop
  endfacet
  facet normal 0.44943 -0.136334 -0.882851
    outer loop
      vertex 2.23074 4.11214 0.799999
      vertex 0.758784 4.4403 0
      vertex 2.32179 4.41229 0.799999
    endloop
  endfacet
  facet normal 0.449429 -0.136338 -0.882851
    outer loop
      vertex 0.758784 4.4403 0
      vertex 2.23074 4.11214 0.799999
      vertex 0.748667 4.40695 0
    endloop
  endfacet
  facet normal 0.467393 -0.0460295 -0.882851
    outer loop
      vertex 0.745251 4.37226 0
      vertex 2.23074 4.11214 0.799999
      vertex 2.2 3.8 0.799999
    endloop
  endfacet
  facet normal 0.467393 -0.0460252 -0.882851
    outer loop
      vertex 2.23074 4.11214 0.799999
      vertex 0.745251 4.37226 0
      vertex 0.748667 4.40695 0
    endloop
  endfacet
  facet normal 0.36305 -0.29794 -0.882851
    outer loop
      vertex 1.578 5.97295 0
      vertex 2.46965 4.68891 0.799999
      vertex 1.21321 5.52844 0
    endloop
  endfacet
  facet normal 0.414194 -0.221397 -0.882851
    outer loop
      vertex 1.21321 5.52844 0
      vertex 2.46965 4.68891 0.799999
      vertex 0.942136 5.02131 0
    endloop
  endfacet
  facet normal -0.36305 -0.29794 -0.882851
    outer loop
      vertex 6.022 5.97295 0
      vertex 6.38679 5.52844 0
      vertex 5.13035 4.68891 0.799999
    endloop
  endfacet
  facet normal 0.0460295 -0.467392 -0.882851
    outer loop
      vertex 3.48786 5.36926 0.799999
      vertex 3.22773 6.85475 0
      vertex 3.8 5.4 0.799999
    endloop
  endfacet
  facet normal 0.0460913 -0.467382 -0.882853
    outer loop
      vertex 3.22773 6.85475 0
      vertex 3.48786 5.36926 0.799999
      vertex 3.19305 6.85133 0
    endloop
  endfacet
  facet normal -0.449428 -0.136339 -0.882851
    outer loop
      vertex 6.67429 4.99057 0
      vertex 6.84122 4.4403 0
      vertex 5.27821 4.41229 0.799999
    endloop
  endfacet
  facet normal -0.414196 -0.221395 -0.882851
    outer loop
      vertex 6.38679 5.52844 0
      vertex 6.65786 5.02131 0
      vertex 5.13035 4.68891 0.799999
    endloop
  endfacet
  facet normal -0.414202 -0.221384 -0.882851
    outer loop
      vertex 5.27821 4.41229 0.799999
      vertex 6.65786 5.02131 0
      vertex 6.67429 4.99057 0
    endloop
  endfacet
  facet normal -0.414195 -0.221397 -0.882851
    outer loop
      vertex 6.65786 5.02131 0
      vertex 5.27821 4.41229 0.799999
      vertex 5.13035 4.68891 0.799999
    endloop
  endfacet
  facet normal 0.0460311 -0.467392 -0.882851
    outer loop
      vertex 3.8 6.91111 0
      vertex 3.8 5.4 0.799999
      vertex 3.22773 6.85475 0
    endloop
  endfacet
  facet normal -0.0460319 -0.467392 -0.882851
    outer loop
      vertex 3.8 6.91111 0
      vertex 4.37226 6.85475 0
      vertex 3.8 5.4 0.799999
    endloop
  endfacet
  facet normal 0.136333 -0.449429 -0.882852
    outer loop
      vertex 3.1597 6.84122 0
      vertex 3.48786 5.36926 0.799999
      vertex 3.18771 5.27821 0.799999
    endloop
  endfacet
  facet normal 0.13625 -0.449449 -0.882854
    outer loop
      vertex 3.48786 5.36926 0.799999
      vertex 3.1597 6.84122 0
      vertex 3.19305 6.85133 0
    endloop
  endfacet
  facet normal 0.136339 -0.449428 -0.882851
    outer loop
      vertex 3.1597 6.84122 0
      vertex 3.18771 5.27821 0.799999
      vertex 2.60943 6.67429 0
    endloop
  endfacet
  facet normal 0.221397 0.414194 -0.882851
    outer loop
      vertex 2.91109 2.46965 0.799999
      vertex 2.57869 0.942136 0
      vertex 2.07156 1.21321 0
    endloop
  endfacet
  facet normal 0.29794 0.36305 -0.882851
    outer loop
      vertex 2.91109 2.46965 0.799999
      vertex 2.07156 1.21321 0
      vertex 1.62705 1.578 0
    endloop
  endfacet
  facet normal -0.363047 -0.297942 -0.882852
    outer loop
      vertex 4.93137 4.93137 0.799999
      vertex 6.022 5.97295 0
      vertex 5.13035 4.68891 0.799999
    endloop
  endfacet
  facet normal -0.363039 -0.297951 -0.882852
    outer loop
      vertex 6.022 5.97295 0
      vertex 4.93137 4.93137 0.799999
      vertex 5.99989 5.99989 0
    endloop
  endfacet
  facet normal -0.297951 0.363039 -0.882852
    outer loop
      vertex 5.97295 1.578 0
      vertex 4.93137 2.66863 0.799999
      vertex 5.99989 1.60011 0
    endloop
  endfacet
  facet normal -0.297942 0.363047 -0.882852
    outer loop
      vertex 4.93137 2.66863 0.799999
      vertex 5.97295 1.578 0
      vertex 4.68891 2.46965 0.799999
    endloop
  endfacet
  facet normal 0.221362 0.414211 -0.882852
    outer loop
      vertex 2.57869 0.942136 0
      vertex 3.18771 2.32179 0.799999
      vertex 2.60943 0.925708 0
    endloop
  endfacet
  facet normal 0.221397 0.414194 -0.882851
    outer loop
      vertex 3.18771 2.32179 0.799999
      vertex 2.57869 0.942136 0
      vertex 2.91109 2.46965 0.799999
    endloop
  endfacet
  facet normal -0.0460335 0.467391 -0.882851
    outer loop
      vertex 3.8 2.2 0.799999
      vertex 4.37226 0.745251 0
      vertex 3.8 0.688889 0
    endloop
  endfacet
  facet normal -0.29794 0.36305 -0.882851
    outer loop
      vertex 5.97295 1.578 0
      vertex 5.52844 1.21321 0
      vertex 4.68891 2.46965 0.799999
    endloop
  endfacet
  facet normal -0.221395 -0.414196 -0.882851
    outer loop
      vertex 5.02131 6.65786 0
      vertex 5.52844 6.38679 0
      vertex 4.68891 5.13035 0.799999
    endloop
  endfacet
  facet normal -0.29794 -0.36305 -0.882851
    outer loop
      vertex 5.52844 6.38679 0
      vertex 5.97295 6.022 0
      vertex 4.68891 5.13035 0.799999
    endloop
  endfacet
  facet normal -0.221397 -0.414195 -0.882851
    outer loop
      vertex 4.41229 5.27821 0.799999
      vertex 5.02131 6.65786 0
      vertex 4.68891 5.13035 0.799999
    endloop
  endfacet
  facet normal -0.221384 -0.414202 -0.882851
    outer loop
      vertex 5.02131 6.65786 0
      vertex 4.41229 5.27821 0.799999
      vertex 4.99057 6.67429 0
    endloop
  endfacet
  facet normal 0.0460295 0.467393 0.882851
    outer loop
      vertex 3.48786 2.23074 1.2
      vertex 3.22773 0.745251 2
      vertex 3.8 2.2 1.2
    endloop
  endfacet
  facet normal 0.0460383 0.467391 0.882851
    outer loop
      vertex 3.22773 0.745251 2
      vertex 3.48786 2.23074 1.2
      vertex 3.19305 0.748667 2
    endloop
  endfacet
  facet normal -0.449449 0.13625 0.882854
    outer loop
      vertex 5.36926 3.48786 1.2
      vertex 6.84122 3.1597 2
      vertex 6.85133 3.19305 2
    endloop
  endfacet
  facet normal -0.449429 0.136334 0.882851
    outer loop
      vertex 6.84122 3.1597 2
      vertex 5.36926 3.48786 1.2
      vertex 5.27821 3.18771 1.2
    endloop
  endfacet
  facet normal -0.363051 -0.29794 0.882851
    outer loop
      vertex 6.38679 5.52844 2
      vertex 6.022 5.97295 2
      vertex 5.13035 4.68891 1.2
    endloop
  endfacet
  facet normal -0.467392 -0.0460311 0.882851
    outer loop
      vertex 6.91111 3.8 2
      vertex 6.85475 4.37227 2
      vertex 5.4 3.8 1.2
    endloop
  endfacet
  facet normal -0.467383 -0.0460914 0.882853
    outer loop
      vertex 5.36926 4.11214 1.2
      vertex 6.85475 4.37227 2
      vertex 6.85133 4.40695 2
    endloop
  endfacet
  facet normal -0.467393 -0.0460295 0.882851
    outer loop
      vertex 6.85475 4.37227 2
      vertex 5.36926 4.11214 1.2
      vertex 5.4 3.8 1.2
    endloop
  endfacet
  facet normal -0.221384 -0.414202 0.882851
    outer loop
      vertex 4.41229 5.27821 1.2
      vertex 5.02131 6.65786 2
      vertex 4.99057 6.67429 2
    endloop
  endfacet
  facet normal -0.221397 -0.414196 0.882851
    outer loop
      vertex 5.02131 6.65786 2
      vertex 4.41229 5.27821 1.2
      vertex 4.68891 5.13035 1.2
    endloop
  endfacet
  facet normal 0.467392 0.0460327 0.882851
    outer loop
      vertex 0.745251 3.22773 2
      vertex 2.2 3.8 1.2
      vertex 0.688889 3.8 2
    endloop
  endfacet
  facet normal -0.467393 0.0460295 0.882851
    outer loop
      vertex 5.36926 3.48786 1.2
      vertex 6.85475 3.22773 2
      vertex 5.4 3.8 1.2
    endloop
  endfacet
  facet normal -0.467383 0.0460914 0.882853
    outer loop
      vertex 6.85475 3.22773 2
      vertex 5.36926 3.48786 1.2
      vertex 6.85133 3.19305 2
    endloop
  endfacet
  facet normal -0.0460914 -0.467383 0.882853
    outer loop
      vertex 4.37227 6.85475 2
      vertex 4.11214 5.36926 1.2
      vertex 4.40695 6.85133 2
    endloop
  endfacet
  facet normal -0.0460295 -0.467393 0.882851
    outer loop
      vertex 4.11214 5.36926 1.2
      vertex 4.37227 6.85475 2
      vertex 3.8 5.4 1.2
    endloop
  endfacet
  facet normal -0.414202 0.221384 0.882851
    outer loop
      vertex 5.27821 3.18771 1.2
      vertex 6.65786 2.57869 2
      vertex 6.67429 2.60943 2
    endloop
  endfacet
  facet normal -0.414196 0.221397 0.882851
    outer loop
      vertex 6.65786 2.57869 2
      vertex 5.27821 3.18771 1.2
      vertex 5.13035 2.91109 1.2
    endloop
  endfacet
  facet normal 0.29794 0.363051 0.882851
    outer loop
      vertex 2.07156 1.21321 2
      vertex 2.91109 2.46965 1.2
      vertex 1.62705 1.578 2
    endloop
  endfacet
  facet normal -0.297951 0.363039 0.882852
    outer loop
      vertex 4.93137 2.66863 1.2
      vertex 5.97295 1.578 2
      vertex 5.99989 1.60011 2
    endloop
  endfacet
  facet normal -0.297943 0.363047 0.882852
    outer loop
      vertex 5.97295 1.578 2
      vertex 4.93137 2.66863 1.2
      vertex 4.68891 2.46965 1.2
    endloop
  endfacet
  facet normal 0.44943 0.136334 0.882851
    outer loop
      vertex 2.23074 3.48786 1.2
      vertex 0.758784 3.1597 2
      vertex 2.32179 3.18771 1.2
    endloop
  endfacet
  facet normal 0.449429 0.136338 0.882851
    outer loop
      vertex 0.758784 3.1597 2
      vertex 2.23074 3.48786 1.2
      vertex 0.748667 3.19305 2
    endloop
  endfacet
  facet normal 0.414195 -0.221397 0.882851
    outer loop
      vertex 0.942136 5.02131 2
      vertex 2.32179 4.41229 1.2
      vertex 2.46965 4.68891 1.2
    endloop
  endfacet
  facet normal 0.414206 -0.221373 0.882852
    outer loop
      vertex 2.32179 4.41229 1.2
      vertex 0.942136 5.02131 2
      vertex 0.925707 4.99057 2
    endloop
  endfacet
  facet normal 0.467393 0.0460295 0.882851
    outer loop
      vertex 0.745251 3.22773 2
      vertex 2.23074 3.48786 1.2
      vertex 2.2 3.8 1.2
    endloop
  endfacet
  facet normal 0.467391 0.0460383 0.882851
    outer loop
      vertex 2.23074 3.48786 1.2
      vertex 0.745251 3.22773 2
      vertex 0.748667 3.19305 2
    endloop
  endfacet
  facet normal 0.363039 -0.297951 0.882852
    outer loop
      vertex 1.578 5.97295 2
      vertex 2.66863 4.93137 1.2
      vertex 1.60011 5.99989 2
    endloop
  endfacet
  facet normal 0.363047 -0.297943 0.882852
    outer loop
      vertex 2.66863 4.93137 1.2
      vertex 1.578 5.97295 2
      vertex 2.46965 4.68891 1.2
    endloop
  endfacet
  facet normal -0.221398 0.414195 0.882851
    outer loop
      vertex 5.02131 0.942136 2
      vertex 5.52844 1.21321 2
      vertex 4.68891 2.46965 1.2
    endloop
  endfacet
  facet normal -0.449429 0.136339 0.882851
    outer loop
      vertex 6.67429 2.60943 2
      vertex 6.84122 3.1597 2
      vertex 5.27821 3.18771 1.2
    endloop
  endfacet
  facet normal -0.467392 0.0460311 0.882851
    outer loop
      vertex 6.85475 3.22773 2
      vertex 6.91111 3.8 2
      vertex 5.4 3.8 1.2
    endloop
  endfacet
  facet normal 0.29794 -0.363051 0.882851
    outer loop
      vertex 2.91109 5.13035 1.2
      vertex 2.07156 6.38679 2
      vertex 1.62705 6.022 2
    endloop
  endfacet
  facet normal 0.221395 -0.414196 0.882851
    outer loop
      vertex 2.91109 5.13035 1.2
      vertex 2.57869 6.65786 2
      vertex 2.07156 6.38679 2
    endloop
  endfacet
  facet normal -0.0460327 0.467392 0.882851
    outer loop
      vertex 4.37227 0.745251 2
      vertex 3.8 2.2 1.2
      vertex 3.8 0.688889 2
    endloop
  endfacet
  facet normal -0.136339 -0.449429 0.882851
    outer loop
      vertex 4.99057 6.67429 2
      vertex 4.4403 6.84122 2
      vertex 4.41229 5.27821 1.2
    endloop
  endfacet
  facet normal 0.44943 0.136333 0.882851
    outer loop
      vertex 0.925707 2.60943 2
      vertex 2.32179 3.18771 1.2
      vertex 0.758784 3.1597 2
    endloop
  endfacet
  facet normal -0.414196 0.221395 0.882851
    outer loop
      vertex 6.38679 2.07156 2
      vertex 6.65786 2.57869 2
      vertex 5.13035 2.91109 1.2
    endloop
  endfacet
  facet normal -0.363047 0.297943 0.882852
    outer loop
      vertex 4.93137 2.66863 1.2
      vertex 6.022 1.62705 2
      vertex 5.13035 2.91109 1.2
    endloop
  endfacet
  facet normal -0.363039 0.297951 0.882852
    outer loop
      vertex 6.022 1.62705 2
      vertex 4.93137 2.66863 1.2
      vertex 5.99989 1.60011 2
    endloop
  endfacet
  facet normal -0.13625 -0.449449 0.882854
    outer loop
      vertex 4.11214 5.36926 1.2
      vertex 4.4403 6.84122 2
      vertex 4.40695 6.85133 2
    endloop
  endfacet
  facet normal -0.136334 -0.449429 0.882851
    outer loop
      vertex 4.4403 6.84122 2
      vertex 4.11214 5.36926 1.2
      vertex 4.41229 5.27821 1.2
    endloop
  endfacet
  facet normal -0.363051 0.29794 0.882851
    outer loop
      vertex 6.022 1.62705 2
      vertex 6.38679 2.07156 2
      vertex 5.13035 2.91109 1.2
    endloop
  endfacet
  facet normal 0.136334 0.44943 0.882851
    outer loop
      vertex 3.1597 0.758784 2
      vertex 3.48786 2.23074 1.2
      vertex 3.18771 2.32179 1.2
    endloop
  endfacet
  facet normal 0.136338 0.449429 0.882851
    outer loop
      vertex 3.48786 2.23074 1.2
      vertex 3.1597 0.758784 2
      vertex 3.19305 0.748667 2
    endloop
  endfacet
  facet normal -0.29794 0.363051 0.882851
    outer loop
      vertex 5.52844 1.21321 2
      vertex 5.97295 1.578 2
      vertex 4.68891 2.46965 1.2
    endloop
  endfacet
  facet normal -0.136333 0.44943 0.882851
    outer loop
      vertex 4.4403 0.758784 2
      vertex 4.99057 0.925707 2
      vertex 4.41229 2.32179 1.2
    endloop
  endfacet
  facet normal -0.221397 0.414195 0.882851
    outer loop
      vertex 4.41229 2.32179 1.2
      vertex 5.02131 0.942136 2
      vertex 4.68891 2.46965 1.2
    endloop
  endfacet
  facet normal -0.221373 0.414206 0.882852
    outer loop
      vertex 5.02131 0.942136 2
      vertex 4.41229 2.32179 1.2
      vertex 4.99057 0.925707 2
    endloop
  endfacet
  facet normal 0.44943 -0.136333 0.882851
    outer loop
      vertex 2.32179 4.41229 1.2
      vertex 0.925707 4.99057 2
      vertex 0.758784 4.4403 2
    endloop
  endfacet
  facet normal 0.297943 0.363047 0.882852
    outer loop
      vertex 2.66863 2.66863 1.2
      vertex 1.62705 1.578 2
      vertex 2.91109 2.46965 1.2
    endloop
  endfacet
  facet normal 0.297951 0.363039 0.882852
    outer loop
      vertex 1.62705 1.578 2
      vertex 2.66863 2.66863 1.2
      vertex 1.60011 1.60011 2
    endloop
  endfacet
  facet normal -0.0460383 0.467391 0.882851
    outer loop
      vertex 4.11214 2.23074 1.2
      vertex 4.37227 0.745251 2
      vertex 4.40695 0.748667 2
    endloop
  endfacet
  facet normal -0.0460295 0.467393 0.882851
    outer loop
      vertex 4.37227 0.745251 2
      vertex 4.11214 2.23074 1.2
      vertex 3.8 2.2 1.2
    endloop
  endfacet
  facet normal 0.13625 -0.449449 0.882854
    outer loop
      vertex 3.1597 6.84122 2
      vertex 3.48786 5.36926 1.2
      vertex 3.19305 6.85133 2
    endloop
  endfacet
  facet normal 0.136334 -0.449429 0.882851
    outer loop
      vertex 3.48786 5.36926 1.2
      vertex 3.1597 6.84122 2
      vertex 3.18771 5.27821 1.2
    endloop
  endfacet
  facet normal -0.29794 -0.363051 0.882851
    outer loop
      vertex 5.97295 6.022 2
      vertex 5.52844 6.38679 2
      vertex 4.68891 5.13035 1.2
    endloop
  endfacet
  facet normal 0.363051 -0.29794 0.882851
    outer loop
      vertex 2.46965 4.68891 1.2
      vertex 1.578 5.97295 2
      vertex 1.21321 5.52844 2
    endloop
  endfacet
  facet normal -0.136334 0.44943 0.882851
    outer loop
      vertex 4.11214 2.23074 1.2
      vertex 4.4403 0.758784 2
      vertex 4.41229 2.32179 1.2
    endloop
  endfacet
  facet normal -0.136338 0.449429 0.882851
    outer loop
      vertex 4.4403 0.758784 2
      vertex 4.11214 2.23074 1.2
      vertex 4.40695 0.748667 2
    endloop
  endfacet
  facet normal -0.297951 -0.363039 0.882852
    outer loop
      vertex 5.97295 6.022 2
      vertex 4.93137 4.93137 1.2
      vertex 5.99989 5.99989 2
    endloop
  endfacet
  facet normal -0.297943 -0.363047 0.882852
    outer loop
      vertex 4.93137 4.93137 1.2
      vertex 5.97295 6.022 2
      vertex 4.68891 5.13035 1.2
    endloop
  endfacet
  facet normal 0.0460327 0.467392 0.882851
    outer loop
      vertex 3.8 0.688889 2
      vertex 3.8 2.2 1.2
      vertex 3.22773 0.745251 2
    endloop
  endfacet
  facet normal 0.136333 0.44943 0.882851
    outer loop
      vertex 3.1597 0.758784 2
      vertex 3.18771 2.32179 1.2
      vertex 2.60943 0.925707 2
    endloop
  endfacet
  facet normal 0.414195 -0.221398 0.882851
    outer loop
      vertex 2.46965 4.68891 1.2
      vertex 1.21321 5.52844 2
      vertex 0.942136 5.02131 2
    endloop
  endfacet
  facet normal 0.221397 0.414195 0.882851
    outer loop
      vertex 2.57869 0.942136 2
      vertex 3.18771 2.32179 1.2
      vertex 2.91109 2.46965 1.2
    endloop
  endfacet
  facet normal 0.221373 0.414206 0.882852
    outer loop
      vertex 3.18771 2.32179 1.2
      vertex 2.57869 0.942136 2
      vertex 2.60943 0.925707 2
    endloop
  endfacet
  facet normal 0.221398 0.414195 0.882851
    outer loop
      vertex 2.57869 0.942136 2
      vertex 2.91109 2.46965 1.2
      vertex 2.07156 1.21321 2
    endloop
  endfacet
  facet normal 0.44943 -0.136334 0.882851
    outer loop
      vertex 0.758784 4.4403 2
      vertex 2.23074 4.11214 1.2
      vertex 2.32179 4.41229 1.2
    endloop
  endfacet
  facet normal 0.449429 -0.136338 0.882851
    outer loop
      vertex 2.23074 4.11214 1.2
      vertex 0.758784 4.4403 2
      vertex 0.748667 4.40695 2
    endloop
  endfacet
  facet normal 0.467392 -0.0460327 0.882851
    outer loop
      vertex 2.2 3.8 1.2
      vertex 0.745251 4.37227 2
      vertex 0.688889 3.8 2
    endloop
  endfacet
  facet normal 0.136339 -0.449429 0.882851
    outer loop
      vertex 3.18771 5.27821 1.2
      vertex 3.1597 6.84122 2
      vertex 2.60943 6.67429 2
    endloop
  endfacet
  facet normal 0.297943 -0.363047 0.882852
    outer loop
      vertex 1.62705 6.022 2
      vertex 2.66863 4.93137 1.2
      vertex 2.91109 5.13035 1.2
    endloop
  endfacet
  facet normal 0.297951 -0.363039 0.882852
    outer loop
      vertex 2.66863 4.93137 1.2
      vertex 1.62705 6.022 2
      vertex 1.60011 5.99989 2
    endloop
  endfacet
  facet normal 0.467391 -0.0460383 0.882851
    outer loop
      vertex 0.745251 4.37227 2
      vertex 2.23074 4.11214 1.2
      vertex 0.748667 4.40695 2
    endloop
  endfacet
  facet normal 0.467393 -0.0460295 0.882851
    outer loop
      vertex 2.23074 4.11214 1.2
      vertex 0.745251 4.37227 2
      vertex 2.2 3.8 1.2
    endloop
  endfacet
  facet normal -0.221395 -0.414196 0.882851
    outer loop
      vertex 5.52844 6.38679 2
      vertex 5.02131 6.65786 2
      vertex 4.68891 5.13035 1.2
    endloop
  endfacet
  facet normal 0.0460311 -0.467392 0.882851
    outer loop
      vertex 3.8 5.4 1.2
      vertex 3.8 6.91111 2
      vertex 3.22773 6.85475 2
    endloop
  endfacet
  facet normal 0.414195 0.221398 0.882851
    outer loop
      vertex 1.21321 2.07156 2
      vertex 2.46965 2.91109 1.2
      vertex 0.942136 2.57869 2
    endloop
  endfacet
  facet normal 0.414195 0.221397 0.882851
    outer loop
      vertex 2.32179 3.18771 1.2
      vertex 0.942136 2.57869 2
      vertex 2.46965 2.91109 1.2
    endloop
  endfacet
  facet normal 0.414206 0.221373 0.882852
    outer loop
      vertex 0.942136 2.57869 2
      vertex 2.32179 3.18771 1.2
      vertex 0.925707 2.60943 2
    endloop
  endfacet
  facet normal 0.363051 0.29794 0.882851
    outer loop
      vertex 1.578 1.62705 2
      vertex 2.46965 2.91109 1.2
      vertex 1.21321 2.07156 2
    endloop
  endfacet
  facet normal 0.363047 0.297943 0.882852
    outer loop
      vertex 1.578 1.62705 2
      vertex 2.66863 2.66863 1.2
      vertex 2.46965 2.91109 1.2
    endloop
  endfacet
  facet normal 0.363039 0.297951 0.882852
    outer loop
      vertex 2.66863 2.66863 1.2
      vertex 1.578 1.62705 2
      vertex 1.60011 1.60011 2
    endloop
  endfacet
  facet normal -0.0460311 -0.467392 0.882851
    outer loop
      vertex 4.37227 6.85475 2
      vertex 3.8 6.91111 2
      vertex 3.8 5.4 1.2
    endloop
  endfacet
  facet normal 0.221384 -0.414202 0.882851
    outer loop
      vertex 2.57869 6.65786 2
      vertex 3.18771 5.27821 1.2
      vertex 2.60943 6.67429 2
    endloop
  endfacet
  facet normal 0.221397 -0.414196 0.882851
    outer loop
      vertex 3.18771 5.27821 1.2
      vertex 2.57869 6.65786 2
      vertex 2.91109 5.13035 1.2
    endloop
  endfacet
  facet normal -0.414196 -0.221395 0.882851
    outer loop
      vertex 6.65786 5.02131 2
      vertex 6.38679 5.52844 2
      vertex 5.13035 4.68891 1.2
    endloop
  endfacet
  facet normal 0.0460295 -0.467393 0.882851
    outer loop
      vertex 3.22773 6.85475 2
      vertex 3.48786 5.36926 1.2
      vertex 3.8 5.4 1.2
    endloop
  endfacet
  facet normal 0.0460914 -0.467383 0.882853
    outer loop
      vertex 3.48786 5.36926 1.2
      vertex 3.22773 6.85475 2
      vertex 3.19305 6.85133 2
    endloop
  endfacet
  facet normal -0.414202 -0.221384 0.882851
    outer loop
      vertex 6.65786 5.02131 2
      vertex 5.27821 4.41229 1.2
      vertex 6.67429 4.99057 2
    endloop
  endfacet
  facet normal -0.414196 -0.221397 0.882851
    outer loop
      vertex 5.27821 4.41229 1.2
      vertex 6.65786 5.02131 2
      vertex 5.13035 4.68891 1.2
    endloop
  endfacet
  facet normal -0.363039 -0.297951 0.882852
    outer loop
      vertex 4.93137 4.93137 1.2
      vertex 6.022 5.97295 2
      vertex 5.99989 5.99989 2
    endloop
  endfacet
  facet normal -0.363047 -0.297943 0.882852
    outer loop
      vertex 6.022 5.97295 2
      vertex 4.93137 4.93137 1.2
      vertex 5.13035 4.68891 1.2
    endloop
  endfacet
  facet normal -0.449429 -0.136339 0.882851
    outer loop
      vertex 6.84122 4.4403 2
      vertex 6.67429 4.99057 2
      vertex 5.27821 4.41229 1.2
    endloop
  endfacet
  facet normal -0.449449 -0.13625 0.882854
    outer loop
      vertex 6.84122 4.4403 2
      vertex 5.36926 4.11214 1.2
      vertex 6.85133 4.40695 2
    endloop
  endfacet
  facet normal -0.449429 -0.136334 0.882851
    outer loop
      vertex 5.36926 4.11214 1.2
      vertex 6.84122 4.4403 2
      vertex 5.27821 4.41229 1.2
    endloop
  endfacet
  facet normal -0.956984 -0.29014 0
    outer loop
      vertex 182.169 4.11214 0.799999
      vertex 182.078 4.41229 1.2
      vertex 182.078 4.41229 0.799999
    endloop
  endfacet
  facet normal -0.956984 -0.29014 0
    outer loop
      vertex 182.078 4.41229 1.2
      vertex 182.169 4.11214 0.799999
      vertex 182.169 4.11214 1.2
    endloop
  endfacet
  facet normal -0.995105 -0.0988282 0
    outer loop
      vertex 182.2 3.8 0.799999
      vertex 182.169 4.11214 1.2
      vertex 182.169 4.11214 0.799999
    endloop
  endfacet
  facet normal -0.995105 -0.0988282 0
    outer loop
      vertex 182.169 4.11214 1.2
      vertex 182.2 3.8 0.799999
      vertex 182.2 3.8 1.2
    endloop
  endfacet
  facet normal -0.881731 -0.471753 0
    outer loop
      vertex 182.078 4.41229 0.799999
      vertex 181.93 4.68891 1.2
      vertex 181.93 4.68891 0.799999
    endloop
  endfacet
  facet normal -0.881731 -0.471753 0
    outer loop
      vertex 181.93 4.68891 1.2
      vertex 182.078 4.41229 0.799999
      vertex 182.078 4.41229 1.2
    endloop
  endfacet
  facet normal 0.63511 -0.772422 0
    outer loop
      vertex 179.469 4.93137 0.799999
      vertex 179.711 5.13035 1.2
      vertex 179.469 4.93137 1.2
    endloop
  endfacet
  facet normal 0.63511 -0.772422 0
    outer loop
      vertex 179.711 5.13035 1.2
      vertex 179.469 4.93137 0.799999
      vertex 179.711 5.13035 0.799999
    endloop
  endfacet
  facet normal -0.290419 -0.9569 0
    outer loop
      vertex 180.912 5.36926 0.799999
      vertex 181.212 5.27821 1.2
      vertex 180.912 5.36926 1.2
    endloop
  endfacet
  facet normal -0.290419 -0.9569 -0
    outer loop
      vertex 181.212 5.27821 1.2
      vertex 180.912 5.36926 0.799999
      vertex 181.212 5.27821 0.799999
    endloop
  endfacet
  facet normal -0.772982 -0.634428 0
    outer loop
      vertex 181.93 4.68891 0.799999
      vertex 181.731 4.93137 1.2
      vertex 181.731 4.93137 0.799999
    endloop
  endfacet
  facet normal -0.772982 -0.634428 0
    outer loop
      vertex 181.731 4.93137 1.2
      vertex 181.93 4.68891 0.799999
      vertex 181.93 4.68891 1.2
    endloop
  endfacet
  facet normal 0.772982 -0.634428 0
    outer loop
      vertex 179.27 4.68891 1.2
      vertex 179.469 4.93137 0.799999
      vertex 179.469 4.93137 1.2
    endloop
  endfacet
  facet normal 0.772982 -0.634428 0
    outer loop
      vertex 179.469 4.93137 0.799999
      vertex 179.27 4.68891 1.2
      vertex 179.27 4.68891 0.799999
    endloop
  endfacet
  facet normal 0.881731 0.471753 0
    outer loop
      vertex 179.27 2.91109 1.2
      vertex 179.122 3.18771 0.799999
      vertex 179.122 3.18771 1.2
    endloop
  endfacet
  facet normal 0.881731 0.471753 0
    outer loop
      vertex 179.122 3.18771 0.799999
      vertex 179.27 2.91109 1.2
      vertex 179.27 2.91109 0.799999
    endloop
  endfacet
  facet normal -0.881731 0.471753 0
    outer loop
      vertex 181.93 2.91109 0.799999
      vertex 182.078 3.18771 1.2
      vertex 182.078 3.18771 0.799999
    endloop
  endfacet
  facet normal -0.881731 0.471753 0
    outer loop
      vertex 182.078 3.18771 1.2
      vertex 181.93 2.91109 0.799999
      vertex 181.93 2.91109 1.2
    endloop
  endfacet
  facet normal 0.290419 -0.9569 0
    outer loop
      vertex 179.988 5.27821 0.799999
      vertex 180.288 5.36926 1.2
      vertex 179.988 5.27821 1.2
    endloop
  endfacet
  facet normal 0.290419 -0.9569 0
    outer loop
      vertex 180.288 5.36926 1.2
      vertex 179.988 5.27821 0.799999
      vertex 180.288 5.36926 0.799999
    endloop
  endfacet
  facet normal -0.290419 0.9569 0
    outer loop
      vertex 181.212 2.32179 0.799999
      vertex 180.912 2.23074 1.2
      vertex 181.212 2.32179 1.2
    endloop
  endfacet
  facet normal -0.290419 0.9569 0
    outer loop
      vertex 180.912 2.23074 1.2
      vertex 181.212 2.32179 0.799999
      vertex 180.912 2.23074 0.799999
    endloop
  endfacet
  facet normal -0.63511 -0.772422 0
    outer loop
      vertex 181.489 5.13035 0.799999
      vertex 181.731 4.93137 1.2
      vertex 181.489 5.13035 1.2
    endloop
  endfacet
  facet normal -0.63511 -0.772422 -0
    outer loop
      vertex 181.731 4.93137 1.2
      vertex 181.489 5.13035 0.799999
      vertex 181.731 4.93137 0.799999
    endloop
  endfacet
  facet normal -0.63511 0.772422 0
    outer loop
      vertex 181.731 2.66863 0.799999
      vertex 181.489 2.46965 1.2
      vertex 181.731 2.66863 1.2
    endloop
  endfacet
  facet normal -0.63511 0.772422 0
    outer loop
      vertex 181.489 2.46965 1.2
      vertex 181.731 2.66863 0.799999
      vertex 181.489 2.46965 0.799999
    endloop
  endfacet
  facet normal -0.470902 0.882185 0
    outer loop
      vertex 181.489 2.46965 0.799999
      vertex 181.212 2.32179 1.2
      vertex 181.489 2.46965 1.2
    endloop
  endfacet
  facet normal -0.470902 0.882185 0
    outer loop
      vertex 181.212 2.32179 1.2
      vertex 181.489 2.46965 0.799999
      vertex 181.212 2.32179 0.799999
    endloop
  endfacet
  facet normal 0.63511 0.772422 -0
    outer loop
      vertex 179.711 2.46965 0.799999
      vertex 179.469 2.66863 1.2
      vertex 179.711 2.46965 1.2
    endloop
  endfacet
  facet normal 0.63511 0.772422 0
    outer loop
      vertex 179.469 2.66863 1.2
      vertex 179.711 2.46965 0.799999
      vertex 179.469 2.66863 0.799999
    endloop
  endfacet
  facet normal -0.772982 0.634428 0
    outer loop
      vertex 181.731 2.66863 0.799999
      vertex 181.93 2.91109 1.2
      vertex 181.93 2.91109 0.799999
    endloop
  endfacet
  facet normal -0.772982 0.634428 0
    outer loop
      vertex 181.93 2.91109 1.2
      vertex 181.731 2.66863 0.799999
      vertex 181.731 2.66863 1.2
    endloop
  endfacet
  facet normal -0.995105 0.0988282 0
    outer loop
      vertex 182.169 3.48786 0.799999
      vertex 182.2 3.8 1.2
      vertex 182.2 3.8 0.799999
    endloop
  endfacet
  facet normal -0.995105 0.0988282 0
    outer loop
      vertex 182.2 3.8 1.2
      vertex 182.169 3.48786 0.799999
      vertex 182.169 3.48786 1.2
    endloop
  endfacet
  facet normal -0.956984 0.29014 0
    outer loop
      vertex 182.078 3.18771 0.799999
      vertex 182.169 3.48786 1.2
      vertex 182.169 3.48786 0.799999
    endloop
  endfacet
  facet normal -0.956984 0.29014 0
    outer loop
      vertex 182.169 3.48786 1.2
      vertex 182.078 3.18771 0.799999
      vertex 182.078 3.18771 1.2
    endloop
  endfacet
  facet normal 0.470902 -0.882185 0
    outer loop
      vertex 179.711 5.13035 0.799999
      vertex 179.988 5.27821 1.2
      vertex 179.711 5.13035 1.2
    endloop
  endfacet
  facet normal 0.470902 -0.882185 0
    outer loop
      vertex 179.988 5.27821 1.2
      vertex 179.711 5.13035 0.799999
      vertex 179.988 5.27821 0.799999
    endloop
  endfacet
  facet normal -0.470902 -0.882185 0
    outer loop
      vertex 181.212 5.27821 0.799999
      vertex 181.489 5.13035 1.2
      vertex 181.212 5.27821 1.2
    endloop
  endfacet
  facet normal -0.470902 -0.882185 -0
    outer loop
      vertex 181.489 5.13035 1.2
      vertex 181.212 5.27821 0.799999
      vertex 181.489 5.13035 0.799999
    endloop
  endfacet
  facet normal 0.956984 -0.29014 0
    outer loop
      vertex 179.031 4.11214 1.2
      vertex 179.122 4.41229 0.799999
      vertex 179.122 4.41229 1.2
    endloop
  endfacet
  facet normal 0.956984 -0.29014 0
    outer loop
      vertex 179.122 4.41229 0.799999
      vertex 179.031 4.11214 1.2
      vertex 179.031 4.11214 0.799999
    endloop
  endfacet
  facet normal -0.0980509 0.995181 0
    outer loop
      vertex 180.912 2.23074 0.799999
      vertex 180.6 2.2 1.2
      vertex 180.912 2.23074 1.2
    endloop
  endfacet
  facet normal -0.0980509 0.995181 0
    outer loop
      vertex 180.6 2.2 1.2
      vertex 180.912 2.23074 0.799999
      vertex 180.6 2.2 0.799999
    endloop
  endfacet
  facet normal 0.0980509 -0.995181 0
    outer loop
      vertex 180.288 5.36926 0.799999
      vertex 180.6 5.4 1.2
      vertex 180.288 5.36926 1.2
    endloop
  endfacet
  facet normal 0.0980509 -0.995181 0
    outer loop
      vertex 180.6 5.4 1.2
      vertex 180.288 5.36926 0.799999
      vertex 180.6 5.4 0.799999
    endloop
  endfacet
  facet normal 0.881731 -0.471753 0
    outer loop
      vertex 179.122 4.41229 1.2
      vertex 179.27 4.68891 0.799999
      vertex 179.27 4.68891 1.2
    endloop
  endfacet
  facet normal 0.881731 -0.471753 0
    outer loop
      vertex 179.27 4.68891 0.799999
      vertex 179.122 4.41229 1.2
      vertex 179.122 4.41229 0.799999
    endloop
  endfacet
  facet normal 0.956984 0.29014 0
    outer loop
      vertex 179.122 3.18771 1.2
      vertex 179.031 3.48786 0.799999
      vertex 179.031 3.48786 1.2
    endloop
  endfacet
  facet normal 0.956984 0.29014 0
    outer loop
      vertex 179.031 3.48786 0.799999
      vertex 179.122 3.18771 1.2
      vertex 179.122 3.18771 0.799999
    endloop
  endfacet
  facet normal 0.995105 0.0988282 0
    outer loop
      vertex 179.031 3.48786 1.2
      vertex 179 3.8 0.799999
      vertex 179 3.8 1.2
    endloop
  endfacet
  facet normal 0.995105 0.0988282 0
    outer loop
      vertex 179 3.8 0.799999
      vertex 179.031 3.48786 1.2
      vertex 179.031 3.48786 0.799999
    endloop
  endfacet
  facet normal 0.772982 0.634428 0
    outer loop
      vertex 179.469 2.66863 1.2
      vertex 179.27 2.91109 0.799999
      vertex 179.27 2.91109 1.2
    endloop
  endfacet
  facet normal 0.772982 0.634428 0
    outer loop
      vertex 179.27 2.91109 0.799999
      vertex 179.469 2.66863 1.2
      vertex 179.469 2.66863 0.799999
    endloop
  endfacet
  facet normal 0.470902 0.882185 -0
    outer loop
      vertex 179.988 2.32179 0.799999
      vertex 179.711 2.46965 1.2
      vertex 179.988 2.32179 1.2
    endloop
  endfacet
  facet normal 0.470902 0.882185 0
    outer loop
      vertex 179.711 2.46965 1.2
      vertex 179.988 2.32179 0.799999
      vertex 179.711 2.46965 0.799999
    endloop
  endfacet
  facet normal -0.0980509 -0.995181 0
    outer loop
      vertex 180.6 5.4 0.799999
      vertex 180.912 5.36926 1.2
      vertex 180.6 5.4 1.2
    endloop
  endfacet
  facet normal -0.0980509 -0.995181 -0
    outer loop
      vertex 180.912 5.36926 1.2
      vertex 180.6 5.4 0.799999
      vertex 180.912 5.36926 0.799999
    endloop
  endfacet
  facet normal 0.995105 -0.0988282 0
    outer loop
      vertex 179 3.8 1.2
      vertex 179.031 4.11214 0.799999
      vertex 179.031 4.11214 1.2
    endloop
  endfacet
  facet normal 0.995105 -0.0988282 0
    outer loop
      vertex 179.031 4.11214 0.799999
      vertex 179 3.8 1.2
      vertex 179 3.8 0.799999
    endloop
  endfacet
  facet normal 0.0980509 0.995181 -0
    outer loop
      vertex 180.6 2.2 0.799999
      vertex 180.288 2.23074 1.2
      vertex 180.6 2.2 1.2
    endloop
  endfacet
  facet normal 0.0980509 0.995181 0
    outer loop
      vertex 180.288 2.23074 1.2
      vertex 180.6 2.2 0.799999
      vertex 180.288 2.23074 0.799999
    endloop
  endfacet
  facet normal 0.290419 0.9569 -0
    outer loop
      vertex 180.288 2.23074 0.799999
      vertex 179.988 2.32179 1.2
      vertex 180.288 2.23074 1.2
    endloop
  endfacet
  facet normal 0.290419 0.9569 0
    outer loop
      vertex 179.988 2.32179 1.2
      vertex 180.288 2.23074 0.799999
      vertex 179.988 2.32179 0.799999
    endloop
  endfacet
  facet normal -0.467424 -0.045741 -0.882849
    outer loop
      vertex 183.655 4.37226 0
      vertex 183.711 3.8 0
      vertex 182.2 3.8 0.799999
    endloop
  endfacet
  facet normal -0.449772 -0.134864 -0.882903
    outer loop
      vertex 182.169 4.11214 0.799999
      vertex 183.641 4.4403 0
      vertex 183.651 4.40695 0
    endloop
  endfacet
  facet normal -0.449437 -0.136261 -0.882859
    outer loop
      vertex 183.641 4.4403 0
      vertex 182.169 4.11214 0.799999
      vertex 182.078 4.41229 0.799999
    endloop
  endfacet
  facet normal -0.297533 -0.363337 -0.882871
    outer loop
      vertex 181.731 4.93137 0.799999
      vertex 182.773 6.022 0
      vertex 182.8 5.99989 0
    endloop
  endfacet
  facet normal -0.298223 -0.362699 -0.8829
    outer loop
      vertex 182.773 6.022 0
      vertex 181.731 4.93137 0.799999
      vertex 181.489 5.13035 0.799999
    endloop
  endfacet
  facet normal -0.136158 0.449444 -0.882871
    outer loop
      vertex 181.791 0.925708 0
      vertex 181.24 0.758784 0
      vertex 181.212 2.32179 0.799999
    endloop
  endfacet
  facet normal 0.221466 -0.414222 -0.882821
    outer loop
      vertex 179.379 6.65786 0
      vertex 179.711 5.13035 0.799999
      vertex 178.872 6.38679 0
    endloop
  endfacet
  facet normal 0.362893 0.297982 -0.882902
    outer loop
      vertex 179.27 2.91109 0.799999
      vertex 178.378 1.62705 0
      vertex 178.013 2.07156 0
    endloop
  endfacet
  facet normal 0.298223 0.362699 -0.8829
    outer loop
      vertex 178.427 1.578 0
      vertex 179.469 2.66863 0.799999
      vertex 179.711 2.46965 0.799999
    endloop
  endfacet
  facet normal 0.297533 0.363337 -0.882871
    outer loop
      vertex 179.469 2.66863 0.799999
      vertex 178.427 1.578 0
      vertex 178.4 1.60011 0
    endloop
  endfacet
  facet normal 0.449426 0.136395 -0.882843
    outer loop
      vertex 179.122 3.18771 0.799999
      vertex 177.726 2.60943 0
      vertex 177.559 3.1597 0
    endloop
  endfacet
  facet normal 0.0460501 0.467392 -0.88285
    outer loop
      vertex 180.028 0.745251 0
      vertex 180.288 2.23074 0.799999
      vertex 180.6 2.2 0.799999
    endloop
  endfacet
  facet normal 0.045624 0.46746 -0.882836
    outer loop
      vertex 180.288 2.23074 0.799999
      vertex 180.028 0.745251 0
      vertex 179.993 0.748667 0
    endloop
  endfacet
  facet normal -0.136162 -0.449443 -0.882871
    outer loop
      vertex 181.24 6.84122 0
      vertex 181.791 6.67429 0
      vertex 181.212 5.27821 0.799999
    endloop
  endfacet
  facet normal 0.137688 0.449115 -0.882801
    outer loop
      vertex 179.96 0.758784 0
      vertex 180.288 2.23074 0.799999
      vertex 179.993 0.748667 0
    endloop
  endfacet
  facet normal 0.136401 0.449425 -0.882843
    outer loop
      vertex 180.288 2.23074 0.799999
      vertex 179.96 0.758784 0
      vertex 179.988 2.32179 0.799999
    endloop
  endfacet
  facet normal -0.221468 0.414221 -0.882821
    outer loop
      vertex 182.328 1.21321 0
      vertex 181.821 0.942136 0
      vertex 181.489 2.46965 0.799999
    endloop
  endfacet
  facet normal -0.0456766 -0.467451 -0.882838
    outer loop
      vertex 180.912 5.36926 0.799999
      vertex 181.172 6.85475 0
      vertex 181.207 6.85133 0
    endloop
  endfacet
  facet normal -0.0460501 -0.467392 -0.88285
    outer loop
      vertex 181.172 6.85475 0
      vertex 180.912 5.36926 0.799999
      vertex 180.6 5.4 0.799999
    endloop
  endfacet
  facet normal -0.1364 -0.449424 -0.882844
    outer loop
      vertex 180.912 5.36926 0.799999
      vertex 181.24 6.84122 0
      vertex 181.212 5.27821 0.799999
    endloop
  endfacet
  facet normal -0.137599 -0.449136 -0.882804
    outer loop
      vertex 181.24 6.84122 0
      vertex 180.912 5.36926 0.799999
      vertex 181.207 6.85133 0
    endloop
  endfacet
  facet normal 0.363765 0.297062 -0.882853
    outer loop
      vertex 178.378 1.62705 0
      vertex 179.469 2.66863 0.799999
      vertex 178.4 1.60011 0
    endloop
  endfacet
  facet normal 0.362977 0.297915 -0.88289
    outer loop
      vertex 179.469 2.66863 0.799999
      vertex 178.378 1.62705 0
      vertex 179.27 2.91109 0.799999
    endloop
  endfacet
  facet normal -0.362893 0.297982 -0.882902
    outer loop
      vertex 183.187 2.07156 0
      vertex 182.822 1.62705 0
      vertex 181.93 2.91109 0.799999
    endloop
  endfacet
  facet normal 0.467424 0.0457402 -0.882849
    outer loop
      vertex 179 3.8 0.799999
      vertex 177.545 3.22773 0
      vertex 177.489 3.8 0
    endloop
  endfacet
  facet normal -0.137688 0.449115 -0.882801
    outer loop
      vertex 180.912 2.23074 0.799999
      vertex 181.24 0.758784 0
      vertex 181.207 0.748667 0
    endloop
  endfacet
  facet normal -0.136401 0.449425 -0.882843
    outer loop
      vertex 181.24 0.758784 0
      vertex 180.912 2.23074 0.799999
      vertex 181.212 2.32179 0.799999
    endloop
  endfacet
  facet normal -0.225719 0.412197 -0.882692
    outer loop
      vertex 181.212 2.32179 0.799999
      vertex 181.821 0.942136 0
      vertex 181.791 0.925708 0
    endloop
  endfacet
  facet normal -0.221154 0.414309 -0.882858
    outer loop
      vertex 181.821 0.942136 0
      vertex 181.212 2.32179 0.799999
      vertex 181.489 2.46965 0.799999
    endloop
  endfacet
  facet normal 0.449426 -0.136395 -0.882843
    outer loop
      vertex 177.726 4.99057 0
      vertex 179.122 4.41229 0.799999
      vertex 177.559 4.4403 0
    endloop
  endfacet
  facet normal -0.414117 0.221296 -0.882913
    outer loop
      vertex 183.458 2.57869 0
      vertex 183.187 2.07156 0
      vertex 181.93 2.91109 0.799999
    endloop
  endfacet
  facet normal 0.298223 -0.362699 -0.8829
    outer loop
      vertex 179.469 4.93137 0.799999
      vertex 178.427 6.022 0
      vertex 179.711 5.13035 0.799999
    endloop
  endfacet
  facet normal 0.297533 -0.363337 -0.882871
    outer loop
      vertex 178.427 6.022 0
      vertex 179.469 4.93137 0.799999
      vertex 178.4 5.99989 0
    endloop
  endfacet
  facet normal -0.467209 -0.0464006 -0.882929
    outer loop
      vertex 182.169 4.11214 0.799999
      vertex 183.655 4.37226 0
      vertex 182.2 3.8 0.799999
    endloop
  endfacet
  facet normal -0.466035 -0.0537371 -0.883133
    outer loop
      vertex 183.655 4.37226 0
      vertex 182.169 4.11214 0.799999
      vertex 183.651 4.40695 0
    endloop
  endfacet
  facet normal -0.363765 0.297062 -0.882853
    outer loop
      vertex 181.731 2.66863 0.799999
      vertex 182.822 1.62705 0
      vertex 182.8 1.60011 0
    endloop
  endfacet
  facet normal -0.362977 0.297915 -0.88289
    outer loop
      vertex 182.822 1.62705 0
      vertex 181.731 2.66863 0.799999
      vertex 181.93 2.91109 0.799999
    endloop
  endfacet
  facet normal -0.467424 0.0457402 -0.882849
    outer loop
      vertex 183.711 3.8 0
      vertex 183.655 3.22773 0
      vertex 182.2 3.8 0.799999
    endloop
  endfacet
  facet normal 0.466032 0.0537522 -0.883134
    outer loop
      vertex 177.545 3.22773 0
      vertex 179.031 3.48786 0.799999
      vertex 177.549 3.19305 0
    endloop
  endfacet
  facet normal 0.467209 0.0464005 -0.882929
    outer loop
      vertex 179.031 3.48786 0.799999
      vertex 177.545 3.22773 0
      vertex 179 3.8 0.799999
    endloop
  endfacet
  facet normal 0.0460543 0.467391 -0.88285
    outer loop
      vertex 180.6 2.2 0.799999
      vertex 180.6 0.688889 0
      vertex 180.028 0.745251 0
    endloop
  endfacet
  facet normal -0.449426 0.136395 -0.882843
    outer loop
      vertex 183.641 3.1597 0
      vertex 183.474 2.60943 0
      vertex 182.078 3.18771 0.799999
    endloop
  endfacet
  facet normal 0.297783 -0.363259 -0.882818
    outer loop
      vertex 178.872 6.38679 0
      vertex 179.711 5.13035 0.799999
      vertex 178.427 6.022 0
    endloop
  endfacet
  facet normal 0.449437 0.136261 -0.882859
    outer loop
      vertex 177.559 3.1597 0
      vertex 179.031 3.48786 0.799999
      vertex 179.122 3.18771 0.799999
    endloop
  endfacet
  facet normal 0.449772 0.134864 -0.882903
    outer loop
      vertex 179.031 3.48786 0.799999
      vertex 177.559 3.1597 0
      vertex 177.549 3.19305 0
    endloop
  endfacet
  facet normal 0.136158 0.449444 -0.882871
    outer loop
      vertex 179.988 2.32179 0.799999
      vertex 179.96 0.758784 0
      vertex 179.409 0.925708 0
    endloop
  endfacet
  facet normal -0.045624 0.46746 -0.882836
    outer loop
      vertex 181.172 0.745251 0
      vertex 180.912 2.23074 0.799999
      vertex 181.207 0.748667 0
    endloop
  endfacet
  facet normal -0.0460501 0.467392 -0.88285
    outer loop
      vertex 180.912 2.23074 0.799999
      vertex 181.172 0.745251 0
      vertex 180.6 2.2 0.799999
    endloop
  endfacet
  facet normal 0.414051 0.22153 -0.882885
    outer loop
      vertex 177.742 2.57869 0
      vertex 179.122 3.18771 0.799999
      vertex 179.27 2.91109 0.799999
    endloop
  endfacet
  facet normal 0.416284 0.216674 -0.88304
    outer loop
      vertex 179.122 3.18771 0.799999
      vertex 177.742 2.57869 0
      vertex 177.726 2.60943 0
    endloop
  endfacet
  facet normal 0.467424 -0.045741 -0.882849
    outer loop
      vertex 177.545 4.37226 0
      vertex 179 3.8 0.799999
      vertex 177.489 3.8 0
    endloop
  endfacet
  facet normal 0.362977 -0.297915 -0.88289
    outer loop
      vertex 178.378 5.97295 0
      vertex 179.469 4.93137 0.799999
      vertex 179.27 4.68891 0.799999
    endloop
  endfacet
  facet normal 0.363765 -0.297062 -0.882853
    outer loop
      vertex 179.469 4.93137 0.799999
      vertex 178.378 5.97295 0
      vertex 178.4 5.99989 0
    endloop
  endfacet
  facet normal 0.414051 -0.22153 -0.882885
    outer loop
      vertex 179.122 4.41229 0.799999
      vertex 177.742 5.02131 0
      vertex 179.27 4.68891 0.799999
    endloop
  endfacet
  facet normal 0.416284 -0.216674 -0.88304
    outer loop
      vertex 177.742 5.02131 0
      vertex 179.122 4.41229 0.799999
      vertex 177.726 4.99057 0
    endloop
  endfacet
  facet normal -0.449772 0.134864 -0.882903
    outer loop
      vertex 183.641 3.1597 0
      vertex 182.169 3.48786 0.799999
      vertex 183.651 3.19305 0
    endloop
  endfacet
  facet normal -0.449437 0.136261 -0.882859
    outer loop
      vertex 182.169 3.48786 0.799999
      vertex 183.641 3.1597 0
      vertex 182.078 3.18771 0.799999
    endloop
  endfacet
  facet normal 0.221155 -0.41431 -0.882858
    outer loop
      vertex 179.379 6.65786 0
      vertex 179.988 5.27821 0.799999
      vertex 179.711 5.13035 0.799999
    endloop
  endfacet
  facet normal 0.225741 -0.412188 -0.88269
    outer loop
      vertex 179.988 5.27821 0.799999
      vertex 179.379 6.65786 0
      vertex 179.409 6.67429 0
    endloop
  endfacet
  facet normal -0.416284 0.216674 -0.88304
    outer loop
      vertex 183.458 2.57869 0
      vertex 182.078 3.18771 0.799999
      vertex 183.474 2.60943 0
    endloop
  endfacet
  facet normal -0.414051 0.22153 -0.882885
    outer loop
      vertex 182.078 3.18771 0.799999
      vertex 183.458 2.57869 0
      vertex 181.93 2.91109 0.799999
    endloop
  endfacet
  facet normal -0.466032 0.0537522 -0.883134
    outer loop
      vertex 182.169 3.48786 0.799999
      vertex 183.655 3.22773 0
      vertex 183.651 3.19305 0
    endloop
  endfacet
  facet normal -0.467209 0.0464005 -0.882929
    outer loop
      vertex 183.655 3.22773 0
      vertex 182.169 3.48786 0.799999
      vertex 182.2 3.8 0.799999
    endloop
  endfacet
  facet normal 0.414117 0.221296 -0.882913
    outer loop
      vertex 179.27 2.91109 0.799999
      vertex 178.013 2.07156 0
      vertex 177.742 2.57869 0
    endloop
  endfacet
  facet normal 0.449437 -0.136261 -0.882859
    outer loop
      vertex 179.031 4.11214 0.799999
      vertex 177.559 4.4403 0
      vertex 179.122 4.41229 0.799999
    endloop
  endfacet
  facet normal 0.449772 -0.134864 -0.882903
    outer loop
      vertex 177.559 4.4403 0
      vertex 179.031 4.11214 0.799999
      vertex 177.549 4.40695 0
    endloop
  endfacet
  facet normal 0.467209 -0.0464006 -0.882929
    outer loop
      vertex 177.545 4.37226 0
      vertex 179.031 4.11214 0.799999
      vertex 179 3.8 0.799999
    endloop
  endfacet
  facet normal 0.466035 -0.0537371 -0.883133
    outer loop
      vertex 179.031 4.11214 0.799999
      vertex 177.545 4.37226 0
      vertex 177.549 4.40695 0
    endloop
  endfacet
  facet normal 0.362893 -0.297982 -0.882902
    outer loop
      vertex 178.378 5.97295 0
      vertex 179.27 4.68891 0.799999
      vertex 178.013 5.52844 0
    endloop
  endfacet
  facet normal 0.414117 -0.221296 -0.882913
    outer loop
      vertex 178.013 5.52844 0
      vertex 179.27 4.68891 0.799999
      vertex 177.742 5.02131 0
    endloop
  endfacet
  facet normal -0.362893 -0.297982 -0.882902
    outer loop
      vertex 182.822 5.97295 0
      vertex 183.187 5.52844 0
      vertex 181.93 4.68891 0.799999
    endloop
  endfacet
  facet normal 0.0460501 -0.467392 -0.88285
    outer loop
      vertex 180.288 5.36926 0.799999
      vertex 180.028 6.85475 0
      vertex 180.6 5.4 0.799999
    endloop
  endfacet
  facet normal 0.0456766 -0.467451 -0.882838
    outer loop
      vertex 180.028 6.85475 0
      vertex 180.288 5.36926 0.799999
      vertex 179.993 6.85133 0
    endloop
  endfacet
  facet normal -0.449426 -0.136395 -0.882843
    outer loop
      vertex 183.474 4.99057 0
      vertex 183.641 4.4403 0
      vertex 182.078 4.41229 0.799999
    endloop
  endfacet
  facet normal -0.414117 -0.221296 -0.882913
    outer loop
      vertex 183.187 5.52844 0
      vertex 183.458 5.02131 0
      vertex 181.93 4.68891 0.799999
    endloop
  endfacet
  facet normal -0.416284 -0.216674 -0.88304
    outer loop
      vertex 182.078 4.41229 0.799999
      vertex 183.458 5.02131 0
      vertex 183.474 4.99057 0
    endloop
  endfacet
  facet normal -0.414051 -0.22153 -0.882885
    outer loop
      vertex 183.458 5.02131 0
      vertex 182.078 4.41229 0.799999
      vertex 181.93 4.68891 0.799999
    endloop
  endfacet
  facet normal 0.0460527 -0.467391 -0.88285
    outer loop
      vertex 180.6 6.91111 0
      vertex 180.6 5.4 0.799999
      vertex 180.028 6.85475 0
    endloop
  endfacet
  facet normal -0.0460527 -0.467391 -0.88285
    outer loop
      vertex 180.6 6.91111 0
      vertex 181.172 6.85475 0
      vertex 180.6 5.4 0.799999
    endloop
  endfacet
  facet normal 0.1364 -0.449424 -0.882844
    outer loop
      vertex 179.96 6.84122 0
      vertex 180.288 5.36926 0.799999
      vertex 179.988 5.27821 0.799999
    endloop
  endfacet
  facet normal 0.137599 -0.449136 -0.882804
    outer loop
      vertex 180.288 5.36926 0.799999
      vertex 179.96 6.84122 0
      vertex 179.993 6.85133 0
    endloop
  endfacet
  facet normal 0.136162 -0.449443 -0.882871
    outer loop
      vertex 179.96 6.84122 0
      vertex 179.988 5.27821 0.799999
      vertex 179.409 6.67429 0
    endloop
  endfacet
  facet normal 0.221468 0.414221 -0.882821
    outer loop
      vertex 179.711 2.46965 0.799999
      vertex 179.379 0.942136 0
      vertex 178.872 1.21321 0
    endloop
  endfacet
  facet normal 0.297783 0.363259 -0.882818
    outer loop
      vertex 179.711 2.46965 0.799999
      vertex 178.872 1.21321 0
      vertex 178.427 1.578 0
    endloop
  endfacet
  facet normal -0.362977 -0.297915 -0.88289
    outer loop
      vertex 181.731 4.93137 0.799999
      vertex 182.822 5.97295 0
      vertex 181.93 4.68891 0.799999
    endloop
  endfacet
  facet normal -0.363765 -0.297062 -0.882853
    outer loop
      vertex 182.822 5.97295 0
      vertex 181.731 4.93137 0.799999
      vertex 182.8 5.99989 0
    endloop
  endfacet
  facet normal -0.297533 0.363337 -0.882871
    outer loop
      vertex 182.773 1.578 0
      vertex 181.731 2.66863 0.799999
      vertex 182.8 1.60011 0
    endloop
  endfacet
  facet normal -0.298223 0.362699 -0.8829
    outer loop
      vertex 181.731 2.66863 0.799999
      vertex 182.773 1.578 0
      vertex 181.489 2.46965 0.799999
    endloop
  endfacet
  facet normal 0.225719 0.412197 -0.882692
    outer loop
      vertex 179.379 0.942136 0
      vertex 179.988 2.32179 0.799999
      vertex 179.409 0.925708 0
    endloop
  endfacet
  facet normal 0.221154 0.414309 -0.882858
    outer loop
      vertex 179.988 2.32179 0.799999
      vertex 179.379 0.942136 0
      vertex 179.711 2.46965 0.799999
    endloop
  endfacet
  facet normal -0.0460543 0.467391 -0.88285
    outer loop
      vertex 180.6 2.2 0.799999
      vertex 181.172 0.745251 0
      vertex 180.6 0.688889 0
    endloop
  endfacet
  facet normal -0.297783 0.363259 -0.882818
    outer loop
      vertex 182.773 1.578 0
      vertex 182.328 1.21321 0
      vertex 181.489 2.46965 0.799999
    endloop
  endfacet
  facet normal -0.221466 -0.414222 -0.882821
    outer loop
      vertex 181.821 6.65786 0
      vertex 182.328 6.38679 0
      vertex 181.489 5.13035 0.799999
    endloop
  endfacet
  facet normal -0.297783 -0.363259 -0.882818
    outer loop
      vertex 182.328 6.38679 0
      vertex 182.773 6.022 0
      vertex 181.489 5.13035 0.799999
    endloop
  endfacet
  facet normal -0.221155 -0.41431 -0.882858
    outer loop
      vertex 181.212 5.27821 0.799999
      vertex 181.821 6.65786 0
      vertex 181.489 5.13035 0.799999
    endloop
  endfacet
  facet normal -0.225741 -0.412188 -0.88269
    outer loop
      vertex 181.821 6.65786 0
      vertex 181.212 5.27821 0.799999
      vertex 181.791 6.67429 0
    endloop
  endfacet
  facet normal 0.0460502 0.467393 0.88285
    outer loop
      vertex 180.288 2.23074 1.2
      vertex 180.028 0.745251 2
      vertex 180.6 2.2 1.2
    endloop
  endfacet
  facet normal 0.0456241 0.46746 0.882836
    outer loop
      vertex 180.028 0.745251 2
      vertex 180.288 2.23074 1.2
      vertex 179.993 0.748667 2
    endloop
  endfacet
  facet normal -0.449772 0.134864 0.882902
    outer loop
      vertex 182.169 3.48786 1.2
      vertex 183.641 3.1597 2
      vertex 183.651 3.19305 2
    endloop
  endfacet
  facet normal -0.449437 0.136261 0.882859
    outer loop
      vertex 183.641 3.1597 2
      vertex 182.169 3.48786 1.2
      vertex 182.078 3.18771 1.2
    endloop
  endfacet
  facet normal -0.362893 -0.297982 0.882902
    outer loop
      vertex 183.187 5.52844 2
      vertex 182.822 5.97295 2
      vertex 181.93 4.68891 1.2
    endloop
  endfacet
  facet normal -0.467425 -0.0457403 0.882849
    outer loop
      vertex 183.711 3.8 2
      vertex 183.655 4.37227 2
      vertex 182.2 3.8 1.2
    endloop
  endfacet
  facet normal -0.466032 -0.0537523 0.883133
    outer loop
      vertex 182.169 4.11214 1.2
      vertex 183.655 4.37227 2
      vertex 183.651 4.40695 2
    endloop
  endfacet
  facet normal -0.467209 -0.0464006 0.882928
    outer loop
      vertex 183.655 4.37227 2
      vertex 182.169 4.11214 1.2
      vertex 182.2 3.8 1.2
    endloop
  endfacet
  facet normal -0.225742 -0.412188 0.88269
    outer loop
      vertex 181.212 5.27821 1.2
      vertex 181.821 6.65786 2
      vertex 181.791 6.67429 2
    endloop
  endfacet
  facet normal -0.221155 -0.41431 0.882858
    outer loop
      vertex 181.821 6.65786 2
      vertex 181.212 5.27821 1.2
      vertex 181.489 5.13035 1.2
    endloop
  endfacet
  facet normal 0.467425 0.0457403 0.882849
    outer loop
      vertex 177.545 3.22773 2
      vertex 179 3.8 1.2
      vertex 177.489 3.8 2
    endloop
  endfacet
  facet normal -0.467209 0.0464006 0.882928
    outer loop
      vertex 182.169 3.48786 1.2
      vertex 183.655 3.22773 2
      vertex 182.2 3.8 1.2
    endloop
  endfacet
  facet normal -0.466032 0.0537523 0.883133
    outer loop
      vertex 183.655 3.22773 2
      vertex 182.169 3.48786 1.2
      vertex 183.651 3.19305 2
    endloop
  endfacet
  facet normal -0.0456767 -0.467451 0.882838
    outer loop
      vertex 181.172 6.85475 2
      vertex 180.912 5.36926 1.2
      vertex 181.207 6.85133 2
    endloop
  endfacet
  facet normal -0.0460501 -0.467392 0.88285
    outer loop
      vertex 180.912 5.36926 1.2
      vertex 181.172 6.85475 2
      vertex 180.6 5.4 1.2
    endloop
  endfacet
  facet normal -0.416285 0.216674 0.88304
    outer loop
      vertex 182.078 3.18771 1.2
      vertex 183.458 2.57869 2
      vertex 183.474 2.60943 2
    endloop
  endfacet
  facet normal -0.414052 0.22153 0.882885
    outer loop
      vertex 183.458 2.57869 2
      vertex 182.078 3.18771 1.2
      vertex 181.93 2.91109 1.2
    endloop
  endfacet
  facet normal 0.297783 0.36326 0.882818
    outer loop
      vertex 178.872 1.21321 2
      vertex 179.711 2.46965 1.2
      vertex 178.427 1.578 2
    endloop
  endfacet
  facet normal -0.297533 0.363338 0.88287
    outer loop
      vertex 181.731 2.66863 1.2
      vertex 182.773 1.578 2
      vertex 182.8 1.60011 2
    endloop
  endfacet
  facet normal -0.298223 0.3627 0.8829
    outer loop
      vertex 182.773 1.578 2
      vertex 181.731 2.66863 1.2
      vertex 181.489 2.46965 1.2
    endloop
  endfacet
  facet normal 0.449437 0.136261 0.882859
    outer loop
      vertex 179.031 3.48786 1.2
      vertex 177.559 3.1597 2
      vertex 179.122 3.18771 1.2
    endloop
  endfacet
  facet normal 0.449772 0.134864 0.882902
    outer loop
      vertex 177.559 3.1597 2
      vertex 179.031 3.48786 1.2
      vertex 177.549 3.19305 2
    endloop
  endfacet
  facet normal 0.414052 -0.22153 0.882885
    outer loop
      vertex 177.742 5.02131 2
      vertex 179.122 4.41229 1.2
      vertex 179.27 4.68891 1.2
    endloop
  endfacet
  facet normal 0.416285 -0.216674 0.88304
    outer loop
      vertex 179.122 4.41229 1.2
      vertex 177.742 5.02131 2
      vertex 177.726 4.99057 2
    endloop
  endfacet
  facet normal 0.467209 0.0464006 0.882928
    outer loop
      vertex 177.545 3.22773 2
      vertex 179.031 3.48786 1.2
      vertex 179 3.8 1.2
    endloop
  endfacet
  facet normal 0.466032 0.0537523 0.883133
    outer loop
      vertex 179.031 3.48786 1.2
      vertex 177.545 3.22773 2
      vertex 177.549 3.19305 2
    endloop
  endfacet
  facet normal 0.363766 -0.297062 0.882853
    outer loop
      vertex 178.378 5.97295 2
      vertex 179.469 4.93137 1.2
      vertex 178.4 5.99989 2
    endloop
  endfacet
  facet normal 0.362978 -0.297915 0.882889
    outer loop
      vertex 179.469 4.93137 1.2
      vertex 178.378 5.97295 2
      vertex 179.27 4.68891 1.2
    endloop
  endfacet
  facet normal -0.221469 0.414221 0.882821
    outer loop
      vertex 181.821 0.942136 2
      vertex 182.328 1.21321 2
      vertex 181.489 2.46965 1.2
    endloop
  endfacet
  facet normal -0.449427 0.136395 0.882843
    outer loop
      vertex 183.474 2.60943 2
      vertex 183.641 3.1597 2
      vertex 182.078 3.18771 1.2
    endloop
  endfacet
  facet normal -0.467425 0.0457403 0.882849
    outer loop
      vertex 183.655 3.22773 2
      vertex 183.711 3.8 2
      vertex 182.2 3.8 1.2
    endloop
  endfacet
  facet normal 0.297783 -0.36326 0.882818
    outer loop
      vertex 179.711 5.13035 1.2
      vertex 178.872 6.38679 2
      vertex 178.427 6.022 2
    endloop
  endfacet
  facet normal 0.221466 -0.414223 0.882821
    outer loop
      vertex 179.711 5.13035 1.2
      vertex 179.379 6.65786 2
      vertex 178.872 6.38679 2
    endloop
  endfacet
  facet normal -0.0460544 0.467391 0.88285
    outer loop
      vertex 181.172 0.745251 2
      vertex 180.6 2.2 1.2
      vertex 180.6 0.688889 2
    endloop
  endfacet
  facet normal -0.136162 -0.449443 0.882871
    outer loop
      vertex 181.791 6.67429 2
      vertex 181.24 6.84122 2
      vertex 181.212 5.27821 1.2
    endloop
  endfacet
  facet normal 0.449427 0.136395 0.882843
    outer loop
      vertex 177.726 2.60943 2
      vertex 179.122 3.18771 1.2
      vertex 177.559 3.1597 2
    endloop
  endfacet
  facet normal -0.414117 0.221296 0.882913
    outer loop
      vertex 183.187 2.07156 2
      vertex 183.458 2.57869 2
      vertex 181.93 2.91109 1.2
    endloop
  endfacet
  facet normal -0.362978 0.297915 0.882889
    outer loop
      vertex 181.731 2.66863 1.2
      vertex 182.822 1.62705 2
      vertex 181.93 2.91109 1.2
    endloop
  endfacet
  facet normal -0.363766 0.297062 0.882853
    outer loop
      vertex 182.822 1.62705 2
      vertex 181.731 2.66863 1.2
      vertex 182.8 1.60011 2
    endloop
  endfacet
  facet normal -0.137599 -0.449136 0.882804
    outer loop
      vertex 180.912 5.36926 1.2
      vertex 181.24 6.84122 2
      vertex 181.207 6.85133 2
    endloop
  endfacet
  facet normal -0.1364 -0.449425 0.882843
    outer loop
      vertex 181.24 6.84122 2
      vertex 180.912 5.36926 1.2
      vertex 181.212 5.27821 1.2
    endloop
  endfacet
  facet normal -0.362893 0.297982 0.882902
    outer loop
      vertex 182.822 1.62705 2
      vertex 183.187 2.07156 2
      vertex 181.93 2.91109 1.2
    endloop
  endfacet
  facet normal 0.136401 0.449426 0.882843
    outer loop
      vertex 179.96 0.758784 2
      vertex 180.288 2.23074 1.2
      vertex 179.988 2.32179 1.2
    endloop
  endfacet
  facet normal 0.137688 0.449116 0.882801
    outer loop
      vertex 180.288 2.23074 1.2
      vertex 179.96 0.758784 2
      vertex 179.993 0.748667 2
    endloop
  endfacet
  facet normal -0.297783 0.36326 0.882818
    outer loop
      vertex 182.328 1.21321 2
      vertex 182.773 1.578 2
      vertex 181.489 2.46965 1.2
    endloop
  endfacet
  facet normal -0.136157 0.449444 0.882871
    outer loop
      vertex 181.24 0.758784 2
      vertex 181.791 0.925707 2
      vertex 181.212 2.32179 1.2
    endloop
  endfacet
  facet normal -0.221154 0.414309 0.882858
    outer loop
      vertex 181.212 2.32179 1.2
      vertex 181.821 0.942136 2
      vertex 181.489 2.46965 1.2
    endloop
  endfacet
  facet normal -0.22573 0.412192 0.882691
    outer loop
      vertex 181.821 0.942136 2
      vertex 181.212 2.32179 1.2
      vertex 181.791 0.925707 2
    endloop
  endfacet
  facet normal 0.449427 -0.136395 0.882843
    outer loop
      vertex 179.122 4.41229 1.2
      vertex 177.726 4.99057 2
      vertex 177.559 4.4403 2
    endloop
  endfacet
  facet normal 0.298223 0.3627 0.8829
    outer loop
      vertex 179.469 2.66863 1.2
      vertex 178.427 1.578 2
      vertex 179.711 2.46965 1.2
    endloop
  endfacet
  facet normal 0.297533 0.363338 0.88287
    outer loop
      vertex 178.427 1.578 2
      vertex 179.469 2.66863 1.2
      vertex 178.4 1.60011 2
    endloop
  endfacet
  facet normal -0.0456241 0.46746 0.882836
    outer loop
      vertex 180.912 2.23074 1.2
      vertex 181.172 0.745251 2
      vertex 181.207 0.748667 2
    endloop
  endfacet
  facet normal -0.0460502 0.467393 0.88285
    outer loop
      vertex 181.172 0.745251 2
      vertex 180.912 2.23074 1.2
      vertex 180.6 2.2 1.2
    endloop
  endfacet
  facet normal 0.137599 -0.449136 0.882804
    outer loop
      vertex 179.96 6.84122 2
      vertex 180.288 5.36926 1.2
      vertex 179.993 6.85133 2
    endloop
  endfacet
  facet normal 0.1364 -0.449425 0.882843
    outer loop
      vertex 180.288 5.36926 1.2
      vertex 179.96 6.84122 2
      vertex 179.988 5.27821 1.2
    endloop
  endfacet
  facet normal -0.297783 -0.36326 0.882818
    outer loop
      vertex 182.773 6.022 2
      vertex 182.328 6.38679 2
      vertex 181.489 5.13035 1.2
    endloop
  endfacet
  facet normal 0.362893 -0.297982 0.882902
    outer loop
      vertex 179.27 4.68891 1.2
      vertex 178.378 5.97295 2
      vertex 178.013 5.52844 2
    endloop
  endfacet
  facet normal -0.136401 0.449426 0.882843
    outer loop
      vertex 180.912 2.23074 1.2
      vertex 181.24 0.758784 2
      vertex 181.212 2.32179 1.2
    endloop
  endfacet
  facet normal -0.137688 0.449116 0.882801
    outer loop
      vertex 181.24 0.758784 2
      vertex 180.912 2.23074 1.2
      vertex 181.207 0.748667 2
    endloop
  endfacet
  facet normal -0.297533 -0.363338 0.88287
    outer loop
      vertex 182.773 6.022 2
      vertex 181.731 4.93137 1.2
      vertex 182.8 5.99989 2
    endloop
  endfacet
  facet normal -0.298223 -0.3627 0.8829
    outer loop
      vertex 181.731 4.93137 1.2
      vertex 182.773 6.022 2
      vertex 181.489 5.13035 1.2
    endloop
  endfacet
  facet normal 0.0460544 0.467391 0.88285
    outer loop
      vertex 180.6 0.688889 2
      vertex 180.6 2.2 1.2
      vertex 180.028 0.745251 2
    endloop
  endfacet
  facet normal 0.136157 0.449444 0.882871
    outer loop
      vertex 179.96 0.758784 2
      vertex 179.988 2.32179 1.2
      vertex 179.409 0.925707 2
    endloop
  endfacet
  facet normal 0.414117 -0.221296 0.882913
    outer loop
      vertex 179.27 4.68891 1.2
      vertex 178.013 5.52844 2
      vertex 177.742 5.02131 2
    endloop
  endfacet
  facet normal 0.221154 0.414309 0.882858
    outer loop
      vertex 179.379 0.942136 2
      vertex 179.988 2.32179 1.2
      vertex 179.711 2.46965 1.2
    endloop
  endfacet
  facet normal 0.22573 0.412192 0.882691
    outer loop
      vertex 179.988 2.32179 1.2
      vertex 179.379 0.942136 2
      vertex 179.409 0.925707 2
    endloop
  endfacet
  facet normal 0.221469 0.414221 0.882821
    outer loop
      vertex 179.379 0.942136 2
      vertex 179.711 2.46965 1.2
      vertex 178.872 1.21321 2
    endloop
  endfacet
  facet normal 0.449437 -0.136261 0.882859
    outer loop
      vertex 177.559 4.4403 2
      vertex 179.031 4.11214 1.2
      vertex 179.122 4.41229 1.2
    endloop
  endfacet
  facet normal 0.449772 -0.134864 0.882902
    outer loop
      vertex 179.031 4.11214 1.2
      vertex 177.559 4.4403 2
      vertex 177.549 4.40695 2
    endloop
  endfacet
  facet normal 0.467425 -0.0457403 0.882849
    outer loop
      vertex 179 3.8 1.2
      vertex 177.545 4.37227 2
      vertex 177.489 3.8 2
    endloop
  endfacet
  facet normal 0.136162 -0.449443 0.882871
    outer loop
      vertex 179.988 5.27821 1.2
      vertex 179.96 6.84122 2
      vertex 179.409 6.67429 2
    endloop
  endfacet
  facet normal 0.298223 -0.3627 0.8829
    outer loop
      vertex 178.427 6.022 2
      vertex 179.469 4.93137 1.2
      vertex 179.711 5.13035 1.2
    endloop
  endfacet
  facet normal 0.297533 -0.363338 0.88287
    outer loop
      vertex 179.469 4.93137 1.2
      vertex 178.427 6.022 2
      vertex 178.4 5.99989 2
    endloop
  endfacet
  facet normal 0.466032 -0.0537523 0.883133
    outer loop
      vertex 177.545 4.37227 2
      vertex 179.031 4.11214 1.2
      vertex 177.549 4.40695 2
    endloop
  endfacet
  facet normal 0.467209 -0.0464006 0.882928
    outer loop
      vertex 179.031 4.11214 1.2
      vertex 177.545 4.37227 2
      vertex 179 3.8 1.2
    endloop
  endfacet
  facet normal -0.221466 -0.414223 0.882821
    outer loop
      vertex 182.328 6.38679 2
      vertex 181.821 6.65786 2
      vertex 181.489 5.13035 1.2
    endloop
  endfacet
  facet normal 0.0460528 -0.467392 0.88285
    outer loop
      vertex 180.6 5.4 1.2
      vertex 180.6 6.91111 2
      vertex 180.028 6.85475 2
    endloop
  endfacet
  facet normal 0.414117 0.221296 0.882913
    outer loop
      vertex 178.013 2.07156 2
      vertex 179.27 2.91109 1.2
      vertex 177.742 2.57869 2
    endloop
  endfacet
  facet normal 0.414052 0.22153 0.882885
    outer loop
      vertex 179.122 3.18771 1.2
      vertex 177.742 2.57869 2
      vertex 179.27 2.91109 1.2
    endloop
  endfacet
  facet normal 0.416285 0.216674 0.88304
    outer loop
      vertex 177.742 2.57869 2
      vertex 179.122 3.18771 1.2
      vertex 177.726 2.60943 2
    endloop
  endfacet
  facet normal 0.362893 0.297982 0.882902
    outer loop
      vertex 178.378 1.62705 2
      vertex 179.27 2.91109 1.2
      vertex 178.013 2.07156 2
    endloop
  endfacet
  facet normal 0.362978 0.297915 0.882889
    outer loop
      vertex 178.378 1.62705 2
      vertex 179.469 2.66863 1.2
      vertex 179.27 2.91109 1.2
    endloop
  endfacet
  facet normal 0.363766 0.297062 0.882853
    outer loop
      vertex 179.469 2.66863 1.2
      vertex 178.378 1.62705 2
      vertex 178.4 1.60011 2
    endloop
  endfacet
  facet normal -0.0460528 -0.467392 0.88285
    outer loop
      vertex 181.172 6.85475 2
      vertex 180.6 6.91111 2
      vertex 180.6 5.4 1.2
    endloop
  endfacet
  facet normal 0.225742 -0.412188 0.88269
    outer loop
      vertex 179.379 6.65786 2
      vertex 179.988 5.27821 1.2
      vertex 179.409 6.67429 2
    endloop
  endfacet
  facet normal 0.221155 -0.41431 0.882858
    outer loop
      vertex 179.988 5.27821 1.2
      vertex 179.379 6.65786 2
      vertex 179.711 5.13035 1.2
    endloop
  endfacet
  facet normal -0.414117 -0.221296 0.882913
    outer loop
      vertex 183.458 5.02131 2
      vertex 183.187 5.52844 2
      vertex 181.93 4.68891 1.2
    endloop
  endfacet
  facet normal 0.0460501 -0.467392 0.88285
    outer loop
      vertex 180.028 6.85475 2
      vertex 180.288 5.36926 1.2
      vertex 180.6 5.4 1.2
    endloop
  endfacet
  facet normal 0.0456767 -0.467451 0.882838
    outer loop
      vertex 180.288 5.36926 1.2
      vertex 180.028 6.85475 2
      vertex 179.993 6.85133 2
    endloop
  endfacet
  facet normal -0.416285 -0.216674 0.88304
    outer loop
      vertex 183.458 5.02131 2
      vertex 182.078 4.41229 1.2
      vertex 183.474 4.99057 2
    endloop
  endfacet
  facet normal -0.414052 -0.22153 0.882885
    outer loop
      vertex 182.078 4.41229 1.2
      vertex 183.458 5.02131 2
      vertex 181.93 4.68891 1.2
    endloop
  endfacet
  facet normal -0.363766 -0.297062 0.882853
    outer loop
      vertex 181.731 4.93137 1.2
      vertex 182.822 5.97295 2
      vertex 182.8 5.99989 2
    endloop
  endfacet
  facet normal -0.362978 -0.297915 0.882889
    outer loop
      vertex 182.822 5.97295 2
      vertex 181.731 4.93137 1.2
      vertex 181.93 4.68891 1.2
    endloop
  endfacet
  facet normal -0.449427 -0.136395 0.882843
    outer loop
      vertex 183.641 4.4403 2
      vertex 183.474 4.99057 2
      vertex 182.078 4.41229 1.2
    endloop
  endfacet
  facet normal -0.449772 -0.134864 0.882902
    outer loop
      vertex 183.641 4.4403 2
      vertex 182.169 4.11214 1.2
      vertex 183.651 4.40695 2
    endloop
  endfacet
  facet normal -0.449437 -0.136261 0.882859
    outer loop
      vertex 182.169 4.11214 1.2
      vertex 183.641 4.4403 2
      vertex 182.078 4.41229 1.2
    endloop
  endfacet
  facet normal -0.9569 -0.290419 0
    outer loop
      vertex 5.36926 232.912 0.799999
      vertex 5.27821 233.212 1.2
      vertex 5.27821 233.212 0.799999
    endloop
  endfacet
  facet normal -0.9569 -0.290419 0
    outer loop
      vertex 5.27821 233.212 1.2
      vertex 5.36926 232.912 0.799999
      vertex 5.36926 232.912 1.2
    endloop
  endfacet
  facet normal -0.995181 -0.0980509 0
    outer loop
      vertex 5.4 232.6 0.799999
      vertex 5.36926 232.912 1.2
      vertex 5.36926 232.912 0.799999
    endloop
  endfacet
  facet normal -0.995181 -0.0980509 0
    outer loop
      vertex 5.36926 232.912 1.2
      vertex 5.4 232.6 0.799999
      vertex 5.4 232.6 1.2
    endloop
  endfacet
  facet normal -0.882185 -0.470902 0
    outer loop
      vertex 5.27821 233.212 0.799999
      vertex 5.13035 233.489 1.2
      vertex 5.13035 233.489 0.799999
    endloop
  endfacet
  facet normal -0.882185 -0.470902 0
    outer loop
      vertex 5.13035 233.489 1.2
      vertex 5.27821 233.212 0.799999
      vertex 5.27821 233.212 1.2
    endloop
  endfacet
  facet normal 0.634428 -0.772982 0
    outer loop
      vertex 2.66863 233.731 0.799999
      vertex 2.91109 233.93 1.2
      vertex 2.66863 233.731 1.2
    endloop
  endfacet
  facet normal 0.634428 -0.772982 0
    outer loop
      vertex 2.91109 233.93 1.2
      vertex 2.66863 233.731 0.799999
      vertex 2.91109 233.93 0.799999
    endloop
  endfacet
  facet normal -0.29014 -0.956984 0
    outer loop
      vertex 4.11214 234.169 0.799999
      vertex 4.41229 234.078 1.2
      vertex 4.11214 234.169 1.2
    endloop
  endfacet
  facet normal -0.29014 -0.956984 -0
    outer loop
      vertex 4.41229 234.078 1.2
      vertex 4.11214 234.169 0.799999
      vertex 4.41229 234.078 0.799999
    endloop
  endfacet
  facet normal -0.772422 -0.63511 0
    outer loop
      vertex 5.13035 233.489 0.799999
      vertex 4.93137 233.731 1.2
      vertex 4.93137 233.731 0.799999
    endloop
  endfacet
  facet normal -0.772422 -0.63511 0
    outer loop
      vertex 4.93137 233.731 1.2
      vertex 5.13035 233.489 0.799999
      vertex 5.13035 233.489 1.2
    endloop
  endfacet
  facet normal 0.772422 -0.63511 0
    outer loop
      vertex 2.46965 233.489 1.2
      vertex 2.66863 233.731 0.799999
      vertex 2.66863 233.731 1.2
    endloop
  endfacet
  facet normal 0.772422 -0.63511 0
    outer loop
      vertex 2.66863 233.731 0.799999
      vertex 2.46965 233.489 1.2
      vertex 2.46965 233.489 0.799999
    endloop
  endfacet
  facet normal 0.882185 0.470902 0
    outer loop
      vertex 2.46965 231.711 1.2
      vertex 2.32179 231.988 0.799999
      vertex 2.32179 231.988 1.2
    endloop
  endfacet
  facet normal 0.882185 0.470902 0
    outer loop
      vertex 2.32179 231.988 0.799999
      vertex 2.46965 231.711 1.2
      vertex 2.46965 231.711 0.799999
    endloop
  endfacet
  facet normal -0.882185 0.470902 0
    outer loop
      vertex 5.13035 231.711 0.799999
      vertex 5.27821 231.988 1.2
      vertex 5.27821 231.988 0.799999
    endloop
  endfacet
  facet normal -0.882185 0.470902 0
    outer loop
      vertex 5.27821 231.988 1.2
      vertex 5.13035 231.711 0.799999
      vertex 5.13035 231.711 1.2
    endloop
  endfacet
  facet normal 0.29014 -0.956984 0
    outer loop
      vertex 3.18771 234.078 0.799999
      vertex 3.48786 234.169 1.2
      vertex 3.18771 234.078 1.2
    endloop
  endfacet
  facet normal 0.29014 -0.956984 0
    outer loop
      vertex 3.48786 234.169 1.2
      vertex 3.18771 234.078 0.799999
      vertex 3.48786 234.169 0.799999
    endloop
  endfacet
  facet normal -0.29014 0.956984 0
    outer loop
      vertex 4.41229 231.122 0.799999
      vertex 4.11214 231.031 1.2
      vertex 4.41229 231.122 1.2
    endloop
  endfacet
  facet normal -0.29014 0.956984 0
    outer loop
      vertex 4.11214 231.031 1.2
      vertex 4.41229 231.122 0.799999
      vertex 4.11214 231.031 0.799999
    endloop
  endfacet
  facet normal -0.634428 -0.772982 0
    outer loop
      vertex 4.68891 233.93 0.799999
      vertex 4.93137 233.731 1.2
      vertex 4.68891 233.93 1.2
    endloop
  endfacet
  facet normal -0.634428 -0.772982 -0
    outer loop
      vertex 4.93137 233.731 1.2
      vertex 4.68891 233.93 0.799999
      vertex 4.93137 233.731 0.799999
    endloop
  endfacet
  facet normal -0.634428 0.772982 0
    outer loop
      vertex 4.93137 231.469 0.799999
      vertex 4.68891 231.27 1.2
      vertex 4.93137 231.469 1.2
    endloop
  endfacet
  facet normal -0.634428 0.772982 0
    outer loop
      vertex 4.68891 231.27 1.2
      vertex 4.93137 231.469 0.799999
      vertex 4.68891 231.27 0.799999
    endloop
  endfacet
  facet normal -0.471753 0.881731 0
    outer loop
      vertex 4.68891 231.27 0.799999
      vertex 4.41229 231.122 1.2
      vertex 4.68891 231.27 1.2
    endloop
  endfacet
  facet normal -0.471753 0.881731 0
    outer loop
      vertex 4.41229 231.122 1.2
      vertex 4.68891 231.27 0.799999
      vertex 4.41229 231.122 0.799999
    endloop
  endfacet
  facet normal 0.634428 0.772982 -0
    outer loop
      vertex 2.91109 231.27 0.799999
      vertex 2.66863 231.469 1.2
      vertex 2.91109 231.27 1.2
    endloop
  endfacet
  facet normal 0.634428 0.772982 0
    outer loop
      vertex 2.66863 231.469 1.2
      vertex 2.91109 231.27 0.799999
      vertex 2.66863 231.469 0.799999
    endloop
  endfacet
  facet normal -0.772422 0.63511 0
    outer loop
      vertex 4.93137 231.469 0.799999
      vertex 5.13035 231.711 1.2
      vertex 5.13035 231.711 0.799999
    endloop
  endfacet
  facet normal -0.772422 0.63511 0
    outer loop
      vertex 5.13035 231.711 1.2
      vertex 4.93137 231.469 0.799999
      vertex 4.93137 231.469 1.2
    endloop
  endfacet
  facet normal -0.995181 0.0980509 0
    outer loop
      vertex 5.36926 232.288 0.799999
      vertex 5.4 232.6 1.2
      vertex 5.4 232.6 0.799999
    endloop
  endfacet
  facet normal -0.995181 0.0980509 0
    outer loop
      vertex 5.4 232.6 1.2
      vertex 5.36926 232.288 0.799999
      vertex 5.36926 232.288 1.2
    endloop
  endfacet
  facet normal -0.9569 0.290419 0
    outer loop
      vertex 5.27821 231.988 0.799999
      vertex 5.36926 232.288 1.2
      vertex 5.36926 232.288 0.799999
    endloop
  endfacet
  facet normal -0.9569 0.290419 0
    outer loop
      vertex 5.36926 232.288 1.2
      vertex 5.27821 231.988 0.799999
      vertex 5.27821 231.988 1.2
    endloop
  endfacet
  facet normal 0.471753 -0.881731 0
    outer loop
      vertex 2.91109 233.93 0.799999
      vertex 3.18771 234.078 1.2
      vertex 2.91109 233.93 1.2
    endloop
  endfacet
  facet normal 0.471753 -0.881731 0
    outer loop
      vertex 3.18771 234.078 1.2
      vertex 2.91109 233.93 0.799999
      vertex 3.18771 234.078 0.799999
    endloop
  endfacet
  facet normal -0.471753 -0.881731 0
    outer loop
      vertex 4.41229 234.078 0.799999
      vertex 4.68891 233.93 1.2
      vertex 4.41229 234.078 1.2
    endloop
  endfacet
  facet normal -0.471753 -0.881731 -0
    outer loop
      vertex 4.68891 233.93 1.2
      vertex 4.41229 234.078 0.799999
      vertex 4.68891 233.93 0.799999
    endloop
  endfacet
  facet normal 0.9569 -0.290419 0
    outer loop
      vertex 2.23074 232.912 1.2
      vertex 2.32179 233.212 0.799999
      vertex 2.32179 233.212 1.2
    endloop
  endfacet
  facet normal 0.9569 -0.290419 0
    outer loop
      vertex 2.32179 233.212 0.799999
      vertex 2.23074 232.912 1.2
      vertex 2.23074 232.912 0.799999
    endloop
  endfacet
  facet normal -0.0988282 0.995105 0
    outer loop
      vertex 4.11214 231.031 0.799999
      vertex 3.8 231 1.2
      vertex 4.11214 231.031 1.2
    endloop
  endfacet
  facet normal -0.0988282 0.995105 0
    outer loop
      vertex 3.8 231 1.2
      vertex 4.11214 231.031 0.799999
      vertex 3.8 231 0.799999
    endloop
  endfacet
  facet normal 0.0988282 -0.995105 0
    outer loop
      vertex 3.48786 234.169 0.799999
      vertex 3.8 234.2 1.2
      vertex 3.48786 234.169 1.2
    endloop
  endfacet
  facet normal 0.0988282 -0.995105 0
    outer loop
      vertex 3.8 234.2 1.2
      vertex 3.48786 234.169 0.799999
      vertex 3.8 234.2 0.799999
    endloop
  endfacet
  facet normal 0.882185 -0.470902 0
    outer loop
      vertex 2.32179 233.212 1.2
      vertex 2.46965 233.489 0.799999
      vertex 2.46965 233.489 1.2
    endloop
  endfacet
  facet normal 0.882185 -0.470902 0
    outer loop
      vertex 2.46965 233.489 0.799999
      vertex 2.32179 233.212 1.2
      vertex 2.32179 233.212 0.799999
    endloop
  endfacet
  facet normal 0.9569 0.290419 0
    outer loop
      vertex 2.32179 231.988 1.2
      vertex 2.23074 232.288 0.799999
      vertex 2.23074 232.288 1.2
    endloop
  endfacet
  facet normal 0.9569 0.290419 0
    outer loop
      vertex 2.23074 232.288 0.799999
      vertex 2.32179 231.988 1.2
      vertex 2.32179 231.988 0.799999
    endloop
  endfacet
  facet normal 0.995181 0.0980509 0
    outer loop
      vertex 2.23074 232.288 1.2
      vertex 2.2 232.6 0.799999
      vertex 2.2 232.6 1.2
    endloop
  endfacet
  facet normal 0.995181 0.0980509 0
    outer loop
      vertex 2.2 232.6 0.799999
      vertex 2.23074 232.288 1.2
      vertex 2.23074 232.288 0.799999
    endloop
  endfacet
  facet normal 0.772422 0.63511 0
    outer loop
      vertex 2.66863 231.469 1.2
      vertex 2.46965 231.711 0.799999
      vertex 2.46965 231.711 1.2
    endloop
  endfacet
  facet normal 0.772422 0.63511 0
    outer loop
      vertex 2.46965 231.711 0.799999
      vertex 2.66863 231.469 1.2
      vertex 2.66863 231.469 0.799999
    endloop
  endfacet
  facet normal 0.471753 0.881731 -0
    outer loop
      vertex 3.18771 231.122 0.799999
      vertex 2.91109 231.27 1.2
      vertex 3.18771 231.122 1.2
    endloop
  endfacet
  facet normal 0.471753 0.881731 0
    outer loop
      vertex 2.91109 231.27 1.2
      vertex 3.18771 231.122 0.799999
      vertex 2.91109 231.27 0.799999
    endloop
  endfacet
  facet normal -0.0988282 -0.995105 0
    outer loop
      vertex 3.8 234.2 0.799999
      vertex 4.11214 234.169 1.2
      vertex 3.8 234.2 1.2
    endloop
  endfacet
  facet normal -0.0988282 -0.995105 -0
    outer loop
      vertex 4.11214 234.169 1.2
      vertex 3.8 234.2 0.799999
      vertex 4.11214 234.169 0.799999
    endloop
  endfacet
  facet normal 0.995181 -0.0980509 0
    outer loop
      vertex 2.2 232.6 1.2
      vertex 2.23074 232.912 0.799999
      vertex 2.23074 232.912 1.2
    endloop
  endfacet
  facet normal 0.995181 -0.0980509 0
    outer loop
      vertex 2.23074 232.912 0.799999
      vertex 2.2 232.6 1.2
      vertex 2.2 232.6 0.799999
    endloop
  endfacet
  facet normal 0.0988282 0.995105 -0
    outer loop
      vertex 3.8 231 0.799999
      vertex 3.48786 231.031 1.2
      vertex 3.8 231 1.2
    endloop
  endfacet
  facet normal 0.0988282 0.995105 0
    outer loop
      vertex 3.48786 231.031 1.2
      vertex 3.8 231 0.799999
      vertex 3.48786 231.031 0.799999
    endloop
  endfacet
  facet normal 0.29014 0.956984 -0
    outer loop
      vertex 3.48786 231.031 0.799999
      vertex 3.18771 231.122 1.2
      vertex 3.48786 231.031 1.2
    endloop
  endfacet
  facet normal 0.29014 0.956984 0
    outer loop
      vertex 3.18771 231.122 1.2
      vertex 3.48786 231.031 0.799999
      vertex 3.18771 231.122 0.799999
    endloop
  endfacet
  facet normal -0.467391 -0.0460527 -0.88285
    outer loop
      vertex 6.85475 233.172 0
      vertex 6.91111 232.6 0
      vertex 5.4 232.6 0.799999
    endloop
  endfacet
  facet normal -0.449136 -0.137599 -0.882804
    outer loop
      vertex 5.36926 232.912 0.799999
      vertex 6.84122 233.24 0
      vertex 6.85133 233.207 0
    endloop
  endfacet
  facet normal -0.449424 -0.1364 -0.882844
    outer loop
      vertex 6.84122 233.24 0
      vertex 5.36926 232.912 0.799999
      vertex 5.27821 233.212 0.799999
    endloop
  endfacet
  facet normal -0.297062 -0.363765 -0.882853
    outer loop
      vertex 4.93137 233.731 0.799999
      vertex 5.97295 234.822 0
      vertex 5.99989 234.8 0
    endloop
  endfacet
  facet normal -0.297915 -0.362977 -0.88289
    outer loop
      vertex 5.97295 234.822 0
      vertex 4.93137 233.731 0.799999
      vertex 4.68891 233.93 0.799999
    endloop
  endfacet
  facet normal -0.136395 0.449426 -0.882843
    outer loop
      vertex 4.99057 229.726 0
      vertex 4.4403 229.559 0
      vertex 4.41229 231.122 0.799999
    endloop
  endfacet
  facet normal 0.221296 -0.414117 -0.882913
    outer loop
      vertex 2.57869 235.458 0
      vertex 2.91109 233.93 0.799999
      vertex 2.07156 235.187 0
    endloop
  endfacet
  facet normal 0.363259 0.297783 -0.882818
    outer loop
      vertex 2.46965 231.711 0.799999
      vertex 1.578 230.427 0
      vertex 1.21321 230.872 0
    endloop
  endfacet
  facet normal 0.297915 0.362977 -0.88289
    outer loop
      vertex 1.62705 230.378 0
      vertex 2.66863 231.469 0.799999
      vertex 2.91109 231.27 0.799999
    endloop
  endfacet
  facet normal 0.297062 0.363765 -0.882853
    outer loop
      vertex 2.66863 231.469 0.799999
      vertex 1.62705 230.378 0
      vertex 1.60011 230.4 0
    endloop
  endfacet
  facet normal 0.449444 0.136158 -0.882871
    outer loop
      vertex 2.32179 231.988 0.799999
      vertex 0.925708 231.409 0
      vertex 0.758784 231.96 0
    endloop
  endfacet
  facet normal 0.0464005 0.467209 -0.882929
    outer loop
      vertex 3.22773 229.545 0
      vertex 3.48786 231.031 0.799999
      vertex 3.8 231 0.799999
    endloop
  endfacet
  facet normal 0.0537522 0.466032 -0.883134
    outer loop
      vertex 3.48786 231.031 0.799999
      vertex 3.22773 229.545 0
      vertex 3.19305 229.549 0
    endloop
  endfacet
  facet normal -0.136395 -0.449426 -0.882843
    outer loop
      vertex 4.4403 235.641 0
      vertex 4.99057 235.474 0
      vertex 4.41229 234.078 0.799999
    endloop
  endfacet
  facet normal 0.134864 0.449772 -0.882903
    outer loop
      vertex 3.1597 229.559 0
      vertex 3.48786 231.031 0.799999
      vertex 3.19305 229.549 0
    endloop
  endfacet
  facet normal 0.136261 0.449437 -0.882859
    outer loop
      vertex 3.48786 231.031 0.799999
      vertex 3.1597 229.559 0
      vertex 3.18771 231.122 0.799999
    endloop
  endfacet
  facet normal -0.221296 0.414117 -0.882913
    outer loop
      vertex 5.52844 230.013 0
      vertex 5.02131 229.742 0
      vertex 4.68891 231.27 0.799999
    endloop
  endfacet
  facet normal -0.0537371 -0.466035 -0.883133
    outer loop
      vertex 4.11214 234.169 0.799999
      vertex 4.37226 235.655 0
      vertex 4.40695 235.651 0
    endloop
  endfacet
  facet normal -0.0464006 -0.467209 -0.882929
    outer loop
      vertex 4.37226 235.655 0
      vertex 4.11214 234.169 0.799999
      vertex 3.8 234.2 0.799999
    endloop
  endfacet
  facet normal -0.136261 -0.449437 -0.882859
    outer loop
      vertex 4.11214 234.169 0.799999
      vertex 4.4403 235.641 0
      vertex 4.41229 234.078 0.799999
    endloop
  endfacet
  facet normal -0.134864 -0.449772 -0.882903
    outer loop
      vertex 4.4403 235.641 0
      vertex 4.11214 234.169 0.799999
      vertex 4.40695 235.651 0
    endloop
  endfacet
  facet normal 0.363337 0.297533 -0.882871
    outer loop
      vertex 1.578 230.427 0
      vertex 2.66863 231.469 0.799999
      vertex 1.60011 230.4 0
    endloop
  endfacet
  facet normal 0.362699 0.298223 -0.8829
    outer loop
      vertex 2.66863 231.469 0.799999
      vertex 1.578 230.427 0
      vertex 2.46965 231.711 0.799999
    endloop
  endfacet
  facet normal -0.363259 0.297783 -0.882818
    outer loop
      vertex 6.38679 230.872 0
      vertex 6.022 230.427 0
      vertex 5.13035 231.711 0.799999
    endloop
  endfacet
  facet normal 0.467391 0.0460543 -0.88285
    outer loop
      vertex 2.2 232.6 0.799999
      vertex 0.745251 232.028 0
      vertex 0.688889 232.6 0
    endloop
  endfacet
  facet normal -0.134864 0.449772 -0.882903
    outer loop
      vertex 4.11214 231.031 0.799999
      vertex 4.4403 229.559 0
      vertex 4.40695 229.549 0
    endloop
  endfacet
  facet normal -0.136261 0.449437 -0.882859
    outer loop
      vertex 4.4403 229.559 0
      vertex 4.11214 231.031 0.799999
      vertex 4.41229 231.122 0.799999
    endloop
  endfacet
  facet normal -0.216674 0.416284 -0.88304
    outer loop
      vertex 4.41229 231.122 0.799999
      vertex 5.02131 229.742 0
      vertex 4.99057 229.726 0
    endloop
  endfacet
  facet normal -0.22153 0.414051 -0.882885
    outer loop
      vertex 5.02131 229.742 0
      vertex 4.41229 231.122 0.799999
      vertex 4.68891 231.27 0.799999
    endloop
  endfacet
  facet normal 0.449444 -0.136158 -0.882871
    outer loop
      vertex 0.925708 233.791 0
      vertex 2.32179 233.212 0.799999
      vertex 0.758784 233.24 0
    endloop
  endfacet
  facet normal -0.414222 0.221466 -0.882821
    outer loop
      vertex 6.65786 231.379 0
      vertex 6.38679 230.872 0
      vertex 5.13035 231.711 0.799999
    endloop
  endfacet
  facet normal 0.297915 -0.362977 -0.88289
    outer loop
      vertex 2.66863 233.731 0.799999
      vertex 1.62705 234.822 0
      vertex 2.91109 233.93 0.799999
    endloop
  endfacet
  facet normal 0.297062 -0.363765 -0.882853
    outer loop
      vertex 1.62705 234.822 0
      vertex 2.66863 233.731 0.799999
      vertex 1.60011 234.8 0
    endloop
  endfacet
  facet normal -0.467392 -0.0460501 -0.88285
    outer loop
      vertex 5.36926 232.912 0.799999
      vertex 6.85475 233.172 0
      vertex 5.4 232.6 0.799999
    endloop
  endfacet
  facet normal -0.467451 -0.0456766 -0.882838
    outer loop
      vertex 6.85475 233.172 0
      vertex 5.36926 232.912 0.799999
      vertex 6.85133 233.207 0
    endloop
  endfacet
  facet normal -0.363337 0.297533 -0.882871
    outer loop
      vertex 4.93137 231.469 0.799999
      vertex 6.022 230.427 0
      vertex 5.99989 230.4 0
    endloop
  endfacet
  facet normal -0.362699 0.298223 -0.8829
    outer loop
      vertex 6.022 230.427 0
      vertex 4.93137 231.469 0.799999
      vertex 5.13035 231.711 0.799999
    endloop
  endfacet
  facet normal -0.467391 0.0460527 -0.88285
    outer loop
      vertex 6.91111 232.6 0
      vertex 6.85475 232.028 0
      vertex 5.4 232.6 0.799999
    endloop
  endfacet
  facet normal 0.46746 0.045624 -0.882836
    outer loop
      vertex 0.745251 232.028 0
      vertex 2.23074 232.288 0.799999
      vertex 0.748667 231.993 0
    endloop
  endfacet
  facet normal 0.467392 0.0460501 -0.88285
    outer loop
      vertex 2.23074 232.288 0.799999
      vertex 0.745251 232.028 0
      vertex 2.2 232.6 0.799999
    endloop
  endfacet
  facet normal 0.0457402 0.467424 -0.882849
    outer loop
      vertex 3.8 231 0.799999
      vertex 3.8 229.489 0
      vertex 3.22773 229.545 0
    endloop
  endfacet
  facet normal -0.449443 0.136162 -0.882871
    outer loop
      vertex 6.84122 231.96 0
      vertex 6.67429 231.409 0
      vertex 5.27821 231.988 0.799999
    endloop
  endfacet
  facet normal 0.297982 -0.362893 -0.882902
    outer loop
      vertex 2.07156 235.187 0
      vertex 2.91109 233.93 0.799999
      vertex 1.62705 234.822 0
    endloop
  endfacet
  facet normal 0.449425 0.136401 -0.882843
    outer loop
      vertex 0.758784 231.96 0
      vertex 2.23074 232.288 0.799999
      vertex 2.32179 231.988 0.799999
    endloop
  endfacet
  facet normal 0.449115 0.137688 -0.882801
    outer loop
      vertex 2.23074 232.288 0.799999
      vertex 0.758784 231.96 0
      vertex 0.748667 231.993 0
    endloop
  endfacet
  facet normal 0.136395 0.449426 -0.882843
    outer loop
      vertex 3.18771 231.122 0.799999
      vertex 3.1597 229.559 0
      vertex 2.60943 229.726 0
    endloop
  endfacet
  facet normal -0.0537371 0.466035 -0.883133
    outer loop
      vertex 4.37226 229.545 0
      vertex 4.11214 231.031 0.799999
      vertex 4.40695 229.549 0
    endloop
  endfacet
  facet normal -0.0464006 0.467209 -0.882929
    outer loop
      vertex 4.11214 231.031 0.799999
      vertex 4.37226 229.545 0
      vertex 3.8 231 0.799999
    endloop
  endfacet
  facet normal 0.414309 0.221154 -0.882858
    outer loop
      vertex 0.942136 231.379 0
      vertex 2.32179 231.988 0.799999
      vertex 2.46965 231.711 0.799999
    endloop
  endfacet
  facet normal 0.412197 0.225719 -0.882692
    outer loop
      vertex 2.32179 231.988 0.799999
      vertex 0.942136 231.379 0
      vertex 0.925708 231.409 0
    endloop
  endfacet
  facet normal 0.467391 -0.0460543 -0.88285
    outer loop
      vertex 0.745251 233.172 0
      vertex 2.2 232.6 0.799999
      vertex 0.688889 232.6 0
    endloop
  endfacet
  facet normal 0.362699 -0.298223 -0.8829
    outer loop
      vertex 1.578 234.773 0
      vertex 2.66863 233.731 0.799999
      vertex 2.46965 233.489 0.799999
    endloop
  endfacet
  facet normal 0.363337 -0.297533 -0.882871
    outer loop
      vertex 2.66863 233.731 0.799999
      vertex 1.578 234.773 0
      vertex 1.60011 234.8 0
    endloop
  endfacet
  facet normal 0.414309 -0.221154 -0.882858
    outer loop
      vertex 2.32179 233.212 0.799999
      vertex 0.942136 233.821 0
      vertex 2.46965 233.489 0.799999
    endloop
  endfacet
  facet normal 0.412197 -0.225719 -0.882692
    outer loop
      vertex 0.942136 233.821 0
      vertex 2.32179 233.212 0.799999
      vertex 0.925708 233.791 0
    endloop
  endfacet
  facet normal -0.449136 0.137599 -0.882804
    outer loop
      vertex 6.84122 231.96 0
      vertex 5.36926 232.288 0.799999
      vertex 6.85133 231.993 0
    endloop
  endfacet
  facet normal -0.449424 0.1364 -0.882844
    outer loop
      vertex 5.36926 232.288 0.799999
      vertex 6.84122 231.96 0
      vertex 5.27821 231.988 0.799999
    endloop
  endfacet
  facet normal 0.22153 -0.414051 -0.882885
    outer loop
      vertex 2.57869 235.458 0
      vertex 3.18771 234.078 0.799999
      vertex 2.91109 233.93 0.799999
    endloop
  endfacet
  facet normal 0.216674 -0.416284 -0.88304
    outer loop
      vertex 3.18771 234.078 0.799999
      vertex 2.57869 235.458 0
      vertex 2.60943 235.474 0
    endloop
  endfacet
  facet normal -0.412188 0.225741 -0.88269
    outer loop
      vertex 6.65786 231.379 0
      vertex 5.27821 231.988 0.799999
      vertex 6.67429 231.409 0
    endloop
  endfacet
  facet normal -0.41431 0.221155 -0.882858
    outer loop
      vertex 5.27821 231.988 0.799999
      vertex 6.65786 231.379 0
      vertex 5.13035 231.711 0.799999
    endloop
  endfacet
  facet normal -0.467451 0.0456766 -0.882838
    outer loop
      vertex 5.36926 232.288 0.799999
      vertex 6.85475 232.028 0
      vertex 6.85133 231.993 0
    endloop
  endfacet
  facet normal -0.467392 0.0460501 -0.88285
    outer loop
      vertex 6.85475 232.028 0
      vertex 5.36926 232.288 0.799999
      vertex 5.4 232.6 0.799999
    endloop
  endfacet
  facet normal 0.414221 0.221468 -0.882821
    outer loop
      vertex 2.46965 231.711 0.799999
      vertex 1.21321 230.872 0
      vertex 0.942136 231.379 0
    endloop
  endfacet
  facet normal 0.449425 -0.136401 -0.882843
    outer loop
      vertex 2.23074 232.912 0.799999
      vertex 0.758784 233.24 0
      vertex 2.32179 233.212 0.799999
    endloop
  endfacet
  facet normal 0.449115 -0.137688 -0.882801
    outer loop
      vertex 0.758784 233.24 0
      vertex 2.23074 232.912 0.799999
      vertex 0.748667 233.207 0
    endloop
  endfacet
  facet normal 0.467392 -0.0460501 -0.88285
    outer loop
      vertex 0.745251 233.172 0
      vertex 2.23074 232.912 0.799999
      vertex 2.2 232.6 0.799999
    endloop
  endfacet
  facet normal 0.46746 -0.045624 -0.882836
    outer loop
      vertex 2.23074 232.912 0.799999
      vertex 0.745251 233.172 0
      vertex 0.748667 233.207 0
    endloop
  endfacet
  facet normal 0.363259 -0.297783 -0.882818
    outer loop
      vertex 1.578 234.773 0
      vertex 2.46965 233.489 0.799999
      vertex 1.21321 234.328 0
    endloop
  endfacet
  facet normal 0.414221 -0.221468 -0.882821
    outer loop
      vertex 1.21321 234.328 0
      vertex 2.46965 233.489 0.799999
      vertex 0.942136 233.821 0
    endloop
  endfacet
  facet normal -0.363259 -0.297783 -0.882818
    outer loop
      vertex 6.022 234.773 0
      vertex 6.38679 234.328 0
      vertex 5.13035 233.489 0.799999
    endloop
  endfacet
  facet normal 0.0464005 -0.467209 -0.882929
    outer loop
      vertex 3.48786 234.169 0.799999
      vertex 3.22773 235.655 0
      vertex 3.8 234.2 0.799999
    endloop
  endfacet
  facet normal 0.0537522 -0.466032 -0.883134
    outer loop
      vertex 3.22773 235.655 0
      vertex 3.48786 234.169 0.799999
      vertex 3.19305 235.651 0
    endloop
  endfacet
  facet normal -0.449443 -0.136162 -0.882871
    outer loop
      vertex 6.67429 233.791 0
      vertex 6.84122 233.24 0
      vertex 5.27821 233.212 0.799999
    endloop
  endfacet
  facet normal -0.414222 -0.221466 -0.882821
    outer loop
      vertex 6.38679 234.328 0
      vertex 6.65786 233.821 0
      vertex 5.13035 233.489 0.799999
    endloop
  endfacet
  facet normal -0.412188 -0.225741 -0.88269
    outer loop
      vertex 5.27821 233.212 0.799999
      vertex 6.65786 233.821 0
      vertex 6.67429 233.791 0
    endloop
  endfacet
  facet normal -0.41431 -0.221155 -0.882858
    outer loop
      vertex 6.65786 233.821 0
      vertex 5.27821 233.212 0.799999
      vertex 5.13035 233.489 0.799999
    endloop
  endfacet
  facet normal 0.0457402 -0.467424 -0.882849
    outer loop
      vertex 3.8 235.711 0
      vertex 3.8 234.2 0.799999
      vertex 3.22773 235.655 0
    endloop
  endfacet
  facet normal -0.045741 -0.467424 -0.882849
    outer loop
      vertex 3.8 235.711 0
      vertex 4.37226 235.655 0
      vertex 3.8 234.2 0.799999
    endloop
  endfacet
  facet normal 0.136261 -0.449437 -0.882859
    outer loop
      vertex 3.1597 235.641 0
      vertex 3.48786 234.169 0.799999
      vertex 3.18771 234.078 0.799999
    endloop
  endfacet
  facet normal 0.134864 -0.449772 -0.882903
    outer loop
      vertex 3.48786 234.169 0.799999
      vertex 3.1597 235.641 0
      vertex 3.19305 235.651 0
    endloop
  endfacet
  facet normal 0.136395 -0.449426 -0.882843
    outer loop
      vertex 3.1597 235.641 0
      vertex 3.18771 234.078 0.799999
      vertex 2.60943 235.474 0
    endloop
  endfacet
  facet normal 0.221296 0.414117 -0.882913
    outer loop
      vertex 2.91109 231.27 0.799999
      vertex 2.57869 229.742 0
      vertex 2.07156 230.013 0
    endloop
  endfacet
  facet normal 0.297982 0.362893 -0.882902
    outer loop
      vertex 2.91109 231.27 0.799999
      vertex 2.07156 230.013 0
      vertex 1.62705 230.378 0
    endloop
  endfacet
  facet normal -0.362699 -0.298223 -0.8829
    outer loop
      vertex 4.93137 233.731 0.799999
      vertex 6.022 234.773 0
      vertex 5.13035 233.489 0.799999
    endloop
  endfacet
  facet normal -0.363337 -0.297533 -0.882871
    outer loop
      vertex 6.022 234.773 0
      vertex 4.93137 233.731 0.799999
      vertex 5.99989 234.8 0
    endloop
  endfacet
  facet normal -0.297062 0.363765 -0.882853
    outer loop
      vertex 5.97295 230.378 0
      vertex 4.93137 231.469 0.799999
      vertex 5.99989 230.4 0
    endloop
  endfacet
  facet normal -0.297915 0.362977 -0.88289
    outer loop
      vertex 4.93137 231.469 0.799999
      vertex 5.97295 230.378 0
      vertex 4.68891 231.27 0.799999
    endloop
  endfacet
  facet normal 0.216674 0.416284 -0.88304
    outer loop
      vertex 2.57869 229.742 0
      vertex 3.18771 231.122 0.799999
      vertex 2.60943 229.726 0
    endloop
  endfacet
  facet normal 0.22153 0.414051 -0.882885
    outer loop
      vertex 3.18771 231.122 0.799999
      vertex 2.57869 229.742 0
      vertex 2.91109 231.27 0.799999
    endloop
  endfacet
  facet normal -0.045741 0.467424 -0.882849
    outer loop
      vertex 3.8 231 0.799999
      vertex 4.37226 229.545 0
      vertex 3.8 229.489 0
    endloop
  endfacet
  facet normal -0.297982 0.362893 -0.882902
    outer loop
      vertex 5.97295 230.378 0
      vertex 5.52844 230.013 0
      vertex 4.68891 231.27 0.799999
    endloop
  endfacet
  facet normal -0.221296 -0.414117 -0.882913
    outer loop
      vertex 5.02131 235.458 0
      vertex 5.52844 235.187 0
      vertex 4.68891 233.93 0.799999
    endloop
  endfacet
  facet normal -0.297982 -0.362893 -0.882902
    outer loop
      vertex 5.52844 235.187 0
      vertex 5.97295 234.822 0
      vertex 4.68891 233.93 0.799999
    endloop
  endfacet
  facet normal -0.22153 -0.414051 -0.882885
    outer loop
      vertex 4.41229 234.078 0.799999
      vertex 5.02131 235.458 0
      vertex 4.68891 233.93 0.799999
    endloop
  endfacet
  facet normal -0.216674 -0.416284 -0.88304
    outer loop
      vertex 5.02131 235.458 0
      vertex 4.41229 234.078 0.799999
      vertex 4.99057 235.474 0
    endloop
  endfacet
  facet normal 0.0464006 0.467209 0.882928
    outer loop
      vertex 3.48786 231.031 1.2
      vertex 3.22773 229.545 2
      vertex 3.8 231 1.2
    endloop
  endfacet
  facet normal 0.0537523 0.466032 0.883133
    outer loop
      vertex 3.22773 229.545 2
      vertex 3.48786 231.031 1.2
      vertex 3.19305 229.549 2
    endloop
  endfacet
  facet normal -0.449136 0.137599 0.882804
    outer loop
      vertex 5.36926 232.288 1.2
      vertex 6.84122 231.96 2
      vertex 6.85133 231.993 2
    endloop
  endfacet
  facet normal -0.449425 0.1364 0.882843
    outer loop
      vertex 6.84122 231.96 2
      vertex 5.36926 232.288 1.2
      vertex 5.27821 231.988 1.2
    endloop
  endfacet
  facet normal -0.36326 -0.297783 0.882818
    outer loop
      vertex 6.38679 234.328 2
      vertex 6.022 234.773 2
      vertex 5.13035 233.489 1.2
    endloop
  endfacet
  facet normal -0.467392 -0.0460528 0.88285
    outer loop
      vertex 6.91111 232.6 2
      vertex 6.85475 233.172 2
      vertex 5.4 232.6 1.2
    endloop
  endfacet
  facet normal -0.467451 -0.0456767 0.882838
    outer loop
      vertex 5.36926 232.912 1.2
      vertex 6.85475 233.172 2
      vertex 6.85133 233.207 2
    endloop
  endfacet
  facet normal -0.467392 -0.0460501 0.88285
    outer loop
      vertex 6.85475 233.172 2
      vertex 5.36926 232.912 1.2
      vertex 5.4 232.6 1.2
    endloop
  endfacet
  facet normal -0.216674 -0.416285 0.88304
    outer loop
      vertex 4.41229 234.078 1.2
      vertex 5.02131 235.458 2
      vertex 4.99057 235.474 2
    endloop
  endfacet
  facet normal -0.22153 -0.414052 0.882885
    outer loop
      vertex 5.02131 235.458 2
      vertex 4.41229 234.078 1.2
      vertex 4.68891 233.93 1.2
    endloop
  endfacet
  facet normal 0.467391 0.0460544 0.88285
    outer loop
      vertex 0.745251 232.028 2
      vertex 2.2 232.6 1.2
      vertex 0.688889 232.6 2
    endloop
  endfacet
  facet normal -0.467392 0.0460501 0.88285
    outer loop
      vertex 5.36926 232.288 1.2
      vertex 6.85475 232.028 2
      vertex 5.4 232.6 1.2
    endloop
  endfacet
  facet normal -0.467451 0.0456767 0.882838
    outer loop
      vertex 6.85475 232.028 2
      vertex 5.36926 232.288 1.2
      vertex 6.85133 231.993 2
    endloop
  endfacet
  facet normal -0.0537523 -0.466032 0.883133
    outer loop
      vertex 4.37227 235.655 2
      vertex 4.11214 234.169 1.2
      vertex 4.40695 235.651 2
    endloop
  endfacet
  facet normal -0.0464006 -0.467209 0.882928
    outer loop
      vertex 4.11214 234.169 1.2
      vertex 4.37227 235.655 2
      vertex 3.8 234.2 1.2
    endloop
  endfacet
  facet normal -0.412188 0.225742 0.88269
    outer loop
      vertex 5.27821 231.988 1.2
      vertex 6.65786 231.379 2
      vertex 6.67429 231.409 2
    endloop
  endfacet
  facet normal -0.41431 0.221155 0.882858
    outer loop
      vertex 6.65786 231.379 2
      vertex 5.27821 231.988 1.2
      vertex 5.13035 231.711 1.2
    endloop
  endfacet
  facet normal 0.297982 0.362893 0.882902
    outer loop
      vertex 2.07156 230.013 2
      vertex 2.91109 231.27 1.2
      vertex 1.62705 230.378 2
    endloop
  endfacet
  facet normal -0.297062 0.363766 0.882853
    outer loop
      vertex 4.93137 231.469 1.2
      vertex 5.97295 230.378 2
      vertex 5.99989 230.4 2
    endloop
  endfacet
  facet normal -0.297915 0.362978 0.882889
    outer loop
      vertex 5.97295 230.378 2
      vertex 4.93137 231.469 1.2
      vertex 4.68891 231.27 1.2
    endloop
  endfacet
  facet normal 0.449426 0.136401 0.882843
    outer loop
      vertex 2.23074 232.288 1.2
      vertex 0.758784 231.96 2
      vertex 2.32179 231.988 1.2
    endloop
  endfacet
  facet normal 0.449116 0.137688 0.882801
    outer loop
      vertex 0.758784 231.96 2
      vertex 2.23074 232.288 1.2
      vertex 0.748667 231.993 2
    endloop
  endfacet
  facet normal 0.414309 -0.221154 0.882858
    outer loop
      vertex 0.942136 233.821 2
      vertex 2.32179 233.212 1.2
      vertex 2.46965 233.489 1.2
    endloop
  endfacet
  facet normal 0.412192 -0.22573 0.882691
    outer loop
      vertex 2.32179 233.212 1.2
      vertex 0.942136 233.821 2
      vertex 0.925707 233.791 2
    endloop
  endfacet
  facet normal 0.467393 0.0460502 0.88285
    outer loop
      vertex 0.745251 232.028 2
      vertex 2.23074 232.288 1.2
      vertex 2.2 232.6 1.2
    endloop
  endfacet
  facet normal 0.46746 0.0456241 0.882836
    outer loop
      vertex 2.23074 232.288 1.2
      vertex 0.745251 232.028 2
      vertex 0.748667 231.993 2
    endloop
  endfacet
  facet normal 0.363338 -0.297533 0.88287
    outer loop
      vertex 1.578 234.773 2
      vertex 2.66863 233.731 1.2
      vertex 1.60011 234.8 2
    endloop
  endfacet
  facet normal 0.3627 -0.298223 0.8829
    outer loop
      vertex 2.66863 233.731 1.2
      vertex 1.578 234.773 2
      vertex 2.46965 233.489 1.2
    endloop
  endfacet
  facet normal -0.221296 0.414117 0.882913
    outer loop
      vertex 5.02131 229.742 2
      vertex 5.52844 230.013 2
      vertex 4.68891 231.27 1.2
    endloop
  endfacet
  facet normal -0.449443 0.136162 0.882871
    outer loop
      vertex 6.67429 231.409 2
      vertex 6.84122 231.96 2
      vertex 5.27821 231.988 1.2
    endloop
  endfacet
  facet normal -0.467392 0.0460528 0.88285
    outer loop
      vertex 6.85475 232.028 2
      vertex 6.91111 232.6 2
      vertex 5.4 232.6 1.2
    endloop
  endfacet
  facet normal 0.297982 -0.362893 0.882902
    outer loop
      vertex 2.91109 233.93 1.2
      vertex 2.07156 235.187 2
      vertex 1.62705 234.822 2
    endloop
  endfacet
  facet normal 0.221296 -0.414117 0.882913
    outer loop
      vertex 2.91109 233.93 1.2
      vertex 2.57869 235.458 2
      vertex 2.07156 235.187 2
    endloop
  endfacet
  facet normal -0.0457403 0.467425 0.882849
    outer loop
      vertex 4.37227 229.545 2
      vertex 3.8 231 1.2
      vertex 3.8 229.489 2
    endloop
  endfacet
  facet normal -0.136395 -0.449427 0.882843
    outer loop
      vertex 4.99057 235.474 2
      vertex 4.4403 235.641 2
      vertex 4.41229 234.078 1.2
    endloop
  endfacet
  facet normal 0.449444 0.136157 0.882871
    outer loop
      vertex 0.925707 231.409 2
      vertex 2.32179 231.988 1.2
      vertex 0.758784 231.96 2
    endloop
  endfacet
  facet normal -0.414223 0.221466 0.882821
    outer loop
      vertex 6.38679 230.872 2
      vertex 6.65786 231.379 2
      vertex 5.13035 231.711 1.2
    endloop
  endfacet
  facet normal -0.3627 0.298223 0.8829
    outer loop
      vertex 4.93137 231.469 1.2
      vertex 6.022 230.427 2
      vertex 5.13035 231.711 1.2
    endloop
  endfacet
  facet normal -0.363338 0.297533 0.88287
    outer loop
      vertex 6.022 230.427 2
      vertex 4.93137 231.469 1.2
      vertex 5.99989 230.4 2
    endloop
  endfacet
  facet normal -0.134864 -0.449772 0.882902
    outer loop
      vertex 4.11214 234.169 1.2
      vertex 4.4403 235.641 2
      vertex 4.40695 235.651 2
    endloop
  endfacet
  facet normal -0.136261 -0.449437 0.882859
    outer loop
      vertex 4.4403 235.641 2
      vertex 4.11214 234.169 1.2
      vertex 4.41229 234.078 1.2
    endloop
  endfacet
  facet normal -0.36326 0.297783 0.882818
    outer loop
      vertex 6.022 230.427 2
      vertex 6.38679 230.872 2
      vertex 5.13035 231.711 1.2
    endloop
  endfacet
  facet normal 0.136261 0.449437 0.882859
    outer loop
      vertex 3.1597 229.559 2
      vertex 3.48786 231.031 1.2
      vertex 3.18771 231.122 1.2
    endloop
  endfacet
  facet normal 0.134864 0.449772 0.882902
    outer loop
      vertex 3.48786 231.031 1.2
      vertex 3.1597 229.559 2
      vertex 3.19305 229.549 2
    endloop
  endfacet
  facet normal -0.297982 0.362893 0.882902
    outer loop
      vertex 5.52844 230.013 2
      vertex 5.97295 230.378 2
      vertex 4.68891 231.27 1.2
    endloop
  endfacet
  facet normal -0.136395 0.449427 0.882843
    outer loop
      vertex 4.4403 229.559 2
      vertex 4.99057 229.726 2
      vertex 4.41229 231.122 1.2
    endloop
  endfacet
  facet normal -0.22153 0.414052 0.882885
    outer loop
      vertex 4.41229 231.122 1.2
      vertex 5.02131 229.742 2
      vertex 4.68891 231.27 1.2
    endloop
  endfacet
  facet normal -0.216674 0.416285 0.88304
    outer loop
      vertex 5.02131 229.742 2
      vertex 4.41229 231.122 1.2
      vertex 4.99057 229.726 2
    endloop
  endfacet
  facet normal 0.449444 -0.136157 0.882871
    outer loop
      vertex 2.32179 233.212 1.2
      vertex 0.925707 233.791 2
      vertex 0.758784 233.24 2
    endloop
  endfacet
  facet normal 0.297915 0.362978 0.882889
    outer loop
      vertex 2.66863 231.469 1.2
      vertex 1.62705 230.378 2
      vertex 2.91109 231.27 1.2
    endloop
  endfacet
  facet normal 0.297062 0.363766 0.882853
    outer loop
      vertex 1.62705 230.378 2
      vertex 2.66863 231.469 1.2
      vertex 1.60011 230.4 2
    endloop
  endfacet
  facet normal -0.0537523 0.466032 0.883133
    outer loop
      vertex 4.11214 231.031 1.2
      vertex 4.37227 229.545 2
      vertex 4.40695 229.549 2
    endloop
  endfacet
  facet normal -0.0464006 0.467209 0.882928
    outer loop
      vertex 4.37227 229.545 2
      vertex 4.11214 231.031 1.2
      vertex 3.8 231 1.2
    endloop
  endfacet
  facet normal 0.134864 -0.449772 0.882902
    outer loop
      vertex 3.1597 235.641 2
      vertex 3.48786 234.169 1.2
      vertex 3.19305 235.651 2
    endloop
  endfacet
  facet normal 0.136261 -0.449437 0.882859
    outer loop
      vertex 3.48786 234.169 1.2
      vertex 3.1597 235.641 2
      vertex 3.18771 234.078 1.2
    endloop
  endfacet
  facet normal -0.297982 -0.362893 0.882902
    outer loop
      vertex 5.97295 234.822 2
      vertex 5.52844 235.187 2
      vertex 4.68891 233.93 1.2
    endloop
  endfacet
  facet normal 0.36326 -0.297783 0.882818
    outer loop
      vertex 2.46965 233.489 1.2
      vertex 1.578 234.773 2
      vertex 1.21321 234.328 2
    endloop
  endfacet
  facet normal -0.136261 0.449437 0.882859
    outer loop
      vertex 4.11214 231.031 1.2
      vertex 4.4403 229.559 2
      vertex 4.41229 231.122 1.2
    endloop
  endfacet
  facet normal -0.134864 0.449772 0.882902
    outer loop
      vertex 4.4403 229.559 2
      vertex 4.11214 231.031 1.2
      vertex 4.40695 229.549 2
    endloop
  endfacet
  facet normal -0.297062 -0.363766 0.882853
    outer loop
      vertex 5.97295 234.822 2
      vertex 4.93137 233.731 1.2
      vertex 5.99989 234.8 2
    endloop
  endfacet
  facet normal -0.297915 -0.362978 0.882889
    outer loop
      vertex 4.93137 233.731 1.2
      vertex 5.97295 234.822 2
      vertex 4.68891 233.93 1.2
    endloop
  endfacet
  facet normal 0.0457403 0.467425 0.882849
    outer loop
      vertex 3.8 229.489 2
      vertex 3.8 231 1.2
      vertex 3.22773 229.545 2
    endloop
  endfacet
  facet normal 0.136395 0.449427 0.882843
    outer loop
      vertex 3.1597 229.559 2
      vertex 3.18771 231.122 1.2
      vertex 2.60943 229.726 2
    endloop
  endfacet
  facet normal 0.414221 -0.221469 0.882821
    outer loop
      vertex 2.46965 233.489 1.2
      vertex 1.21321 234.328 2
      vertex 0.942136 233.821 2
    endloop
  endfacet
  facet normal 0.22153 0.414052 0.882885
    outer loop
      vertex 2.57869 229.742 2
      vertex 3.18771 231.122 1.2
      vertex 2.91109 231.27 1.2
    endloop
  endfacet
  facet normal 0.216674 0.416285 0.88304
    outer loop
      vertex 3.18771 231.122 1.2
      vertex 2.57869 229.742 2
      vertex 2.60943 229.726 2
    endloop
  endfacet
  facet normal 0.221296 0.414117 0.882913
    outer loop
      vertex 2.57869 229.742 2
      vertex 2.91109 231.27 1.2
      vertex 2.07156 230.013 2
    endloop
  endfacet
  facet normal 0.449426 -0.136401 0.882843
    outer loop
      vertex 0.758784 233.24 2
      vertex 2.23074 232.912 1.2
      vertex 2.32179 233.212 1.2
    endloop
  endfacet
  facet normal 0.449116 -0.137688 0.882801
    outer loop
      vertex 2.23074 232.912 1.2
      vertex 0.758784 233.24 2
      vertex 0.748667 233.207 2
    endloop
  endfacet
  facet normal 0.467391 -0.0460544 0.88285
    outer loop
      vertex 2.2 232.6 1.2
      vertex 0.745251 233.172 2
      vertex 0.688889 232.6 2
    endloop
  endfacet
  facet normal 0.136395 -0.449427 0.882843
    outer loop
      vertex 3.18771 234.078 1.2
      vertex 3.1597 235.641 2
      vertex 2.60943 235.474 2
    endloop
  endfacet
  facet normal 0.297915 -0.362978 0.882889
    outer loop
      vertex 1.62705 234.822 2
      vertex 2.66863 233.731 1.2
      vertex 2.91109 233.93 1.2
    endloop
  endfacet
  facet normal 0.297062 -0.363766 0.882853
    outer loop
      vertex 2.66863 233.731 1.2
      vertex 1.62705 234.822 2
      vertex 1.60011 234.8 2
    endloop
  endfacet
  facet normal 0.46746 -0.0456241 0.882836
    outer loop
      vertex 0.745251 233.172 2
      vertex 2.23074 232.912 1.2
      vertex 0.748667 233.207 2
    endloop
  endfacet
  facet normal 0.467393 -0.0460502 0.88285
    outer loop
      vertex 2.23074 232.912 1.2
      vertex 0.745251 233.172 2
      vertex 2.2 232.6 1.2
    endloop
  endfacet
  facet normal -0.221296 -0.414117 0.882913
    outer loop
      vertex 5.52844 235.187 2
      vertex 5.02131 235.458 2
      vertex 4.68891 233.93 1.2
    endloop
  endfacet
  facet normal 0.0457403 -0.467425 0.882849
    outer loop
      vertex 3.8 234.2 1.2
      vertex 3.8 235.711 2
      vertex 3.22773 235.655 2
    endloop
  endfacet
  facet normal 0.414221 0.221469 0.882821
    outer loop
      vertex 1.21321 230.872 2
      vertex 2.46965 231.711 1.2
      vertex 0.942136 231.379 2
    endloop
  endfacet
  facet normal 0.414309 0.221154 0.882858
    outer loop
      vertex 2.32179 231.988 1.2
      vertex 0.942136 231.379 2
      vertex 2.46965 231.711 1.2
    endloop
  endfacet
  facet normal 0.412192 0.22573 0.882691
    outer loop
      vertex 0.942136 231.379 2
      vertex 2.32179 231.988 1.2
      vertex 0.925707 231.409 2
    endloop
  endfacet
  facet normal 0.36326 0.297783 0.882818
    outer loop
      vertex 1.578 230.427 2
      vertex 2.46965 231.711 1.2
      vertex 1.21321 230.872 2
    endloop
  endfacet
  facet normal 0.3627 0.298223 0.8829
    outer loop
      vertex 1.578 230.427 2
      vertex 2.66863 231.469 1.2
      vertex 2.46965 231.711 1.2
    endloop
  endfacet
  facet normal 0.363338 0.297533 0.88287
    outer loop
      vertex 2.66863 231.469 1.2
      vertex 1.578 230.427 2
      vertex 1.60011 230.4 2
    endloop
  endfacet
  facet normal -0.0457403 -0.467425 0.882849
    outer loop
      vertex 4.37227 235.655 2
      vertex 3.8 235.711 2
      vertex 3.8 234.2 1.2
    endloop
  endfacet
  facet normal 0.216674 -0.416285 0.88304
    outer loop
      vertex 2.57869 235.458 2
      vertex 3.18771 234.078 1.2
      vertex 2.60943 235.474 2
    endloop
  endfacet
  facet normal 0.22153 -0.414052 0.882885
    outer loop
      vertex 3.18771 234.078 1.2
      vertex 2.57869 235.458 2
      vertex 2.91109 233.93 1.2
    endloop
  endfacet
  facet normal -0.414223 -0.221466 0.882821
    outer loop
      vertex 6.65786 233.821 2
      vertex 6.38679 234.328 2
      vertex 5.13035 233.489 1.2
    endloop
  endfacet
  facet normal 0.0464006 -0.467209 0.882928
    outer loop
      vertex 3.22773 235.655 2
      vertex 3.48786 234.169 1.2
      vertex 3.8 234.2 1.2
    endloop
  endfacet
  facet normal 0.0537523 -0.466032 0.883133
    outer loop
      vertex 3.48786 234.169 1.2
      vertex 3.22773 235.655 2
      vertex 3.19305 235.651 2
    endloop
  endfacet
  facet normal -0.412188 -0.225742 0.88269
    outer loop
      vertex 6.65786 233.821 2
      vertex 5.27821 233.212 1.2
      vertex 6.67429 233.791 2
    endloop
  endfacet
  facet normal -0.41431 -0.221155 0.882858
    outer loop
      vertex 5.27821 233.212 1.2
      vertex 6.65786 233.821 2
      vertex 5.13035 233.489 1.2
    endloop
  endfacet
  facet normal -0.363338 -0.297533 0.88287
    outer loop
      vertex 4.93137 233.731 1.2
      vertex 6.022 234.773 2
      vertex 5.99989 234.8 2
    endloop
  endfacet
  facet normal -0.3627 -0.298223 0.8829
    outer loop
      vertex 6.022 234.773 2
      vertex 4.93137 233.731 1.2
      vertex 5.13035 233.489 1.2
    endloop
  endfacet
  facet normal -0.449443 -0.136162 0.882871
    outer loop
      vertex 6.84122 233.24 2
      vertex 6.67429 233.791 2
      vertex 5.27821 233.212 1.2
    endloop
  endfacet
  facet normal -0.449136 -0.137599 0.882804
    outer loop
      vertex 6.84122 233.24 2
      vertex 5.36926 232.912 1.2
      vertex 6.85133 233.207 2
    endloop
  endfacet
  facet normal -0.449425 -0.1364 0.882843
    outer loop
      vertex 5.36926 232.912 1.2
      vertex 6.84122 233.24 2
      vertex 5.27821 233.212 1.2
    endloop
  endfacet
  facet normal -0.956944 -0.290273 0
    outer loop
      vertex 182.169 232.912 0.799999
      vertex 182.078 233.212 1.2
      vertex 182.078 233.212 0.799999
    endloop
  endfacet
  facet normal -0.956944 -0.290273 0
    outer loop
      vertex 182.078 233.212 1.2
      vertex 182.169 232.912 0.799999
      vertex 182.169 232.912 1.2
    endloop
  endfacet
  facet normal -0.9951 -0.0988721 0
    outer loop
      vertex 182.2 232.6 0.799999
      vertex 182.169 232.912 1.2
      vertex 182.169 232.912 0.799999
    endloop
  endfacet
  facet normal -0.9951 -0.0988721 0
    outer loop
      vertex 182.169 232.912 1.2
      vertex 182.2 232.6 0.799999
      vertex 182.2 232.6 1.2
    endloop
  endfacet
  facet normal -0.882 -0.471249 0
    outer loop
      vertex 182.078 233.212 0.799999
      vertex 181.93 233.489 1.2
      vertex 181.93 233.489 0.799999
    endloop
  endfacet
  facet normal -0.882 -0.471249 0
    outer loop
      vertex 181.93 233.489 1.2
      vertex 182.078 233.212 0.799999
      vertex 182.078 233.212 1.2
    endloop
  endfacet
  facet normal 0.635148 -0.772391 0
    outer loop
      vertex 179.469 233.731 0.799999
      vertex 179.711 233.93 1.2
      vertex 179.469 233.731 1.2
    endloop
  endfacet
  facet normal 0.635148 -0.772391 0
    outer loop
      vertex 179.711 233.93 1.2
      vertex 179.469 233.731 0.799999
      vertex 179.711 233.93 0.799999
    endloop
  endfacet
  facet normal -0.290273 -0.956944 0
    outer loop
      vertex 180.912 234.169 0.799999
      vertex 181.212 234.078 1.2
      vertex 180.912 234.169 1.2
    endloop
  endfacet
  facet normal -0.290273 -0.956944 -0
    outer loop
      vertex 181.212 234.078 1.2
      vertex 180.912 234.169 0.799999
      vertex 181.212 234.078 0.799999
    endloop
  endfacet
  facet normal -0.772391 -0.635148 0
    outer loop
      vertex 181.93 233.489 0.799999
      vertex 181.731 233.731 1.2
      vertex 181.731 233.731 0.799999
    endloop
  endfacet
  facet normal -0.772391 -0.635148 0
    outer loop
      vertex 181.731 233.731 1.2
      vertex 181.93 233.489 0.799999
      vertex 181.93 233.489 1.2
    endloop
  endfacet
  facet normal 0.772391 -0.635148 0
    outer loop
      vertex 179.27 233.489 1.2
      vertex 179.469 233.731 0.799999
      vertex 179.469 233.731 1.2
    endloop
  endfacet
  facet normal 0.772391 -0.635148 0
    outer loop
      vertex 179.469 233.731 0.799999
      vertex 179.27 233.489 1.2
      vertex 179.27 233.489 0.799999
    endloop
  endfacet
  facet normal 0.882 0.471249 0
    outer loop
      vertex 179.27 231.711 1.2
      vertex 179.122 231.988 0.799999
      vertex 179.122 231.988 1.2
    endloop
  endfacet
  facet normal 0.882 0.471249 0
    outer loop
      vertex 179.122 231.988 0.799999
      vertex 179.27 231.711 1.2
      vertex 179.27 231.711 0.799999
    endloop
  endfacet
  facet normal -0.882 0.471249 0
    outer loop
      vertex 181.93 231.711 0.799999
      vertex 182.078 231.988 1.2
      vertex 182.078 231.988 0.799999
    endloop
  endfacet
  facet normal -0.882 0.471249 0
    outer loop
      vertex 182.078 231.988 1.2
      vertex 181.93 231.711 0.799999
      vertex 181.93 231.711 1.2
    endloop
  endfacet
  facet normal 0.290273 -0.956944 0
    outer loop
      vertex 179.988 234.078 0.799999
      vertex 180.288 234.169 1.2
      vertex 179.988 234.078 1.2
    endloop
  endfacet
  facet normal 0.290273 -0.956944 0
    outer loop
      vertex 180.288 234.169 1.2
      vertex 179.988 234.078 0.799999
      vertex 180.288 234.169 0.799999
    endloop
  endfacet
  facet normal -0.290273 0.956944 0
    outer loop
      vertex 181.212 231.122 0.799999
      vertex 180.912 231.031 1.2
      vertex 181.212 231.122 1.2
    endloop
  endfacet
  facet normal -0.290273 0.956944 0
    outer loop
      vertex 180.912 231.031 1.2
      vertex 181.212 231.122 0.799999
      vertex 180.912 231.031 0.799999
    endloop
  endfacet
  facet normal -0.635148 -0.772391 0
    outer loop
      vertex 181.489 233.93 0.799999
      vertex 181.731 233.731 1.2
      vertex 181.489 233.93 1.2
    endloop
  endfacet
  facet normal -0.635148 -0.772391 -0
    outer loop
      vertex 181.731 233.731 1.2
      vertex 181.489 233.93 0.799999
      vertex 181.731 233.731 0.799999
    endloop
  endfacet
  facet normal -0.635148 0.772391 0
    outer loop
      vertex 181.731 231.469 0.799999
      vertex 181.489 231.27 1.2
      vertex 181.731 231.469 1.2
    endloop
  endfacet
  facet normal -0.635148 0.772391 0
    outer loop
      vertex 181.489 231.27 1.2
      vertex 181.731 231.469 0.799999
      vertex 181.489 231.27 0.799999
    endloop
  endfacet
  facet normal -0.471249 0.882 0
    outer loop
      vertex 181.489 231.27 0.799999
      vertex 181.212 231.122 1.2
      vertex 181.489 231.27 1.2
    endloop
  endfacet
  facet normal -0.471249 0.882 0
    outer loop
      vertex 181.212 231.122 1.2
      vertex 181.489 231.27 0.799999
      vertex 181.212 231.122 0.799999
    endloop
  endfacet
  facet normal 0.635148 0.772391 -0
    outer loop
      vertex 179.711 231.27 0.799999
      vertex 179.469 231.469 1.2
      vertex 179.711 231.27 1.2
    endloop
  endfacet
  facet normal 0.635148 0.772391 0
    outer loop
      vertex 179.469 231.469 1.2
      vertex 179.711 231.27 0.799999
      vertex 179.469 231.469 0.799999
    endloop
  endfacet
  facet normal -0.772391 0.635148 0
    outer loop
      vertex 181.731 231.469 0.799999
      vertex 181.93 231.711 1.2
      vertex 181.93 231.711 0.799999
    endloop
  endfacet
  facet normal -0.772391 0.635148 0
    outer loop
      vertex 181.93 231.711 1.2
      vertex 181.731 231.469 0.799999
      vertex 181.731 231.469 1.2
    endloop
  endfacet
  facet normal -0.9951 0.0988721 0
    outer loop
      vertex 182.169 232.288 0.799999
      vertex 182.2 232.6 1.2
      vertex 182.2 232.6 0.799999
    endloop
  endfacet
  facet normal -0.9951 0.0988721 0
    outer loop
      vertex 182.2 232.6 1.2
      vertex 182.169 232.288 0.799999
      vertex 182.169 232.288 1.2
    endloop
  endfacet
  facet normal -0.956944 0.290273 0
    outer loop
      vertex 182.078 231.988 0.799999
      vertex 182.169 232.288 1.2
      vertex 182.169 232.288 0.799999
    endloop
  endfacet
  facet normal -0.956944 0.290273 0
    outer loop
      vertex 182.169 232.288 1.2
      vertex 182.078 231.988 0.799999
      vertex 182.078 231.988 1.2
    endloop
  endfacet
  facet normal 0.471249 -0.882 0
    outer loop
      vertex 179.711 233.93 0.799999
      vertex 179.988 234.078 1.2
      vertex 179.711 233.93 1.2
    endloop
  endfacet
  facet normal 0.471249 -0.882 0
    outer loop
      vertex 179.988 234.078 1.2
      vertex 179.711 233.93 0.799999
      vertex 179.988 234.078 0.799999
    endloop
  endfacet
  facet normal -0.471249 -0.882 0
    outer loop
      vertex 181.212 234.078 0.799999
      vertex 181.489 233.93 1.2
      vertex 181.212 234.078 1.2
    endloop
  endfacet
  facet normal -0.471249 -0.882 -0
    outer loop
      vertex 181.489 233.93 1.2
      vertex 181.212 234.078 0.799999
      vertex 181.489 233.93 0.799999
    endloop
  endfacet
  facet normal 0.956944 -0.290273 0
    outer loop
      vertex 179.031 232.912 1.2
      vertex 179.122 233.212 0.799999
      vertex 179.122 233.212 1.2
    endloop
  endfacet
  facet normal 0.956944 -0.290273 0
    outer loop
      vertex 179.122 233.212 0.799999
      vertex 179.031 232.912 1.2
      vertex 179.031 232.912 0.799999
    endloop
  endfacet
  facet normal -0.0988721 0.9951 0
    outer loop
      vertex 180.912 231.031 0.799999
      vertex 180.6 231 1.2
      vertex 180.912 231.031 1.2
    endloop
  endfacet
  facet normal -0.0988721 0.9951 0
    outer loop
      vertex 180.6 231 1.2
      vertex 180.912 231.031 0.799999
      vertex 180.6 231 0.799999
    endloop
  endfacet
  facet normal 0.0988721 -0.9951 0
    outer loop
      vertex 180.288 234.169 0.799999
      vertex 180.6 234.2 1.2
      vertex 180.288 234.169 1.2
    endloop
  endfacet
  facet normal 0.0988721 -0.9951 0
    outer loop
      vertex 180.6 234.2 1.2
      vertex 180.288 234.169 0.799999
      vertex 180.6 234.2 0.799999
    endloop
  endfacet
  facet normal 0.882 -0.471249 0
    outer loop
      vertex 179.122 233.212 1.2
      vertex 179.27 233.489 0.799999
      vertex 179.27 233.489 1.2
    endloop
  endfacet
  facet normal 0.882 -0.471249 0
    outer loop
      vertex 179.27 233.489 0.799999
      vertex 179.122 233.212 1.2
      vertex 179.122 233.212 0.799999
    endloop
  endfacet
  facet normal 0.956944 0.290273 0
    outer loop
      vertex 179.122 231.988 1.2
      vertex 179.031 232.288 0.799999
      vertex 179.031 232.288 1.2
    endloop
  endfacet
  facet normal 0.956944 0.290273 0
    outer loop
      vertex 179.031 232.288 0.799999
      vertex 179.122 231.988 1.2
      vertex 179.122 231.988 0.799999
    endloop
  endfacet
  facet normal 0.9951 0.0988721 0
    outer loop
      vertex 179.031 232.288 1.2
      vertex 179 232.6 0.799999
      vertex 179 232.6 1.2
    endloop
  endfacet
  facet normal 0.9951 0.0988721 0
    outer loop
      vertex 179 232.6 0.799999
      vertex 179.031 232.288 1.2
      vertex 179.031 232.288 0.799999
    endloop
  endfacet
  facet normal 0.772391 0.635148 0
    outer loop
      vertex 179.469 231.469 1.2
      vertex 179.27 231.711 0.799999
      vertex 179.27 231.711 1.2
    endloop
  endfacet
  facet normal 0.772391 0.635148 0
    outer loop
      vertex 179.27 231.711 0.799999
      vertex 179.469 231.469 1.2
      vertex 179.469 231.469 0.799999
    endloop
  endfacet
  facet normal 0.471249 0.882 -0
    outer loop
      vertex 179.988 231.122 0.799999
      vertex 179.711 231.27 1.2
      vertex 179.988 231.122 1.2
    endloop
  endfacet
  facet normal 0.471249 0.882 0
    outer loop
      vertex 179.711 231.27 1.2
      vertex 179.988 231.122 0.799999
      vertex 179.711 231.27 0.799999
    endloop
  endfacet
  facet normal -0.0988721 -0.9951 0
    outer loop
      vertex 180.6 234.2 0.799999
      vertex 180.912 234.169 1.2
      vertex 180.6 234.2 1.2
    endloop
  endfacet
  facet normal -0.0988721 -0.9951 -0
    outer loop
      vertex 180.912 234.169 1.2
      vertex 180.6 234.2 0.799999
      vertex 180.912 234.169 0.799999
    endloop
  endfacet
  facet normal 0.9951 -0.0988721 0
    outer loop
      vertex 179 232.6 1.2
      vertex 179.031 232.912 0.799999
      vertex 179.031 232.912 1.2
    endloop
  endfacet
  facet normal 0.9951 -0.0988721 0
    outer loop
      vertex 179.031 232.912 0.799999
      vertex 179 232.6 1.2
      vertex 179 232.6 0.799999
    endloop
  endfacet
  facet normal 0.0988721 0.9951 -0
    outer loop
      vertex 180.6 231 0.799999
      vertex 180.288 231.031 1.2
      vertex 180.6 231 1.2
    endloop
  endfacet
  facet normal 0.0988721 0.9951 0
    outer loop
      vertex 180.288 231.031 1.2
      vertex 180.6 231 0.799999
      vertex 180.288 231.031 0.799999
    endloop
  endfacet
  facet normal 0.290273 0.956944 -0
    outer loop
      vertex 180.288 231.031 0.799999
      vertex 179.988 231.122 1.2
      vertex 180.288 231.031 1.2
    endloop
  endfacet
  facet normal 0.290273 0.956944 0
    outer loop
      vertex 179.988 231.122 1.2
      vertex 180.288 231.031 0.799999
      vertex 179.988 231.122 0.799999
    endloop
  endfacet
  facet normal -0.467424 -0.0457618 -0.882848
    outer loop
      vertex 183.655 233.172 0
      vertex 183.711 232.6 0
      vertex 182.2 232.6 0.799999
    endloop
  endfacet
  facet normal -0.449463 -0.136201 -0.882855
    outer loop
      vertex 182.169 232.912 0.799999
      vertex 183.641 233.24 0
      vertex 183.651 233.207 0
    endloop
  endfacet
  facet normal -0.449432 -0.136328 -0.882851
    outer loop
      vertex 183.641 233.24 0
      vertex 182.169 232.912 0.799999
      vertex 182.078 233.212 0.799999
    endloop
  endfacet
  facet normal -0.296644 -0.364063 -0.882871
    outer loop
      vertex 181.731 233.731 0.799999
      vertex 182.773 234.822 0
      vertex 182.8 234.8 0
    endloop
  endfacet
  facet normal -0.298196 -0.36263 -0.882938
    outer loop
      vertex 182.773 234.822 0
      vertex 181.731 233.731 0.799999
      vertex 181.489 233.93 0.799999
    endloop
  endfacet
  facet normal -0.136219 0.449441 -0.882863
    outer loop
      vertex 181.791 229.726 0
      vertex 181.24 229.559 0
      vertex 181.212 231.122 0.799999
    endloop
  endfacet
  facet normal 0.221367 -0.414144 -0.882883
    outer loop
      vertex 179.379 235.458 0
      vertex 179.711 233.93 0.799999
      vertex 178.872 235.187 0
    endloop
  endfacet
  facet normal 0.363102 0.297825 -0.882869
    outer loop
      vertex 179.27 231.711 0.799999
      vertex 178.378 230.427 0
      vertex 178.013 230.872 0
    endloop
  endfacet
  facet normal 0.298196 0.36263 -0.882938
    outer loop
      vertex 178.427 230.378 0
      vertex 179.469 231.469 0.799999
      vertex 179.711 231.27 0.799999
    endloop
  endfacet
  facet normal 0.296644 0.364063 -0.882871
    outer loop
      vertex 179.469 231.469 0.799999
      vertex 178.427 230.378 0
      vertex 178.4 230.4 0
    endloop
  endfacet
  facet normal 0.449441 0.136219 -0.882863
    outer loop
      vertex 179.122 231.988 0.799999
      vertex 177.726 231.409 0
      vertex 177.559 231.96 0
    endloop
  endfacet
  facet normal 0.0464214 0.467208 -0.882928
    outer loop
      vertex 180.028 229.545 0
      vertex 180.288 231.031 0.799999
      vertex 180.6 231 0.799999
    endloop
  endfacet
  facet normal 0.0532701 0.466114 -0.88312
    outer loop
      vertex 180.288 231.031 0.799999
      vertex 180.028 229.545 0
      vertex 179.993 229.549 0
    endloop
  endfacet
  facet normal -0.136219 -0.449441 -0.882863
    outer loop
      vertex 181.24 235.641 0
      vertex 181.791 235.474 0
      vertex 181.212 234.078 0.799999
    endloop
  endfacet
  facet normal 0.136201 0.449463 -0.882855
    outer loop
      vertex 179.96 229.559 0
      vertex 180.288 231.031 0.799999
      vertex 179.993 229.549 0
    endloop
  endfacet
  facet normal 0.136328 0.449432 -0.882851
    outer loop
      vertex 180.288 231.031 0.799999
      vertex 179.96 229.559 0
      vertex 179.988 231.122 0.799999
    endloop
  endfacet
  facet normal -0.221367 0.414144 -0.882883
    outer loop
      vertex 182.328 230.013 0
      vertex 181.821 229.742 0
      vertex 181.489 231.27 0.799999
    endloop
  endfacet
  facet normal -0.0532701 -0.466114 -0.88312
    outer loop
      vertex 180.912 234.169 0.799999
      vertex 181.172 235.655 0
      vertex 181.207 235.651 0
    endloop
  endfacet
  facet normal -0.0464214 -0.467208 -0.882928
    outer loop
      vertex 181.172 235.655 0
      vertex 180.912 234.169 0.799999
      vertex 180.6 234.2 0.799999
    endloop
  endfacet
  facet normal -0.136328 -0.449432 -0.882851
    outer loop
      vertex 180.912 234.169 0.799999
      vertex 181.24 235.641 0
      vertex 181.212 234.078 0.799999
    endloop
  endfacet
  facet normal -0.136201 -0.449463 -0.882855
    outer loop
      vertex 181.24 235.641 0
      vertex 180.912 234.169 0.799999
      vertex 181.207 235.651 0
    endloop
  endfacet
  facet normal 0.364063 0.296644 -0.882871
    outer loop
      vertex 178.378 230.427 0
      vertex 179.469 231.469 0.799999
      vertex 178.4 230.4 0
    endloop
  endfacet
  facet normal 0.36263 0.298196 -0.882938
    outer loop
      vertex 179.469 231.469 0.799999
      vertex 178.378 230.427 0
      vertex 179.27 231.711 0.799999
    endloop
  endfacet
  facet normal -0.363102 0.297825 -0.882869
    outer loop
      vertex 183.187 230.872 0
      vertex 182.822 230.427 0
      vertex 181.93 231.711 0.799999
    endloop
  endfacet
  facet normal 0.467424 0.0457618 -0.882848
    outer loop
      vertex 179 232.6 0.799999
      vertex 177.545 232.028 0
      vertex 177.489 232.6 0
    endloop
  endfacet
  facet normal -0.136201 0.449463 -0.882855
    outer loop
      vertex 180.912 231.031 0.799999
      vertex 181.24 229.559 0
      vertex 181.207 229.549 0
    endloop
  endfacet
  facet normal -0.136328 0.449432 -0.882851
    outer loop
      vertex 181.24 229.559 0
      vertex 180.912 231.031 0.799999
      vertex 181.212 231.122 0.799999
    endloop
  endfacet
  facet normal -0.220967 0.414313 -0.882903
    outer loop
      vertex 181.212 231.122 0.799999
      vertex 181.821 229.742 0
      vertex 181.791 229.726 0
    endloop
  endfacet
  facet normal -0.221287 0.414166 -0.882892
    outer loop
      vertex 181.821 229.742 0
      vertex 181.212 231.122 0.799999
      vertex 181.489 231.27 0.799999
    endloop
  endfacet
  facet normal 0.449441 -0.136219 -0.882863
    outer loop
      vertex 177.726 233.791 0
      vertex 179.122 233.212 0.799999
      vertex 177.559 233.24 0
    endloop
  endfacet
  facet normal -0.414144 0.221367 -0.882883
    outer loop
      vertex 183.458 231.379 0
      vertex 183.187 230.872 0
      vertex 181.93 231.711 0.799999
    endloop
  endfacet
  facet normal 0.298196 -0.36263 -0.882938
    outer loop
      vertex 179.469 233.731 0.799999
      vertex 178.427 234.822 0
      vertex 179.711 233.93 0.799999
    endloop
  endfacet
  facet normal 0.296644 -0.364063 -0.882871
    outer loop
      vertex 178.427 234.822 0
      vertex 179.469 233.731 0.799999
      vertex 178.4 234.8 0
    endloop
  endfacet
  facet normal -0.467208 -0.0464214 -0.882928
    outer loop
      vertex 182.169 232.912 0.799999
      vertex 183.655 233.172 0
      vertex 182.2 232.6 0.799999
    endloop
  endfacet
  facet normal -0.466114 -0.0532701 -0.88312
    outer loop
      vertex 183.655 233.172 0
      vertex 182.169 232.912 0.799999
      vertex 183.651 233.207 0
    endloop
  endfacet
  facet normal -0.364063 0.296644 -0.882871
    outer loop
      vertex 181.731 231.469 0.799999
      vertex 182.822 230.427 0
      vertex 182.8 230.4 0
    endloop
  endfacet
  facet normal -0.36263 0.298196 -0.882938
    outer loop
      vertex 182.822 230.427 0
      vertex 181.731 231.469 0.799999
      vertex 181.93 231.711 0.799999
    endloop
  endfacet
  facet normal -0.467424 0.0457618 -0.882848
    outer loop
      vertex 183.711 232.6 0
      vertex 183.655 232.028 0
      vertex 182.2 232.6 0.799999
    endloop
  endfacet
  facet normal 0.466114 0.0532701 -0.88312
    outer loop
      vertex 177.545 232.028 0
      vertex 179.031 232.288 0.799999
      vertex 177.549 231.993 0
    endloop
  endfacet
  facet normal 0.467208 0.0464214 -0.882928
    outer loop
      vertex 179.031 232.288 0.799999
      vertex 177.545 232.028 0
      vertex 179 232.6 0.799999
    endloop
  endfacet
  facet normal 0.0457618 0.467424 -0.882848
    outer loop
      vertex 180.6 231 0.799999
      vertex 180.6 229.489 0
      vertex 180.028 229.545 0
    endloop
  endfacet
  facet normal -0.449441 0.136219 -0.882863
    outer loop
      vertex 183.641 231.96 0
      vertex 183.474 231.409 0
      vertex 182.078 231.988 0.799999
    endloop
  endfacet
  facet normal 0.297825 -0.363102 -0.882869
    outer loop
      vertex 178.872 235.187 0
      vertex 179.711 233.93 0.799999
      vertex 178.427 234.822 0
    endloop
  endfacet
  facet normal 0.449432 0.136328 -0.882851
    outer loop
      vertex 177.559 231.96 0
      vertex 179.031 232.288 0.799999
      vertex 179.122 231.988 0.799999
    endloop
  endfacet
  facet normal 0.449463 0.136201 -0.882855
    outer loop
      vertex 179.031 232.288 0.799999
      vertex 177.559 231.96 0
      vertex 177.549 231.993 0
    endloop
  endfacet
  facet normal 0.136219 0.449441 -0.882863
    outer loop
      vertex 179.988 231.122 0.799999
      vertex 179.96 229.559 0
      vertex 179.409 229.726 0
    endloop
  endfacet
  facet normal -0.0532701 0.466114 -0.88312
    outer loop
      vertex 181.172 229.545 0
      vertex 180.912 231.031 0.799999
      vertex 181.207 229.549 0
    endloop
  endfacet
  facet normal -0.0464214 0.467208 -0.882928
    outer loop
      vertex 180.912 231.031 0.799999
      vertex 181.172 229.545 0
      vertex 180.6 231 0.799999
    endloop
  endfacet
  facet normal 0.414166 0.221287 -0.882892
    outer loop
      vertex 177.742 231.379 0
      vertex 179.122 231.988 0.799999
      vertex 179.27 231.711 0.799999
    endloop
  endfacet
  facet normal 0.414313 0.220967 -0.882903
    outer loop
      vertex 179.122 231.988 0.799999
      vertex 177.742 231.379 0
      vertex 177.726 231.409 0
    endloop
  endfacet
  facet normal 0.467424 -0.0457618 -0.882848
    outer loop
      vertex 177.545 233.172 0
      vertex 179 232.6 0.799999
      vertex 177.489 232.6 0
    endloop
  endfacet
  facet normal 0.36263 -0.298196 -0.882938
    outer loop
      vertex 178.378 234.773 0
      vertex 179.469 233.731 0.799999
      vertex 179.27 233.489 0.799999
    endloop
  endfacet
  facet normal 0.364063 -0.296644 -0.882871
    outer loop
      vertex 179.469 233.731 0.799999
      vertex 178.378 234.773 0
      vertex 178.4 234.8 0
    endloop
  endfacet
  facet normal 0.414166 -0.221287 -0.882892
    outer loop
      vertex 179.122 233.212 0.799999
      vertex 177.742 233.821 0
      vertex 179.27 233.489 0.799999
    endloop
  endfacet
  facet normal 0.414313 -0.220967 -0.882903
    outer loop
      vertex 177.742 233.821 0
      vertex 179.122 233.212 0.799999
      vertex 177.726 233.791 0
    endloop
  endfacet
  facet normal -0.449463 0.136201 -0.882855
    outer loop
      vertex 183.641 231.96 0
      vertex 182.169 232.288 0.799999
      vertex 183.651 231.993 0
    endloop
  endfacet
  facet normal -0.449432 0.136328 -0.882851
    outer loop
      vertex 182.169 232.288 0.799999
      vertex 183.641 231.96 0
      vertex 182.078 231.988 0.799999
    endloop
  endfacet
  facet normal 0.221287 -0.414166 -0.882892
    outer loop
      vertex 179.379 235.458 0
      vertex 179.988 234.078 0.799999
      vertex 179.711 233.93 0.799999
    endloop
  endfacet
  facet normal 0.220967 -0.414313 -0.882903
    outer loop
      vertex 179.988 234.078 0.799999
      vertex 179.379 235.458 0
      vertex 179.409 235.474 0
    endloop
  endfacet
  facet normal -0.414313 0.220967 -0.882903
    outer loop
      vertex 183.458 231.379 0
      vertex 182.078 231.988 0.799999
      vertex 183.474 231.409 0
    endloop
  endfacet
  facet normal -0.414166 0.221287 -0.882892
    outer loop
      vertex 182.078 231.988 0.799999
      vertex 183.458 231.379 0
      vertex 181.93 231.711 0.799999
    endloop
  endfacet
  facet normal -0.466114 0.0532701 -0.88312
    outer loop
      vertex 182.169 232.288 0.799999
      vertex 183.655 232.028 0
      vertex 183.651 231.993 0
    endloop
  endfacet
  facet normal -0.467208 0.0464214 -0.882928
    outer loop
      vertex 183.655 232.028 0
      vertex 182.169 232.288 0.799999
      vertex 182.2 232.6 0.799999
    endloop
  endfacet
  facet normal 0.414144 0.221367 -0.882883
    outer loop
      vertex 179.27 231.711 0.799999
      vertex 178.013 230.872 0
      vertex 177.742 231.379 0
    endloop
  endfacet
  facet normal 0.449432 -0.136328 -0.882851
    outer loop
      vertex 179.031 232.912 0.799999
      vertex 177.559 233.24 0
      vertex 179.122 233.212 0.799999
    endloop
  endfacet
  facet normal 0.449463 -0.136201 -0.882855
    outer loop
      vertex 177.559 233.24 0
      vertex 179.031 232.912 0.799999
      vertex 177.549 233.207 0
    endloop
  endfacet
  facet normal 0.467208 -0.0464214 -0.882928
    outer loop
      vertex 177.545 233.172 0
      vertex 179.031 232.912 0.799999
      vertex 179 232.6 0.799999
    endloop
  endfacet
  facet normal 0.466114 -0.0532701 -0.88312
    outer loop
      vertex 179.031 232.912 0.799999
      vertex 177.545 233.172 0
      vertex 177.549 233.207 0
    endloop
  endfacet
  facet normal 0.363102 -0.297825 -0.882869
    outer loop
      vertex 178.378 234.773 0
      vertex 179.27 233.489 0.799999
      vertex 178.013 234.328 0
    endloop
  endfacet
  facet normal 0.414144 -0.221367 -0.882883
    outer loop
      vertex 178.013 234.328 0
      vertex 179.27 233.489 0.799999
      vertex 177.742 233.821 0
    endloop
  endfacet
  facet normal -0.363102 -0.297825 -0.882869
    outer loop
      vertex 182.822 234.773 0
      vertex 183.187 234.328 0
      vertex 181.93 233.489 0.799999
    endloop
  endfacet
  facet normal 0.0464214 -0.467208 -0.882928
    outer loop
      vertex 180.288 234.169 0.799999
      vertex 180.028 235.655 0
      vertex 180.6 234.2 0.799999
    endloop
  endfacet
  facet normal 0.0532701 -0.466114 -0.88312
    outer loop
      vertex 180.028 235.655 0
      vertex 180.288 234.169 0.799999
      vertex 179.993 235.651 0
    endloop
  endfacet
  facet normal -0.449441 -0.136219 -0.882863
    outer loop
      vertex 183.474 233.791 0
      vertex 183.641 233.24 0
      vertex 182.078 233.212 0.799999
    endloop
  endfacet
  facet normal -0.414144 -0.221367 -0.882883
    outer loop
      vertex 183.187 234.328 0
      vertex 183.458 233.821 0
      vertex 181.93 233.489 0.799999
    endloop
  endfacet
  facet normal -0.414313 -0.220967 -0.882903
    outer loop
      vertex 182.078 233.212 0.799999
      vertex 183.458 233.821 0
      vertex 183.474 233.791 0
    endloop
  endfacet
  facet normal -0.414166 -0.221287 -0.882892
    outer loop
      vertex 183.458 233.821 0
      vertex 182.078 233.212 0.799999
      vertex 181.93 233.489 0.799999
    endloop
  endfacet
  facet normal 0.0457618 -0.467424 -0.882848
    outer loop
      vertex 180.6 235.711 0
      vertex 180.6 234.2 0.799999
      vertex 180.028 235.655 0
    endloop
  endfacet
  facet normal -0.0457618 -0.467424 -0.882848
    outer loop
      vertex 180.6 235.711 0
      vertex 181.172 235.655 0
      vertex 180.6 234.2 0.799999
    endloop
  endfacet
  facet normal 0.136328 -0.449432 -0.882851
    outer loop
      vertex 179.96 235.641 0
      vertex 180.288 234.169 0.799999
      vertex 179.988 234.078 0.799999
    endloop
  endfacet
  facet normal 0.136201 -0.449463 -0.882855
    outer loop
      vertex 180.288 234.169 0.799999
      vertex 179.96 235.641 0
      vertex 179.993 235.651 0
    endloop
  endfacet
  facet normal 0.136219 -0.449441 -0.882863
    outer loop
      vertex 179.96 235.641 0
      vertex 179.988 234.078 0.799999
      vertex 179.409 235.474 0
    endloop
  endfacet
  facet normal 0.221367 0.414144 -0.882883
    outer loop
      vertex 179.711 231.27 0.799999
      vertex 179.379 229.742 0
      vertex 178.872 230.013 0
    endloop
  endfacet
  facet normal 0.297825 0.363102 -0.882869
    outer loop
      vertex 179.711 231.27 0.799999
      vertex 178.872 230.013 0
      vertex 178.427 230.378 0
    endloop
  endfacet
  facet normal -0.36263 -0.298196 -0.882938
    outer loop
      vertex 181.731 233.731 0.799999
      vertex 182.822 234.773 0
      vertex 181.93 233.489 0.799999
    endloop
  endfacet
  facet normal -0.364063 -0.296644 -0.882871
    outer loop
      vertex 182.822 234.773 0
      vertex 181.731 233.731 0.799999
      vertex 182.8 234.8 0
    endloop
  endfacet
  facet normal -0.296644 0.364063 -0.882871
    outer loop
      vertex 182.773 230.378 0
      vertex 181.731 231.469 0.799999
      vertex 182.8 230.4 0
    endloop
  endfacet
  facet normal -0.298196 0.36263 -0.882938
    outer loop
      vertex 181.731 231.469 0.799999
      vertex 182.773 230.378 0
      vertex 181.489 231.27 0.799999
    endloop
  endfacet
  facet normal 0.220967 0.414313 -0.882903
    outer loop
      vertex 179.379 229.742 0
      vertex 179.988 231.122 0.799999
      vertex 179.409 229.726 0
    endloop
  endfacet
  facet normal 0.221287 0.414166 -0.882892
    outer loop
      vertex 179.988 231.122 0.799999
      vertex 179.379 229.742 0
      vertex 179.711 231.27 0.799999
    endloop
  endfacet
  facet normal -0.0457618 0.467424 -0.882848
    outer loop
      vertex 180.6 231 0.799999
      vertex 181.172 229.545 0
      vertex 180.6 229.489 0
    endloop
  endfacet
  facet normal -0.297825 0.363102 -0.882869
    outer loop
      vertex 182.773 230.378 0
      vertex 182.328 230.013 0
      vertex 181.489 231.27 0.799999
    endloop
  endfacet
  facet normal -0.221367 -0.414144 -0.882883
    outer loop
      vertex 181.821 235.458 0
      vertex 182.328 235.187 0
      vertex 181.489 233.93 0.799999
    endloop
  endfacet
  facet normal -0.297825 -0.363102 -0.882869
    outer loop
      vertex 182.328 235.187 0
      vertex 182.773 234.822 0
      vertex 181.489 233.93 0.799999
    endloop
  endfacet
  facet normal -0.221287 -0.414166 -0.882892
    outer loop
      vertex 181.212 234.078 0.799999
      vertex 181.821 235.458 0
      vertex 181.489 233.93 0.799999
    endloop
  endfacet
  facet normal -0.220967 -0.414313 -0.882903
    outer loop
      vertex 181.821 235.458 0
      vertex 181.212 234.078 0.799999
      vertex 181.791 235.474 0
    endloop
  endfacet
  facet normal 0.0464214 0.467209 0.882927
    outer loop
      vertex 180.288 231.031 1.2
      vertex 180.028 229.545 2
      vertex 180.6 231 1.2
    endloop
  endfacet
  facet normal 0.0532702 0.466114 0.88312
    outer loop
      vertex 180.028 229.545 2
      vertex 180.288 231.031 1.2
      vertex 179.993 229.549 2
    endloop
  endfacet
  facet normal -0.449463 0.136201 0.882855
    outer loop
      vertex 182.169 232.288 1.2
      vertex 183.641 231.96 2
      vertex 183.651 231.993 2
    endloop
  endfacet
  facet normal -0.449433 0.136328 0.88285
    outer loop
      vertex 183.641 231.96 2
      vertex 182.169 232.288 1.2
      vertex 182.078 231.988 1.2
    endloop
  endfacet
  facet normal -0.363102 -0.297825 0.882869
    outer loop
      vertex 183.187 234.328 2
      vertex 182.822 234.773 2
      vertex 181.93 233.489 1.2
    endloop
  endfacet
  facet normal -0.467424 -0.0457618 0.882848
    outer loop
      vertex 183.711 232.6 2
      vertex 183.655 233.172 2
      vertex 182.2 232.6 1.2
    endloop
  endfacet
  facet normal -0.466114 -0.0532702 0.88312
    outer loop
      vertex 182.169 232.912 1.2
      vertex 183.655 233.172 2
      vertex 183.651 233.207 2
    endloop
  endfacet
  facet normal -0.467209 -0.0464214 0.882927
    outer loop
      vertex 183.655 233.172 2
      vertex 182.169 232.912 1.2
      vertex 182.2 232.6 1.2
    endloop
  endfacet
  facet normal -0.220967 -0.414314 0.882903
    outer loop
      vertex 181.212 234.078 1.2
      vertex 181.821 235.458 2
      vertex 181.791 235.474 2
    endloop
  endfacet
  facet normal -0.221287 -0.414166 0.882892
    outer loop
      vertex 181.821 235.458 2
      vertex 181.212 234.078 1.2
      vertex 181.489 233.93 1.2
    endloop
  endfacet
  facet normal 0.467424 0.0457618 0.882848
    outer loop
      vertex 177.545 232.028 2
      vertex 179 232.6 1.2
      vertex 177.489 232.6 2
    endloop
  endfacet
  facet normal -0.467209 0.0464214 0.882927
    outer loop
      vertex 182.169 232.288 1.2
      vertex 183.655 232.028 2
      vertex 182.2 232.6 1.2
    endloop
  endfacet
  facet normal -0.466114 0.0532702 0.88312
    outer loop
      vertex 183.655 232.028 2
      vertex 182.169 232.288 1.2
      vertex 183.651 231.993 2
    endloop
  endfacet
  facet normal -0.0532702 -0.466114 0.88312
    outer loop
      vertex 181.172 235.655 2
      vertex 180.912 234.169 1.2
      vertex 181.207 235.651 2
    endloop
  endfacet
  facet normal -0.0464214 -0.467209 0.882927
    outer loop
      vertex 180.912 234.169 1.2
      vertex 181.172 235.655 2
      vertex 180.6 234.2 1.2
    endloop
  endfacet
  facet normal -0.414314 0.220967 0.882903
    outer loop
      vertex 182.078 231.988 1.2
      vertex 183.458 231.379 2
      vertex 183.474 231.409 2
    endloop
  endfacet
  facet normal -0.414166 0.221287 0.882892
    outer loop
      vertex 183.458 231.379 2
      vertex 182.078 231.988 1.2
      vertex 181.93 231.711 1.2
    endloop
  endfacet
  facet normal 0.297825 0.363102 0.882869
    outer loop
      vertex 178.872 230.013 2
      vertex 179.711 231.27 1.2
      vertex 178.427 230.378 2
    endloop
  endfacet
  facet normal -0.296644 0.364063 0.88287
    outer loop
      vertex 181.731 231.469 1.2
      vertex 182.773 230.378 2
      vertex 182.8 230.4 2
    endloop
  endfacet
  facet normal -0.298196 0.36263 0.882937
    outer loop
      vertex 182.773 230.378 2
      vertex 181.731 231.469 1.2
      vertex 181.489 231.27 1.2
    endloop
  endfacet
  facet normal 0.449433 0.136328 0.88285
    outer loop
      vertex 179.031 232.288 1.2
      vertex 177.559 231.96 2
      vertex 179.122 231.988 1.2
    endloop
  endfacet
  facet normal 0.449463 0.136201 0.882855
    outer loop
      vertex 177.559 231.96 2
      vertex 179.031 232.288 1.2
      vertex 177.549 231.993 2
    endloop
  endfacet
  facet normal 0.414166 -0.221287 0.882892
    outer loop
      vertex 177.742 233.821 2
      vertex 179.122 233.212 1.2
      vertex 179.27 233.489 1.2
    endloop
  endfacet
  facet normal 0.414314 -0.220967 0.882903
    outer loop
      vertex 179.122 233.212 1.2
      vertex 177.742 233.821 2
      vertex 177.726 233.791 2
    endloop
  endfacet
  facet normal 0.467209 0.0464214 0.882927
    outer loop
      vertex 177.545 232.028 2
      vertex 179.031 232.288 1.2
      vertex 179 232.6 1.2
    endloop
  endfacet
  facet normal 0.466114 0.0532702 0.88312
    outer loop
      vertex 179.031 232.288 1.2
      vertex 177.545 232.028 2
      vertex 177.549 231.993 2
    endloop
  endfacet
  facet normal 0.364063 -0.296644 0.88287
    outer loop
      vertex 178.378 234.773 2
      vertex 179.469 233.731 1.2
      vertex 178.4 234.8 2
    endloop
  endfacet
  facet normal 0.36263 -0.298196 0.882937
    outer loop
      vertex 179.469 233.731 1.2
      vertex 178.378 234.773 2
      vertex 179.27 233.489 1.2
    endloop
  endfacet
  facet normal -0.221367 0.414144 0.882882
    outer loop
      vertex 181.821 229.742 2
      vertex 182.328 230.013 2
      vertex 181.489 231.27 1.2
    endloop
  endfacet
  facet normal -0.449441 0.136219 0.882863
    outer loop
      vertex 183.474 231.409 2
      vertex 183.641 231.96 2
      vertex 182.078 231.988 1.2
    endloop
  endfacet
  facet normal -0.467424 0.0457618 0.882848
    outer loop
      vertex 183.655 232.028 2
      vertex 183.711 232.6 2
      vertex 182.2 232.6 1.2
    endloop
  endfacet
  facet normal 0.297825 -0.363102 0.882869
    outer loop
      vertex 179.711 233.93 1.2
      vertex 178.872 235.187 2
      vertex 178.427 234.822 2
    endloop
  endfacet
  facet normal 0.221367 -0.414144 0.882882
    outer loop
      vertex 179.711 233.93 1.2
      vertex 179.379 235.458 2
      vertex 178.872 235.187 2
    endloop
  endfacet
  facet normal -0.0457618 0.467424 0.882848
    outer loop
      vertex 181.172 229.545 2
      vertex 180.6 231 1.2
      vertex 180.6 229.489 2
    endloop
  endfacet
  facet normal -0.136219 -0.449441 0.882863
    outer loop
      vertex 181.791 235.474 2
      vertex 181.24 235.641 2
      vertex 181.212 234.078 1.2
    endloop
  endfacet
  facet normal 0.449441 0.136219 0.882863
    outer loop
      vertex 177.726 231.409 2
      vertex 179.122 231.988 1.2
      vertex 177.559 231.96 2
    endloop
  endfacet
  facet normal -0.414144 0.221367 0.882882
    outer loop
      vertex 183.187 230.872 2
      vertex 183.458 231.379 2
      vertex 181.93 231.711 1.2
    endloop
  endfacet
  facet normal -0.36263 0.298196 0.882937
    outer loop
      vertex 181.731 231.469 1.2
      vertex 182.822 230.427 2
      vertex 181.93 231.711 1.2
    endloop
  endfacet
  facet normal -0.364063 0.296644 0.88287
    outer loop
      vertex 182.822 230.427 2
      vertex 181.731 231.469 1.2
      vertex 182.8 230.4 2
    endloop
  endfacet
  facet normal -0.136201 -0.449463 0.882855
    outer loop
      vertex 180.912 234.169 1.2
      vertex 181.24 235.641 2
      vertex 181.207 235.651 2
    endloop
  endfacet
  facet normal -0.136328 -0.449433 0.88285
    outer loop
      vertex 181.24 235.641 2
      vertex 180.912 234.169 1.2
      vertex 181.212 234.078 1.2
    endloop
  endfacet
  facet normal -0.363102 0.297825 0.882869
    outer loop
      vertex 182.822 230.427 2
      vertex 183.187 230.872 2
      vertex 181.93 231.711 1.2
    endloop
  endfacet
  facet normal 0.136328 0.449433 0.88285
    outer loop
      vertex 179.96 229.559 2
      vertex 180.288 231.031 1.2
      vertex 179.988 231.122 1.2
    endloop
  endfacet
  facet normal 0.136201 0.449463 0.882855
    outer loop
      vertex 180.288 231.031 1.2
      vertex 179.96 229.559 2
      vertex 179.993 229.549 2
    endloop
  endfacet
  facet normal -0.297825 0.363102 0.882869
    outer loop
      vertex 182.328 230.013 2
      vertex 182.773 230.378 2
      vertex 181.489 231.27 1.2
    endloop
  endfacet
  facet normal -0.136219 0.449441 0.882863
    outer loop
      vertex 181.24 229.559 2
      vertex 181.791 229.726 2
      vertex 181.212 231.122 1.2
    endloop
  endfacet
  facet normal -0.221287 0.414166 0.882892
    outer loop
      vertex 181.212 231.122 1.2
      vertex 181.821 229.742 2
      vertex 181.489 231.27 1.2
    endloop
  endfacet
  facet normal -0.220967 0.414314 0.882903
    outer loop
      vertex 181.821 229.742 2
      vertex 181.212 231.122 1.2
      vertex 181.791 229.726 2
    endloop
  endfacet
  facet normal 0.449441 -0.136219 0.882863
    outer loop
      vertex 179.122 233.212 1.2
      vertex 177.726 233.791 2
      vertex 177.559 233.24 2
    endloop
  endfacet
  facet normal 0.298196 0.36263 0.882937
    outer loop
      vertex 179.469 231.469 1.2
      vertex 178.427 230.378 2
      vertex 179.711 231.27 1.2
    endloop
  endfacet
  facet normal 0.296644 0.364063 0.88287
    outer loop
      vertex 178.427 230.378 2
      vertex 179.469 231.469 1.2
      vertex 178.4 230.4 2
    endloop
  endfacet
  facet normal -0.0532702 0.466114 0.88312
    outer loop
      vertex 180.912 231.031 1.2
      vertex 181.172 229.545 2
      vertex 181.207 229.549 2
    endloop
  endfacet
  facet normal -0.0464214 0.467209 0.882927
    outer loop
      vertex 181.172 229.545 2
      vertex 180.912 231.031 1.2
      vertex 180.6 231 1.2
    endloop
  endfacet
  facet normal 0.136201 -0.449463 0.882855
    outer loop
      vertex 179.96 235.641 2
      vertex 180.288 234.169 1.2
      vertex 179.993 235.651 2
    endloop
  endfacet
  facet normal 0.136328 -0.449433 0.88285
    outer loop
      vertex 180.288 234.169 1.2
      vertex 179.96 235.641 2
      vertex 179.988 234.078 1.2
    endloop
  endfacet
  facet normal -0.297825 -0.363102 0.882869
    outer loop
      vertex 182.773 234.822 2
      vertex 182.328 235.187 2
      vertex 181.489 233.93 1.2
    endloop
  endfacet
  facet normal 0.363102 -0.297825 0.882869
    outer loop
      vertex 179.27 233.489 1.2
      vertex 178.378 234.773 2
      vertex 178.013 234.328 2
    endloop
  endfacet
  facet normal -0.136328 0.449433 0.88285
    outer loop
      vertex 180.912 231.031 1.2
      vertex 181.24 229.559 2
      vertex 181.212 231.122 1.2
    endloop
  endfacet
  facet normal -0.136201 0.449463 0.882855
    outer loop
      vertex 181.24 229.559 2
      vertex 180.912 231.031 1.2
      vertex 181.207 229.549 2
    endloop
  endfacet
  facet normal -0.296644 -0.364063 0.88287
    outer loop
      vertex 182.773 234.822 2
      vertex 181.731 233.731 1.2
      vertex 182.8 234.8 2
    endloop
  endfacet
  facet normal -0.298196 -0.36263 0.882937
    outer loop
      vertex 181.731 233.731 1.2
      vertex 182.773 234.822 2
      vertex 181.489 233.93 1.2
    endloop
  endfacet
  facet normal 0.0457618 0.467424 0.882848
    outer loop
      vertex 180.6 229.489 2
      vertex 180.6 231 1.2
      vertex 180.028 229.545 2
    endloop
  endfacet
  facet normal 0.136219 0.449441 0.882863
    outer loop
      vertex 179.96 229.559 2
      vertex 179.988 231.122 1.2
      vertex 179.409 229.726 2
    endloop
  endfacet
  facet normal 0.414144 -0.221367 0.882882
    outer loop
      vertex 179.27 233.489 1.2
      vertex 178.013 234.328 2
      vertex 177.742 233.821 2
    endloop
  endfacet
  facet normal 0.221287 0.414166 0.882892
    outer loop
      vertex 179.379 229.742 2
      vertex 179.988 231.122 1.2
      vertex 179.711 231.27 1.2
    endloop
  endfacet
  facet normal 0.220967 0.414314 0.882903
    outer loop
      vertex 179.988 231.122 1.2
      vertex 179.379 229.742 2
      vertex 179.409 229.726 2
    endloop
  endfacet
  facet normal 0.221367 0.414144 0.882882
    outer loop
      vertex 179.379 229.742 2
      vertex 179.711 231.27 1.2
      vertex 178.872 230.013 2
    endloop
  endfacet
  facet normal 0.449433 -0.136328 0.88285
    outer loop
      vertex 177.559 233.24 2
      vertex 179.031 232.912 1.2
      vertex 179.122 233.212 1.2
    endloop
  endfacet
  facet normal 0.449463 -0.136201 0.882855
    outer loop
      vertex 179.031 232.912 1.2
      vertex 177.559 233.24 2
      vertex 177.549 233.207 2
    endloop
  endfacet
  facet normal 0.467424 -0.0457618 0.882848
    outer loop
      vertex 179 232.6 1.2
      vertex 177.545 233.172 2
      vertex 177.489 232.6 2
    endloop
  endfacet
  facet normal 0.136219 -0.449441 0.882863
    outer loop
      vertex 179.988 234.078 1.2
      vertex 179.96 235.641 2
      vertex 179.409 235.474 2
    endloop
  endfacet
  facet normal 0.298196 -0.36263 0.882937
    outer loop
      vertex 178.427 234.822 2
      vertex 179.469 233.731 1.2
      vertex 179.711 233.93 1.2
    endloop
  endfacet
  facet normal 0.296644 -0.364063 0.88287
    outer loop
      vertex 179.469 233.731 1.2
      vertex 178.427 234.822 2
      vertex 178.4 234.8 2
    endloop
  endfacet
  facet normal 0.466114 -0.0532702 0.88312
    outer loop
      vertex 177.545 233.172 2
      vertex 179.031 232.912 1.2
      vertex 177.549 233.207 2
    endloop
  endfacet
  facet normal 0.467209 -0.0464214 0.882927
    outer loop
      vertex 179.031 232.912 1.2
      vertex 177.545 233.172 2
      vertex 179 232.6 1.2
    endloop
  endfacet
  facet normal -0.221367 -0.414144 0.882882
    outer loop
      vertex 182.328 235.187 2
      vertex 181.821 235.458 2
      vertex 181.489 233.93 1.2
    endloop
  endfacet
  facet normal 0.0457618 -0.467424 0.882848
    outer loop
      vertex 180.6 234.2 1.2
      vertex 180.6 235.711 2
      vertex 180.028 235.655 2
    endloop
  endfacet
  facet normal 0.414144 0.221367 0.882882
    outer loop
      vertex 178.013 230.872 2
      vertex 179.27 231.711 1.2
      vertex 177.742 231.379 2
    endloop
  endfacet
  facet normal 0.414166 0.221287 0.882892
    outer loop
      vertex 179.122 231.988 1.2
      vertex 177.742 231.379 2
      vertex 179.27 231.711 1.2
    endloop
  endfacet
  facet normal 0.414314 0.220967 0.882903
    outer loop
      vertex 177.742 231.379 2
      vertex 179.122 231.988 1.2
      vertex 177.726 231.409 2
    endloop
  endfacet
  facet normal 0.363102 0.297825 0.882869
    outer loop
      vertex 178.378 230.427 2
      vertex 179.27 231.711 1.2
      vertex 178.013 230.872 2
    endloop
  endfacet
  facet normal 0.36263 0.298196 0.882937
    outer loop
      vertex 178.378 230.427 2
      vertex 179.469 231.469 1.2
      vertex 179.27 231.711 1.2
    endloop
  endfacet
  facet normal 0.364063 0.296644 0.88287
    outer loop
      vertex 179.469 231.469 1.2
      vertex 178.378 230.427 2
      vertex 178.4 230.4 2
    endloop
  endfacet
  facet normal -0.0457618 -0.467424 0.882848
    outer loop
      vertex 181.172 235.655 2
      vertex 180.6 235.711 2
      vertex 180.6 234.2 1.2
    endloop
  endfacet
  facet normal 0.220967 -0.414314 0.882903
    outer loop
      vertex 179.379 235.458 2
      vertex 179.988 234.078 1.2
      vertex 179.409 235.474 2
    endloop
  endfacet
  facet normal 0.221287 -0.414166 0.882892
    outer loop
      vertex 179.988 234.078 1.2
      vertex 179.379 235.458 2
      vertex 179.711 233.93 1.2
    endloop
  endfacet
  facet normal -0.414144 -0.221367 0.882882
    outer loop
      vertex 183.458 233.821 2
      vertex 183.187 234.328 2
      vertex 181.93 233.489 1.2
    endloop
  endfacet
  facet normal 0.0464214 -0.467209 0.882927
    outer loop
      vertex 180.028 235.655 2
      vertex 180.288 234.169 1.2
      vertex 180.6 234.2 1.2
    endloop
  endfacet
  facet normal 0.0532702 -0.466114 0.88312
    outer loop
      vertex 180.288 234.169 1.2
      vertex 180.028 235.655 2
      vertex 179.993 235.651 2
    endloop
  endfacet
  facet normal -0.414314 -0.220967 0.882903
    outer loop
      vertex 183.458 233.821 2
      vertex 182.078 233.212 1.2
      vertex 183.474 233.791 2
    endloop
  endfacet
  facet normal -0.414166 -0.221287 0.882892
    outer loop
      vertex 182.078 233.212 1.2
      vertex 183.458 233.821 2
      vertex 181.93 233.489 1.2
    endloop
  endfacet
  facet normal -0.364063 -0.296644 0.88287
    outer loop
      vertex 181.731 233.731 1.2
      vertex 182.822 234.773 2
      vertex 182.8 234.8 2
    endloop
  endfacet
  facet normal -0.36263 -0.298196 0.882937
    outer loop
      vertex 182.822 234.773 2
      vertex 181.731 233.731 1.2
      vertex 181.93 233.489 1.2
    endloop
  endfacet
  facet normal -0.449441 -0.136219 0.882863
    outer loop
      vertex 183.641 233.24 2
      vertex 183.474 233.791 2
      vertex 182.078 233.212 1.2
    endloop
  endfacet
  facet normal -0.449463 -0.136201 0.882855
    outer loop
      vertex 183.641 233.24 2
      vertex 182.169 232.912 1.2
      vertex 183.651 233.207 2
    endloop
  endfacet
  facet normal -0.449433 -0.136328 0.88285
    outer loop
      vertex 182.169 232.912 1.2
      vertex 183.641 233.24 2
      vertex 182.078 233.212 1.2
    endloop
  endfacet
  facet normal -1 0 0
    outer loop
      vertex 66 214.4 0
      vertex 66 217.4 2
      vertex 66 217.4 0
    endloop
  endfacet
  facet normal -1 -0 0
    outer loop
      vertex 66 217.4 2
      vertex 66 214.4 0
      vertex 66 214.4 2
    endloop
  endfacet
  facet normal 1 -0 0
    outer loop
      vertex 18 214.4 2
      vertex 18 217.4 0
      vertex 18 217.4 2
    endloop
  endfacet
  facet normal 1 0 0
    outer loop
      vertex 18 217.4 0
      vertex 18 214.4 2
      vertex 18 214.4 0
    endloop
  endfacet
  facet normal 0 -1 0
    outer loop
      vertex 18 217.4 0
      vertex 66 217.4 2
      vertex 18 217.4 2
    endloop
  endfacet
  facet normal 0 -1 -0
    outer loop
      vertex 66 217.4 2
      vertex 18 217.4 0
      vertex 66 217.4 0
    endloop
  endfacet
  facet normal 0 1 -0
    outer loop
      vertex 66 214.4 0
      vertex 18 214.4 2
      vertex 66 214.4 2
    endloop
  endfacet
  facet normal 0 1 0
    outer loop
      vertex 18 214.4 2
      vertex 66 214.4 0
      vertex 18 214.4 0
    endloop
  endfacet
  facet normal -1 0 0
    outer loop
      vertex 166.4 214.4 0
      vertex 166.4 217.4 2
      vertex 166.4 217.4 0
    endloop
  endfacet
  facet normal -1 -0 0
    outer loop
      vertex 166.4 217.4 2
      vertex 166.4 214.4 0
      vertex 166.4 214.4 2
    endloop
  endfacet
  facet normal 1 -0 0
    outer loop
      vertex 118.4 214.4 2
      vertex 118.4 217.4 0
      vertex 118.4 217.4 2
    endloop
  endfacet
  facet normal 1 0 0
    outer loop
      vertex 118.4 217.4 0
      vertex 118.4 214.4 2
      vertex 118.4 214.4 0
    endloop
  endfacet
  facet normal 0 -1 0
    outer loop
      vertex 118.4 217.4 0
      vertex 166.4 217.4 2
      vertex 118.4 217.4 2
    endloop
  endfacet
  facet normal 0 -1 -0
    outer loop
      vertex 166.4 217.4 2
      vertex 118.4 217.4 0
      vertex 166.4 217.4 0
    endloop
  endfacet
  facet normal 0 1 -0
    outer loop
      vertex 166.4 214.4 0
      vertex 118.4 214.4 2
      vertex 166.4 214.4 2
    endloop
  endfacet
  facet normal 0 1 0
    outer loop
      vertex 118.4 214.4 2
      vertex 166.4 214.4 0
      vertex 118.4 214.4 0
    endloop
  endfacet
  facet normal -1 0 0
    outer loop
      vertex 66 208.4 0
      vertex 66 211.4 2
      vertex 66 211.4 0
    endloop
  endfacet
  facet normal -1 -0 0
    outer loop
      vertex 66 211.4 2
      vertex 66 208.4 0
      vertex 66 208.4 2
    endloop
  endfacet
  facet normal 1 -0 0
    outer loop
      vertex 18 208.4 2
      vertex 18 211.4 0
      vertex 18 211.4 2
    endloop
  endfacet
  facet normal 1 0 0
    outer loop
      vertex 18 211.4 0
      vertex 18 208.4 2
      vertex 18 208.4 0
    endloop
  endfacet
  facet normal 0 -1 0
    outer loop
      vertex 18 211.4 0
      vertex 66 211.4 2
      vertex 18 211.4 2
    endloop
  endfacet
  facet normal 0 -1 -0
    outer loop
      vertex 66 211.4 2
      vertex 18 211.4 0
      vertex 66 211.4 0
    endloop
  endfacet
  facet normal 0 1 -0
    outer loop
      vertex 66 208.4 0
      vertex 18 208.4 2
      vertex 66 208.4 2
    endloop
  endfacet
  facet normal 0 1 0
    outer loop
      vertex 18 208.4 2
      vertex 66 208.4 0
      vertex 18 208.4 0
    endloop
  endfacet
  facet normal -1 0 0
    outer loop
      vertex 166.4 208.4 0
      vertex 166.4 211.4 2
      vertex 166.4 211.4 0
    endloop
  endfacet
  facet normal -1 -0 0
    outer loop
      vertex 166.4 211.4 2
      vertex 166.4 208.4 0
      vertex 166.4 208.4 2
    endloop
  endfacet
  facet normal 1 -0 0
    outer loop
      vertex 118.4 208.4 2
      vertex 118.4 211.4 0
      vertex 118.4 211.4 2
    endloop
  endfacet
  facet normal 1 0 0
    outer loop
      vertex 118.4 211.4 0
      vertex 118.4 208.4 2
      vertex 118.4 208.4 0
    endloop
  endfacet
  facet normal 0 -1 0
    outer loop
      vertex 118.4 211.4 0
      vertex 166.4 211.4 2
      vertex 118.4 211.4 2
    endloop
  endfacet
  facet normal 0 -1 -0
    outer loop
      vertex 166.4 211.4 2
      vertex 118.4 211.4 0
      vertex 166.4 211.4 0
    endloop
  endfacet
  facet normal 0 1 -0
    outer loop
      vertex 166.4 208.4 0
      vertex 118.4 208.4 2
      vertex 166.4 208.4 2
    endloop
  endfacet
  facet normal 0 1 0
    outer loop
      vertex 118.4 208.4 2
      vertex 166.4 208.4 0
      vertex 118.4 208.4 0
    endloop
  endfacet
  facet normal -1 0 0
    outer loop
      vertex 66 202.4 0
      vertex 66 205.4 2
      vertex 66 205.4 0
    endloop
  endfacet
  facet normal -1 -0 0
    outer loop
      vertex 66 205.4 2
      vertex 66 202.4 0
      vertex 66 202.4 2
    endloop
  endfacet
  facet normal 1 -0 0
    outer loop
      vertex 18 202.4 2
      vertex 18 205.4 0
      vertex 18 205.4 2
    endloop
  endfacet
  facet normal 1 0 0
    outer loop
      vertex 18 205.4 0
      vertex 18 202.4 2
      vertex 18 202.4 0
    endloop
  endfacet
  facet normal 0 -1 0
    outer loop
      vertex 18 205.4 0
      vertex 66 205.4 2
      vertex 18 205.4 2
    endloop
  endfacet
  facet normal 0 -1 -0
    outer loop
      vertex 66 205.4 2
      vertex 18 205.4 0
      vertex 66 205.4 0
    endloop
  endfacet
  facet normal 0 1 -0
    outer loop
      vertex 66 202.4 0
      vertex 18 202.4 2
      vertex 66 202.4 2
    endloop
  endfacet
  facet normal 0 1 0
    outer loop
      vertex 18 202.4 2
      vertex 66 202.4 0
      vertex 18 202.4 0
    endloop
  endfacet
  facet normal -1 0 0
    outer loop
      vertex 166.4 202.4 0
      vertex 166.4 205.4 2
      vertex 166.4 205.4 0
    endloop
  endfacet
  facet normal -1 -0 0
    outer loop
      vertex 166.4 205.4 2
      vertex 166.4 202.4 0
      vertex 166.4 202.4 2
    endloop
  endfacet
  facet normal 1 -0 0
    outer loop
      vertex 118.4 202.4 2
      vertex 118.4 205.4 0
      vertex 118.4 205.4 2
    endloop
  endfacet
  facet normal 1 0 0
    outer loop
      vertex 118.4 205.4 0
      vertex 118.4 202.4 2
      vertex 118.4 202.4 0
    endloop
  endfacet
  facet normal 0 -1 0
    outer loop
      vertex 118.4 205.4 0
      vertex 166.4 205.4 2
      vertex 118.4 205.4 2
    endloop
  endfacet
  facet normal 0 -1 -0
    outer loop
      vertex 166.4 205.4 2
      vertex 118.4 205.4 0
      vertex 166.4 205.4 0
    endloop
  endfacet
  facet normal 0 1 -0
    outer loop
      vertex 166.4 202.4 0
      vertex 118.4 202.4 2
      vertex 166.4 202.4 2
    endloop
  endfacet
  facet normal 0 1 0
    outer loop
      vertex 118.4 202.4 2
      vertex 166.4 202.4 0
      vertex 118.4 202.4 0
    endloop
  endfacet
  facet normal -1 0 0
    outer loop
      vertex 66 196.4 0
      vertex 66 199.4 2
      vertex 66 199.4 0
    endloop
  endfacet
  facet normal -1 -0 0
    outer loop
      vertex 66 199.4 2
      vertex 66 196.4 0
      vertex 66 196.4 2
    endloop
  endfacet
  facet normal 1 -0 0
    outer loop
      vertex 18 196.4 2
      vertex 18 199.4 0
      vertex 18 199.4 2
    endloop
  endfacet
  facet normal 1 0 0
    outer loop
      vertex 18 199.4 0
      vertex 18 196.4 2
      vertex 18 196.4 0
    endloop
  endfacet
  facet normal 0 -1 0
    outer loop
      vertex 18 199.4 0
      vertex 66 199.4 2
      vertex 18 199.4 2
    endloop
  endfacet
  facet normal 0 -1 -0
    outer loop
      vertex 66 199.4 2
      vertex 18 199.4 0
      vertex 66 199.4 0
    endloop
  endfacet
  facet normal 0 1 -0
    outer loop
      vertex 66 196.4 0
      vertex 18 196.4 2
      vertex 66 196.4 2
    endloop
  endfacet
  facet normal 0 1 0
    outer loop
      vertex 18 196.4 2
      vertex 66 196.4 0
      vertex 18 196.4 0
    endloop
  endfacet
  facet normal -1 0 0
    outer loop
      vertex 166.4 196.4 0
      vertex 166.4 199.4 2
      vertex 166.4 199.4 0
    endloop
  endfacet
  facet normal -1 -0 0
    outer loop
      vertex 166.4 199.4 2
      vertex 166.4 196.4 0
      vertex 166.4 196.4 2
    endloop
  endfacet
  facet normal 1 -0 0
    outer loop
      vertex 118.4 196.4 2
      vertex 118.4 199.4 0
      vertex 118.4 199.4 2
    endloop
  endfacet
  facet normal 1 0 0
    outer loop
      vertex 118.4 199.4 0
      vertex 118.4 196.4 2
      vertex 118.4 196.4 0
    endloop
  endfacet
  facet normal 0 -1 0
    outer loop
      vertex 118.4 199.4 0
      vertex 166.4 199.4 2
      vertex 118.4 199.4 2
    endloop
  endfacet
  facet normal 0 -1 -0
    outer loop
      vertex 166.4 199.4 2
      vertex 118.4 199.4 0
      vertex 166.4 199.4 0
    endloop
  endfacet
  facet normal 0 1 -0
    outer loop
      vertex 166.4 196.4 0
      vertex 118.4 196.4 2
      vertex 166.4 196.4 2
    endloop
  endfacet
  facet normal 0 1 0
    outer loop
      vertex 118.4 196.4 2
      vertex 166.4 196.4 0
      vertex 118.4 196.4 0
    endloop
  endfacet
  facet normal -1 0 0
    outer loop
      vertex 66 190.4 0
      vertex 66 193.4 2
      vertex 66 193.4 0
    endloop
  endfacet
  facet normal -1 -0 0
    outer loop
      vertex 66 193.4 2
      vertex 66 190.4 0
      vertex 66 190.4 2
    endloop
  endfacet
  facet normal 1 -0 0
    outer loop
      vertex 18 190.4 2
      vertex 18 193.4 0
      vertex 18 193.4 2
    endloop
  endfacet
  facet normal 1 0 0
    outer loop
      vertex 18 193.4 0
      vertex 18 190.4 2
      vertex 18 190.4 0
    endloop
  endfacet
  facet normal 0 -1 0
    outer loop
      vertex 18 193.4 0
      vertex 66 193.4 2
      vertex 18 193.4 2
    endloop
  endfacet
  facet normal 0 -1 -0
    outer loop
      vertex 66 193.4 2
      vertex 18 193.4 0
      vertex 66 193.4 0
    endloop
  endfacet
  facet normal 0 1 -0
    outer loop
      vertex 66 190.4 0
      vertex 18 190.4 2
      vertex 66 190.4 2
    endloop
  endfacet
  facet normal 0 1 0
    outer loop
      vertex 18 190.4 2
      vertex 66 190.4 0
      vertex 18 190.4 0
    endloop
  endfacet
  facet normal -1 0 0
    outer loop
      vertex 166.4 190.4 0
      vertex 166.4 193.4 2
      vertex 166.4 193.4 0
    endloop
  endfacet
  facet normal -1 -0 0
    outer loop
      vertex 166.4 193.4 2
      vertex 166.4 190.4 0
      vertex 166.4 190.4 2
    endloop
  endfacet
  facet normal 1 -0 0
    outer loop
      vertex 118.4 190.4 2
      vertex 118.4 193.4 0
      vertex 118.4 193.4 2
    endloop
  endfacet
  facet normal 1 0 0
    outer loop
      vertex 118.4 193.4 0
      vertex 118.4 190.4 2
      vertex 118.4 190.4 0
    endloop
  endfacet
  facet normal 0 -1 0
    outer loop
      vertex 118.4 193.4 0
      vertex 166.4 193.4 2
      vertex 118.4 193.4 2
    endloop
  endfacet
  facet normal 0 -1 -0
    outer loop
      vertex 166.4 193.4 2
      vertex 118.4 193.4 0
      vertex 166.4 193.4 0
    endloop
  endfacet
  facet normal 0 1 -0
    outer loop
      vertex 166.4 190.4 0
      vertex 118.4 190.4 2
      vertex 166.4 190.4 2
    endloop
  endfacet
  facet normal 0 1 0
    outer loop
      vertex 118.4 190.4 2
      vertex 166.4 190.4 0
      vertex 118.4 190.4 0
    endloop
  endfacet
  facet normal -1 0 0
    outer loop
      vertex 66 22 0
      vertex 66 25 2
      vertex 66 25 0
    endloop
  endfacet
  facet normal -1 -0 0
    outer loop
      vertex 66 25 2
      vertex 66 22 0
      vertex 66 22 2
    endloop
  endfacet
  facet normal 1 -0 0
    outer loop
      vertex 18 22 2
      vertex 18 25 0
      vertex 18 25 2
    endloop
  endfacet
  facet normal 1 0 0
    outer loop
      vertex 18 25 0
      vertex 18 22 2
      vertex 18 22 0
    endloop
  endfacet
  facet normal 0 -1 0
    outer loop
      vertex 18 25 0
      vertex 66 25 2
      vertex 18 25 2
    endloop
  endfacet
  facet normal 0 -1 -0
    outer loop
      vertex 66 25 2
      vertex 18 25 0
      vertex 66 25 0
    endloop
  endfacet
  facet normal 0 1 -0
    outer loop
      vertex 66 22 0
      vertex 18 22 2
      vertex 66 22 2
    endloop
  endfacet
  facet normal 0 1 0
    outer loop
      vertex 18 22 2
      vertex 66 22 0
      vertex 18 22 0
    endloop
  endfacet
  facet normal -1 0 0
    outer loop
      vertex 166.4 22 0
      vertex 166.4 25 2
      vertex 166.4 25 0
    endloop
  endfacet
  facet normal -1 -0 0
    outer loop
      vertex 166.4 25 2
      vertex 166.4 22 0
      vertex 166.4 22 2
    endloop
  endfacet
  facet normal 1 -0 0
    outer loop
      vertex 118.4 22 2
      vertex 118.4 25 0
      vertex 118.4 25 2
    endloop
  endfacet
  facet normal 1 0 0
    outer loop
      vertex 118.4 25 0
      vertex 118.4 22 2
      vertex 118.4 22 0
    endloop
  endfacet
  facet normal 0 -1 0
    outer loop
      vertex 118.4 25 0
      vertex 166.4 25 2
      vertex 118.4 25 2
    endloop
  endfacet
  facet normal 0 -1 -0
    outer loop
      vertex 166.4 25 2
      vertex 118.4 25 0
      vertex 166.4 25 0
    endloop
  endfacet
  facet normal 0 1 -0
    outer loop
      vertex 166.4 22 0
      vertex 118.4 22 2
      vertex 166.4 22 2
    endloop
  endfacet
  facet normal 0 1 0
    outer loop
      vertex 118.4 22 2
      vertex 166.4 22 0
      vertex 118.4 22 0
    endloop
  endfacet
  facet normal -1 0 0
    outer loop
      vertex 66 28 0
      vertex 66 31 2
      vertex 66 31 0
    endloop
  endfacet
  facet normal -1 -0 0
    outer loop
      vertex 66 31 2
      vertex 66 28 0
      vertex 66 28 2
    endloop
  endfacet
  facet normal 1 -0 0
    outer loop
      vertex 18 28 2
      vertex 18 31 0
      vertex 18 31 2
    endloop
  endfacet
  facet normal 1 0 0
    outer loop
      vertex 18 31 0
      vertex 18 28 2
      vertex 18 28 0
    endloop
  endfacet
  facet normal 0 -1 0
    outer loop
      vertex 18 31 0
      vertex 66 31 2
      vertex 18 31 2
    endloop
  endfacet
  facet normal 0 -1 -0
    outer loop
      vertex 66 31 2
      vertex 18 31 0
      vertex 66 31 0
    endloop
  endfacet
  facet normal 0 1 -0
    outer loop
      vertex 66 28 0
      vertex 18 28 2
      vertex 66 28 2
    endloop
  endfacet
  facet normal 0 1 0
    outer loop
      vertex 18 28 2
      vertex 66 28 0
      vertex 18 28 0
    endloop
  endfacet
  facet normal -1 0 0
    outer loop
      vertex 166.4 28 0
      vertex 166.4 31 2
      vertex 166.4 31 0
    endloop
  endfacet
  facet normal -1 -0 0
    outer loop
      vertex 166.4 31 2
      vertex 166.4 28 0
      vertex 166.4 28 2
    endloop
  endfacet
  facet normal 1 -0 0
    outer loop
      vertex 118.4 28 2
      vertex 118.4 31 0
      vertex 118.4 31 2
    endloop
  endfacet
  facet normal 1 0 0
    outer loop
      vertex 118.4 31 0
      vertex 118.4 28 2
      vertex 118.4 28 0
    endloop
  endfacet
  facet normal 0 -1 0
    outer loop
      vertex 118.4 31 0
      vertex 166.4 31 2
      vertex 118.4 31 2
    endloop
  endfacet
  facet normal 0 -1 -0
    outer loop
      vertex 166.4 31 2
      vertex 118.4 31 0
      vertex 166.4 31 0
    endloop
  endfacet
  facet normal 0 1 -0
    outer loop
      vertex 166.4 28 0
      vertex 118.4 28 2
      vertex 166.4 28 2
    endloop
  endfacet
  facet normal 0 1 0
    outer loop
      vertex 118.4 28 2
      vertex 166.4 28 0
      vertex 118.4 28 0
    endloop
  endfacet
  facet normal -1 0 0
    outer loop
      vertex 66 34 0
      vertex 66 37 2
      vertex 66 37 0
    endloop
  endfacet
  facet normal -1 -0 0
    outer loop
      vertex 66 37 2
      vertex 66 34 0
      vertex 66 34 2
    endloop
  endfacet
  facet normal 1 -0 0
    outer loop
      vertex 18 34 2
      vertex 18 37 0
      vertex 18 37 2
    endloop
  endfacet
  facet normal 1 0 0
    outer loop
      vertex 18 37 0
      vertex 18 34 2
      vertex 18 34 0
    endloop
  endfacet
  facet normal 0 -1 0
    outer loop
      vertex 18 37 0
      vertex 66 37 2
      vertex 18 37 2
    endloop
  endfacet
  facet normal 0 -1 -0
    outer loop
      vertex 66 37 2
      vertex 18 37 0
      vertex 66 37 0
    endloop
  endfacet
  facet normal 0 1 -0
    outer loop
      vertex 66 34 0
      vertex 18 34 2
      vertex 66 34 2
    endloop
  endfacet
  facet normal 0 1 0
    outer loop
      vertex 18 34 2
      vertex 66 34 0
      vertex 18 34 0
    endloop
  endfacet
  facet normal -1 0 0
    outer loop
      vertex 166.4 34 0
      vertex 166.4 37 2
      vertex 166.4 37 0
    endloop
  endfacet
  facet normal -1 -0 0
    outer loop
      vertex 166.4 37 2
      vertex 166.4 34 0
      vertex 166.4 34 2
    endloop
  endfacet
  facet normal 1 -0 0
    outer loop
      vertex 118.4 34 2
      vertex 118.4 37 0
      vertex 118.4 37 2
    endloop
  endfacet
  facet normal 1 0 0
    outer loop
      vertex 118.4 37 0
      vertex 118.4 34 2
      vertex 118.4 34 0
    endloop
  endfacet
  facet normal 0 -1 0
    outer loop
      vertex 118.4 37 0
      vertex 166.4 37 2
      vertex 118.4 37 2
    endloop
  endfacet
  facet normal 0 -1 -0
    outer loop
      vertex 166.4 37 2
      vertex 118.4 37 0
      vertex 166.4 37 0
    endloop
  endfacet
  facet normal 0 1 -0
    outer loop
      vertex 166.4 34 0
      vertex 118.4 34 2
      vertex 166.4 34 2
    endloop
  endfacet
  facet normal 0 1 0
    outer loop
      vertex 118.4 34 2
      vertex 166.4 34 0
      vertex 118.4 34 0
    endloop
  endfacet
  facet normal -1 0 0
    outer loop
      vertex 66 40 0
      vertex 66 43 2
      vertex 66 43 0
    endloop
  endfacet
  facet normal -1 -0 0
    outer loop
      vertex 66 43 2
      vertex 66 40 0
      vertex 66 40 2
    endloop
  endfacet
  facet normal 1 -0 0
    outer loop
      vertex 18 40 2
      vertex 18 43 0
      vertex 18 43 2
    endloop
  endfacet
  facet normal 1 0 0
    outer loop
      vertex 18 43 0
      vertex 18 40 2
      vertex 18 40 0
    endloop
  endfacet
  facet normal 0 -1 0
    outer loop
      vertex 18 43 0
      vertex 66 43 2
      vertex 18 43 2
    endloop
  endfacet
  facet normal 0 -1 -0
    outer loop
      vertex 66 43 2
      vertex 18 43 0
      vertex 66 43 0
    endloop
  endfacet
  facet normal 0 1 -0
    outer loop
      vertex 66 40 0
      vertex 18 40 2
      vertex 66 40 2
    endloop
  endfacet
  facet normal 0 1 0
    outer loop
      vertex 18 40 2
      vertex 66 40 0
      vertex 18 40 0
    endloop
  endfacet
  facet normal -1 0 0
    outer loop
      vertex 166.4 40 0
      vertex 166.4 43 2
      vertex 166.4 43 0
    endloop
  endfacet
  facet normal -1 -0 0
    outer loop
      vertex 166.4 43 2
      vertex 166.4 40 0
      vertex 166.4 40 2
    endloop
  endfacet
  facet normal 1 -0 0
    outer loop
      vertex 118.4 40 2
      vertex 118.4 43 0
      vertex 118.4 43 2
    endloop
  endfacet
  facet normal 1 0 0
    outer loop
      vertex 118.4 43 0
      vertex 118.4 40 2
      vertex 118.4 40 0
    endloop
  endfacet
  facet normal 0 -1 0
    outer loop
      vertex 118.4 43 0
      vertex 166.4 43 2
      vertex 118.4 43 2
    endloop
  endfacet
  facet normal 0 -1 -0
    outer loop
      vertex 166.4 43 2
      vertex 118.4 43 0
      vertex 166.4 43 0
    endloop
  endfacet
  facet normal 0 1 -0
    outer loop
      vertex 166.4 40 0
      vertex 118.4 40 2
      vertex 166.4 40 2
    endloop
  endfacet
  facet normal 0 1 0
    outer loop
      vertex 118.4 40 2
      vertex 166.4 40 0
      vertex 118.4 40 0
    endloop
  endfacet
  facet normal -1 0 0
    outer loop
      vertex 66 46 0
      vertex 66 49 2
      vertex 66 49 0
    endloop
  endfacet
  facet normal -1 -0 0
    outer loop
      vertex 66 49 2
      vertex 66 46 0
      vertex 66 46 2
    endloop
  endfacet
  facet normal 1 -0 0
    outer loop
      vertex 18 46 2
      vertex 18 49 0
      vertex 18 49 2
    endloop
  endfacet
  facet normal 1 0 0
    outer loop
      vertex 18 49 0
      vertex 18 46 2
      vertex 18 46 0
    endloop
  endfacet
  facet normal 0 -1 0
    outer loop
      vertex 18 49 0
      vertex 66 49 2
      vertex 18 49 2
    endloop
  endfacet
  facet normal 0 -1 -0
    outer loop
      vertex 66 49 2
      vertex 18 49 0
      vertex 66 49 0
    endloop
  endfacet
  facet normal 0 1 -0
    outer loop
      vertex 66 46 0
      vertex 18 46 2
      vertex 66 46 2
    endloop
  endfacet
  facet normal 0 1 0
    outer loop
      vertex 18 46 2
      vertex 66 46 0
      vertex 18 46 0
    endloop
  endfacet
  facet normal -1 0 0
    outer loop
      vertex 166.4 46 0
      vertex 166.4 49 2
      vertex 166.4 49 0
    endloop
  endfacet
  facet normal -1 -0 0
    outer loop
      vertex 166.4 49 2
      vertex 166.4 46 0
      vertex 166.4 46 2
    endloop
  endfacet
  facet normal 1 -0 0
    outer loop
      vertex 118.4 46 2
      vertex 118.4 49 0
      vertex 118.4 49 2
    endloop
  endfacet
  facet normal 1 0 0
    outer loop
      vertex 118.4 49 0
      vertex 118.4 46 2
      vertex 118.4 46 0
    endloop
  endfacet
  facet normal 0 -1 0
    outer loop
      vertex 118.4 49 0
      vertex 166.4 49 2
      vertex 118.4 49 2
    endloop
  endfacet
  facet normal 0 -1 -0
    outer loop
      vertex 166.4 49 2
      vertex 118.4 49 0
      vertex 166.4 49 0
    endloop
  endfacet
  facet normal 0 1 -0
    outer loop
      vertex 166.4 46 0
      vertex 118.4 46 2
      vertex 166.4 46 2
    endloop
  endfacet
  facet normal 0 1 0
    outer loop
      vertex 118.4 46 2
      vertex 166.4 46 0
      vertex 118.4 46 0
    endloop
  endfacet
  facet normal -0.923826 -0.382813 0
    outer loop
      vertex 96.5467 222.565 0
      vertex 96.0971 223.65 2
      vertex 96.0971 223.65 0
    endloop
  endfacet
  facet normal -0.923826 -0.382813 0
    outer loop
      vertex 96.0971 223.65 2
      vertex 96.5467 222.565 0
      vertex 96.5467 222.565 2
    endloop
  endfacet
  facet normal -0.991453 -0.130463 0
    outer loop
      vertex 96.7 221.4 0
      vertex 96.5467 222.565 2
      vertex 96.5467 222.565 0
    endloop
  endfacet
  facet normal -0.991453 -0.130463 0
    outer loop
      vertex 96.5467 222.565 2
      vertex 96.7 221.4 0
      vertex 96.7 221.4 2
    endloop
  endfacet
  facet normal -0.793373 -0.608735 0
    outer loop
      vertex 96.0971 223.65 0
      vertex 95.382 224.582 2
      vertex 95.382 224.582 0
    endloop
  endfacet
  facet normal -0.793373 -0.608735 0
    outer loop
      vertex 95.382 224.582 2
      vertex 96.0971 223.65 0
      vertex 96.0971 223.65 2
    endloop
  endfacet
  facet normal 0.608682 -0.793414 0
    outer loop
      vertex 89.018 224.582 0
      vertex 89.95 225.297 2
      vertex 89.018 224.582 2
    endloop
  endfacet
  facet normal 0.608682 -0.793414 0
    outer loop
      vertex 89.95 225.297 2
      vertex 89.018 224.582 0
      vertex 89.95 225.297 0
    endloop
  endfacet
  facet normal -0.991453 0.130463 0
    outer loop
      vertex 96.5467 220.235 0
      vertex 96.7 221.4 2
      vertex 96.7 221.4 0
    endloop
  endfacet
  facet normal -0.991453 0.130463 0
    outer loop
      vertex 96.7 221.4 2
      vertex 96.5467 220.235 0
      vertex 96.5467 220.235 2
    endloop
  endfacet
  facet normal -0.608682 0.793414 0
    outer loop
      vertex 95.382 218.218 0
      vertex 94.45 217.503 2
      vertex 95.382 218.218 2
    endloop
  endfacet
  facet normal -0.608682 0.793414 0
    outer loop
      vertex 94.45 217.503 2
      vertex 95.382 218.218 0
      vertex 94.45 217.503 0
    endloop
  endfacet
  facet normal -0.793373 0.608735 0
    outer loop
      vertex 95.382 218.218 0
      vertex 96.0971 219.15 2
      vertex 96.0971 219.15 0
    endloop
  endfacet
  facet normal -0.793373 0.608735 0
    outer loop
      vertex 96.0971 219.15 2
      vertex 95.382 218.218 0
      vertex 95.382 218.218 2
    endloop
  endfacet
  facet normal 0.608682 0.793414 -0
    outer loop
      vertex 89.95 217.503 0
      vertex 89.018 218.218 2
      vertex 89.95 217.503 2
    endloop
  endfacet
  facet normal 0.608682 0.793414 0
    outer loop
      vertex 89.018 218.218 2
      vertex 89.95 217.503 0
      vertex 89.018 218.218 0
    endloop
  endfacet
  facet normal 0.383013 0.923743 -0
    outer loop
      vertex 91.0353 217.053 0
      vertex 89.95 217.503 2
      vertex 91.0353 217.053 2
    endloop
  endfacet
  facet normal 0.383013 0.923743 0
    outer loop
      vertex 89.95 217.503 2
      vertex 91.0353 217.053 0
      vertex 89.95 217.503 0
    endloop
  endfacet
  facet normal 0.991453 -0.130463 0
    outer loop
      vertex 87.7 221.4 2
      vertex 87.8533 222.565 0
      vertex 87.8533 222.565 2
    endloop
  endfacet
  facet normal 0.991453 -0.130463 0
    outer loop
      vertex 87.8533 222.565 0
      vertex 87.7 221.4 2
      vertex 87.7 221.4 0
    endloop
  endfacet
  facet normal -0.608682 -0.793414 0
    outer loop
      vertex 94.45 225.297 0
      vertex 95.382 224.582 2
      vertex 94.45 225.297 2
    endloop
  endfacet
  facet normal -0.608682 -0.793414 -0
    outer loop
      vertex 95.382 224.582 2
      vertex 94.45 225.297 0
      vertex 95.382 224.582 0
    endloop
  endfacet
  facet normal 0.387232 -0.921982 0
    outer loop
      vertex 89.95 225.297 0
      vertex 90 225.318 2
      vertex 89.95 225.297 2
    endloop
  endfacet
  facet normal 0.387232 -0.921982 0
    outer loop
      vertex 90 225.318 2
      vertex 89.95 225.297 0
      vertex 90 225.318 0
    endloop
  endfacet
  facet normal 0.793373 0.608735 0
    outer loop
      vertex 89.018 218.218 2
      vertex 88.3029 219.15 0
      vertex 88.3029 219.15 2
    endloop
  endfacet
  facet normal 0.793373 0.608735 0
    outer loop
      vertex 88.3029 219.15 0
      vertex 89.018 218.218 2
      vertex 89.018 218.218 0
    endloop
  endfacet
  facet normal 0.923826 -0.382813 0
    outer loop
      vertex 87.8533 222.565 2
      vertex 88.3029 223.65 0
      vertex 88.3029 223.65 2
    endloop
  endfacet
  facet normal 0.923826 -0.382813 0
    outer loop
      vertex 88.3029 223.65 0
      vertex 87.8533 222.565 2
      vertex 87.8533 222.565 0
    endloop
  endfacet
  facet normal -0.130245 0.991482 0
    outer loop
      vertex 93.3647 217.053 0
      vertex 92.2 216.9 2
      vertex 93.3647 217.053 2
    endloop
  endfacet
  facet normal -0.130245 0.991482 0
    outer loop
      vertex 92.2 216.9 2
      vertex 93.3647 217.053 0
      vertex 92.2 216.9 0
    endloop
  endfacet
  facet normal 0.793373 -0.608735 0
    outer loop
      vertex 88.3029 223.65 2
      vertex 89.018 224.582 0
      vertex 89.018 224.582 2
    endloop
  endfacet
  facet normal 0.793373 -0.608735 0
    outer loop
      vertex 89.018 224.582 0
      vertex 88.3029 223.65 2
      vertex 88.3029 223.65 0
    endloop
  endfacet
  facet normal -0.923826 0.382813 0
    outer loop
      vertex 96.0971 219.15 0
      vertex 96.5467 220.235 2
      vertex 96.5467 220.235 0
    endloop
  endfacet
  facet normal -0.923826 0.382813 0
    outer loop
      vertex 96.5467 220.235 2
      vertex 96.0971 219.15 0
      vertex 96.0971 219.15 2
    endloop
  endfacet
  facet normal 0.130245 0.991482 -0
    outer loop
      vertex 92.2 216.9 0
      vertex 91.0353 217.053 2
      vertex 92.2 216.9 2
    endloop
  endfacet
  facet normal 0.130245 0.991482 0
    outer loop
      vertex 91.0353 217.053 2
      vertex 92.2 216.9 0
      vertex 91.0353 217.053 0
    endloop
  endfacet
  facet normal 0.923826 0.382813 0
    outer loop
      vertex 88.3029 219.15 2
      vertex 87.8533 220.235 0
      vertex 87.8533 220.235 2
    endloop
  endfacet
  facet normal 0.923826 0.382813 0
    outer loop
      vertex 87.8533 220.235 0
      vertex 88.3029 219.15 2
      vertex 88.3029 219.15 0
    endloop
  endfacet
  facet normal 0.991453 0.130463 0
    outer loop
      vertex 87.8533 220.235 2
      vertex 87.7 221.4 0
      vertex 87.7 221.4 2
    endloop
  endfacet
  facet normal 0.991453 0.130463 0
    outer loop
      vertex 87.7 221.4 0
      vertex 87.8533 220.235 2
      vertex 87.8533 220.235 0
    endloop
  endfacet
  facet normal -0.383013 0.923743 0
    outer loop
      vertex 94.45 217.503 0
      vertex 93.3647 217.053 2
      vertex 94.45 217.503 2
    endloop
  endfacet
  facet normal -0.383013 0.923743 0
    outer loop
      vertex 93.3647 217.053 2
      vertex 94.45 217.503 0
      vertex 93.3647 217.053 0
    endloop
  endfacet
  facet normal -0.387232 -0.921982 0
    outer loop
      vertex 94.4 225.318 0
      vertex 94.45 225.297 2
      vertex 94.4 225.318 2
    endloop
  endfacet
  facet normal -0.387232 -0.921982 -0
    outer loop
      vertex 94.45 225.297 2
      vertex 94.4 225.318 0
      vertex 94.45 225.297 0
    endloop
  endfacet
  facet normal -1 0 0
    outer loop
      vertex 94.4 225.318 0
      vertex 94.4 230.4 2
      vertex 94.4 230.4 0
    endloop
  endfacet
  facet normal -1 -0 0
    outer loop
      vertex 94.4 230.4 2
      vertex 94.4 225.318 0
      vertex 94.4 225.318 2
    endloop
  endfacet
  facet normal 1 -0 0
    outer loop
      vertex 90 225.318 2
      vertex 90 230.4 0
      vertex 90 230.4 2
    endloop
  endfacet
  facet normal 1 0 0
    outer loop
      vertex 90 230.4 0
      vertex 90 225.318 2
      vertex 90 225.318 0
    endloop
  endfacet
  facet normal 0 -1 0
    outer loop
      vertex 90 230.4 0
      vertex 94.4 230.4 2
      vertex 90 230.4 2
    endloop
  endfacet
  facet normal 0 -1 -0
    outer loop
      vertex 94.4 230.4 2
      vertex 90 230.4 0
      vertex 94.4 230.4 0
    endloop
  endfacet
  facet normal 1 -0 0
    outer loop
      vertex 184.4 0 2
      vertex 184.4 236.4 0
      vertex 184.4 236.4 2
    endloop
  endfacet
  facet normal 1 0 0
    outer loop
      vertex 184.4 236.4 0
      vertex 184.4 0 2
      vertex 184.4 0 0
    endloop
  endfacet
  facet normal -0 0 1
    outer loop
      vertex 4.99057 229.726 2
      vertex 18 217.4 2
      vertex 5.02131 229.742 2
    endloop
  endfacet
  facet normal 0 0 1
    outer loop
      vertex 18 49 2
      vertex 6.85475 4.37227 2
      vertex 6.91111 3.8 2
    endloop
  endfacet
  facet normal -0 0 1
    outer loop
      vertex 4.4403 229.559 2
      vertex 18 217.4 2
      vertex 4.99057 229.726 2
    endloop
  endfacet
  facet normal 0 0 1
    outer loop
      vertex 18 49 2
      vertex 6.85133 4.40695 2
      vertex 6.85475 4.37227 2
    endloop
  endfacet
  facet normal -0 0 1
    outer loop
      vertex 4.40695 229.549 2
      vertex 18 217.4 2
      vertex 4.4403 229.559 2
    endloop
  endfacet
  facet normal 0 0 1
    outer loop
      vertex 18 49 2
      vertex 6.84122 4.4403 2
      vertex 6.85133 4.40695 2
    endloop
  endfacet
  facet normal -0 0 1
    outer loop
      vertex 4.37227 229.545 2
      vertex 18 217.4 2
      vertex 4.40695 229.549 2
    endloop
  endfacet
  facet normal 0 0 1
    outer loop
      vertex 18 49 2
      vertex 6.67429 4.99057 2
      vertex 6.84122 4.4403 2
    endloop
  endfacet
  facet normal -0 0 1
    outer loop
      vertex 3.8 229.489 2
      vertex 18 217.4 2
      vertex 4.37227 229.545 2
    endloop
  endfacet
  facet normal 0 0 1
    outer loop
      vertex 18 49 2
      vertex 6.65786 5.02131 2
      vertex 6.67429 4.99057 2
    endloop
  endfacet
  facet normal 0 0 1
    outer loop
      vertex 18 217.4 2
      vertex 3.8 229.489 2
      vertex 18 214.4 2
    endloop
  endfacet
  facet normal 0 0 1
    outer loop
      vertex 18 49 2
      vertex 6.38679 5.52844 2
      vertex 6.65786 5.02131 2
    endloop
  endfacet
  facet normal 0 0 1
    outer loop
      vertex 3.22773 229.545 2
      vertex 18 214.4 2
      vertex 3.8 229.489 2
    endloop
  endfacet
  facet normal 0 0 1
    outer loop
      vertex 18 49 2
      vertex 6.022 5.97295 2
      vertex 6.38679 5.52844 2
    endloop
  endfacet
  facet normal 0 0 1
    outer loop
      vertex 3.19305 229.549 2
      vertex 18 214.4 2
      vertex 3.22773 229.545 2
    endloop
  endfacet
  facet normal 0 0 1
    outer loop
      vertex 18 49 2
      vertex 5.99989 5.99989 2
      vertex 6.022 5.97295 2
    endloop
  endfacet
  facet normal 0 0 1
    outer loop
      vertex 18 214.4 2
      vertex 3.19305 229.549 2
      vertex 18 211.4 2
    endloop
  endfacet
  facet normal 0 0 1
    outer loop
      vertex 18 49 2
      vertex 5.97295 6.022 2
      vertex 5.99989 5.99989 2
    endloop
  endfacet
  facet normal 0 0 1
    outer loop
      vertex 18 211.4 2
      vertex 3.19305 229.549 2
      vertex 18 208.4 2
    endloop
  endfacet
  facet normal 0 0 1
    outer loop
      vertex 18 49 2
      vertex 5.52844 6.38679 2
      vertex 5.97295 6.022 2
    endloop
  endfacet
  facet normal 0 0 1
    outer loop
      vertex 3.1597 229.559 2
      vertex 18 208.4 2
      vertex 3.19305 229.549 2
    endloop
  endfacet
  facet normal 0 0 1
    outer loop
      vertex 18 49 2
      vertex 5.02131 6.65786 2
      vertex 5.52844 6.38679 2
    endloop
  endfacet
  facet normal 0 0 1
    outer loop
      vertex 2.60943 229.726 2
      vertex 18 208.4 2
      vertex 3.1597 229.559 2
    endloop
  endfacet
  facet normal 0 0 1
    outer loop
      vertex 18 49 2
      vertex 4.99057 6.67429 2
      vertex 5.02131 6.65786 2
    endloop
  endfacet
  facet normal 0 0 1
    outer loop
      vertex 18 208.4 2
      vertex 2.60943 229.726 2
      vertex 18 205.4 2
    endloop
  endfacet
  facet normal 0 0 1
    outer loop
      vertex 18 49 2
      vertex 4.4403 6.84122 2
      vertex 4.99057 6.67429 2
    endloop
  endfacet
  facet normal 0 0 1
    outer loop
      vertex 18 205.4 2
      vertex 2.60943 229.726 2
      vertex 18 202.4 2
    endloop
  endfacet
  facet normal 0 0 1
    outer loop
      vertex 18 49 2
      vertex 4.40695 6.85133 2
      vertex 4.4403 6.84122 2
    endloop
  endfacet
  facet normal 0 0 1
    outer loop
      vertex 2.57869 229.742 2
      vertex 18 202.4 2
      vertex 2.60943 229.726 2
    endloop
  endfacet
  facet normal 0 0 1
    outer loop
      vertex 18 49 2
      vertex 4.37227 6.85475 2
      vertex 4.40695 6.85133 2
    endloop
  endfacet
  facet normal 0 0 1
    outer loop
      vertex 2.07156 230.013 2
      vertex 18 202.4 2
      vertex 2.57869 229.742 2
    endloop
  endfacet
  facet normal 0 0 1
    outer loop
      vertex 18 49 2
      vertex 3.8 6.91111 2
      vertex 4.37227 6.85475 2
    endloop
  endfacet
  facet normal 0 0 1
    outer loop
      vertex 18 202.4 2
      vertex 2.07156 230.013 2
      vertex 18 199.4 2
    endloop
  endfacet
  facet normal 0 0 1
    outer loop
      vertex 18 49 2
      vertex 3.22773 6.85475 2
      vertex 3.8 6.91111 2
    endloop
  endfacet
  facet normal 0 0 1
    outer loop
      vertex 18 199.4 2
      vertex 2.07156 230.013 2
      vertex 18 196.4 2
    endloop
  endfacet
  facet normal 0 0 1
    outer loop
      vertex 18 49 2
      vertex 3.19305 6.85133 2
      vertex 3.22773 6.85475 2
    endloop
  endfacet
  facet normal 0 0 1
    outer loop
      vertex 1.62705 230.378 2
      vertex 18 196.4 2
      vertex 2.07156 230.013 2
    endloop
  endfacet
  facet normal 0 0 1
    outer loop
      vertex 18 49 2
      vertex 3.1597 6.84122 2
      vertex 3.19305 6.85133 2
    endloop
  endfacet
  facet normal 0 0 1
    outer loop
      vertex 1.60011 230.4 2
      vertex 18 196.4 2
      vertex 1.62705 230.378 2
    endloop
  endfacet
  facet normal 0 0 1
    outer loop
      vertex 18 49 2
      vertex 2.60943 6.67429 2
      vertex 3.1597 6.84122 2
    endloop
  endfacet
  facet normal 0 0 1
    outer loop
      vertex 18 196.4 2
      vertex 1.60011 230.4 2
      vertex 18 193.4 2
    endloop
  endfacet
  facet normal 0 0 1
    outer loop
      vertex 18 49 2
      vertex 2.57869 6.65786 2
      vertex 2.60943 6.67429 2
    endloop
  endfacet
  facet normal 0 0 1
    outer loop
      vertex 18 193.4 2
      vertex 1.60011 230.4 2
      vertex 18 190.4 2
    endloop
  endfacet
  facet normal 0 0 1
    outer loop
      vertex 18 49 2
      vertex 2.07156 6.38679 2
      vertex 2.57869 6.65786 2
    endloop
  endfacet
  facet normal 0 0 1
    outer loop
      vertex 1.578 230.427 2
      vertex 18 190.4 2
      vertex 1.60011 230.4 2
    endloop
  endfacet
  facet normal 0 0 1
    outer loop
      vertex 18 49 2
      vertex 1.62705 6.022 2
      vertex 2.07156 6.38679 2
    endloop
  endfacet
  facet normal 0 0 1
    outer loop
      vertex 1.21321 230.872 2
      vertex 18 190.4 2
      vertex 1.578 230.427 2
    endloop
  endfacet
  facet normal 0 0 1
    outer loop
      vertex 18 49 2
      vertex 1.60011 5.99989 2
      vertex 1.62705 6.022 2
    endloop
  endfacet
  facet normal 0 0 1
    outer loop
      vertex 18 190.4 2
      vertex 1.21321 230.872 2
      vertex 18 49 2
    endloop
  endfacet
  facet normal 0 0 1
    outer loop
      vertex 18 49 2
      vertex 1.578 5.97295 2
      vertex 1.60011 5.99989 2
    endloop
  endfacet
  facet normal 0 0 1
    outer loop
      vertex 0.942136 231.379 2
      vertex 18 49 2
      vertex 1.21321 230.872 2
    endloop
  endfacet
  facet normal 0 0 1
    outer loop
      vertex 18 49 2
      vertex 1.21321 5.52844 2
      vertex 1.578 5.97295 2
    endloop
  endfacet
  facet normal 0 0 1
    outer loop
      vertex 0.925707 231.409 2
      vertex 18 49 2
      vertex 0.942136 231.379 2
    endloop
  endfacet
  facet normal 0 0 1
    outer loop
      vertex 18 49 2
      vertex 0.942136 5.02131 2
      vertex 1.21321 5.52844 2
    endloop
  endfacet
  facet normal 0 0 1
    outer loop
      vertex 0.925707 4.99057 2
      vertex 18 49 2
      vertex 0.925707 231.409 2
    endloop
  endfacet
  facet normal 0 0 1
    outer loop
      vertex 18 49 2
      vertex 0.925707 4.99057 2
      vertex 0.942136 5.02131 2
    endloop
  endfacet
  facet normal 0 0 1
    outer loop
      vertex 0.758784 231.96 2
      vertex 0.925707 4.99057 2
      vertex 0.925707 231.409 2
    endloop
  endfacet
  facet normal 0 0 1
    outer loop
      vertex 0.758784 231.96 2
      vertex 0.758784 4.4403 2
      vertex 0.925707 4.99057 2
    endloop
  endfacet
  facet normal 0 0 1
    outer loop
      vertex 0.748667 231.993 2
      vertex 0.758784 4.4403 2
      vertex 0.758784 231.96 2
    endloop
  endfacet
  facet normal 0 0 1
    outer loop
      vertex 0.748667 231.993 2
      vertex 0.748667 4.40695 2
      vertex 0.758784 4.4403 2
    endloop
  endfacet
  facet normal 0 0 1
    outer loop
      vertex 0 236.4 2
      vertex 0.748667 231.993 2
      vertex 0.745251 232.028 2
    endloop
  endfacet
  facet normal 0 0 1
    outer loop
      vertex 0.748667 231.993 2
      vertex 0 236.4 2
      vertex 0.748667 4.40695 2
    endloop
  endfacet
  facet normal 0 0 1
    outer loop
      vertex 0 236.4 2
      vertex 0.745251 232.028 2
      vertex 0.688889 232.6 2
    endloop
  endfacet
  facet normal 0 0 1
    outer loop
      vertex 0 0 2
      vertex 0.748667 4.40695 2
      vertex 0 236.4 2
    endloop
  endfacet
  facet normal -0 0 1
    outer loop
      vertex 18 28 2
      vertex 66 25 2
      vertex 66 28 2
    endloop
  endfacet
  facet normal 0 0 1
    outer loop
      vertex 66 25 2
      vertex 18 28 2
      vertex 18 25 2
    endloop
  endfacet
  facet normal -0 0 1
    outer loop
      vertex 18 34 2
      vertex 66 31 2
      vertex 66 34 2
    endloop
  endfacet
  facet normal 0 0 1
    outer loop
      vertex 66 31 2
      vertex 18 34 2
      vertex 18 31 2
    endloop
  endfacet
  facet normal -0 0 1
    outer loop
      vertex 18 40 2
      vertex 66 37 2
      vertex 66 40 2
    endloop
  endfacet
  facet normal 0 0 1
    outer loop
      vertex 66 37 2
      vertex 18 40 2
      vertex 18 37 2
    endloop
  endfacet
  facet normal -0 0 1
    outer loop
      vertex 18 46 2
      vertex 66 43 2
      vertex 66 46 2
    endloop
  endfacet
  facet normal 0 0 1
    outer loop
      vertex 66 43 2
      vertex 18 46 2
      vertex 18 43 2
    endloop
  endfacet
  facet normal -0 0 1
    outer loop
      vertex 18 190.4 2
      vertex 66 49 2
      vertex 66 190.4 2
    endloop
  endfacet
  facet normal 0 0 1
    outer loop
      vertex 66 49 2
      vertex 18 190.4 2
      vertex 18 49 2
    endloop
  endfacet
  facet normal -0 0 1
    outer loop
      vertex 18 196.4 2
      vertex 66 193.4 2
      vertex 66 196.4 2
    endloop
  endfacet
  facet normal 0 0 1
    outer loop
      vertex 66 193.4 2
      vertex 18 196.4 2
      vertex 18 193.4 2
    endloop
  endfacet
  facet normal -0 0 1
    outer loop
      vertex 18 202.4 2
      vertex 66 199.4 2
      vertex 66 202.4 2
    endloop
  endfacet
  facet normal 0 0 1
    outer loop
      vertex 66 199.4 2
      vertex 18 202.4 2
      vertex 18 199.4 2
    endloop
  endfacet
  facet normal -0 0 1
    outer loop
      vertex 18 208.4 2
      vertex 66 205.4 2
      vertex 66 208.4 2
    endloop
  endfacet
  facet normal 0 0 1
    outer loop
      vertex 66 205.4 2
      vertex 18 208.4 2
      vertex 18 205.4 2
    endloop
  endfacet
  facet normal -0 0 1
    outer loop
      vertex 18 214.4 2
      vertex 66 211.4 2
      vertex 66 214.4 2
    endloop
  endfacet
  facet normal 0 0 1
    outer loop
      vertex 66 211.4 2
      vertex 18 214.4 2
      vertex 18 211.4 2
    endloop
  endfacet
  facet normal -0 0 1
    outer loop
      vertex 118.4 28 2
      vertex 166.4 25 2
      vertex 166.4 28 2
    endloop
  endfacet
  facet normal 0 0 1
    outer loop
      vertex 166.4 25 2
      vertex 118.4 28 2
      vertex 118.4 25 2
    endloop
  endfacet
  facet normal -0 0 1
    outer loop
      vertex 118.4 34 2
      vertex 166.4 31 2
      vertex 166.4 34 2
    endloop
  endfacet
  facet normal 0 0 1
    outer loop
      vertex 166.4 31 2
      vertex 118.4 34 2
      vertex 118.4 31 2
    endloop
  endfacet
  facet normal -0 0 1
    outer loop
      vertex 118.4 40 2
      vertex 166.4 37 2
      vertex 166.4 40 2
    endloop
  endfacet
  facet normal 0 0 1
    outer loop
      vertex 166.4 37 2
      vertex 118.4 40 2
      vertex 118.4 37 2
    endloop
  endfacet
  facet normal -0 0 1
    outer loop
      vertex 118.4 46 2
      vertex 166.4 43 2
      vertex 166.4 46 2
    endloop
  endfacet
  facet normal 0 0 1
    outer loop
      vertex 166.4 43 2
      vertex 118.4 46 2
      vertex 118.4 43 2
    endloop
  endfacet
  facet normal -0 0 1
    outer loop
      vertex 118.4 190.4 2
      vertex 166.4 49 2
      vertex 166.4 190.4 2
    endloop
  endfacet
  facet normal 0 0 1
    outer loop
      vertex 166.4 49 2
      vertex 118.4 190.4 2
      vertex 118.4 49 2
    endloop
  endfacet
  facet normal -0 0 1
    outer loop
      vertex 118.4 196.4 2
      vertex 166.4 193.4 2
      vertex 166.4 196.4 2
    endloop
  endfacet
  facet normal 0 0 1
    outer loop
      vertex 166.4 193.4 2
      vertex 118.4 196.4 2
      vertex 118.4 193.4 2
    endloop
  endfacet
  facet normal -0 0 1
    outer loop
      vertex 118.4 202.4 2
      vertex 166.4 199.4 2
      vertex 166.4 202.4 2
    endloop
  endfacet
  facet normal 0 0 1
    outer loop
      vertex 166.4 199.4 2
      vertex 118.4 202.4 2
      vertex 118.4 199.4 2
    endloop
  endfacet
  facet normal -0 0 1
    outer loop
      vertex 118.4 208.4 2
      vertex 166.4 205.4 2
      vertex 166.4 208.4 2
    endloop
  endfacet
  facet normal 0 0 1
    outer loop
      vertex 166.4 205.4 2
      vertex 118.4 208.4 2
      vertex 118.4 205.4 2
    endloop
  endfacet
  facet normal -0 0 1
    outer loop
      vertex 118.4 214.4 2
      vertex 166.4 211.4 2
      vertex 166.4 214.4 2
    endloop
  endfacet
  facet normal 0 0 1
    outer loop
      vertex 166.4 211.4 2
      vertex 118.4 214.4 2
      vertex 118.4 211.4 2
    endloop
  endfacet
  facet normal 0 0 1
    outer loop
      vertex 184.4 236.4 2
      vertex 183.651 231.993 2
      vertex 184.4 0 2
    endloop
  endfacet
  facet normal 0 0 1
    outer loop
      vertex 184.4 0 2
      vertex 183.655 4.37227 2
      vertex 183.711 3.8 2
    endloop
  endfacet
  facet normal -0 0 1
    outer loop
      vertex 183.651 4.40695 2
      vertex 184.4 0 2
      vertex 183.651 231.993 2
    endloop
  endfacet
  facet normal 0 0 1
    outer loop
      vertex 184.4 0 2
      vertex 183.651 4.40695 2
      vertex 183.655 4.37227 2
    endloop
  endfacet
  facet normal -0 0 1
    outer loop
      vertex 183.641 231.96 2
      vertex 183.651 4.40695 2
      vertex 183.651 231.993 2
    endloop
  endfacet
  facet normal 0 0 1
    outer loop
      vertex 183.641 231.96 2
      vertex 183.641 4.4403 2
      vertex 183.651 4.40695 2
    endloop
  endfacet
  facet normal -0 0 1
    outer loop
      vertex 183.474 231.409 2
      vertex 183.641 4.4403 2
      vertex 183.641 231.96 2
    endloop
  endfacet
  facet normal 0 0 1
    outer loop
      vertex 183.474 231.409 2
      vertex 183.474 4.99057 2
      vertex 183.641 4.4403 2
    endloop
  endfacet
  facet normal 0 0 1
    outer loop
      vertex 166.4 49 2
      vertex 183.474 231.409 2
      vertex 183.458 231.379 2
    endloop
  endfacet
  facet normal 0 0 1
    outer loop
      vertex 183.474 231.409 2
      vertex 166.4 49 2
      vertex 183.474 4.99057 2
    endloop
  endfacet
  facet normal 0 0 1
    outer loop
      vertex 166.4 49 2
      vertex 183.458 231.379 2
      vertex 183.187 230.872 2
    endloop
  endfacet
  facet normal 0 0 1
    outer loop
      vertex 183.474 4.99057 2
      vertex 166.4 49 2
      vertex 183.458 5.02131 2
    endloop
  endfacet
  facet normal 0 0 1
    outer loop
      vertex 166.4 190.4 2
      vertex 183.187 230.872 2
      vertex 182.822 230.427 2
    endloop
  endfacet
  facet normal 0 0 1
    outer loop
      vertex 183.458 5.02131 2
      vertex 166.4 49 2
      vertex 183.187 5.52844 2
    endloop
  endfacet
  facet normal 0 0 1
    outer loop
      vertex 166.4 190.4 2
      vertex 182.822 230.427 2
      vertex 182.8 230.4 2
    endloop
  endfacet
  facet normal 0 0 1
    outer loop
      vertex 183.187 5.52844 2
      vertex 166.4 49 2
      vertex 182.822 5.97295 2
    endloop
  endfacet
  facet normal 0 0 1
    outer loop
      vertex 166.4 196.4 2
      vertex 182.8 230.4 2
      vertex 182.773 230.378 2
    endloop
  endfacet
  facet normal 0 0 1
    outer loop
      vertex 182.822 5.97295 2
      vertex 166.4 49 2
      vertex 182.8 5.99989 2
    endloop
  endfacet
  facet normal 0 0 1
    outer loop
      vertex 166.4 196.4 2
      vertex 182.773 230.378 2
      vertex 182.328 230.013 2
    endloop
  endfacet
  facet normal -0 0 1
    outer loop
      vertex 166.4 46 2
      vertex 182.8 5.99989 2
      vertex 166.4 49 2
    endloop
  endfacet
  facet normal 0 0 1
    outer loop
      vertex 166.4 202.4 2
      vertex 182.328 230.013 2
      vertex 181.821 229.742 2
    endloop
  endfacet
  facet normal -0 0 1
    outer loop
      vertex 166.4 43 2
      vertex 182.8 5.99989 2
      vertex 166.4 46 2
    endloop
  endfacet
  facet normal 0 0 1
    outer loop
      vertex 166.4 202.4 2
      vertex 181.821 229.742 2
      vertex 181.791 229.726 2
    endloop
  endfacet
  facet normal -0 0 1
    outer loop
      vertex 166.4 40 2
      vertex 182.8 5.99989 2
      vertex 166.4 43 2
    endloop
  endfacet
  facet normal 0 0 1
    outer loop
      vertex 166.4 208.4 2
      vertex 181.791 229.726 2
      vertex 181.24 229.559 2
    endloop
  endfacet
  facet normal 0 0 1
    outer loop
      vertex 182.8 5.99989 2
      vertex 166.4 40 2
      vertex 182.773 6.022 2
    endloop
  endfacet
  facet normal 0 0 1
    outer loop
      vertex 166.4 208.4 2
      vertex 181.24 229.559 2
      vertex 181.207 229.549 2
    endloop
  endfacet
  facet normal 0 0 1
    outer loop
      vertex 182.773 6.022 2
      vertex 166.4 40 2
      vertex 182.328 6.38679 2
    endloop
  endfacet
  facet normal 0 0 1
    outer loop
      vertex 166.4 214.4 2
      vertex 181.207 229.549 2
      vertex 181.172 229.545 2
    endloop
  endfacet
  facet normal -0 0 1
    outer loop
      vertex 166.4 37 2
      vertex 182.328 6.38679 2
      vertex 166.4 40 2
    endloop
  endfacet
  facet normal 0 0 1
    outer loop
      vertex 166.4 214.4 2
      vertex 181.172 229.545 2
      vertex 180.6 229.489 2
    endloop
  endfacet
  facet normal -0 0 1
    outer loop
      vertex 166.4 34 2
      vertex 182.328 6.38679 2
      vertex 166.4 37 2
    endloop
  endfacet
  facet normal 0 0 1
    outer loop
      vertex 166.4 217.4 2
      vertex 180.6 229.489 2
      vertex 180.028 229.545 2
    endloop
  endfacet
  facet normal 0 0 1
    outer loop
      vertex 182.328 6.38679 2
      vertex 166.4 34 2
      vertex 181.821 6.65786 2
    endloop
  endfacet
  facet normal 0 0 1
    outer loop
      vertex 166.4 217.4 2
      vertex 180.028 229.545 2
      vertex 179.993 229.549 2
    endloop
  endfacet
  facet normal 0 0 1
    outer loop
      vertex 181.821 6.65786 2
      vertex 166.4 34 2
      vertex 181.791 6.67429 2
    endloop
  endfacet
  facet normal 0 0 1
    outer loop
      vertex 166.4 217.4 2
      vertex 179.993 229.549 2
      vertex 179.96 229.559 2
    endloop
  endfacet
  facet normal -0 0 1
    outer loop
      vertex 166.4 31 2
      vertex 181.791 6.67429 2
      vertex 166.4 34 2
    endloop
  endfacet
  facet normal 0 0 1
    outer loop
      vertex 166.4 217.4 2
      vertex 179.96 229.559 2
      vertex 179.409 229.726 2
    endloop
  endfacet
  facet normal -0 0 1
    outer loop
      vertex 166.4 28 2
      vertex 181.791 6.67429 2
      vertex 166.4 31 2
    endloop
  endfacet
  facet normal 0 0 1
    outer loop
      vertex 166.4 217.4 2
      vertex 179.409 229.726 2
      vertex 179.379 229.742 2
    endloop
  endfacet
  facet normal 0 0 1
    outer loop
      vertex 181.791 6.67429 2
      vertex 166.4 28 2
      vertex 181.24 6.84122 2
    endloop
  endfacet
  facet normal 0 0 1
    outer loop
      vertex 166.4 217.4 2
      vertex 179.379 229.742 2
      vertex 178.872 230.013 2
    endloop
  endfacet
  facet normal 0 0 1
    outer loop
      vertex 181.24 6.84122 2
      vertex 166.4 28 2
      vertex 181.207 6.85133 2
    endloop
  endfacet
  facet normal 0 0 1
    outer loop
      vertex 166.4 217.4 2
      vertex 178.872 230.013 2
      vertex 178.427 230.378 2
    endloop
  endfacet
  facet normal -0 0 1
    outer loop
      vertex 166.4 25 2
      vertex 181.207 6.85133 2
      vertex 166.4 28 2
    endloop
  endfacet
  facet normal 0 0 1
    outer loop
      vertex 166.4 217.4 2
      vertex 178.427 230.378 2
      vertex 178.4 230.4 2
    endloop
  endfacet
  facet normal -0 0 1
    outer loop
      vertex 166.4 22 2
      vertex 181.207 6.85133 2
      vertex 166.4 25 2
    endloop
  endfacet
  facet normal 0 0 1
    outer loop
      vertex 166.4 217.4 2
      vertex 178.4 230.4 2
      vertex 178.378 230.427 2
    endloop
  endfacet
  facet normal 0 0 1
    outer loop
      vertex 181.207 6.85133 2
      vertex 166.4 22 2
      vertex 181.172 6.85475 2
    endloop
  endfacet
  facet normal 0 0 1
    outer loop
      vertex 166.4 217.4 2
      vertex 178.378 230.427 2
      vertex 178.013 230.872 2
    endloop
  endfacet
  facet normal 0 0 1
    outer loop
      vertex 181.172 6.85475 2
      vertex 166.4 22 2
      vertex 180.6 6.91111 2
    endloop
  endfacet
  facet normal 0 0 1
    outer loop
      vertex 166.4 217.4 2
      vertex 178.013 230.872 2
      vertex 177.742 231.379 2
    endloop
  endfacet
  facet normal 0 0 1
    outer loop
      vertex 180.6 6.91111 2
      vertex 166.4 22 2
      vertex 180.028 6.85475 2
    endloop
  endfacet
  facet normal 0 0 1
    outer loop
      vertex 166.4 217.4 2
      vertex 177.742 231.379 2
      vertex 177.726 231.409 2
    endloop
  endfacet
  facet normal 0 0 1
    outer loop
      vertex 180.028 6.85475 2
      vertex 166.4 22 2
      vertex 179.993 6.85133 2
    endloop
  endfacet
  facet normal 0 0 1
    outer loop
      vertex 166.4 217.4 2
      vertex 177.726 231.409 2
      vertex 177.559 231.96 2
    endloop
  endfacet
  facet normal 0 0 1
    outer loop
      vertex 179.993 6.85133 2
      vertex 166.4 22 2
      vertex 179.96 6.84122 2
    endloop
  endfacet
  facet normal 0 0 1
    outer loop
      vertex 166.4 217.4 2
      vertex 177.559 231.96 2
      vertex 177.549 231.993 2
    endloop
  endfacet
  facet normal 0 0 1
    outer loop
      vertex 179.96 6.84122 2
      vertex 166.4 22 2
      vertex 179.409 6.67429 2
    endloop
  endfacet
  facet normal 0 0 1
    outer loop
      vertex 166.4 217.4 2
      vertex 177.549 231.993 2
      vertex 177.545 232.028 2
    endloop
  endfacet
  facet normal 0 0 1
    outer loop
      vertex 179.409 6.67429 2
      vertex 166.4 22 2
      vertex 179.379 6.65786 2
    endloop
  endfacet
  facet normal 0 0 1
    outer loop
      vertex 166.4 217.4 2
      vertex 177.545 232.028 2
      vertex 177.489 232.6 2
    endloop
  endfacet
  facet normal 0 0 1
    outer loop
      vertex 179.379 6.65786 2
      vertex 166.4 22 2
      vertex 178.872 6.38679 2
    endloop
  endfacet
  facet normal 0 0 1
    outer loop
      vertex 183.655 232.028 2
      vertex 184.4 236.4 2
      vertex 183.711 232.6 2
    endloop
  endfacet
  facet normal 0 0 1
    outer loop
      vertex 184.4 236.4 2
      vertex 183.655 233.172 2
      vertex 183.711 232.6 2
    endloop
  endfacet
  facet normal 0 0 1
    outer loop
      vertex 184.4 236.4 2
      vertex 183.651 233.207 2
      vertex 183.655 233.172 2
    endloop
  endfacet
  facet normal 0 0 1
    outer loop
      vertex 184.4 236.4 2
      vertex 183.641 233.24 2
      vertex 183.651 233.207 2
    endloop
  endfacet
  facet normal 0 0 1
    outer loop
      vertex 184.4 236.4 2
      vertex 183.474 233.791 2
      vertex 183.641 233.24 2
    endloop
  endfacet
  facet normal 0 0 1
    outer loop
      vertex 184.4 236.4 2
      vertex 183.458 233.821 2
      vertex 183.474 233.791 2
    endloop
  endfacet
  facet normal 0 0 1
    outer loop
      vertex 184.4 236.4 2
      vertex 183.187 234.328 2
      vertex 183.458 233.821 2
    endloop
  endfacet
  facet normal 0 0 1
    outer loop
      vertex 184.4 236.4 2
      vertex 182.822 234.773 2
      vertex 183.187 234.328 2
    endloop
  endfacet
  facet normal 0 0 1
    outer loop
      vertex 184.4 236.4 2
      vertex 182.8 234.8 2
      vertex 182.822 234.773 2
    endloop
  endfacet
  facet normal 0 0 1
    outer loop
      vertex 184.4 236.4 2
      vertex 182.773 234.822 2
      vertex 182.8 234.8 2
    endloop
  endfacet
  facet normal 0 0 1
    outer loop
      vertex 184.4 236.4 2
      vertex 182.328 235.187 2
      vertex 182.773 234.822 2
    endloop
  endfacet
  facet normal 0 0 1
    outer loop
      vertex 184.4 236.4 2
      vertex 181.821 235.458 2
      vertex 182.328 235.187 2
    endloop
  endfacet
  facet normal 0 0 1
    outer loop
      vertex 184.4 236.4 2
      vertex 181.791 235.474 2
      vertex 181.821 235.458 2
    endloop
  endfacet
  facet normal 0 0 1
    outer loop
      vertex 184.4 236.4 2
      vertex 181.24 235.641 2
      vertex 181.791 235.474 2
    endloop
  endfacet
  facet normal 0 0 1
    outer loop
      vertex 184.4 236.4 2
      vertex 181.207 235.651 2
      vertex 181.24 235.641 2
    endloop
  endfacet
  facet normal 0 0 1
    outer loop
      vertex 184.4 236.4 2
      vertex 181.172 235.655 2
      vertex 181.207 235.651 2
    endloop
  endfacet
  facet normal 0 0 1
    outer loop
      vertex 184.4 236.4 2
      vertex 180.6 235.711 2
      vertex 181.172 235.655 2
    endloop
  endfacet
  facet normal 0 0 1
    outer loop
      vertex 184.4 236.4 2
      vertex 180.028 235.655 2
      vertex 180.6 235.711 2
    endloop
  endfacet
  facet normal 0 0 1
    outer loop
      vertex 184.4 236.4 2
      vertex 179.993 235.651 2
      vertex 180.028 235.655 2
    endloop
  endfacet
  facet normal 0 0 -1
    outer loop
      vertex 178.013 234.328 2
      vertex 177.726 233.791 2
      vertex 177.742 233.821 2
    endloop
  endfacet
  facet normal 0 0 -1
    outer loop
      vertex 177.726 233.791 2
      vertex 177.549 233.207 2
      vertex 177.559 233.24 2
    endloop
  endfacet
  facet normal 0 0 1
    outer loop
      vertex 166.4 217.4 2
      vertex 177.545 233.172 2
      vertex 177.549 233.207 2
    endloop
  endfacet
  facet normal 0 0 1
    outer loop
      vertex 180.6 229.489 2
      vertex 166.4 217.4 2
      vertex 166.4 214.4 2
    endloop
  endfacet
  facet normal 0 0 1
    outer loop
      vertex 177.545 233.172 2
      vertex 166.4 217.4 2
      vertex 177.489 232.6 2
    endloop
  endfacet
  facet normal 0 0 1
    outer loop
      vertex 177.726 233.791 2
      vertex 166.4 217.4 2
      vertex 177.549 233.207 2
    endloop
  endfacet
  facet normal 0 0 1
    outer loop
      vertex 118.4 217.4 2
      vertex 177.726 233.791 2
      vertex 178.013 234.328 2
    endloop
  endfacet
  facet normal 0 0 1
    outer loop
      vertex 177.726 233.791 2
      vertex 118.4 217.4 2
      vertex 166.4 217.4 2
    endloop
  endfacet
  facet normal 0 0 1
    outer loop
      vertex 178.378 234.773 2
      vertex 118.4 217.4 2
      vertex 178.013 234.328 2
    endloop
  endfacet
  facet normal 0 0 1
    outer loop
      vertex 178.4 234.8 2
      vertex 118.4 217.4 2
      vertex 178.378 234.773 2
    endloop
  endfacet
  facet normal 0 0 1
    outer loop
      vertex 94.4 230.4 2
      vertex 178.4 234.8 2
      vertex 178.427 234.822 2
    endloop
  endfacet
  facet normal 0 0 1
    outer loop
      vertex 94.4 230.4 2
      vertex 178.427 234.822 2
      vertex 178.872 235.187 2
    endloop
  endfacet
  facet normal 0 0 1
    outer loop
      vertex 94.4 230.4 2
      vertex 178.872 235.187 2
      vertex 179.379 235.458 2
    endloop
  endfacet
  facet normal 0 0 1
    outer loop
      vertex 94.4 230.4 2
      vertex 179.379 235.458 2
      vertex 179.409 235.474 2
    endloop
  endfacet
  facet normal 0 0 1
    outer loop
      vertex 94.4 230.4 2
      vertex 179.409 235.474 2
      vertex 179.96 235.641 2
    endloop
  endfacet
  facet normal 0 0 1
    outer loop
      vertex 94.4 230.4 2
      vertex 179.96 235.641 2
      vertex 179.993 235.651 2
    endloop
  endfacet
  facet normal 0 0 1
    outer loop
      vertex 96.5467 220.235 2
      vertex 118.4 214.4 2
      vertex 118.4 217.4 2
    endloop
  endfacet
  facet normal 0 0 1
    outer loop
      vertex 118.4 214.4 2
      vertex 96.0971 219.15 2
      vertex 118.4 211.4 2
    endloop
  endfacet
  facet normal -0 0 1
    outer loop
      vertex 95.382 218.218 2
      vertex 118.4 211.4 2
      vertex 96.0971 219.15 2
    endloop
  endfacet
  facet normal 0 0 1
    outer loop
      vertex 118.4 211.4 2
      vertex 95.382 218.218 2
      vertex 118.4 208.4 2
    endloop
  endfacet
  facet normal -0 0 1
    outer loop
      vertex 94.45 217.503 2
      vertex 118.4 205.4 2
      vertex 95.382 218.218 2
    endloop
  endfacet
  facet normal 0 0 1
    outer loop
      vertex 118.4 205.4 2
      vertex 94.45 217.503 2
      vertex 118.4 202.4 2
    endloop
  endfacet
  facet normal 0 0 1
    outer loop
      vertex 118.4 202.4 2
      vertex 94.45 217.503 2
      vertex 118.4 199.4 2
    endloop
  endfacet
  facet normal -0 0 1
    outer loop
      vertex 93.3647 217.053 2
      vertex 118.4 199.4 2
      vertex 94.45 217.503 2
    endloop
  endfacet
  facet normal 0 0 1
    outer loop
      vertex 118.4 199.4 2
      vertex 93.3647 217.053 2
      vertex 118.4 196.4 2
    endloop
  endfacet
  facet normal 0 0 1
    outer loop
      vertex 118.4 193.4 2
      vertex 92.2 216.9 2
      vertex 118.4 190.4 2
    endloop
  endfacet
  facet normal 0 0 1
    outer loop
      vertex 91.0353 217.053 2
      vertex 118.4 190.4 2
      vertex 92.2 216.9 2
    endloop
  endfacet
  facet normal 0 0 1
    outer loop
      vertex 89.95 217.503 2
      vertex 118.4 190.4 2
      vertex 91.0353 217.053 2
    endloop
  endfacet
  facet normal 0 0 1
    outer loop
      vertex 118.4 190.4 2
      vertex 89.95 217.503 2
      vertex 118.4 49 2
    endloop
  endfacet
  facet normal 0 0 1
    outer loop
      vertex 89.018 218.218 2
      vertex 118.4 49 2
      vertex 89.95 217.503 2
    endloop
  endfacet
  facet normal 0 -0 1
    outer loop
      vertex 87.2842 15.0443 2
      vertex 118.4 49 2
      vertex 86.7402 14.8793 2
    endloop
  endfacet
  facet normal 0 -0 1
    outer loop
      vertex 87.85 15.1 2
      vertex 118.4 49 2
      vertex 87.2842 15.0443 2
    endloop
  endfacet
  facet normal 0 0 1
    outer loop
      vertex 118.4 49 2
      vertex 87.85 15.1 2
      vertex 118.4 46 2
    endloop
  endfacet
  facet normal 0 0 1
    outer loop
      vertex 118.4 46 2
      vertex 87.85 15.1 2
      vertex 118.4 43 2
    endloop
  endfacet
  facet normal 0 -0 1
    outer loop
      vertex 96.55 15.1 2
      vertex 118.4 40 2
      vertex 87.85 15.1 2
    endloop
  endfacet
  facet normal 0 0 1
    outer loop
      vertex 118.4 22 2
      vertex 99.3943 12.7658 2
      vertex 99.45 12.2 2
    endloop
  endfacet
  facet normal 0 0 1
    outer loop
      vertex 118.4 22 2
      vertex 99.2292 13.3098 2
      vertex 99.3943 12.7658 2
    endloop
  endfacet
  facet normal 0 0 1
    outer loop
      vertex 118.4 22 2
      vertex 98.9613 13.8112 2
      vertex 99.2292 13.3098 2
    endloop
  endfacet
  facet normal 0 0 1
    outer loop
      vertex 118.4 22 2
      vertex 98.6006 14.2506 2
      vertex 98.9613 13.8112 2
    endloop
  endfacet
  facet normal 0 0 1
    outer loop
      vertex 118.4 25 2
      vertex 98.6006 14.2506 2
      vertex 118.4 22 2
    endloop
  endfacet
  facet normal 0 -0 1
    outer loop
      vertex 98.6006 14.2506 2
      vertex 118.4 25 2
      vertex 98.1612 14.6113 2
    endloop
  endfacet
  facet normal 0 0 1
    outer loop
      vertex 118.4 28 2
      vertex 98.1612 14.6113 2
      vertex 118.4 25 2
    endloop
  endfacet
  facet normal -0 0 1
    outer loop
      vertex 96.5467 220.235 2
      vertex 118.4 217.4 2
      vertex 96.7 221.4 2
    endloop
  endfacet
  facet normal 0 0 1
    outer loop
      vertex 178.4 234.8 2
      vertex 94.4 230.4 2
      vertex 118.4 217.4 2
    endloop
  endfacet
  facet normal 0 0 1
    outer loop
      vertex 118.4 217.4 2
      vertex 96.5467 222.565 2
      vertex 96.7 221.4 2
    endloop
  endfacet
  facet normal 0 0 1
    outer loop
      vertex 94.4 230.4 2
      vertex 179.993 235.651 2
      vertex 184.4 236.4 2
    endloop
  endfacet
  facet normal -0 -0 1
    outer loop
      vertex 96.0971 223.65 2
      vertex 118.4 217.4 2
      vertex 94.4 230.4 2
    endloop
  endfacet
  facet normal 0 0 1
    outer loop
      vertex 118.4 217.4 2
      vertex 96.0971 223.65 2
      vertex 96.5467 222.565 2
    endloop
  endfacet
  facet normal 0 0 1
    outer loop
      vertex 96.0971 223.65 2
      vertex 94.4 230.4 2
      vertex 95.382 224.582 2
    endloop
  endfacet
  facet normal 0 0 1
    outer loop
      vertex 95.382 224.582 2
      vertex 94.4 230.4 2
      vertex 94.45 225.297 2
    endloop
  endfacet
  facet normal 0 0 1
    outer loop
      vertex 184.4 236.4 2
      vertex 90 230.4 2
      vertex 94.4 230.4 2
    endloop
  endfacet
  facet normal 0 0 1
    outer loop
      vertex 90 230.4 2
      vertex 89.95 225.297 2
      vertex 90 225.318 2
    endloop
  endfacet
  facet normal 0 0 1
    outer loop
      vertex 90 230.4 2
      vertex 89.018 224.582 2
      vertex 89.95 225.297 2
    endloop
  endfacet
  facet normal 0 0 1
    outer loop
      vertex 90 230.4 2
      vertex 88.3029 223.65 2
      vertex 89.018 224.582 2
    endloop
  endfacet
  facet normal 0 0 1
    outer loop
      vertex 66 217.4 2
      vertex 88.3029 223.65 2
      vertex 90 230.4 2
    endloop
  endfacet
  facet normal 0 0 1
    outer loop
      vertex 118.4 40 2
      vertex 96.55 15.1 2
      vertex 118.4 37 2
    endloop
  endfacet
  facet normal 0 0 1
    outer loop
      vertex 87.8533 220.235 2
      vertex 66 49 2
      vertex 86.7402 14.8793 2
    endloop
  endfacet
  facet normal -0 0 1
    outer loop
      vertex 66 46 2
      vertex 86.7402 14.8793 2
      vertex 66 49 2
    endloop
  endfacet
  facet normal -0 0 1
    outer loop
      vertex 66 43 2
      vertex 86.7402 14.8793 2
      vertex 66 46 2
    endloop
  endfacet
  facet normal -0 0 1
    outer loop
      vertex 66 40 2
      vertex 86.7402 14.8793 2
      vertex 66 43 2
    endloop
  endfacet
  facet normal -0 0 1
    outer loop
      vertex 66 37 2
      vertex 86.7402 14.8793 2
      vertex 66 40 2
    endloop
  endfacet
  facet normal -0 0 1
    outer loop
      vertex 66 34 2
      vertex 86.7402 14.8793 2
      vertex 66 37 2
    endloop
  endfacet
  facet normal 0 0 1
    outer loop
      vertex 87.8533 220.235 2
      vertex 66 217.4 2
      vertex 66 214.4 2
    endloop
  endfacet
  facet normal 0 0 1
    outer loop
      vertex 87.8533 222.565 2
      vertex 66 217.4 2
      vertex 87.7 221.4 2
    endloop
  endfacet
  facet normal 0 0 1
    outer loop
      vertex 88.3029 223.65 2
      vertex 66 217.4 2
      vertex 87.8533 222.565 2
    endloop
  endfacet
  facet normal 0 0 1
    outer loop
      vertex 5.99989 234.8 2
      vertex 66 217.4 2
      vertex 90 230.4 2
    endloop
  endfacet
  facet normal -0 0 1
    outer loop
      vertex 6.85475 232.028 2
      vertex 18 217.4 2
      vertex 6.91111 232.6 2
    endloop
  endfacet
  facet normal -0 0 1
    outer loop
      vertex 6.85133 231.993 2
      vertex 18 217.4 2
      vertex 6.85475 232.028 2
    endloop
  endfacet
  facet normal -0 0 1
    outer loop
      vertex 6.84122 231.96 2
      vertex 18 217.4 2
      vertex 6.85133 231.993 2
    endloop
  endfacet
  facet normal -0 0 1
    outer loop
      vertex 6.67429 231.409 2
      vertex 18 217.4 2
      vertex 6.84122 231.96 2
    endloop
  endfacet
  facet normal -0 0 1
    outer loop
      vertex 6.65786 231.379 2
      vertex 18 217.4 2
      vertex 6.67429 231.409 2
    endloop
  endfacet
  facet normal -0 0 1
    outer loop
      vertex 6.38679 230.872 2
      vertex 18 217.4 2
      vertex 6.65786 231.379 2
    endloop
  endfacet
  facet normal -0 0 1
    outer loop
      vertex 6.022 230.427 2
      vertex 18 217.4 2
      vertex 6.38679 230.872 2
    endloop
  endfacet
  facet normal -0 0 1
    outer loop
      vertex 5.99989 230.4 2
      vertex 18 217.4 2
      vertex 6.022 230.427 2
    endloop
  endfacet
  facet normal -0 0 1
    outer loop
      vertex 5.97295 230.378 2
      vertex 18 217.4 2
      vertex 5.99989 230.4 2
    endloop
  endfacet
  facet normal -0 0 1
    outer loop
      vertex 5.52844 230.013 2
      vertex 18 217.4 2
      vertex 5.97295 230.378 2
    endloop
  endfacet
  facet normal -0 0 1
    outer loop
      vertex 5.02131 229.742 2
      vertex 18 217.4 2
      vertex 5.52844 230.013 2
    endloop
  endfacet
  facet normal 0 0 1
    outer loop
      vertex 18 49 2
      vertex 6.91111 3.8 2
      vertex 18 46 2
    endloop
  endfacet
  facet normal 0 0 1
    outer loop
      vertex 18 46 2
      vertex 6.91111 3.8 2
      vertex 18 43 2
    endloop
  endfacet
  facet normal 0 0 1
    outer loop
      vertex 18 43 2
      vertex 6.91111 3.8 2
      vertex 18 40 2
    endloop
  endfacet
  facet normal 0 0 1
    outer loop
      vertex 18 40 2
      vertex 6.91111 3.8 2
      vertex 18 37 2
    endloop
  endfacet
  facet normal 0 0 1
    outer loop
      vertex 18 37 2
      vertex 6.91111 3.8 2
      vertex 18 34 2
    endloop
  endfacet
  facet normal 0 0 1
    outer loop
      vertex 18 34 2
      vertex 6.91111 3.8 2
      vertex 18 31 2
    endloop
  endfacet
  facet normal 0 0 1
    outer loop
      vertex 18 31 2
      vertex 6.91111 3.8 2
      vertex 18 28 2
    endloop
  endfacet
  facet normal 0 0 1
    outer loop
      vertex 18 28 2
      vertex 6.91111 3.8 2
      vertex 18 25 2
    endloop
  endfacet
  facet normal 0 0 1
    outer loop
      vertex 66 217.4 2
      vertex 6.67429 233.791 2
      vertex 18 217.4 2
    endloop
  endfacet
  facet normal -0 0 1
    outer loop
      vertex 0 236.4 2
      vertex 90 230.4 2
      vertex 184.4 236.4 2
    endloop
  endfacet
  facet normal 0 0 1
    outer loop
      vertex 18 217.4 2
      vertex 6.85475 233.172 2
      vertex 6.91111 232.6 2
    endloop
  endfacet
  facet normal 0 0 1
    outer loop
      vertex 18 217.4 2
      vertex 6.85133 233.207 2
      vertex 6.85475 233.172 2
    endloop
  endfacet
  facet normal 0 0 1
    outer loop
      vertex 18 217.4 2
      vertex 6.84122 233.24 2
      vertex 6.85133 233.207 2
    endloop
  endfacet
  facet normal 0 0 1
    outer loop
      vertex 18 217.4 2
      vertex 6.67429 233.791 2
      vertex 6.84122 233.24 2
    endloop
  endfacet
  facet normal 0 0 1
    outer loop
      vertex 66 217.4 2
      vertex 6.65786 233.821 2
      vertex 6.67429 233.791 2
    endloop
  endfacet
  facet normal 0 0 1
    outer loop
      vertex 66 217.4 2
      vertex 6.38679 234.328 2
      vertex 6.65786 233.821 2
    endloop
  endfacet
  facet normal 0 0 1
    outer loop
      vertex 66 217.4 2
      vertex 6.022 234.773 2
      vertex 6.38679 234.328 2
    endloop
  endfacet
  facet normal 0 0 1
    outer loop
      vertex 66 217.4 2
      vertex 5.99989 234.8 2
      vertex 6.022 234.773 2
    endloop
  endfacet
  facet normal 0 0 1
    outer loop
      vertex 90 230.4 2
      vertex 5.97295 234.822 2
      vertex 5.99989 234.8 2
    endloop
  endfacet
  facet normal 0 0 1
    outer loop
      vertex 90 230.4 2
      vertex 5.52844 235.187 2
      vertex 5.97295 234.822 2
    endloop
  endfacet
  facet normal 0 0 1
    outer loop
      vertex 90 230.4 2
      vertex 5.02131 235.458 2
      vertex 5.52844 235.187 2
    endloop
  endfacet
  facet normal 0 0 1
    outer loop
      vertex 90 230.4 2
      vertex 4.99057 235.474 2
      vertex 5.02131 235.458 2
    endloop
  endfacet
  facet normal 0 0 1
    outer loop
      vertex 90 230.4 2
      vertex 4.4403 235.641 2
      vertex 4.99057 235.474 2
    endloop
  endfacet
  facet normal 0 0 1
    outer loop
      vertex 90 230.4 2
      vertex 4.40695 235.651 2
      vertex 4.4403 235.641 2
    endloop
  endfacet
  facet normal 0 0 1
    outer loop
      vertex 90 230.4 2
      vertex 0 236.4 2
      vertex 4.40695 235.651 2
    endloop
  endfacet
  facet normal 0 0 1
    outer loop
      vertex 4.40695 235.651 2
      vertex 0 236.4 2
      vertex 4.37227 235.655 2
    endloop
  endfacet
  facet normal 0 0 1
    outer loop
      vertex 0 236.4 2
      vertex 0.942136 233.821 2
      vertex 1.21321 234.328 2
    endloop
  endfacet
  facet normal 0 0 1
    outer loop
      vertex 0 236.4 2
      vertex 0.758784 233.24 2
      vertex 0.925707 233.791 2
    endloop
  endfacet
  facet normal 0 0 1
    outer loop
      vertex 0 236.4 2
      vertex 0.745251 233.172 2
      vertex 0.748667 233.207 2
    endloop
  endfacet
  facet normal 0 0 1
    outer loop
      vertex 0.748667 4.40695 2
      vertex 0 0 2
      vertex 0.745251 4.37227 2
    endloop
  endfacet
  facet normal 0 0 1
    outer loop
      vertex 0.745251 233.172 2
      vertex 0 236.4 2
      vertex 0.688889 232.6 2
    endloop
  endfacet
  facet normal 0 0 1
    outer loop
      vertex 0.758784 233.24 2
      vertex 0 236.4 2
      vertex 0.748667 233.207 2
    endloop
  endfacet
  facet normal 0 0 1
    outer loop
      vertex 0.942136 233.821 2
      vertex 0 236.4 2
      vertex 0.925707 233.791 2
    endloop
  endfacet
  facet normal 0 0 1
    outer loop
      vertex 1.578 234.773 2
      vertex 0 236.4 2
      vertex 1.21321 234.328 2
    endloop
  endfacet
  facet normal 0 0 1
    outer loop
      vertex 1.60011 234.8 2
      vertex 0 236.4 2
      vertex 1.578 234.773 2
    endloop
  endfacet
  facet normal 0 0 1
    outer loop
      vertex 1.62705 234.822 2
      vertex 0 236.4 2
      vertex 1.60011 234.8 2
    endloop
  endfacet
  facet normal 0 0 1
    outer loop
      vertex 2.07156 235.187 2
      vertex 0 236.4 2
      vertex 1.62705 234.822 2
    endloop
  endfacet
  facet normal 0 0 1
    outer loop
      vertex 2.57869 235.458 2
      vertex 0 236.4 2
      vertex 2.07156 235.187 2
    endloop
  endfacet
  facet normal 0 0 1
    outer loop
      vertex 2.60943 235.474 2
      vertex 0 236.4 2
      vertex 2.57869 235.458 2
    endloop
  endfacet
  facet normal 0 0 1
    outer loop
      vertex 3.1597 235.641 2
      vertex 0 236.4 2
      vertex 2.60943 235.474 2
    endloop
  endfacet
  facet normal 0 0 1
    outer loop
      vertex 3.19305 235.651 2
      vertex 0 236.4 2
      vertex 3.1597 235.641 2
    endloop
  endfacet
  facet normal 0 0 1
    outer loop
      vertex 3.22773 235.655 2
      vertex 0 236.4 2
      vertex 3.19305 235.651 2
    endloop
  endfacet
  facet normal 0 0 1
    outer loop
      vertex 3.8 235.711 2
      vertex 0 236.4 2
      vertex 3.22773 235.655 2
    endloop
  endfacet
  facet normal 0 0 1
    outer loop
      vertex 4.37227 235.655 2
      vertex 0 236.4 2
      vertex 3.8 235.711 2
    endloop
  endfacet
  facet normal 0 0 1
    outer loop
      vertex 183.651 231.993 2
      vertex 184.4 236.4 2
      vertex 183.655 232.028 2
    endloop
  endfacet
  facet normal -0 0 1
    outer loop
      vertex 183.655 3.22773 2
      vertex 184.4 0 2
      vertex 183.711 3.8 2
    endloop
  endfacet
  facet normal -0 0 1
    outer loop
      vertex 183.651 3.19305 2
      vertex 184.4 0 2
      vertex 183.655 3.22773 2
    endloop
  endfacet
  facet normal -0 0 1
    outer loop
      vertex 183.641 3.1597 2
      vertex 184.4 0 2
      vertex 183.651 3.19305 2
    endloop
  endfacet
  facet normal -0 0 1
    outer loop
      vertex 183.474 2.60943 2
      vertex 184.4 0 2
      vertex 183.641 3.1597 2
    endloop
  endfacet
  facet normal -0 0 1
    outer loop
      vertex 183.458 2.57869 2
      vertex 184.4 0 2
      vertex 183.474 2.60943 2
    endloop
  endfacet
  facet normal -0 0 1
    outer loop
      vertex 183.187 2.07156 2
      vertex 184.4 0 2
      vertex 183.458 2.57869 2
    endloop
  endfacet
  facet normal -0 0 1
    outer loop
      vertex 182.822 1.62705 2
      vertex 184.4 0 2
      vertex 183.187 2.07156 2
    endloop
  endfacet
  facet normal -0 0 1
    outer loop
      vertex 182.8 1.60011 2
      vertex 184.4 0 2
      vertex 182.822 1.62705 2
    endloop
  endfacet
  facet normal -0 0 1
    outer loop
      vertex 182.773 1.578 2
      vertex 184.4 0 2
      vertex 182.8 1.60011 2
    endloop
  endfacet
  facet normal -0 0 1
    outer loop
      vertex 182.328 1.21321 2
      vertex 184.4 0 2
      vertex 182.773 1.578 2
    endloop
  endfacet
  facet normal -0 0 1
    outer loop
      vertex 181.821 0.942136 2
      vertex 184.4 0 2
      vertex 182.328 1.21321 2
    endloop
  endfacet
  facet normal -0 0 1
    outer loop
      vertex 181.791 0.925707 2
      vertex 184.4 0 2
      vertex 181.821 0.942136 2
    endloop
  endfacet
  facet normal -0 0 1
    outer loop
      vertex 181.24 0.758784 2
      vertex 184.4 0 2
      vertex 181.791 0.925707 2
    endloop
  endfacet
  facet normal -0 0 1
    outer loop
      vertex 181.207 0.748667 2
      vertex 184.4 0 2
      vertex 181.24 0.758784 2
    endloop
  endfacet
  facet normal -0 0 1
    outer loop
      vertex 181.172 0.745251 2
      vertex 184.4 0 2
      vertex 181.207 0.748667 2
    endloop
  endfacet
  facet normal -0 0 1
    outer loop
      vertex 180.6 0.688889 2
      vertex 184.4 0 2
      vertex 181.172 0.745251 2
    endloop
  endfacet
  facet normal 0 0 1
    outer loop
      vertex 180.028 0.745251 2
      vertex 184.4 0 2
      vertex 180.6 0.688889 2
    endloop
  endfacet
  facet normal 0 0 1
    outer loop
      vertex 179.993 0.748667 2
      vertex 184.4 0 2
      vertex 180.028 0.745251 2
    endloop
  endfacet
  facet normal 0 0 1
    outer loop
      vertex 178.872 1.21321 2
      vertex 179.409 0.925707 2
      vertex 179.379 0.942136 2
    endloop
  endfacet
  facet normal 0 0 -1
    outer loop
      vertex 177.726 2.60943 2
      vertex 178.013 2.07156 2
      vertex 177.742 2.57869 2
    endloop
  endfacet
  facet normal 0 0 1
    outer loop
      vertex 166.4 22 2
      vertex 177.545 3.22773 2
      vertex 177.489 3.8 2
    endloop
  endfacet
  facet normal 0 0 1
    outer loop
      vertex 181.207 229.549 2
      vertex 166.4 214.4 2
      vertex 166.4 211.4 2
    endloop
  endfacet
  facet normal 0 0 1
    outer loop
      vertex 181.207 229.549 2
      vertex 166.4 211.4 2
      vertex 166.4 208.4 2
    endloop
  endfacet
  facet normal 0 0 1
    outer loop
      vertex 181.791 229.726 2
      vertex 166.4 208.4 2
      vertex 166.4 205.4 2
    endloop
  endfacet
  facet normal 0 0 1
    outer loop
      vertex 181.791 229.726 2
      vertex 166.4 205.4 2
      vertex 166.4 202.4 2
    endloop
  endfacet
  facet normal 0 0 1
    outer loop
      vertex 182.328 230.013 2
      vertex 166.4 202.4 2
      vertex 166.4 199.4 2
    endloop
  endfacet
  facet normal 0 0 1
    outer loop
      vertex 182.328 230.013 2
      vertex 166.4 199.4 2
      vertex 166.4 196.4 2
    endloop
  endfacet
  facet normal 0 0 1
    outer loop
      vertex 182.8 230.4 2
      vertex 166.4 196.4 2
      vertex 166.4 193.4 2
    endloop
  endfacet
  facet normal 0 0 1
    outer loop
      vertex 182.8 230.4 2
      vertex 166.4 193.4 2
      vertex 166.4 190.4 2
    endloop
  endfacet
  facet normal 0 0 1
    outer loop
      vertex 183.187 230.872 2
      vertex 166.4 190.4 2
      vertex 166.4 49 2
    endloop
  endfacet
  facet normal 0 0 1
    outer loop
      vertex 178.872 6.38679 2
      vertex 166.4 22 2
      vertex 178.427 6.022 2
    endloop
  endfacet
  facet normal 0 0 1
    outer loop
      vertex 178.427 6.022 2
      vertex 166.4 22 2
      vertex 178.4 5.99989 2
    endloop
  endfacet
  facet normal 0 0 1
    outer loop
      vertex 178.4 5.99989 2
      vertex 166.4 22 2
      vertex 178.378 5.97295 2
    endloop
  endfacet
  facet normal 0 0 1
    outer loop
      vertex 178.378 5.97295 2
      vertex 166.4 22 2
      vertex 178.013 5.52844 2
    endloop
  endfacet
  facet normal 0 0 1
    outer loop
      vertex 178.013 5.52844 2
      vertex 166.4 22 2
      vertex 177.742 5.02131 2
    endloop
  endfacet
  facet normal 0 0 1
    outer loop
      vertex 177.742 5.02131 2
      vertex 166.4 22 2
      vertex 177.726 4.99057 2
    endloop
  endfacet
  facet normal 0 0 1
    outer loop
      vertex 177.726 4.99057 2
      vertex 166.4 22 2
      vertex 177.559 4.4403 2
    endloop
  endfacet
  facet normal 0 0 1
    outer loop
      vertex 177.559 4.4403 2
      vertex 166.4 22 2
      vertex 177.549 4.40695 2
    endloop
  endfacet
  facet normal 0 0 1
    outer loop
      vertex 177.549 4.40695 2
      vertex 166.4 22 2
      vertex 177.545 4.37227 2
    endloop
  endfacet
  facet normal 0 0 1
    outer loop
      vertex 177.545 4.37227 2
      vertex 166.4 22 2
      vertex 177.489 3.8 2
    endloop
  endfacet
  facet normal 0 0 1
    outer loop
      vertex 177.545 3.22773 2
      vertex 166.4 22 2
      vertex 177.549 3.19305 2
    endloop
  endfacet
  facet normal -0 0 1
    outer loop
      vertex 118.4 22 2
      vertex 177.549 3.19305 2
      vertex 166.4 22 2
    endloop
  endfacet
  facet normal 0 0 1
    outer loop
      vertex 177.549 3.19305 2
      vertex 118.4 22 2
      vertex 177.559 3.1597 2
    endloop
  endfacet
  facet normal 0 0 1
    outer loop
      vertex 177.559 3.1597 2
      vertex 118.4 22 2
      vertex 177.726 2.60943 2
    endloop
  endfacet
  facet normal 0 0 1
    outer loop
      vertex 177.726 2.60943 2
      vertex 118.4 22 2
      vertex 178.013 2.07156 2
    endloop
  endfacet
  facet normal -0 0 1
    outer loop
      vertex 98.6006 10.1494 2
      vertex 178.013 2.07156 2
      vertex 118.4 22 2
    endloop
  endfacet
  facet normal 0 0 1
    outer loop
      vertex 178.013 2.07156 2
      vertex 98.6006 10.1494 2
      vertex 178.378 1.62705 2
    endloop
  endfacet
  facet normal -0 0 1
    outer loop
      vertex 98.1612 9.78874 2
      vertex 178.378 1.62705 2
      vertex 98.6006 10.1494 2
    endloop
  endfacet
  facet normal 0 0 1
    outer loop
      vertex 178.378 1.62705 2
      vertex 98.1612 9.78874 2
      vertex 178.4 1.60011 2
    endloop
  endfacet
  facet normal 0 0 1
    outer loop
      vertex 178.4 1.60011 2
      vertex 98.1612 9.78874 2
      vertex 178.427 1.578 2
    endloop
  endfacet
  facet normal 0 0 1
    outer loop
      vertex 99.3943 11.6342 2
      vertex 118.4 22 2
      vertex 99.45 12.2 2
    endloop
  endfacet
  facet normal 0 0 1
    outer loop
      vertex 99.2292 11.0902 2
      vertex 118.4 22 2
      vertex 99.3943 11.6342 2
    endloop
  endfacet
  facet normal 0 0 1
    outer loop
      vertex 98.9613 10.5888 2
      vertex 118.4 22 2
      vertex 99.2292 11.0902 2
    endloop
  endfacet
  facet normal 0 0 1
    outer loop
      vertex 98.6006 10.1494 2
      vertex 118.4 22 2
      vertex 98.9613 10.5888 2
    endloop
  endfacet
  facet normal 0 0 1
    outer loop
      vertex 178.427 1.578 2
      vertex 98.1612 9.78874 2
      vertex 178.872 1.21321 2
    endloop
  endfacet
  facet normal -0 0 1
    outer loop
      vertex 97.6598 9.52075 2
      vertex 178.872 1.21321 2
      vertex 98.1612 9.78874 2
    endloop
  endfacet
  facet normal 0 0 1
    outer loop
      vertex 178.872 1.21321 2
      vertex 97.6598 9.52075 2
      vertex 179.409 0.925707 2
    endloop
  endfacet
  facet normal -0 0 1
    outer loop
      vertex 97.1158 9.35572 2
      vertex 179.409 0.925707 2
      vertex 97.6598 9.52075 2
    endloop
  endfacet
  facet normal 0 0 1
    outer loop
      vertex 179.409 0.925707 2
      vertex 97.1158 9.35572 2
      vertex 179.96 0.758784 2
    endloop
  endfacet
  facet normal 0 0 1
    outer loop
      vertex 179.96 0.758784 2
      vertex 97.1158 9.35572 2
      vertex 179.993 0.748667 2
    endloop
  endfacet
  facet normal -0 0 1
    outer loop
      vertex 96.55 9.3 2
      vertex 179.993 0.748667 2
      vertex 97.1158 9.35572 2
    endloop
  endfacet
  facet normal -0 0 1
    outer loop
      vertex 87.85 9.3 2
      vertex 179.993 0.748667 2
      vertex 96.55 9.3 2
    endloop
  endfacet
  facet normal 0 0 1
    outer loop
      vertex 4.40695 0.748667 2
      vertex 179.993 0.748667 2
      vertex 87.85 9.3 2
    endloop
  endfacet
  facet normal 0 0 1
    outer loop
      vertex 87.8533 220.235 2
      vertex 66 214.4 2
      vertex 66 211.4 2
    endloop
  endfacet
  facet normal 0 0 1
    outer loop
      vertex 87.8533 220.235 2
      vertex 66 211.4 2
      vertex 66 208.4 2
    endloop
  endfacet
  facet normal 0 0 1
    outer loop
      vertex 87.8533 220.235 2
      vertex 66 208.4 2
      vertex 66 205.4 2
    endloop
  endfacet
  facet normal 0 0 1
    outer loop
      vertex 87.8533 220.235 2
      vertex 66 205.4 2
      vertex 66 202.4 2
    endloop
  endfacet
  facet normal 0 0 1
    outer loop
      vertex 87.8533 220.235 2
      vertex 66 202.4 2
      vertex 66 199.4 2
    endloop
  endfacet
  facet normal 0 0 1
    outer loop
      vertex 87.8533 220.235 2
      vertex 66 199.4 2
      vertex 66 196.4 2
    endloop
  endfacet
  facet normal 0 0 1
    outer loop
      vertex 87.8533 220.235 2
      vertex 66 196.4 2
      vertex 66 193.4 2
    endloop
  endfacet
  facet normal 0 0 1
    outer loop
      vertex 87.8533 220.235 2
      vertex 66 193.4 2
      vertex 66 190.4 2
    endloop
  endfacet
  facet normal 0 0 1
    outer loop
      vertex 87.8533 220.235 2
      vertex 66 190.4 2
      vertex 66 49 2
    endloop
  endfacet
  facet normal -0 0 1
    outer loop
      vertex 66 31 2
      vertex 86.7402 14.8793 2
      vertex 66 34 2
    endloop
  endfacet
  facet normal -0 0 1
    outer loop
      vertex 66 28 2
      vertex 86.7402 14.8793 2
      vertex 66 31 2
    endloop
  endfacet
  facet normal 0 0 1
    outer loop
      vertex 86.7402 14.8793 2
      vertex 66 28 2
      vertex 86.2388 14.6113 2
    endloop
  endfacet
  facet normal -0 0 1
    outer loop
      vertex 66 25 2
      vertex 86.2388 14.6113 2
      vertex 66 28 2
    endloop
  endfacet
  facet normal 0 0 1
    outer loop
      vertex 86.2388 14.6113 2
      vertex 66 25 2
      vertex 85.7994 14.2506 2
    endloop
  endfacet
  facet normal -0 0 1
    outer loop
      vertex 66 22 2
      vertex 85.7994 14.2506 2
      vertex 66 25 2
    endloop
  endfacet
  facet normal 0 0 1
    outer loop
      vertex 85.7994 14.2506 2
      vertex 66 22 2
      vertex 85.4387 13.8112 2
    endloop
  endfacet
  facet normal 0 0 1
    outer loop
      vertex 85.4387 13.8112 2
      vertex 66 22 2
      vertex 85.1707 13.3098 2
    endloop
  endfacet
  facet normal 0 0 1
    outer loop
      vertex 85.1707 13.3098 2
      vertex 66 22 2
      vertex 85.0057 12.7658 2
    endloop
  endfacet
  facet normal 0 0 1
    outer loop
      vertex 85.0057 12.7658 2
      vertex 66 22 2
      vertex 84.95 12.2 2
    endloop
  endfacet
  facet normal 0 0 1
    outer loop
      vertex 84.95 12.2 2
      vertex 66 22 2
      vertex 85.0057 11.6342 2
    endloop
  endfacet
  facet normal 0 0 1
    outer loop
      vertex 85.0057 11.6342 2
      vertex 66 22 2
      vertex 85.1707 11.0902 2
    endloop
  endfacet
  facet normal 0 0 1
    outer loop
      vertex 85.1707 11.0902 2
      vertex 66 22 2
      vertex 85.4387 10.5888 2
    endloop
  endfacet
  facet normal 0 0 1
    outer loop
      vertex 85.4387 10.5888 2
      vertex 66 22 2
      vertex 85.7994 10.1494 2
    endloop
  endfacet
  facet normal 0 0 1
    outer loop
      vertex 6.38679 2.07156 2
      vertex 85.7994 10.1494 2
      vertex 66 22 2
    endloop
  endfacet
  facet normal 0 0 1
    outer loop
      vertex 6.85133 3.19305 2
      vertex 66 22 2
      vertex 18 22 2
    endloop
  endfacet
  facet normal 0 0 1
    outer loop
      vertex 6.84122 3.1597 2
      vertex 66 22 2
      vertex 6.85133 3.19305 2
    endloop
  endfacet
  facet normal 0 0 1
    outer loop
      vertex 6.67429 2.60943 2
      vertex 66 22 2
      vertex 6.84122 3.1597 2
    endloop
  endfacet
  facet normal 0 0 1
    outer loop
      vertex 18 25 2
      vertex 6.91111 3.8 2
      vertex 18 22 2
    endloop
  endfacet
  facet normal 0 0 1
    outer loop
      vertex 6.85475 3.22773 2
      vertex 18 22 2
      vertex 6.91111 3.8 2
    endloop
  endfacet
  facet normal 0 0 1
    outer loop
      vertex 6.85133 3.19305 2
      vertex 18 22 2
      vertex 6.85475 3.22773 2
    endloop
  endfacet
  facet normal 0 0 1
    outer loop
      vertex 6.65786 2.57869 2
      vertex 66 22 2
      vertex 6.67429 2.60943 2
    endloop
  endfacet
  facet normal 0 0 1
    outer loop
      vertex 6.38679 2.07156 2
      vertex 66 22 2
      vertex 6.65786 2.57869 2
    endloop
  endfacet
  facet normal 0 0 1
    outer loop
      vertex 85.7994 10.1494 2
      vertex 6.38679 2.07156 2
      vertex 86.2388 9.78874 2
    endloop
  endfacet
  facet normal 0 0 1
    outer loop
      vertex 6.022 1.62705 2
      vertex 86.2388 9.78874 2
      vertex 6.38679 2.07156 2
    endloop
  endfacet
  facet normal 0 0 1
    outer loop
      vertex 5.99989 1.60011 2
      vertex 86.2388 9.78874 2
      vertex 6.022 1.62705 2
    endloop
  endfacet
  facet normal 0 0 1
    outer loop
      vertex 86.2388 9.78874 2
      vertex 5.99989 1.60011 2
      vertex 86.7402 9.52075 2
    endloop
  endfacet
  facet normal 0 0 1
    outer loop
      vertex 5.97295 1.578 2
      vertex 86.7402 9.52075 2
      vertex 5.99989 1.60011 2
    endloop
  endfacet
  facet normal 0 0 1
    outer loop
      vertex 5.52844 1.21321 2
      vertex 86.7402 9.52075 2
      vertex 5.97295 1.578 2
    endloop
  endfacet
  facet normal 0 0 1
    outer loop
      vertex 86.7402 9.52075 2
      vertex 5.52844 1.21321 2
      vertex 87.2842 9.35572 2
    endloop
  endfacet
  facet normal 0 0 1
    outer loop
      vertex 5.02131 0.942136 2
      vertex 87.2842 9.35572 2
      vertex 5.52844 1.21321 2
    endloop
  endfacet
  facet normal 0 0 1
    outer loop
      vertex 4.99057 0.925707 2
      vertex 87.2842 9.35572 2
      vertex 5.02131 0.942136 2
    endloop
  endfacet
  facet normal 0 0 1
    outer loop
      vertex 87.2842 9.35572 2
      vertex 4.99057 0.925707 2
      vertex 87.85 9.3 2
    endloop
  endfacet
  facet normal 0 0 1
    outer loop
      vertex 4.4403 0.758784 2
      vertex 87.85 9.3 2
      vertex 4.99057 0.925707 2
    endloop
  endfacet
  facet normal 0 0 1
    outer loop
      vertex 4.40695 0.748667 2
      vertex 87.85 9.3 2
      vertex 4.4403 0.758784 2
    endloop
  endfacet
  facet normal 0 0 1
    outer loop
      vertex 179.993 0.748667 2
      vertex 4.40695 0.748667 2
      vertex 184.4 0 2
    endloop
  endfacet
  facet normal 0 0 1
    outer loop
      vertex 0 0 2
      vertex 4.40695 0.748667 2
      vertex 4.37227 0.745251 2
    endloop
  endfacet
  facet normal 0 0 1
    outer loop
      vertex 0 0 2
      vertex 4.37227 0.745251 2
      vertex 3.8 0.688889 2
    endloop
  endfacet
  facet normal 0 0 1
    outer loop
      vertex 4.40695 0.748667 2
      vertex 0 0 2
      vertex 184.4 0 2
    endloop
  endfacet
  facet normal 0 0 1
    outer loop
      vertex 3.22773 0.745251 2
      vertex 0 0 2
      vertex 3.8 0.688889 2
    endloop
  endfacet
  facet normal 0 0 1
    outer loop
      vertex 3.19305 0.748667 2
      vertex 0 0 2
      vertex 3.22773 0.745251 2
    endloop
  endfacet
  facet normal 0 0 1
    outer loop
      vertex 3.1597 0.758784 2
      vertex 0 0 2
      vertex 3.19305 0.748667 2
    endloop
  endfacet
  facet normal 0 0 1
    outer loop
      vertex 2.60943 0.925707 2
      vertex 0 0 2
      vertex 3.1597 0.758784 2
    endloop
  endfacet
  facet normal 0 0 1
    outer loop
      vertex 2.57869 0.942136 2
      vertex 0 0 2
      vertex 2.60943 0.925707 2
    endloop
  endfacet
  facet normal 0 0 1
    outer loop
      vertex 2.07156 1.21321 2
      vertex 0 0 2
      vertex 2.57869 0.942136 2
    endloop
  endfacet
  facet normal 0 0 1
    outer loop
      vertex 1.62705 1.578 2
      vertex 0 0 2
      vertex 2.07156 1.21321 2
    endloop
  endfacet
  facet normal 0 0 1
    outer loop
      vertex 1.60011 1.60011 2
      vertex 0 0 2
      vertex 1.62705 1.578 2
    endloop
  endfacet
  facet normal 0 0 1
    outer loop
      vertex 1.578 1.62705 2
      vertex 0 0 2
      vertex 1.60011 1.60011 2
    endloop
  endfacet
  facet normal 0 0 1
    outer loop
      vertex 1.21321 2.07156 2
      vertex 0 0 2
      vertex 1.578 1.62705 2
    endloop
  endfacet
  facet normal 0 0 1
    outer loop
      vertex 0.942136 2.57869 2
      vertex 0 0 2
      vertex 1.21321 2.07156 2
    endloop
  endfacet
  facet normal 0 0 1
    outer loop
      vertex 0.925707 2.60943 2
      vertex 0 0 2
      vertex 0.942136 2.57869 2
    endloop
  endfacet
  facet normal 0 0 1
    outer loop
      vertex 0.758784 3.1597 2
      vertex 0 0 2
      vertex 0.925707 2.60943 2
    endloop
  endfacet
  facet normal 0 0 1
    outer loop
      vertex 0.748667 3.19305 2
      vertex 0 0 2
      vertex 0.758784 3.1597 2
    endloop
  endfacet
  facet normal 0 0 1
    outer loop
      vertex 0.745251 3.22773 2
      vertex 0 0 2
      vertex 0.748667 3.19305 2
    endloop
  endfacet
  facet normal 0 0 1
    outer loop
      vertex 0.688889 3.8 2
      vertex 0 0 2
      vertex 0.745251 3.22773 2
    endloop
  endfacet
  facet normal 0 0 1
    outer loop
      vertex 0.745251 4.37227 2
      vertex 0 0 2
      vertex 0.688889 3.8 2
    endloop
  endfacet
  facet normal 0 0 1
    outer loop
      vertex 118.4 214.4 2
      vertex 96.5467 220.235 2
      vertex 96.0971 219.15 2
    endloop
  endfacet
  facet normal 0 0 1
    outer loop
      vertex 118.4 208.4 2
      vertex 95.382 218.218 2
      vertex 118.4 205.4 2
    endloop
  endfacet
  facet normal 0 0 1
    outer loop
      vertex 118.4 196.4 2
      vertex 93.3647 217.053 2
      vertex 118.4 193.4 2
    endloop
  endfacet
  facet normal -0 0 1
    outer loop
      vertex 92.2 216.9 2
      vertex 118.4 193.4 2
      vertex 93.3647 217.053 2
    endloop
  endfacet
  facet normal 0 0 1
    outer loop
      vertex 118.4 37 2
      vertex 96.55 15.1 2
      vertex 118.4 34 2
    endloop
  endfacet
  facet normal 0 -0 1
    outer loop
      vertex 98.1612 14.6113 2
      vertex 118.4 28 2
      vertex 97.6598 14.8793 2
    endloop
  endfacet
  facet normal 0 -0 1
    outer loop
      vertex 97.6598 14.8793 2
      vertex 118.4 31 2
      vertex 97.1158 15.0443 2
    endloop
  endfacet
  facet normal 0 -0 1
    outer loop
      vertex 97.1158 15.0443 2
      vertex 118.4 34 2
      vertex 96.55 15.1 2
    endloop
  endfacet
  facet normal 0 0 1
    outer loop
      vertex 118.4 43 2
      vertex 87.85 15.1 2
      vertex 118.4 40 2
    endloop
  endfacet
  facet normal 0 0 1
    outer loop
      vertex 118.4 49 2
      vertex 89.018 218.218 2
      vertex 86.7402 14.8793 2
    endloop
  endfacet
  facet normal 0 0 1
    outer loop
      vertex 86.7402 14.8793 2
      vertex 89.018 218.218 2
      vertex 88.3029 219.15 2
    endloop
  endfacet
  facet normal 0 0 1
    outer loop
      vertex 86.7402 14.8793 2
      vertex 88.3029 219.15 2
      vertex 87.8533 220.235 2
    endloop
  endfacet
  facet normal 0 0 1
    outer loop
      vertex 118.4 31 2
      vertex 97.6598 14.8793 2
      vertex 118.4 28 2
    endloop
  endfacet
  facet normal 0 0 1
    outer loop
      vertex 66 217.4 2
      vertex 87.8533 220.235 2
      vertex 87.7 221.4 2
    endloop
  endfacet
  facet normal 0 0 1
    outer loop
      vertex 118.4 34 2
      vertex 97.1158 15.0443 2
      vertex 118.4 31 2
    endloop
  endfacet
  facet normal 0 0 1
    outer loop
      vertex 94.45 225.297 2
      vertex 94.4 230.4 2
      vertex 94.4 225.318 2
    endloop
  endfacet
  facet normal 0 0 -1
    outer loop
      vertex 5.02131 6.65786 0
      vertex 18 22 0
      vertex 5.52844 6.38679 0
    endloop
  endfacet
  facet normal 0 0 -1
    outer loop
      vertex 18 49 0
      vertex 6.85475 232.028 0
      vertex 6.91111 232.6 0
    endloop
  endfacet
  facet normal 0 0 -1
    outer loop
      vertex 4.99057 6.67429 0
      vertex 18 22 0
      vertex 5.02131 6.65786 0
    endloop
  endfacet
  facet normal 0 0 -1
    outer loop
      vertex 18 49 0
      vertex 6.85133 231.993 0
      vertex 6.85475 232.028 0
    endloop
  endfacet
  facet normal 0 0 -1
    outer loop
      vertex 4.4403 6.84122 0
      vertex 18 22 0
      vertex 4.99057 6.67429 0
    endloop
  endfacet
  facet normal 0 0 -1
    outer loop
      vertex 18 49 0
      vertex 6.84122 231.96 0
      vertex 6.85133 231.993 0
    endloop
  endfacet
  facet normal 0 0 -1
    outer loop
      vertex 4.40695 6.85133 0
      vertex 18 22 0
      vertex 4.4403 6.84122 0
    endloop
  endfacet
  facet normal 0 0 -1
    outer loop
      vertex 18 49 0
      vertex 6.67429 231.409 0
      vertex 6.84122 231.96 0
    endloop
  endfacet
  facet normal 0 0 -1
    outer loop
      vertex 4.37226 6.85475 0
      vertex 18 22 0
      vertex 4.40695 6.85133 0
    endloop
  endfacet
  facet normal 0 0 -1
    outer loop
      vertex 18 49 0
      vertex 6.65786 231.379 0
      vertex 6.67429 231.409 0
    endloop
  endfacet
  facet normal 0 0 -1
    outer loop
      vertex 3.8 6.91111 0
      vertex 18 22 0
      vertex 4.37226 6.85475 0
    endloop
  endfacet
  facet normal 0 0 -1
    outer loop
      vertex 18 49 0
      vertex 6.38679 230.872 0
      vertex 6.65786 231.379 0
    endloop
  endfacet
  facet normal 0 0 -1
    outer loop
      vertex 3.22773 6.85475 0
      vertex 18 22 0
      vertex 3.8 6.91111 0
    endloop
  endfacet
  facet normal 0 0 -1
    outer loop
      vertex 18 49 0
      vertex 6.022 230.427 0
      vertex 6.38679 230.872 0
    endloop
  endfacet
  facet normal 0 0 -1
    outer loop
      vertex 3.19305 6.85133 0
      vertex 18 22 0
      vertex 3.22773 6.85475 0
    endloop
  endfacet
  facet normal 0 0 -1
    outer loop
      vertex 18 49 0
      vertex 5.99989 230.4 0
      vertex 6.022 230.427 0
    endloop
  endfacet
  facet normal -0 0 -1
    outer loop
      vertex 18 22 0
      vertex 3.19305 6.85133 0
      vertex 18 25 0
    endloop
  endfacet
  facet normal 0 0 -1
    outer loop
      vertex 18 49 0
      vertex 5.97295 230.378 0
      vertex 5.99989 230.4 0
    endloop
  endfacet
  facet normal -0 0 -1
    outer loop
      vertex 18 25 0
      vertex 3.19305 6.85133 0
      vertex 18 28 0
    endloop
  endfacet
  facet normal 0 0 -1
    outer loop
      vertex 18 49 0
      vertex 5.52844 230.013 0
      vertex 5.97295 230.378 0
    endloop
  endfacet
  facet normal 0 0 -1
    outer loop
      vertex 3.1597 6.84122 0
      vertex 18 28 0
      vertex 3.19305 6.85133 0
    endloop
  endfacet
  facet normal 0 0 -1
    outer loop
      vertex 18 49 0
      vertex 5.02131 229.742 0
      vertex 5.52844 230.013 0
    endloop
  endfacet
  facet normal 0 0 -1
    outer loop
      vertex 2.60943 6.67429 0
      vertex 18 28 0
      vertex 3.1597 6.84122 0
    endloop
  endfacet
  facet normal 0 0 -1
    outer loop
      vertex 18 49 0
      vertex 4.99057 229.726 0
      vertex 5.02131 229.742 0
    endloop
  endfacet
  facet normal -0 0 -1
    outer loop
      vertex 18 28 0
      vertex 2.60943 6.67429 0
      vertex 18 31 0
    endloop
  endfacet
  facet normal 0 0 -1
    outer loop
      vertex 18 49 0
      vertex 4.4403 229.559 0
      vertex 4.99057 229.726 0
    endloop
  endfacet
  facet normal -0 0 -1
    outer loop
      vertex 18 31 0
      vertex 2.60943 6.67429 0
      vertex 18 34 0
    endloop
  endfacet
  facet normal 0 0 -1
    outer loop
      vertex 18 49 0
      vertex 4.40695 229.549 0
      vertex 4.4403 229.559 0
    endloop
  endfacet
  facet normal 0 0 -1
    outer loop
      vertex 2.57869 6.65786 0
      vertex 18 34 0
      vertex 2.60943 6.67429 0
    endloop
  endfacet
  facet normal 0 0 -1
    outer loop
      vertex 18 49 0
      vertex 4.37226 229.545 0
      vertex 4.40695 229.549 0
    endloop
  endfacet
  facet normal 0 0 -1
    outer loop
      vertex 2.07156 6.38679 0
      vertex 18 34 0
      vertex 2.57869 6.65786 0
    endloop
  endfacet
  facet normal 0 0 -1
    outer loop
      vertex 18 49 0
      vertex 3.8 229.489 0
      vertex 4.37226 229.545 0
    endloop
  endfacet
  facet normal -0 0 -1
    outer loop
      vertex 18 34 0
      vertex 2.07156 6.38679 0
      vertex 18 37 0
    endloop
  endfacet
  facet normal 0 0 -1
    outer loop
      vertex 18 49 0
      vertex 3.22773 229.545 0
      vertex 3.8 229.489 0
    endloop
  endfacet
  facet normal -0 0 -1
    outer loop
      vertex 18 37 0
      vertex 2.07156 6.38679 0
      vertex 18 40 0
    endloop
  endfacet
  facet normal 0 0 -1
    outer loop
      vertex 18 49 0
      vertex 3.19305 229.549 0
      vertex 3.22773 229.545 0
    endloop
  endfacet
  facet normal 0 0 -1
    outer loop
      vertex 1.62705 6.022 0
      vertex 18 40 0
      vertex 2.07156 6.38679 0
    endloop
  endfacet
  facet normal 0 0 -1
    outer loop
      vertex 18 49 0
      vertex 3.1597 229.559 0
      vertex 3.19305 229.549 0
    endloop
  endfacet
  facet normal 0 0 -1
    outer loop
      vertex 1.60011 5.99989 0
      vertex 18 40 0
      vertex 1.62705 6.022 0
    endloop
  endfacet
  facet normal 0 0 -1
    outer loop
      vertex 18 49 0
      vertex 2.60943 229.726 0
      vertex 3.1597 229.559 0
    endloop
  endfacet
  facet normal -0 0 -1
    outer loop
      vertex 18 40 0
      vertex 1.60011 5.99989 0
      vertex 18 43 0
    endloop
  endfacet
  facet normal 0 0 -1
    outer loop
      vertex 18 49 0
      vertex 2.57869 229.742 0
      vertex 2.60943 229.726 0
    endloop
  endfacet
  facet normal -0 0 -1
    outer loop
      vertex 18 43 0
      vertex 1.60011 5.99989 0
      vertex 18 46 0
    endloop
  endfacet
  facet normal 0 0 -1
    outer loop
      vertex 18 49 0
      vertex 2.07156 230.013 0
      vertex 2.57869 229.742 0
    endloop
  endfacet
  facet normal -0 0 -1
    outer loop
      vertex 18 46 0
      vertex 1.60011 5.99989 0
      vertex 18 49 0
    endloop
  endfacet
  facet normal 0 0 -1
    outer loop
      vertex 18 49 0
      vertex 1.62705 230.378 0
      vertex 2.07156 230.013 0
    endloop
  endfacet
  facet normal 0 0 -1
    outer loop
      vertex 1.578 5.97295 0
      vertex 18 49 0
      vertex 1.60011 5.99989 0
    endloop
  endfacet
  facet normal 0 0 -1
    outer loop
      vertex 18 49 0
      vertex 1.60011 230.4 0
      vertex 1.62705 230.378 0
    endloop
  endfacet
  facet normal 0 0 -1
    outer loop
      vertex 1.21321 5.52844 0
      vertex 18 49 0
      vertex 1.578 5.97295 0
    endloop
  endfacet
  facet normal 0 0 -1
    outer loop
      vertex 18 49 0
      vertex 1.578 230.427 0
      vertex 1.60011 230.4 0
    endloop
  endfacet
  facet normal 0 0 -1
    outer loop
      vertex 0.942136 5.02131 0
      vertex 18 49 0
      vertex 1.21321 5.52844 0
    endloop
  endfacet
  facet normal 0 0 -1
    outer loop
      vertex 18 49 0
      vertex 1.21321 230.872 0
      vertex 1.578 230.427 0
    endloop
  endfacet
  facet normal 0 0 -1
    outer loop
      vertex 0.925708 4.99057 0
      vertex 18 49 0
      vertex 0.942136 5.02131 0
    endloop
  endfacet
  facet normal 0 0 -1
    outer loop
      vertex 18 49 0
      vertex 0.942136 231.379 0
      vertex 1.21321 230.872 0
    endloop
  endfacet
  facet normal 0 0 -1
    outer loop
      vertex 0.925708 231.409 0
      vertex 18 49 0
      vertex 0.925708 4.99057 0
    endloop
  endfacet
  facet normal 0 0 -1
    outer loop
      vertex 18 49 0
      vertex 0.925708 231.409 0
      vertex 0.942136 231.379 0
    endloop
  endfacet
  facet normal 0 0 -1
    outer loop
      vertex 0.758784 4.4403 0
      vertex 0.925708 231.409 0
      vertex 0.925708 4.99057 0
    endloop
  endfacet
  facet normal 0 0 -1
    outer loop
      vertex 0.758784 4.4403 0
      vertex 0.758784 231.96 0
      vertex 0.925708 231.409 0
    endloop
  endfacet
  facet normal 0 0 -1
    outer loop
      vertex 0.748667 4.40695 0
      vertex 0.758784 231.96 0
      vertex 0.758784 4.4403 0
    endloop
  endfacet
  facet normal 0 0 -1
    outer loop
      vertex 0.748667 4.40695 0
      vertex 0.748667 231.993 0
      vertex 0.758784 231.96 0
    endloop
  endfacet
  facet normal 0 0 -1
    outer loop
      vertex 0 0 0
      vertex 0.748667 4.40695 0
      vertex 0.745251 4.37226 0
    endloop
  endfacet
  facet normal -0 0 -1
    outer loop
      vertex 0.748667 4.40695 0
      vertex 0 0 0
      vertex 0.748667 231.993 0
    endloop
  endfacet
  facet normal 0 0 -1
    outer loop
      vertex 0 0 0
      vertex 0.745251 4.37226 0
      vertex 0.688889 3.8 0
    endloop
  endfacet
  facet normal 0 0 -1
    outer loop
      vertex 0 236.4 0
      vertex 0.748667 231.993 0
      vertex 0 0 0
    endloop
  endfacet
  facet normal 0 0 -1
    outer loop
      vertex 18 211.4 0
      vertex 66 214.4 0
      vertex 66 211.4 0
    endloop
  endfacet
  facet normal -0 0 -1
    outer loop
      vertex 66 214.4 0
      vertex 18 211.4 0
      vertex 18 214.4 0
    endloop
  endfacet
  facet normal 0 0 -1
    outer loop
      vertex 18 205.4 0
      vertex 66 208.4 0
      vertex 66 205.4 0
    endloop
  endfacet
  facet normal -0 0 -1
    outer loop
      vertex 66 208.4 0
      vertex 18 205.4 0
      vertex 18 208.4 0
    endloop
  endfacet
  facet normal 0 0 -1
    outer loop
      vertex 18 199.4 0
      vertex 66 202.4 0
      vertex 66 199.4 0
    endloop
  endfacet
  facet normal -0 0 -1
    outer loop
      vertex 66 202.4 0
      vertex 18 199.4 0
      vertex 18 202.4 0
    endloop
  endfacet
  facet normal 0 0 -1
    outer loop
      vertex 18 193.4 0
      vertex 66 196.4 0
      vertex 66 193.4 0
    endloop
  endfacet
  facet normal -0 0 -1
    outer loop
      vertex 66 196.4 0
      vertex 18 193.4 0
      vertex 18 196.4 0
    endloop
  endfacet
  facet normal 0 0 -1
    outer loop
      vertex 18 49 0
      vertex 66 190.4 0
      vertex 66 49 0
    endloop
  endfacet
  facet normal -0 0 -1
    outer loop
      vertex 66 190.4 0
      vertex 18 49 0
      vertex 18 190.4 0
    endloop
  endfacet
  facet normal 0 0 -1
    outer loop
      vertex 18 43 0
      vertex 66 46 0
      vertex 66 43 0
    endloop
  endfacet
  facet normal -0 0 -1
    outer loop
      vertex 66 46 0
      vertex 18 43 0
      vertex 18 46 0
    endloop
  endfacet
  facet normal 0 0 -1
    outer loop
      vertex 18 37 0
      vertex 66 40 0
      vertex 66 37 0
    endloop
  endfacet
  facet normal -0 0 -1
    outer loop
      vertex 66 40 0
      vertex 18 37 0
      vertex 18 40 0
    endloop
  endfacet
  facet normal 0 0 -1
    outer loop
      vertex 18 31 0
      vertex 66 34 0
      vertex 66 31 0
    endloop
  endfacet
  facet normal -0 0 -1
    outer loop
      vertex 66 34 0
      vertex 18 31 0
      vertex 18 34 0
    endloop
  endfacet
  facet normal 0 0 -1
    outer loop
      vertex 18 25 0
      vertex 66 28 0
      vertex 66 25 0
    endloop
  endfacet
  facet normal -0 0 -1
    outer loop
      vertex 66 28 0
      vertex 18 25 0
      vertex 18 28 0
    endloop
  endfacet
  facet normal -0 0 -1
    outer loop
      vertex 90 225.318 0
      vertex 89.95 225.297 0
      vertex 90 230.4 0
    endloop
  endfacet
  facet normal 0 0 -1
    outer loop
      vertex 66 46 0
      vertex 118.4 46 0
      vertex 66 43 0
    endloop
  endfacet
  facet normal 0 0 -1
    outer loop
      vertex 118.4 49 0
      vertex 96.5467 220.235 0
      vertex 96.7 221.4 0
    endloop
  endfacet
  facet normal 0 0 -1
    outer loop
      vertex 118.4 49 0
      vertex 96.0971 219.15 0
      vertex 96.5467 220.235 0
    endloop
  endfacet
  facet normal 0 0 -1
    outer loop
      vertex 118.4 49 0
      vertex 95.382 218.218 0
      vertex 96.0971 219.15 0
    endloop
  endfacet
  facet normal 0 0 -1
    outer loop
      vertex 66 190.4 0
      vertex 118.4 49 0
      vertex 66 49 0
    endloop
  endfacet
  facet normal 0 0 -1
    outer loop
      vertex 118.4 49 0
      vertex 94.45 217.503 0
      vertex 95.382 218.218 0
    endloop
  endfacet
  facet normal 0 0 -1
    outer loop
      vertex 118.4 49 0
      vertex 66 190.4 0
      vertex 94.45 217.503 0
    endloop
  endfacet
  facet normal 0 0 -1
    outer loop
      vertex 94.45 217.503 0
      vertex 66 190.4 0
      vertex 93.3647 217.053 0
    endloop
  endfacet
  facet normal 0 0 -1
    outer loop
      vertex 93.3647 217.053 0
      vertex 66 190.4 0
      vertex 92.2 216.9 0
    endloop
  endfacet
  facet normal 0 0 -1
    outer loop
      vertex 66 193.4 0
      vertex 92.2 216.9 0
      vertex 66 190.4 0
    endloop
  endfacet
  facet normal 0 0 -1
    outer loop
      vertex 66 196.4 0
      vertex 91.0353 217.053 0
      vertex 66 193.4 0
    endloop
  endfacet
  facet normal 0 0 -1
    outer loop
      vertex 66 199.4 0
      vertex 91.0353 217.053 0
      vertex 66 196.4 0
    endloop
  endfacet
  facet normal 0 0 -1
    outer loop
      vertex 66 40 0
      vertex 96.55 15.1 0
      vertex 87.85 15.1 0
    endloop
  endfacet
  facet normal -0 0 -1
    outer loop
      vertex 92.2 216.9 0
      vertex 66 193.4 0
      vertex 91.0353 217.053 0
    endloop
  endfacet
  facet normal 0 0 -1
    outer loop
      vertex 66 34 0
      vertex 87.85 15.1 0
      vertex 87.2842 15.0443 0
    endloop
  endfacet
  facet normal 0 0 -1
    outer loop
      vertex 118.4 211.4 0
      vertex 166.4 214.4 0
      vertex 166.4 211.4 0
    endloop
  endfacet
  facet normal -0 0 -1
    outer loop
      vertex 166.4 214.4 0
      vertex 118.4 211.4 0
      vertex 118.4 214.4 0
    endloop
  endfacet
  facet normal 0 0 -1
    outer loop
      vertex 118.4 205.4 0
      vertex 166.4 208.4 0
      vertex 166.4 205.4 0
    endloop
  endfacet
  facet normal -0 0 -1
    outer loop
      vertex 166.4 208.4 0
      vertex 118.4 205.4 0
      vertex 118.4 208.4 0
    endloop
  endfacet
  facet normal 0 0 -1
    outer loop
      vertex 118.4 199.4 0
      vertex 166.4 202.4 0
      vertex 166.4 199.4 0
    endloop
  endfacet
  facet normal -0 0 -1
    outer loop
      vertex 166.4 202.4 0
      vertex 118.4 199.4 0
      vertex 118.4 202.4 0
    endloop
  endfacet
  facet normal 0 0 -1
    outer loop
      vertex 118.4 193.4 0
      vertex 166.4 196.4 0
      vertex 166.4 193.4 0
    endloop
  endfacet
  facet normal -0 0 -1
    outer loop
      vertex 166.4 196.4 0
      vertex 118.4 193.4 0
      vertex 118.4 196.4 0
    endloop
  endfacet
  facet normal 0 0 -1
    outer loop
      vertex 118.4 49 0
      vertex 166.4 190.4 0
      vertex 166.4 49 0
    endloop
  endfacet
  facet normal -0 0 -1
    outer loop
      vertex 166.4 190.4 0
      vertex 118.4 49 0
      vertex 118.4 190.4 0
    endloop
  endfacet
  facet normal 0 0 -1
    outer loop
      vertex 118.4 43 0
      vertex 166.4 46 0
      vertex 166.4 43 0
    endloop
  endfacet
  facet normal -0 0 -1
    outer loop
      vertex 166.4 46 0
      vertex 118.4 43 0
      vertex 118.4 46 0
    endloop
  endfacet
  facet normal 0 0 -1
    outer loop
      vertex 118.4 37 0
      vertex 166.4 40 0
      vertex 166.4 37 0
    endloop
  endfacet
  facet normal -0 0 -1
    outer loop
      vertex 166.4 40 0
      vertex 118.4 37 0
      vertex 118.4 40 0
    endloop
  endfacet
  facet normal 0 0 -1
    outer loop
      vertex 118.4 31 0
      vertex 166.4 34 0
      vertex 166.4 31 0
    endloop
  endfacet
  facet normal -0 0 -1
    outer loop
      vertex 166.4 34 0
      vertex 118.4 31 0
      vertex 118.4 34 0
    endloop
  endfacet
  facet normal 0 0 -1
    outer loop
      vertex 118.4 25 0
      vertex 166.4 28 0
      vertex 166.4 25 0
    endloop
  endfacet
  facet normal -0 0 -1
    outer loop
      vertex 166.4 28 0
      vertex 118.4 25 0
      vertex 118.4 28 0
    endloop
  endfacet
  facet normal 0 0 -1
    outer loop
      vertex 184.4 0 0
      vertex 183.651 4.40695 0
      vertex 184.4 236.4 0
    endloop
  endfacet
  facet normal 0 0 -1
    outer loop
      vertex 184.4 236.4 0
      vertex 183.655 232.028 0
      vertex 183.711 232.6 0
    endloop
  endfacet
  facet normal 0 0 -1
    outer loop
      vertex 183.651 231.993 0
      vertex 184.4 236.4 0
      vertex 183.651 4.40695 0
    endloop
  endfacet
  facet normal 0 0 -1
    outer loop
      vertex 184.4 236.4 0
      vertex 183.651 231.993 0
      vertex 183.655 232.028 0
    endloop
  endfacet
  facet normal 0 0 -1
    outer loop
      vertex 183.641 4.4403 0
      vertex 183.651 231.993 0
      vertex 183.651 4.40695 0
    endloop
  endfacet
  facet normal 0 0 -1
    outer loop
      vertex 183.641 4.4403 0
      vertex 183.641 231.96 0
      vertex 183.651 231.993 0
    endloop
  endfacet
  facet normal 0 0 -1
    outer loop
      vertex 183.474 4.99057 0
      vertex 183.641 231.96 0
      vertex 183.641 4.4403 0
    endloop
  endfacet
  facet normal 0 0 -1
    outer loop
      vertex 183.474 4.99057 0
      vertex 183.474 231.409 0
      vertex 183.641 231.96 0
    endloop
  endfacet
  facet normal 0 0 -1
    outer loop
      vertex 166.4 49 0
      vertex 183.474 4.99057 0
      vertex 183.458 5.02131 0
    endloop
  endfacet
  facet normal 0 0 -1
    outer loop
      vertex 183.474 4.99057 0
      vertex 166.4 49 0
      vertex 183.474 231.409 0
    endloop
  endfacet
  facet normal 0 0 -1
    outer loop
      vertex 166.4 49 0
      vertex 183.458 5.02131 0
      vertex 183.187 5.52844 0
    endloop
  endfacet
  facet normal 0 0 -1
    outer loop
      vertex 183.474 231.409 0
      vertex 166.4 49 0
      vertex 183.458 231.379 0
    endloop
  endfacet
  facet normal 0 0 -1
    outer loop
      vertex 166.4 49 0
      vertex 183.187 5.52844 0
      vertex 182.822 5.97295 0
    endloop
  endfacet
  facet normal 0 0 -1
    outer loop
      vertex 183.458 231.379 0
      vertex 166.4 49 0
      vertex 183.187 230.872 0
    endloop
  endfacet
  facet normal 0 0 -1
    outer loop
      vertex 166.4 49 0
      vertex 182.822 5.97295 0
      vertex 182.8 5.99989 0
    endloop
  endfacet
  facet normal 0 0 -1
    outer loop
      vertex 166.4 190.4 0
      vertex 183.187 230.872 0
      vertex 166.4 49 0
    endloop
  endfacet
  facet normal 0 0 -1
    outer loop
      vertex 166.4 40 0
      vertex 182.8 5.99989 0
      vertex 182.773 6.022 0
    endloop
  endfacet
  facet normal 0 0 -1
    outer loop
      vertex 183.187 230.872 0
      vertex 166.4 190.4 0
      vertex 182.822 230.427 0
    endloop
  endfacet
  facet normal 0 0 -1
    outer loop
      vertex 166.4 40 0
      vertex 182.773 6.022 0
      vertex 182.328 6.38679 0
    endloop
  endfacet
  facet normal 0 0 -1
    outer loop
      vertex 182.822 230.427 0
      vertex 166.4 190.4 0
      vertex 182.8 230.4 0
    endloop
  endfacet
  facet normal 0 0 -1
    outer loop
      vertex 166.4 34 0
      vertex 182.328 6.38679 0
      vertex 181.821 6.65786 0
    endloop
  endfacet
  facet normal 0 0 -1
    outer loop
      vertex 166.4 193.4 0
      vertex 182.8 230.4 0
      vertex 166.4 190.4 0
    endloop
  endfacet
  facet normal 0 0 -1
    outer loop
      vertex 166.4 34 0
      vertex 181.821 6.65786 0
      vertex 181.791 6.67429 0
    endloop
  endfacet
  facet normal 0 0 -1
    outer loop
      vertex 166.4 196.4 0
      vertex 182.8 230.4 0
      vertex 166.4 193.4 0
    endloop
  endfacet
  facet normal 0 0 -1
    outer loop
      vertex 166.4 28 0
      vertex 181.791 6.67429 0
      vertex 181.24 6.84122 0
    endloop
  endfacet
  facet normal 0 0 -1
    outer loop
      vertex 182.8 230.4 0
      vertex 166.4 196.4 0
      vertex 182.773 230.378 0
    endloop
  endfacet
  facet normal 0 0 -1
    outer loop
      vertex 166.4 28 0
      vertex 181.24 6.84122 0
      vertex 181.207 6.85133 0
    endloop
  endfacet
  facet normal 0 0 -1
    outer loop
      vertex 182.773 230.378 0
      vertex 166.4 196.4 0
      vertex 182.328 230.013 0
    endloop
  endfacet
  facet normal 0 0 -1
    outer loop
      vertex 166.4 22 0
      vertex 181.207 6.85133 0
      vertex 181.172 6.85475 0
    endloop
  endfacet
  facet normal 0 0 -1
    outer loop
      vertex 166.4 199.4 0
      vertex 182.328 230.013 0
      vertex 166.4 196.4 0
    endloop
  endfacet
  facet normal 0 0 -1
    outer loop
      vertex 166.4 22 0
      vertex 181.172 6.85475 0
      vertex 180.6 6.91111 0
    endloop
  endfacet
  facet normal 0 0 -1
    outer loop
      vertex 166.4 202.4 0
      vertex 182.328 230.013 0
      vertex 166.4 199.4 0
    endloop
  endfacet
  facet normal 0 0 -1
    outer loop
      vertex 166.4 22 0
      vertex 180.6 6.91111 0
      vertex 180.028 6.85475 0
    endloop
  endfacet
  facet normal 0 0 -1
    outer loop
      vertex 182.328 230.013 0
      vertex 166.4 202.4 0
      vertex 181.821 229.742 0
    endloop
  endfacet
  facet normal 0 0 -1
    outer loop
      vertex 166.4 22 0
      vertex 180.028 6.85475 0
      vertex 179.993 6.85133 0
    endloop
  endfacet
  facet normal 0 0 -1
    outer loop
      vertex 181.821 229.742 0
      vertex 166.4 202.4 0
      vertex 181.791 229.726 0
    endloop
  endfacet
  facet normal 0 0 -1
    outer loop
      vertex 166.4 22 0
      vertex 179.993 6.85133 0
      vertex 179.96 6.84122 0
    endloop
  endfacet
  facet normal 0 0 -1
    outer loop
      vertex 166.4 205.4 0
      vertex 181.791 229.726 0
      vertex 166.4 202.4 0
    endloop
  endfacet
  facet normal 0 0 -1
    outer loop
      vertex 166.4 22 0
      vertex 179.96 6.84122 0
      vertex 179.409 6.67429 0
    endloop
  endfacet
  facet normal 0 0 -1
    outer loop
      vertex 166.4 208.4 0
      vertex 181.791 229.726 0
      vertex 166.4 205.4 0
    endloop
  endfacet
  facet normal 0 0 -1
    outer loop
      vertex 166.4 22 0
      vertex 179.409 6.67429 0
      vertex 179.379 6.65786 0
    endloop
  endfacet
  facet normal 0 0 -1
    outer loop
      vertex 181.791 229.726 0
      vertex 166.4 208.4 0
      vertex 181.24 229.559 0
    endloop
  endfacet
  facet normal 0 0 -1
    outer loop
      vertex 166.4 22 0
      vertex 179.379 6.65786 0
      vertex 178.872 6.38679 0
    endloop
  endfacet
  facet normal 0 0 -1
    outer loop
      vertex 181.24 229.559 0
      vertex 166.4 208.4 0
      vertex 181.207 229.549 0
    endloop
  endfacet
  facet normal 0 0 -1
    outer loop
      vertex 166.4 22 0
      vertex 178.872 6.38679 0
      vertex 178.427 6.022 0
    endloop
  endfacet
  facet normal 0 0 -1
    outer loop
      vertex 166.4 211.4 0
      vertex 181.207 229.549 0
      vertex 166.4 208.4 0
    endloop
  endfacet
  facet normal 0 0 -1
    outer loop
      vertex 166.4 22 0
      vertex 178.427 6.022 0
      vertex 178.4 5.99989 0
    endloop
  endfacet
  facet normal 0 0 -1
    outer loop
      vertex 166.4 214.4 0
      vertex 181.207 229.549 0
      vertex 166.4 211.4 0
    endloop
  endfacet
  facet normal 0 0 -1
    outer loop
      vertex 166.4 22 0
      vertex 178.4 5.99989 0
      vertex 178.378 5.97295 0
    endloop
  endfacet
  facet normal 0 0 -1
    outer loop
      vertex 181.207 229.549 0
      vertex 166.4 214.4 0
      vertex 181.172 229.545 0
    endloop
  endfacet
  facet normal 0 0 -1
    outer loop
      vertex 166.4 22 0
      vertex 178.378 5.97295 0
      vertex 178.013 5.52844 0
    endloop
  endfacet
  facet normal 0 0 -1
    outer loop
      vertex 181.172 229.545 0
      vertex 166.4 214.4 0
      vertex 180.6 229.489 0
    endloop
  endfacet
  facet normal 0 0 -1
    outer loop
      vertex 166.4 22 0
      vertex 178.013 5.52844 0
      vertex 177.742 5.02131 0
    endloop
  endfacet
  facet normal 0 0 -1
    outer loop
      vertex 166.4 217.4 0
      vertex 180.6 229.489 0
      vertex 166.4 214.4 0
    endloop
  endfacet
  facet normal 0 0 -1
    outer loop
      vertex 166.4 22 0
      vertex 177.742 5.02131 0
      vertex 177.726 4.99057 0
    endloop
  endfacet
  facet normal -0 0 -1
    outer loop
      vertex 180.6 229.489 0
      vertex 166.4 217.4 0
      vertex 180.028 229.545 0
    endloop
  endfacet
  facet normal 0 0 -1
    outer loop
      vertex 166.4 22 0
      vertex 177.726 4.99057 0
      vertex 177.559 4.4403 0
    endloop
  endfacet
  facet normal -0 0 -1
    outer loop
      vertex 180.028 229.545 0
      vertex 166.4 217.4 0
      vertex 179.993 229.549 0
    endloop
  endfacet
  facet normal 0 0 -1
    outer loop
      vertex 166.4 22 0
      vertex 177.559 4.4403 0
      vertex 177.549 4.40695 0
    endloop
  endfacet
  facet normal -0 0 -1
    outer loop
      vertex 179.993 229.549 0
      vertex 166.4 217.4 0
      vertex 179.96 229.559 0
    endloop
  endfacet
  facet normal 0 0 -1
    outer loop
      vertex 166.4 22 0
      vertex 177.549 4.40695 0
      vertex 177.545 4.37226 0
    endloop
  endfacet
  facet normal -0 0 -1
    outer loop
      vertex 179.96 229.559 0
      vertex 166.4 217.4 0
      vertex 179.409 229.726 0
    endloop
  endfacet
  facet normal 0 0 -1
    outer loop
      vertex 166.4 22 0
      vertex 177.545 4.37226 0
      vertex 177.489 3.8 0
    endloop
  endfacet
  facet normal -0 0 -1
    outer loop
      vertex 179.409 229.726 0
      vertex 166.4 217.4 0
      vertex 179.379 229.742 0
    endloop
  endfacet
  facet normal 0 0 -1
    outer loop
      vertex 183.655 4.37226 0
      vertex 184.4 0 0
      vertex 183.711 3.8 0
    endloop
  endfacet
  facet normal 0 0 -1
    outer loop
      vertex 184.4 0 0
      vertex 183.655 3.22773 0
      vertex 183.711 3.8 0
    endloop
  endfacet
  facet normal 0 0 -1
    outer loop
      vertex 184.4 0 0
      vertex 183.651 3.19305 0
      vertex 183.655 3.22773 0
    endloop
  endfacet
  facet normal 0 0 -1
    outer loop
      vertex 184.4 0 0
      vertex 183.641 3.1597 0
      vertex 183.651 3.19305 0
    endloop
  endfacet
  facet normal 0 0 -1
    outer loop
      vertex 184.4 0 0
      vertex 183.474 2.60943 0
      vertex 183.641 3.1597 0
    endloop
  endfacet
  facet normal 0 0 -1
    outer loop
      vertex 184.4 0 0
      vertex 183.458 2.57869 0
      vertex 183.474 2.60943 0
    endloop
  endfacet
  facet normal 0 0 -1
    outer loop
      vertex 184.4 0 0
      vertex 183.187 2.07156 0
      vertex 183.458 2.57869 0
    endloop
  endfacet
  facet normal 0 0 -1
    outer loop
      vertex 184.4 0 0
      vertex 182.822 1.62705 0
      vertex 183.187 2.07156 0
    endloop
  endfacet
  facet normal 0 0 -1
    outer loop
      vertex 184.4 0 0
      vertex 182.8 1.60011 0
      vertex 182.822 1.62705 0
    endloop
  endfacet
  facet normal 0 0 -1
    outer loop
      vertex 184.4 0 0
      vertex 182.773 1.578 0
      vertex 182.8 1.60011 0
    endloop
  endfacet
  facet normal 0 0 -1
    outer loop
      vertex 184.4 0 0
      vertex 182.328 1.21321 0
      vertex 182.773 1.578 0
    endloop
  endfacet
  facet normal 0 0 -1
    outer loop
      vertex 184.4 0 0
      vertex 181.821 0.942136 0
      vertex 182.328 1.21321 0
    endloop
  endfacet
  facet normal 0 0 -1
    outer loop
      vertex 184.4 0 0
      vertex 181.791 0.925708 0
      vertex 181.821 0.942136 0
    endloop
  endfacet
  facet normal 0 0 -1
    outer loop
      vertex 184.4 0 0
      vertex 181.24 0.758784 0
      vertex 181.791 0.925708 0
    endloop
  endfacet
  facet normal 0 0 -1
    outer loop
      vertex 184.4 0 0
      vertex 181.207 0.748667 0
      vertex 181.24 0.758784 0
    endloop
  endfacet
  facet normal 0 0 -1
    outer loop
      vertex 184.4 0 0
      vertex 181.172 0.745251 0
      vertex 181.207 0.748667 0
    endloop
  endfacet
  facet normal 0 0 -1
    outer loop
      vertex 184.4 0 0
      vertex 180.6 0.688889 0
      vertex 181.172 0.745251 0
    endloop
  endfacet
  facet normal 0 0 -1
    outer loop
      vertex 184.4 0 0
      vertex 180.028 0.745251 0
      vertex 180.6 0.688889 0
    endloop
  endfacet
  facet normal 0 0 -1
    outer loop
      vertex 184.4 0 0
      vertex 179.993 0.748667 0
      vertex 180.028 0.745251 0
    endloop
  endfacet
  facet normal 0 0 -1
    outer loop
      vertex 179.409 0.925708 0
      vertex 178.872 1.21321 0
      vertex 179.379 0.942136 0
    endloop
  endfacet
  facet normal 0 0 1
    outer loop
      vertex 178.013 2.07156 0
      vertex 177.726 2.60943 0
      vertex 177.742 2.57869 0
    endloop
  endfacet
  facet normal 0 0 -1
    outer loop
      vertex 166.4 22 0
      vertex 177.545 3.22773 0
      vertex 177.549 3.19305 0
    endloop
  endfacet
  facet normal 0 0 -1
    outer loop
      vertex 181.207 6.85133 0
      vertex 166.4 22 0
      vertex 166.4 25 0
    endloop
  endfacet
  facet normal 0 0 -1
    outer loop
      vertex 177.545 3.22773 0
      vertex 166.4 22 0
      vertex 177.489 3.8 0
    endloop
  endfacet
  facet normal 0 0 -1
    outer loop
      vertex 118.4 22 0
      vertex 177.549 3.19305 0
      vertex 177.559 3.1597 0
    endloop
  endfacet
  facet normal 0 0 -1
    outer loop
      vertex 118.4 22 0
      vertex 177.559 3.1597 0
      vertex 177.726 2.60943 0
    endloop
  endfacet
  facet normal 0 0 -1
    outer loop
      vertex 118.4 22 0
      vertex 177.726 2.60943 0
      vertex 178.013 2.07156 0
    endloop
  endfacet
  facet normal 0 0 -1
    outer loop
      vertex 177.549 3.19305 0
      vertex 118.4 22 0
      vertex 166.4 22 0
    endloop
  endfacet
  facet normal 0 0 -1
    outer loop
      vertex 98.6006 10.1494 0
      vertex 178.013 2.07156 0
      vertex 178.378 1.62705 0
    endloop
  endfacet
  facet normal 0 0 -1
    outer loop
      vertex 98.1612 9.78874 0
      vertex 178.378 1.62705 0
      vertex 178.4 1.60011 0
    endloop
  endfacet
  facet normal 0 0 -1
    outer loop
      vertex 98.1612 9.78874 0
      vertex 178.4 1.60011 0
      vertex 178.427 1.578 0
    endloop
  endfacet
  facet normal 0 0 -1
    outer loop
      vertex 98.1612 9.78874 0
      vertex 178.427 1.578 0
      vertex 178.872 1.21321 0
    endloop
  endfacet
  facet normal 0 0 -1
    outer loop
      vertex 97.6598 9.52075 0
      vertex 178.872 1.21321 0
      vertex 179.409 0.925708 0
    endloop
  endfacet
  facet normal 0 0 -1
    outer loop
      vertex 98.6006 14.2506 0
      vertex 118.4 25 0
      vertex 118.4 22 0
    endloop
  endfacet
  facet normal -0 0 -1
    outer loop
      vertex 118.4 25 0
      vertex 98.1612 14.6113 0
      vertex 118.4 28 0
    endloop
  endfacet
  facet normal 0 0 -1
    outer loop
      vertex 97.6598 14.8793 0
      vertex 118.4 28 0
      vertex 98.1612 14.6113 0
    endloop
  endfacet
  facet normal 0 0 -1
    outer loop
      vertex 97.1158 15.0443 0
      vertex 118.4 31 0
      vertex 97.6598 14.8793 0
    endloop
  endfacet
  facet normal -0 0 -1
    outer loop
      vertex 118.4 31 0
      vertex 97.1158 15.0443 0
      vertex 118.4 34 0
    endloop
  endfacet
  facet normal 0 0 -1
    outer loop
      vertex 96.55 15.1 0
      vertex 118.4 34 0
      vertex 97.1158 15.0443 0
    endloop
  endfacet
  facet normal -0 0 -1
    outer loop
      vertex 118.4 34 0
      vertex 96.55 15.1 0
      vertex 118.4 37 0
    endloop
  endfacet
  facet normal 0 0 -1
    outer loop
      vertex 66 43 0
      vertex 118.4 40 0
      vertex 96.55 15.1 0
    endloop
  endfacet
  facet normal 0 0 -1
    outer loop
      vertex 118.4 40 0
      vertex 66 43 0
      vertex 118.4 43 0
    endloop
  endfacet
  facet normal 0 0 -1
    outer loop
      vertex 118.4 43 0
      vertex 66 43 0
      vertex 118.4 46 0
    endloop
  endfacet
  facet normal 0 0 -1
    outer loop
      vertex 118.4 49 0
      vertex 96.7 221.4 0
      vertex 118.4 190.4 0
    endloop
  endfacet
  facet normal 0 0 -1
    outer loop
      vertex 118.4 190.4 0
      vertex 96.7 221.4 0
      vertex 118.4 193.4 0
    endloop
  endfacet
  facet normal 0 0 -1
    outer loop
      vertex 118.4 193.4 0
      vertex 96.7 221.4 0
      vertex 118.4 196.4 0
    endloop
  endfacet
  facet normal 0 0 -1
    outer loop
      vertex 118.4 196.4 0
      vertex 96.7 221.4 0
      vertex 118.4 199.4 0
    endloop
  endfacet
  facet normal 0 0 -1
    outer loop
      vertex 118.4 199.4 0
      vertex 96.7 221.4 0
      vertex 118.4 202.4 0
    endloop
  endfacet
  facet normal 0 0 -1
    outer loop
      vertex 118.4 202.4 0
      vertex 96.7 221.4 0
      vertex 118.4 205.4 0
    endloop
  endfacet
  facet normal 0 0 -1
    outer loop
      vertex 118.4 205.4 0
      vertex 96.7 221.4 0
      vertex 118.4 208.4 0
    endloop
  endfacet
  facet normal 0 0 -1
    outer loop
      vertex 118.4 211.4 0
      vertex 96.7 221.4 0
      vertex 118.4 214.4 0
    endloop
  endfacet
  facet normal 0 0 -1
    outer loop
      vertex 99.3943 12.7658 0
      vertex 118.4 22 0
      vertex 99.45 12.2 0
    endloop
  endfacet
  facet normal 0 0 -1
    outer loop
      vertex 178.013 2.07156 0
      vertex 98.6006 10.1494 0
      vertex 118.4 22 0
    endloop
  endfacet
  facet normal 0 0 -1
    outer loop
      vertex 97.1158 9.35572 0
      vertex 179.409 0.925708 0
      vertex 179.96 0.758784 0
    endloop
  endfacet
  facet normal 0 0 -1
    outer loop
      vertex 97.1158 9.35572 0
      vertex 179.96 0.758784 0
      vertex 179.993 0.748667 0
    endloop
  endfacet
  facet normal 0 0 -1
    outer loop
      vertex 4.40695 0.748667 0
      vertex 179.993 0.748667 0
      vertex 184.4 0 0
    endloop
  endfacet
  facet normal 0 0 -1
    outer loop
      vertex 118.4 22 0
      vertex 99.3943 11.6342 0
      vertex 99.45 12.2 0
    endloop
  endfacet
  facet normal 0 0 -1
    outer loop
      vertex 118.4 22 0
      vertex 99.2292 11.0902 0
      vertex 99.3943 11.6342 0
    endloop
  endfacet
  facet normal 0 0 -1
    outer loop
      vertex 118.4 22 0
      vertex 98.9613 10.5888 0
      vertex 99.2292 11.0902 0
    endloop
  endfacet
  facet normal 0 0 -1
    outer loop
      vertex 118.4 22 0
      vertex 98.6006 10.1494 0
      vertex 98.9613 10.5888 0
    endloop
  endfacet
  facet normal 0 0 -1
    outer loop
      vertex 178.378 1.62705 0
      vertex 98.1612 9.78874 0
      vertex 98.6006 10.1494 0
    endloop
  endfacet
  facet normal 0 0 -1
    outer loop
      vertex 178.872 1.21321 0
      vertex 97.6598 9.52075 0
      vertex 98.1612 9.78874 0
    endloop
  endfacet
  facet normal 0 0 -1
    outer loop
      vertex 179.409 0.925708 0
      vertex 97.1158 9.35572 0
      vertex 97.6598 9.52075 0
    endloop
  endfacet
  facet normal 0 0 -1
    outer loop
      vertex 179.993 0.748667 0
      vertex 96.55 9.3 0
      vertex 97.1158 9.35572 0
    endloop
  endfacet
  facet normal 0 0 -1
    outer loop
      vertex 179.993 0.748667 0
      vertex 87.85 9.3 0
      vertex 96.55 9.3 0
    endloop
  endfacet
  facet normal 0 0 -1
    outer loop
      vertex 85.0057 11.6342 0
      vertex 66 22 0
      vertex 84.95 12.2 0
    endloop
  endfacet
  facet normal 0 0 -1
    outer loop
      vertex 85.1707 11.0902 0
      vertex 66 22 0
      vertex 85.0057 11.6342 0
    endloop
  endfacet
  facet normal 0 0 -1
    outer loop
      vertex 85.4387 10.5888 0
      vertex 66 22 0
      vertex 85.1707 11.0902 0
    endloop
  endfacet
  facet normal 0 0 -1
    outer loop
      vertex 85.7994 10.1494 0
      vertex 66 22 0
      vertex 85.4387 10.5888 0
    endloop
  endfacet
  facet normal 0 0 -1
    outer loop
      vertex 6.38679 2.07156 0
      vertex 85.7994 10.1494 0
      vertex 86.2388 9.78874 0
    endloop
  endfacet
  facet normal -0 0 -1
    outer loop
      vertex 85.7994 10.1494 0
      vertex 6.38679 2.07156 0
      vertex 66 22 0
    endloop
  endfacet
  facet normal 0 0 -1
    outer loop
      vertex 5.99989 1.60011 0
      vertex 86.2388 9.78874 0
      vertex 86.7402 9.52075 0
    endloop
  endfacet
  facet normal 0 0 -1
    outer loop
      vertex 5.52844 1.21321 0
      vertex 86.7402 9.52075 0
      vertex 87.2842 9.35572 0
    endloop
  endfacet
  facet normal 0 0 -1
    outer loop
      vertex 6.85475 4.37226 0
      vertex 18 22 0
      vertex 6.91111 3.8 0
    endloop
  endfacet
  facet normal 0 0 -1
    outer loop
      vertex 6.85133 4.40695 0
      vertex 18 22 0
      vertex 6.85475 4.37226 0
    endloop
  endfacet
  facet normal 0 0 -1
    outer loop
      vertex 6.84122 4.4403 0
      vertex 18 22 0
      vertex 6.85133 4.40695 0
    endloop
  endfacet
  facet normal 0 0 -1
    outer loop
      vertex 6.67429 4.99057 0
      vertex 18 22 0
      vertex 6.84122 4.4403 0
    endloop
  endfacet
  facet normal 0 0 -1
    outer loop
      vertex 6.65786 5.02131 0
      vertex 18 22 0
      vertex 6.67429 4.99057 0
    endloop
  endfacet
  facet normal 0 0 -1
    outer loop
      vertex 6.38679 5.52844 0
      vertex 18 22 0
      vertex 6.65786 5.02131 0
    endloop
  endfacet
  facet normal 0 0 -1
    outer loop
      vertex 6.022 5.97295 0
      vertex 18 22 0
      vertex 6.38679 5.52844 0
    endloop
  endfacet
  facet normal 0 0 -1
    outer loop
      vertex 5.99989 5.99989 0
      vertex 18 22 0
      vertex 6.022 5.97295 0
    endloop
  endfacet
  facet normal 0 0 -1
    outer loop
      vertex 5.97295 6.022 0
      vertex 18 22 0
      vertex 5.99989 5.99989 0
    endloop
  endfacet
  facet normal 0 0 -1
    outer loop
      vertex 5.52844 6.38679 0
      vertex 18 22 0
      vertex 5.97295 6.022 0
    endloop
  endfacet
  facet normal 0 0 -1
    outer loop
      vertex 18 49 0
      vertex 6.91111 232.6 0
      vertex 18 190.4 0
    endloop
  endfacet
  facet normal 0 0 -1
    outer loop
      vertex 18 190.4 0
      vertex 6.91111 232.6 0
      vertex 18 193.4 0
    endloop
  endfacet
  facet normal 0 0 -1
    outer loop
      vertex 18 193.4 0
      vertex 6.91111 232.6 0
      vertex 18 196.4 0
    endloop
  endfacet
  facet normal 0 0 -1
    outer loop
      vertex 18 196.4 0
      vertex 6.91111 232.6 0
      vertex 18 199.4 0
    endloop
  endfacet
  facet normal 0 0 -1
    outer loop
      vertex 18 199.4 0
      vertex 6.91111 232.6 0
      vertex 18 202.4 0
    endloop
  endfacet
  facet normal 0 0 -1
    outer loop
      vertex 18 202.4 0
      vertex 6.91111 232.6 0
      vertex 18 205.4 0
    endloop
  endfacet
  facet normal 0 0 -1
    outer loop
      vertex 18 205.4 0
      vertex 6.91111 232.6 0
      vertex 18 208.4 0
    endloop
  endfacet
  facet normal 0 0 -1
    outer loop
      vertex 18 211.4 0
      vertex 6.91111 232.6 0
      vertex 18 214.4 0
    endloop
  endfacet
  facet normal 0 0 -1
    outer loop
      vertex 18 208.4 0
      vertex 6.91111 232.6 0
      vertex 18 211.4 0
    endloop
  endfacet
  facet normal -0 0 -1
    outer loop
      vertex 66 22 0
      vertex 6.85133 3.19305 0
      vertex 18 22 0
    endloop
  endfacet
  facet normal 0 0 -1
    outer loop
      vertex 4.99057 0.925708 0
      vertex 87.2842 9.35572 0
      vertex 87.85 9.3 0
    endloop
  endfacet
  facet normal 0 0 -1
    outer loop
      vertex 179.993 0.748667 0
      vertex 4.40695 0.748667 0
      vertex 87.85 9.3 0
    endloop
  endfacet
  facet normal 0 0 -1
    outer loop
      vertex 18 22 0
      vertex 6.85475 3.22773 0
      vertex 6.91111 3.8 0
    endloop
  endfacet
  facet normal 0 0 -1
    outer loop
      vertex 18 22 0
      vertex 6.85133 3.19305 0
      vertex 6.85475 3.22773 0
    endloop
  endfacet
  facet normal 0 0 -1
    outer loop
      vertex 66 22 0
      vertex 6.84122 3.1597 0
      vertex 6.85133 3.19305 0
    endloop
  endfacet
  facet normal 0 0 -1
    outer loop
      vertex 66 22 0
      vertex 6.67429 2.60943 0
      vertex 6.84122 3.1597 0
    endloop
  endfacet
  facet normal 0 0 -1
    outer loop
      vertex 66 22 0
      vertex 6.65786 2.57869 0
      vertex 6.67429 2.60943 0
    endloop
  endfacet
  facet normal 0 0 -1
    outer loop
      vertex 66 22 0
      vertex 6.38679 2.07156 0
      vertex 6.65786 2.57869 0
    endloop
  endfacet
  facet normal 0 0 -1
    outer loop
      vertex 86.2388 9.78874 0
      vertex 6.022 1.62705 0
      vertex 6.38679 2.07156 0
    endloop
  endfacet
  facet normal 0 0 -1
    outer loop
      vertex 86.2388 9.78874 0
      vertex 5.99989 1.60011 0
      vertex 6.022 1.62705 0
    endloop
  endfacet
  facet normal 0 0 -1
    outer loop
      vertex 86.7402 9.52075 0
      vertex 5.97295 1.578 0
      vertex 5.99989 1.60011 0
    endloop
  endfacet
  facet normal 0 0 -1
    outer loop
      vertex 86.7402 9.52075 0
      vertex 5.52844 1.21321 0
      vertex 5.97295 1.578 0
    endloop
  endfacet
  facet normal 0 0 -1
    outer loop
      vertex 87.2842 9.35572 0
      vertex 5.02131 0.942136 0
      vertex 5.52844 1.21321 0
    endloop
  endfacet
  facet normal 0 0 -1
    outer loop
      vertex 87.2842 9.35572 0
      vertex 4.99057 0.925708 0
      vertex 5.02131 0.942136 0
    endloop
  endfacet
  facet normal 0 0 -1
    outer loop
      vertex 87.85 9.3 0
      vertex 4.4403 0.758784 0
      vertex 4.99057 0.925708 0
    endloop
  endfacet
  facet normal 0 0 -1
    outer loop
      vertex 87.85 9.3 0
      vertex 4.40695 0.748667 0
      vertex 4.4403 0.758784 0
    endloop
  endfacet
  facet normal 0 0 -1
    outer loop
      vertex 0 0 0
      vertex 4.40695 0.748667 0
      vertex 184.4 0 0
    endloop
  endfacet
  facet normal 0 0 -1
    outer loop
      vertex 4.40695 0.748667 0
      vertex 0 0 0
      vertex 4.37226 0.745251 0
    endloop
  endfacet
  facet normal 0 0 -1
    outer loop
      vertex 0 0 0
      vertex 3.1597 0.758784 0
      vertex 3.19305 0.748667 0
    endloop
  endfacet
  facet normal 0 0 -1
    outer loop
      vertex 0 0 0
      vertex 1.62705 1.578 0
      vertex 2.07156 1.21321 0
    endloop
  endfacet
  facet normal 0 0 -1
    outer loop
      vertex 0 0 0
      vertex 1.578 1.62705 0
      vertex 1.60011 1.60011 0
    endloop
  endfacet
  facet normal 0 0 -1
    outer loop
      vertex 0 0 0
      vertex 0.758784 3.1597 0
      vertex 0.925708 2.60943 0
    endloop
  endfacet
  facet normal 0 0 -1
    outer loop
      vertex 0.748667 231.993 0
      vertex 0 236.4 0
      vertex 0.745251 232.028 0
    endloop
  endfacet
  facet normal -0 0 -1
    outer loop
      vertex 0.745251 3.22773 0
      vertex 0 0 0
      vertex 0.688889 3.8 0
    endloop
  endfacet
  facet normal -0 0 -1
    outer loop
      vertex 0.748667 3.19305 0
      vertex 0 0 0
      vertex 0.745251 3.22773 0
    endloop
  endfacet
  facet normal -0 0 -1
    outer loop
      vertex 0.758784 3.1597 0
      vertex 0 0 0
      vertex 0.748667 3.19305 0
    endloop
  endfacet
  facet normal -0 0 -1
    outer loop
      vertex 0.942136 2.57869 0
      vertex 0 0 0
      vertex 0.925708 2.60943 0
    endloop
  endfacet
  facet normal -0 0 -1
    outer loop
      vertex 1.21321 2.07156 0
      vertex 0 0 0
      vertex 0.942136 2.57869 0
    endloop
  endfacet
  facet normal -0 0 -1
    outer loop
      vertex 1.578 1.62705 0
      vertex 0 0 0
      vertex 1.21321 2.07156 0
    endloop
  endfacet
  facet normal -0 0 -1
    outer loop
      vertex 1.62705 1.578 0
      vertex 0 0 0
      vertex 1.60011 1.60011 0
    endloop
  endfacet
  facet normal -0 0 -1
    outer loop
      vertex 2.57869 0.942136 0
      vertex 0 0 0
      vertex 2.07156 1.21321 0
    endloop
  endfacet
  facet normal -0 0 -1
    outer loop
      vertex 2.60943 0.925708 0
      vertex 0 0 0
      vertex 2.57869 0.942136 0
    endloop
  endfacet
  facet normal -0 0 -1
    outer loop
      vertex 3.1597 0.758784 0
      vertex 0 0 0
      vertex 2.60943 0.925708 0
    endloop
  endfacet
  facet normal -0 0 -1
    outer loop
      vertex 3.22773 0.745251 0
      vertex 0 0 0
      vertex 3.19305 0.748667 0
    endloop
  endfacet
  facet normal -0 0 -1
    outer loop
      vertex 3.8 0.688889 0
      vertex 0 0 0
      vertex 3.22773 0.745251 0
    endloop
  endfacet
  facet normal 0 0 -1
    outer loop
      vertex 4.37226 0.745251 0
      vertex 0 0 0
      vertex 3.8 0.688889 0
    endloop
  endfacet
  facet normal 0 0 -1
    outer loop
      vertex 183.651 4.40695 0
      vertex 184.4 0 0
      vertex 183.655 4.37226 0
    endloop
  endfacet
  facet normal 0 0 -1
    outer loop
      vertex 183.655 233.172 0
      vertex 184.4 236.4 0
      vertex 183.711 232.6 0
    endloop
  endfacet
  facet normal 0 0 -1
    outer loop
      vertex 183.651 233.207 0
      vertex 184.4 236.4 0
      vertex 183.655 233.172 0
    endloop
  endfacet
  facet normal 0 0 -1
    outer loop
      vertex 183.641 233.24 0
      vertex 184.4 236.4 0
      vertex 183.651 233.207 0
    endloop
  endfacet
  facet normal 0 0 -1
    outer loop
      vertex 183.474 233.791 0
      vertex 184.4 236.4 0
      vertex 183.641 233.24 0
    endloop
  endfacet
  facet normal 0 0 -1
    outer loop
      vertex 183.458 233.821 0
      vertex 184.4 236.4 0
      vertex 183.474 233.791 0
    endloop
  endfacet
  facet normal 0 0 -1
    outer loop
      vertex 183.187 234.328 0
      vertex 184.4 236.4 0
      vertex 183.458 233.821 0
    endloop
  endfacet
  facet normal 0 0 -1
    outer loop
      vertex 182.822 234.773 0
      vertex 184.4 236.4 0
      vertex 183.187 234.328 0
    endloop
  endfacet
  facet normal 0 0 -1
    outer loop
      vertex 182.8 234.8 0
      vertex 184.4 236.4 0
      vertex 182.822 234.773 0
    endloop
  endfacet
  facet normal 0 0 -1
    outer loop
      vertex 182.773 234.822 0
      vertex 184.4 236.4 0
      vertex 182.8 234.8 0
    endloop
  endfacet
  facet normal 0 0 -1
    outer loop
      vertex 182.328 235.187 0
      vertex 184.4 236.4 0
      vertex 182.773 234.822 0
    endloop
  endfacet
  facet normal 0 0 -1
    outer loop
      vertex 181.821 235.458 0
      vertex 184.4 236.4 0
      vertex 182.328 235.187 0
    endloop
  endfacet
  facet normal 0 0 -1
    outer loop
      vertex 181.791 235.474 0
      vertex 184.4 236.4 0
      vertex 181.821 235.458 0
    endloop
  endfacet
  facet normal 0 0 -1
    outer loop
      vertex 181.24 235.641 0
      vertex 184.4 236.4 0
      vertex 181.791 235.474 0
    endloop
  endfacet
  facet normal 0 0 -1
    outer loop
      vertex 181.207 235.651 0
      vertex 184.4 236.4 0
      vertex 181.24 235.641 0
    endloop
  endfacet
  facet normal 0 0 -1
    outer loop
      vertex 181.172 235.655 0
      vertex 184.4 236.4 0
      vertex 181.207 235.651 0
    endloop
  endfacet
  facet normal 0 0 -1
    outer loop
      vertex 180.6 235.711 0
      vertex 184.4 236.4 0
      vertex 181.172 235.655 0
    endloop
  endfacet
  facet normal 0 0 -1
    outer loop
      vertex 180.028 235.655 0
      vertex 184.4 236.4 0
      vertex 180.6 235.711 0
    endloop
  endfacet
  facet normal 0 0 -1
    outer loop
      vertex 179.993 235.651 0
      vertex 184.4 236.4 0
      vertex 180.028 235.655 0
    endloop
  endfacet
  facet normal 0 0 1
    outer loop
      vertex 177.726 233.791 0
      vertex 178.013 234.328 0
      vertex 177.742 233.821 0
    endloop
  endfacet
  facet normal 0 0 1
    outer loop
      vertex 177.549 233.207 0
      vertex 177.726 233.791 0
      vertex 177.559 233.24 0
    endloop
  endfacet
  facet normal 0 0 -1
    outer loop
      vertex 166.4 217.4 0
      vertex 177.545 233.172 0
      vertex 177.489 232.6 0
    endloop
  endfacet
  facet normal 0 0 -1
    outer loop
      vertex 181.207 6.85133 0
      vertex 166.4 25 0
      vertex 166.4 28 0
    endloop
  endfacet
  facet normal 0 0 -1
    outer loop
      vertex 181.791 6.67429 0
      vertex 166.4 28 0
      vertex 166.4 31 0
    endloop
  endfacet
  facet normal 0 0 -1
    outer loop
      vertex 181.791 6.67429 0
      vertex 166.4 31 0
      vertex 166.4 34 0
    endloop
  endfacet
  facet normal 0 0 -1
    outer loop
      vertex 182.328 6.38679 0
      vertex 166.4 34 0
      vertex 166.4 37 0
    endloop
  endfacet
  facet normal 0 0 -1
    outer loop
      vertex 182.328 6.38679 0
      vertex 166.4 37 0
      vertex 166.4 40 0
    endloop
  endfacet
  facet normal 0 0 -1
    outer loop
      vertex 182.8 5.99989 0
      vertex 166.4 40 0
      vertex 166.4 43 0
    endloop
  endfacet
  facet normal 0 0 -1
    outer loop
      vertex 182.8 5.99989 0
      vertex 166.4 43 0
      vertex 166.4 46 0
    endloop
  endfacet
  facet normal 0 0 -1
    outer loop
      vertex 182.8 5.99989 0
      vertex 166.4 46 0
      vertex 166.4 49 0
    endloop
  endfacet
  facet normal -0 0 -1
    outer loop
      vertex 179.379 229.742 0
      vertex 166.4 217.4 0
      vertex 178.872 230.013 0
    endloop
  endfacet
  facet normal -0 0 -1
    outer loop
      vertex 178.872 230.013 0
      vertex 166.4 217.4 0
      vertex 178.427 230.378 0
    endloop
  endfacet
  facet normal -0 0 -1
    outer loop
      vertex 178.427 230.378 0
      vertex 166.4 217.4 0
      vertex 178.4 230.4 0
    endloop
  endfacet
  facet normal -0 0 -1
    outer loop
      vertex 178.4 230.4 0
      vertex 166.4 217.4 0
      vertex 178.378 230.427 0
    endloop
  endfacet
  facet normal -0 0 -1
    outer loop
      vertex 178.378 230.427 0
      vertex 166.4 217.4 0
      vertex 178.013 230.872 0
    endloop
  endfacet
  facet normal -0 0 -1
    outer loop
      vertex 178.013 230.872 0
      vertex 166.4 217.4 0
      vertex 177.742 231.379 0
    endloop
  endfacet
  facet normal -0 0 -1
    outer loop
      vertex 177.742 231.379 0
      vertex 166.4 217.4 0
      vertex 177.726 231.409 0
    endloop
  endfacet
  facet normal -0 0 -1
    outer loop
      vertex 177.726 231.409 0
      vertex 166.4 217.4 0
      vertex 177.559 231.96 0
    endloop
  endfacet
  facet normal -0 0 -1
    outer loop
      vertex 177.559 231.96 0
      vertex 166.4 217.4 0
      vertex 177.549 231.993 0
    endloop
  endfacet
  facet normal -0 0 -1
    outer loop
      vertex 177.549 231.993 0
      vertex 166.4 217.4 0
      vertex 177.545 232.028 0
    endloop
  endfacet
  facet normal -0 0 -1
    outer loop
      vertex 177.545 232.028 0
      vertex 166.4 217.4 0
      vertex 177.489 232.6 0
    endloop
  endfacet
  facet normal -0 0 -1
    outer loop
      vertex 177.545 233.172 0
      vertex 166.4 217.4 0
      vertex 177.549 233.207 0
    endloop
  endfacet
  facet normal -0 0 -1
    outer loop
      vertex 177.549 233.207 0
      vertex 166.4 217.4 0
      vertex 177.726 233.791 0
    endloop
  endfacet
  facet normal 0 0 -1
    outer loop
      vertex 118.4 217.4 0
      vertex 177.726 233.791 0
      vertex 166.4 217.4 0
    endloop
  endfacet
  facet normal -0 0 -1
    outer loop
      vertex 177.726 233.791 0
      vertex 118.4 217.4 0
      vertex 178.013 234.328 0
    endloop
  endfacet
  facet normal 0 0 -1
    outer loop
      vertex 118.4 217.4 0
      vertex 178.378 234.773 0
      vertex 178.013 234.328 0
    endloop
  endfacet
  facet normal 0 0 -1
    outer loop
      vertex 118.4 217.4 0
      vertex 178.4 234.8 0
      vertex 178.378 234.773 0
    endloop
  endfacet
  facet normal 0 0 -1
    outer loop
      vertex 94.4 230.4 0
      vertex 178.4 234.8 0
      vertex 118.4 217.4 0
    endloop
  endfacet
  facet normal -0 0 -1
    outer loop
      vertex 178.4 234.8 0
      vertex 94.4 230.4 0
      vertex 178.427 234.822 0
    endloop
  endfacet
  facet normal -0 0 -1
    outer loop
      vertex 178.427 234.822 0
      vertex 94.4 230.4 0
      vertex 178.872 235.187 0
    endloop
  endfacet
  facet normal -0 0 -1
    outer loop
      vertex 178.872 235.187 0
      vertex 94.4 230.4 0
      vertex 179.379 235.458 0
    endloop
  endfacet
  facet normal -0 0 -1
    outer loop
      vertex 179.379 235.458 0
      vertex 94.4 230.4 0
      vertex 179.409 235.474 0
    endloop
  endfacet
  facet normal -0 0 -1
    outer loop
      vertex 179.409 235.474 0
      vertex 94.4 230.4 0
      vertex 179.96 235.641 0
    endloop
  endfacet
  facet normal 0 0 -1
    outer loop
      vertex 99.2292 13.3098 0
      vertex 118.4 22 0
      vertex 99.3943 12.7658 0
    endloop
  endfacet
  facet normal 0 0 -1
    outer loop
      vertex 98.9613 13.8112 0
      vertex 118.4 22 0
      vertex 99.2292 13.3098 0
    endloop
  endfacet
  facet normal 0 0 -1
    outer loop
      vertex 98.6006 14.2506 0
      vertex 118.4 22 0
      vertex 98.9613 13.8112 0
    endloop
  endfacet
  facet normal 0 0 -1
    outer loop
      vertex 118.4 25 0
      vertex 98.6006 14.2506 0
      vertex 98.1612 14.6113 0
    endloop
  endfacet
  facet normal -0 0 -1
    outer loop
      vertex 118.4 28 0
      vertex 97.6598 14.8793 0
      vertex 118.4 31 0
    endloop
  endfacet
  facet normal -0 0 -1
    outer loop
      vertex 118.4 37 0
      vertex 96.55 15.1 0
      vertex 118.4 40 0
    endloop
  endfacet
  facet normal 0 0 -1
    outer loop
      vertex 118.4 208.4 0
      vertex 96.7 221.4 0
      vertex 118.4 211.4 0
    endloop
  endfacet
  facet normal 0 0 -1
    outer loop
      vertex 118.4 214.4 0
      vertex 96.7 221.4 0
      vertex 118.4 217.4 0
    endloop
  endfacet
  facet normal 0 0 -1
    outer loop
      vertex 96.5467 222.565 0
      vertex 118.4 217.4 0
      vertex 96.7 221.4 0
    endloop
  endfacet
  facet normal 0 0 -1
    outer loop
      vertex 96.0971 223.65 0
      vertex 118.4 217.4 0
      vertex 96.5467 222.565 0
    endloop
  endfacet
  facet normal -0 0 -1
    outer loop
      vertex 179.96 235.641 0
      vertex 94.4 230.4 0
      vertex 179.993 235.651 0
    endloop
  endfacet
  facet normal 0 0 -1
    outer loop
      vertex 118.4 217.4 0
      vertex 96.0971 223.65 0
      vertex 94.4 230.4 0
    endloop
  endfacet
  facet normal 0 0 -1
    outer loop
      vertex 94.4 230.4 0
      vertex 96.0971 223.65 0
      vertex 95.382 224.582 0
    endloop
  endfacet
  facet normal 0 0 -1
    outer loop
      vertex 94.4 230.4 0
      vertex 95.382 224.582 0
      vertex 94.45 225.297 0
    endloop
  endfacet
  facet normal 0 0 -1
    outer loop
      vertex 94.4 230.4 0
      vertex 94.45 225.297 0
      vertex 94.4 225.318 0
    endloop
  endfacet
  facet normal -0 0 -1
    outer loop
      vertex 179.993 235.651 0
      vertex 94.4 230.4 0
      vertex 184.4 236.4 0
    endloop
  endfacet
  facet normal 0 0 -1
    outer loop
      vertex 90 230.4 0
      vertex 184.4 236.4 0
      vertex 94.4 230.4 0
    endloop
  endfacet
  facet normal 0 0 -1
    outer loop
      vertex 89.018 224.582 0
      vertex 90 230.4 0
      vertex 89.95 225.297 0
    endloop
  endfacet
  facet normal 0 0 -1
    outer loop
      vertex 88.3029 223.65 0
      vertex 90 230.4 0
      vertex 89.018 224.582 0
    endloop
  endfacet
  facet normal 0 0 -1
    outer loop
      vertex 66 217.4 0
      vertex 88.3029 223.65 0
      vertex 87.8533 222.565 0
    endloop
  endfacet
  facet normal 0 0 -1
    outer loop
      vertex 66 31 0
      vertex 87.2842 15.0443 0
      vertex 86.7402 14.8793 0
    endloop
  endfacet
  facet normal 0 0 -1
    outer loop
      vertex 66 28 0
      vertex 86.7402 14.8793 0
      vertex 86.2388 14.6113 0
    endloop
  endfacet
  facet normal 0 0 -1
    outer loop
      vertex 66 25 0
      vertex 86.2388 14.6113 0
      vertex 85.7994 14.2506 0
    endloop
  endfacet
  facet normal 0 0 -1
    outer loop
      vertex 66 22 0
      vertex 85.7994 14.2506 0
      vertex 85.4387 13.8112 0
    endloop
  endfacet
  facet normal 0 0 -1
    outer loop
      vertex 66 22 0
      vertex 85.4387 13.8112 0
      vertex 85.1707 13.3098 0
    endloop
  endfacet
  facet normal 0 0 -1
    outer loop
      vertex 66 22 0
      vertex 85.1707 13.3098 0
      vertex 85.0057 12.7658 0
    endloop
  endfacet
  facet normal 0 0 -1
    outer loop
      vertex 66 22 0
      vertex 85.0057 12.7658 0
      vertex 84.95 12.2 0
    endloop
  endfacet
  facet normal 0 0 -1
    outer loop
      vertex 85.7994 14.2506 0
      vertex 66 22 0
      vertex 66 25 0
    endloop
  endfacet
  facet normal 0 0 -1
    outer loop
      vertex 86.2388 14.6113 0
      vertex 66 25 0
      vertex 66 28 0
    endloop
  endfacet
  facet normal 0 0 -1
    outer loop
      vertex 86.7402 14.8793 0
      vertex 66 28 0
      vertex 66 31 0
    endloop
  endfacet
  facet normal 0 0 -1
    outer loop
      vertex 87.2842 15.0443 0
      vertex 66 31 0
      vertex 66 34 0
    endloop
  endfacet
  facet normal 0 0 -1
    outer loop
      vertex 87.85 15.1 0
      vertex 66 34 0
      vertex 66 37 0
    endloop
  endfacet
  facet normal 0 0 -1
    outer loop
      vertex 87.85 15.1 0
      vertex 66 37 0
      vertex 66 40 0
    endloop
  endfacet
  facet normal 0 0 -1
    outer loop
      vertex 96.55 15.1 0
      vertex 66 40 0
      vertex 66 43 0
    endloop
  endfacet
  facet normal 0 0 -1
    outer loop
      vertex 118.4 46 0
      vertex 66 46 0
      vertex 118.4 49 0
    endloop
  endfacet
  facet normal -0 0 -1
    outer loop
      vertex 118.4 49 0
      vertex 66 46 0
      vertex 66 49 0
    endloop
  endfacet
  facet normal -0 0 -1
    outer loop
      vertex 91.0353 217.053 0
      vertex 66 199.4 0
      vertex 89.95 217.503 0
    endloop
  endfacet
  facet normal 0 0 -1
    outer loop
      vertex 66 202.4 0
      vertex 89.95 217.503 0
      vertex 66 199.4 0
    endloop
  endfacet
  facet normal 0 0 -1
    outer loop
      vertex 66 205.4 0
      vertex 89.95 217.503 0
      vertex 66 202.4 0
    endloop
  endfacet
  facet normal -0 0 -1
    outer loop
      vertex 89.95 217.503 0
      vertex 66 205.4 0
      vertex 89.018 218.218 0
    endloop
  endfacet
  facet normal 0 0 -1
    outer loop
      vertex 66 208.4 0
      vertex 89.018 218.218 0
      vertex 66 205.4 0
    endloop
  endfacet
  facet normal 0 0 -1
    outer loop
      vertex 66 211.4 0
      vertex 89.018 218.218 0
      vertex 66 208.4 0
    endloop
  endfacet
  facet normal -0 0 -1
    outer loop
      vertex 89.018 218.218 0
      vertex 66 211.4 0
      vertex 88.3029 219.15 0
    endloop
  endfacet
  facet normal 0 0 -1
    outer loop
      vertex 66 214.4 0
      vertex 88.3029 219.15 0
      vertex 66 211.4 0
    endloop
  endfacet
  facet normal -0 0 -1
    outer loop
      vertex 88.3029 219.15 0
      vertex 66 214.4 0
      vertex 87.8533 220.235 0
    endloop
  endfacet
  facet normal 0 0 -1
    outer loop
      vertex 66 217.4 0
      vertex 87.8533 220.235 0
      vertex 66 214.4 0
    endloop
  endfacet
  facet normal -0 0 -1
    outer loop
      vertex 87.8533 220.235 0
      vertex 66 217.4 0
      vertex 87.7 221.4 0
    endloop
  endfacet
  facet normal -0 0 -1
    outer loop
      vertex 87.7 221.4 0
      vertex 66 217.4 0
      vertex 87.8533 222.565 0
    endloop
  endfacet
  facet normal -0 0 -1
    outer loop
      vertex 88.3029 223.65 0
      vertex 66 217.4 0
      vertex 90 230.4 0
    endloop
  endfacet
  facet normal 0 0 -1
    outer loop
      vertex 6.67429 233.791 0
      vertex 66 217.4 0
      vertex 18 217.4 0
    endloop
  endfacet
  facet normal 0 0 -1
    outer loop
      vertex 18 214.4 0
      vertex 6.91111 232.6 0
      vertex 18 217.4 0
    endloop
  endfacet
  facet normal 0 0 -1
    outer loop
      vertex 6.85475 233.172 0
      vertex 18 217.4 0
      vertex 6.91111 232.6 0
    endloop
  endfacet
  facet normal 0 0 -1
    outer loop
      vertex 6.85133 233.207 0
      vertex 18 217.4 0
      vertex 6.85475 233.172 0
    endloop
  endfacet
  facet normal 0 0 -1
    outer loop
      vertex 6.84122 233.24 0
      vertex 18 217.4 0
      vertex 6.85133 233.207 0
    endloop
  endfacet
  facet normal 0 0 -1
    outer loop
      vertex 6.67429 233.791 0
      vertex 18 217.4 0
      vertex 6.84122 233.24 0
    endloop
  endfacet
  facet normal 0 0 -1
    outer loop
      vertex 6.65786 233.821 0
      vertex 66 217.4 0
      vertex 6.67429 233.791 0
    endloop
  endfacet
  facet normal 0 0 -1
    outer loop
      vertex 6.38679 234.328 0
      vertex 66 217.4 0
      vertex 6.65786 233.821 0
    endloop
  endfacet
  facet normal 0 0 -1
    outer loop
      vertex 6.022 234.773 0
      vertex 66 217.4 0
      vertex 6.38679 234.328 0
    endloop
  endfacet
  facet normal 0 0 -1
    outer loop
      vertex 5.99989 234.8 0
      vertex 66 217.4 0
      vertex 6.022 234.773 0
    endloop
  endfacet
  facet normal 0 0 -1
    outer loop
      vertex 66 217.4 0
      vertex 5.99989 234.8 0
      vertex 90 230.4 0
    endloop
  endfacet
  facet normal 0 0 -1
    outer loop
      vertex 5.97295 234.822 0
      vertex 90 230.4 0
      vertex 5.99989 234.8 0
    endloop
  endfacet
  facet normal 0 0 -1
    outer loop
      vertex 5.52844 235.187 0
      vertex 90 230.4 0
      vertex 5.97295 234.822 0
    endloop
  endfacet
  facet normal 0 0 -1
    outer loop
      vertex 5.02131 235.458 0
      vertex 90 230.4 0
      vertex 5.52844 235.187 0
    endloop
  endfacet
  facet normal 0 0 -1
    outer loop
      vertex 4.99057 235.474 0
      vertex 90 230.4 0
      vertex 5.02131 235.458 0
    endloop
  endfacet
  facet normal 0 0 -1
    outer loop
      vertex 4.4403 235.641 0
      vertex 90 230.4 0
      vertex 4.99057 235.474 0
    endloop
  endfacet
  facet normal 0 0 -1
    outer loop
      vertex 4.40695 235.651 0
      vertex 90 230.4 0
      vertex 4.4403 235.641 0
    endloop
  endfacet
  facet normal 0 0 -1
    outer loop
      vertex 0 236.4 0
      vertex 90 230.4 0
      vertex 4.40695 235.651 0
    endloop
  endfacet
  facet normal 0 0 -1
    outer loop
      vertex 0 236.4 0
      vertex 4.40695 235.651 0
      vertex 4.37226 235.655 0
    endloop
  endfacet
  facet normal 0 0 -1
    outer loop
      vertex 0 236.4 0
      vertex 4.37226 235.655 0
      vertex 3.8 235.711 0
    endloop
  endfacet
  facet normal 0 0 -1
    outer loop
      vertex 0 236.4 0
      vertex 0.942136 233.821 0
      vertex 0.925708 233.791 0
    endloop
  endfacet
  facet normal 0 0 -1
    outer loop
      vertex 0 236.4 0
      vertex 0.758784 233.24 0
      vertex 0.748667 233.207 0
    endloop
  endfacet
  facet normal 0 0 -1
    outer loop
      vertex 0 236.4 0
      vertex 0.745251 233.172 0
      vertex 0.688889 232.6 0
    endloop
  endfacet
  facet normal 0 0 -1
    outer loop
      vertex 90 230.4 0
      vertex 0 236.4 0
      vertex 184.4 236.4 0
    endloop
  endfacet
  facet normal 0 0 -1
    outer loop
      vertex 3.22773 235.655 0
      vertex 0 236.4 0
      vertex 3.8 235.711 0
    endloop
  endfacet
  facet normal 0 0 -1
    outer loop
      vertex 3.19305 235.651 0
      vertex 0 236.4 0
      vertex 3.22773 235.655 0
    endloop
  endfacet
  facet normal 0 0 -1
    outer loop
      vertex 3.1597 235.641 0
      vertex 0 236.4 0
      vertex 3.19305 235.651 0
    endloop
  endfacet
  facet normal 0 0 -1
    outer loop
      vertex 2.60943 235.474 0
      vertex 0 236.4 0
      vertex 3.1597 235.641 0
    endloop
  endfacet
  facet normal 0 0 -1
    outer loop
      vertex 2.57869 235.458 0
      vertex 0 236.4 0
      vertex 2.60943 235.474 0
    endloop
  endfacet
  facet normal 0 0 -1
    outer loop
      vertex 2.07156 235.187 0
      vertex 0 236.4 0
      vertex 2.57869 235.458 0
    endloop
  endfacet
  facet normal 0 0 -1
    outer loop
      vertex 1.62705 234.822 0
      vertex 0 236.4 0
      vertex 2.07156 235.187 0
    endloop
  endfacet
  facet normal 0 0 -1
    outer loop
      vertex 1.60011 234.8 0
      vertex 0 236.4 0
      vertex 1.62705 234.822 0
    endloop
  endfacet
  facet normal 0 0 -1
    outer loop
      vertex 1.578 234.773 0
      vertex 0 236.4 0
      vertex 1.60011 234.8 0
    endloop
  endfacet
  facet normal 0 0 -1
    outer loop
      vertex 1.21321 234.328 0
      vertex 0 236.4 0
      vertex 1.578 234.773 0
    endloop
  endfacet
  facet normal 0 0 -1
    outer loop
      vertex 0.942136 233.821 0
      vertex 0 236.4 0
      vertex 1.21321 234.328 0
    endloop
  endfacet
  facet normal 0 0 -1
    outer loop
      vertex 0.758784 233.24 0
      vertex 0 236.4 0
      vertex 0.925708 233.791 0
    endloop
  endfacet
  facet normal 0 0 -1
    outer loop
      vertex 0.745251 233.172 0
      vertex 0 236.4 0
      vertex 0.748667 233.207 0
    endloop
  endfacet
  facet normal 0 0 -1
    outer loop
      vertex 0.745251 232.028 0
      vertex 0 236.4 0
      vertex 0.688889 232.6 0
    endloop
  endfacet
  facet normal -1 0 0
    outer loop
      vertex 0 0 0
      vertex 0 236.4 2
      vertex 0 236.4 0
    endloop
  endfacet
  facet normal -1 -0 0
    outer loop
      vertex 0 236.4 2
      vertex 0 0 0
      vertex 0 0 2
    endloop
  endfacet
  facet normal 0 1 -0
    outer loop
      vertex 184.4 236.4 0
      vertex 0 236.4 2
      vertex 184.4 236.4 2
    endloop
  endfacet
  facet normal 0 1 0
    outer loop
      vertex 0 236.4 2
      vertex 184.4 236.4 0
      vertex 0 236.4 0
    endloop
  endfacet
  facet normal 0 -1 0
    outer loop
      vertex 0 0 0
      vertex 184.4 0 2
      vertex 0 0 2
    endloop
  endfacet
  facet normal 0 -1 -0
    outer loop
      vertex 184.4 0 2
      vertex 0 0 0
      vertex 184.4 0 0
    endloop
  endfacet
  facet normal 0.0980059 0.995186 -0
    outer loop
      vertex 87.85 9.3 0
      vertex 87.2842 9.35572 2
      vertex 87.85 9.3 2
    endloop
  endfacet
  facet normal 0.0980059 0.995186 0
    outer loop
      vertex 87.2842 9.35572 2
      vertex 87.85 9.3 0
      vertex 87.2842 9.35572 0
    endloop
  endfacet
  facet normal -0.0980059 0.995186 0
    outer loop
      vertex 97.1158 9.35572 0
      vertex 96.55 9.3 2
      vertex 97.1158 9.35572 2
    endloop
  endfacet
  facet normal -0.0980059 0.995186 0
    outer loop
      vertex 96.55 9.3 2
      vertex 97.1158 9.35572 0
      vertex 96.55 9.3 0
    endloop
  endfacet
  facet normal -0.77293 0.634492 0
    outer loop
      vertex 98.6006 10.1494 0
      vertex 98.9613 10.5888 2
      vertex 98.9613 10.5888 0
    endloop
  endfacet
  facet normal -0.77293 0.634492 0
    outer loop
      vertex 98.9613 10.5888 2
      vertex 98.6006 10.1494 0
      vertex 98.6006 10.1494 2
    endloop
  endfacet
  facet normal -0.471391 -0.881924 0
    outer loop
      vertex 97.6598 14.8793 0
      vertex 98.1612 14.6113 2
      vertex 97.6598 14.8793 2
    endloop
  endfacet
  facet normal -0.471391 -0.881924 -0
    outer loop
      vertex 98.1612 14.6113 2
      vertex 97.6598 14.8793 0
      vertex 98.1612 14.6113 0
    endloop
  endfacet
  facet normal -0.290251 -0.95695 0
    outer loop
      vertex 97.1158 15.0443 0
      vertex 97.6598 14.8793 2
      vertex 97.1158 15.0443 2
    endloop
  endfacet
  facet normal -0.290251 -0.95695 -0
    outer loop
      vertex 97.6598 14.8793 2
      vertex 97.1158 15.0443 0
      vertex 97.6598 14.8793 0
    endloop
  endfacet
  facet normal 0.63445 0.772964 -0
    outer loop
      vertex 86.2388 9.78874 0
      vertex 85.7994 10.1494 2
      vertex 86.2388 9.78874 2
    endloop
  endfacet
  facet normal 0.63445 0.772964 0
    outer loop
      vertex 85.7994 10.1494 2
      vertex 86.2388 9.78874 0
      vertex 85.7994 10.1494 0
    endloop
  endfacet
  facet normal 0.95695 0.290251 0
    outer loop
      vertex 85.1707 11.0902 2
      vertex 85.0057 11.6342 0
      vertex 85.0057 11.6342 2
    endloop
  endfacet
  facet normal 0.95695 0.290251 0
    outer loop
      vertex 85.0057 11.6342 0
      vertex 85.1707 11.0902 2
      vertex 85.1707 11.0902 0
    endloop
  endfacet
  facet normal 0 -1 0
    outer loop
      vertex 87.85 15.1 0
      vertex 96.55 15.1 2
      vertex 87.85 15.1 2
    endloop
  endfacet
  facet normal 0 -1 -0
    outer loop
      vertex 96.55 15.1 2
      vertex 87.85 15.1 0
      vertex 96.55 15.1 0
    endloop
  endfacet
  facet normal 0.290251 -0.95695 0
    outer loop
      vertex 86.7402 14.8793 0
      vertex 87.2842 15.0443 2
      vertex 86.7402 14.8793 2
    endloop
  endfacet
  facet normal 0.290251 -0.95695 0
    outer loop
      vertex 87.2842 15.0443 2
      vertex 86.7402 14.8793 0
      vertex 87.2842 15.0443 0
    endloop
  endfacet
  facet normal 0.0979711 -0.995189 0
    outer loop
      vertex 87.2842 15.0443 0
      vertex 87.85 15.1 2
      vertex 87.2842 15.0443 2
    endloop
  endfacet
  facet normal 0.0979711 -0.995189 0
    outer loop
      vertex 87.85 15.1 2
      vertex 87.2842 15.0443 0
      vertex 87.85 15.1 0
    endloop
  endfacet
  facet normal -0.2903 0.956936 0
    outer loop
      vertex 97.6598 9.52075 0
      vertex 97.1158 9.35572 2
      vertex 97.6598 9.52075 2
    endloop
  endfacet
  facet normal -0.2903 0.956936 0
    outer loop
      vertex 97.1158 9.35572 2
      vertex 97.6598 9.52075 0
      vertex 97.1158 9.35572 0
    endloop
  endfacet
  facet normal 0.471378 0.881931 -0
    outer loop
      vertex 86.7402 9.52075 0
      vertex 86.2388 9.78874 2
      vertex 86.7402 9.52075 2
    endloop
  endfacet
  facet normal 0.471378 0.881931 0
    outer loop
      vertex 86.2388 9.78874 2
      vertex 86.7402 9.52075 0
      vertex 86.2388 9.78874 0
    endloop
  endfacet
  facet normal 0.634492 -0.77293 0
    outer loop
      vertex 85.7994 14.2506 0
      vertex 86.2388 14.6113 2
      vertex 85.7994 14.2506 2
    endloop
  endfacet
  facet normal 0.634492 -0.77293 0
    outer loop
      vertex 86.2388 14.6113 2
      vertex 85.7994 14.2506 0
      vertex 86.2388 14.6113 0
    endloop
  endfacet
  facet normal 0 1 -0
    outer loop
      vertex 96.55 9.3 0
      vertex 87.85 9.3 2
      vertex 96.55 9.3 2
    endloop
  endfacet
  facet normal 0 1 0
    outer loop
      vertex 87.85 9.3 2
      vertex 96.55 9.3 0
      vertex 87.85 9.3 0
    endloop
  endfacet
  facet normal 0.77293 -0.634492 0
    outer loop
      vertex 85.4387 13.8112 2
      vertex 85.7994 14.2506 0
      vertex 85.7994 14.2506 2
    endloop
  endfacet
  facet normal 0.77293 -0.634492 0
    outer loop
      vertex 85.7994 14.2506 0
      vertex 85.4387 13.8112 2
      vertex 85.4387 13.8112 0
    endloop
  endfacet
  facet normal -0.956902 0.290413 0
    outer loop
      vertex 99.2292 11.0902 0
      vertex 99.3943 11.6342 2
      vertex 99.3943 11.6342 0
    endloop
  endfacet
  facet normal -0.956902 0.290413 0
    outer loop
      vertex 99.3943 11.6342 2
      vertex 99.2292 11.0902 0
      vertex 99.2292 11.0902 2
    endloop
  endfacet
  facet normal 0.881924 -0.471391 0
    outer loop
      vertex 85.1707 13.3098 2
      vertex 85.4387 13.8112 0
      vertex 85.4387 13.8112 2
    endloop
  endfacet
  facet normal 0.881924 -0.471391 0
    outer loop
      vertex 85.4387 13.8112 0
      vertex 85.1707 13.3098 2
      vertex 85.1707 13.3098 0
    endloop
  endfacet
  facet normal 0.995189 0.0979711 0
    outer loop
      vertex 85.0057 11.6342 2
      vertex 84.95 12.2 0
      vertex 84.95 12.2 2
    endloop
  endfacet
  facet normal 0.995189 0.0979711 0
    outer loop
      vertex 84.95 12.2 0
      vertex 85.0057 11.6342 2
      vertex 85.0057 11.6342 0
    endloop
  endfacet
  facet normal -0.77293 -0.634492 0
    outer loop
      vertex 98.9613 13.8112 0
      vertex 98.6006 14.2506 2
      vertex 98.6006 14.2506 0
    endloop
  endfacet
  facet normal -0.77293 -0.634492 0
    outer loop
      vertex 98.6006 14.2506 2
      vertex 98.9613 13.8112 0
      vertex 98.9613 13.8112 2
    endloop
  endfacet
  facet normal -0.63445 0.772964 0
    outer loop
      vertex 98.6006 10.1494 0
      vertex 98.1612 9.78874 2
      vertex 98.6006 10.1494 2
    endloop
  endfacet
  facet normal -0.63445 0.772964 0
    outer loop
      vertex 98.1612 9.78874 2
      vertex 98.6006 10.1494 0
      vertex 98.1612 9.78874 0
    endloop
  endfacet
  facet normal -0.995189 0.0979711 0
    outer loop
      vertex 99.3943 11.6342 0
      vertex 99.45 12.2 2
      vertex 99.45 12.2 0
    endloop
  endfacet
  facet normal -0.995189 0.0979711 0
    outer loop
      vertex 99.45 12.2 2
      vertex 99.3943 11.6342 0
      vertex 99.3943 11.6342 2
    endloop
  endfacet
  facet normal -0.956902 -0.290413 0
    outer loop
      vertex 99.3943 12.7658 0
      vertex 99.2292 13.3098 2
      vertex 99.2292 13.3098 0
    endloop
  endfacet
  facet normal -0.956902 -0.290413 0
    outer loop
      vertex 99.2292 13.3098 2
      vertex 99.3943 12.7658 0
      vertex 99.3943 12.7658 2
    endloop
  endfacet
  facet normal 0.995189 -0.0979711 0
    outer loop
      vertex 84.95 12.2 2
      vertex 85.0057 12.7658 0
      vertex 85.0057 12.7658 2
    endloop
  endfacet
  facet normal 0.995189 -0.0979711 0
    outer loop
      vertex 85.0057 12.7658 0
      vertex 84.95 12.2 2
      vertex 84.95 12.2 0
    endloop
  endfacet
  facet normal 0.471391 -0.881924 0
    outer loop
      vertex 86.2388 14.6113 0
      vertex 86.7402 14.8793 2
      vertex 86.2388 14.6113 2
    endloop
  endfacet
  facet normal 0.471391 -0.881924 0
    outer loop
      vertex 86.7402 14.8793 2
      vertex 86.2388 14.6113 0
      vertex 86.7402 14.8793 0
    endloop
  endfacet
  facet normal 0.95695 -0.290251 0
    outer loop
      vertex 85.0057 12.7658 2
      vertex 85.1707 13.3098 0
      vertex 85.1707 13.3098 2
    endloop
  endfacet
  facet normal 0.95695 -0.290251 0
    outer loop
      vertex 85.1707 13.3098 0
      vertex 85.0057 12.7658 2
      vertex 85.0057 12.7658 0
    endloop
  endfacet
  facet normal 0.77293 0.634492 0
    outer loop
      vertex 85.7994 10.1494 2
      vertex 85.4387 10.5888 0
      vertex 85.4387 10.5888 2
    endloop
  endfacet
  facet normal 0.77293 0.634492 0
    outer loop
      vertex 85.4387 10.5888 0
      vertex 85.7994 10.1494 2
      vertex 85.7994 10.1494 0
    endloop
  endfacet
  facet normal -0.634492 -0.77293 0
    outer loop
      vertex 98.1612 14.6113 0
      vertex 98.6006 14.2506 2
      vertex 98.1612 14.6113 2
    endloop
  endfacet
  facet normal -0.634492 -0.77293 -0
    outer loop
      vertex 98.6006 14.2506 2
      vertex 98.1612 14.6113 0
      vertex 98.6006 14.2506 0
    endloop
  endfacet
  facet normal 0.2903 0.956936 -0
    outer loop
      vertex 87.2842 9.35572 0
      vertex 86.7402 9.52075 2
      vertex 87.2842 9.35572 2
    endloop
  endfacet
  facet normal 0.2903 0.956936 0
    outer loop
      vertex 86.7402 9.52075 2
      vertex 87.2842 9.35572 0
      vertex 86.7402 9.52075 0
    endloop
  endfacet
  facet normal -0.995189 -0.0979711 0
    outer loop
      vertex 99.45 12.2 0
      vertex 99.3943 12.7658 2
      vertex 99.3943 12.7658 0
    endloop
  endfacet
  facet normal -0.995189 -0.0979711 0
    outer loop
      vertex 99.3943 12.7658 2
      vertex 99.45 12.2 0
      vertex 99.45 12.2 2
    endloop
  endfacet
  facet normal -0.471378 0.881931 0
    outer loop
      vertex 98.1612 9.78874 0
      vertex 97.6598 9.52075 2
      vertex 98.1612 9.78874 2
    endloop
  endfacet
  facet normal -0.471378 0.881931 0
    outer loop
      vertex 97.6598 9.52075 2
      vertex 98.1612 9.78874 0
      vertex 97.6598 9.52075 0
    endloop
  endfacet
  facet normal -0.0979711 -0.995189 0
    outer loop
      vertex 96.55 15.1 0
      vertex 97.1158 15.0443 2
      vertex 96.55 15.1 2
    endloop
  endfacet
  facet normal -0.0979711 -0.995189 -0
    outer loop
      vertex 97.1158 15.0443 2
      vertex 96.55 15.1 0
      vertex 97.1158 15.0443 0
    endloop
  endfacet
  facet normal -0.881997 0.471255 0
    outer loop
      vertex 98.9613 10.5888 0
      vertex 99.2292 11.0902 2
      vertex 99.2292 11.0902 0
    endloop
  endfacet
  facet normal -0.881997 0.471255 0
    outer loop
      vertex 99.2292 11.0902 2
      vertex 98.9613 10.5888 0
      vertex 98.9613 10.5888 2
    endloop
  endfacet
  facet normal 0.881924 0.471391 0
    outer loop
      vertex 85.4387 10.5888 2
      vertex 85.1707 11.0902 0
      vertex 85.1707 11.0902 2
    endloop
  endfacet
  facet normal 0.881924 0.471391 0
    outer loop
      vertex 85.1707 11.0902 0
      vertex 85.4387 10.5888 2
      vertex 85.4387 10.5888 0
    endloop
  endfacet
  facet normal -0.881997 -0.471255 0
    outer loop
      vertex 99.2292 13.3098 0
      vertex 98.9613 13.8112 2
      vertex 98.9613 13.8112 0
    endloop
  endfacet
  facet normal -0.881997 -0.471255 0
    outer loop
      vertex 98.9613 13.8112 2
      vertex 99.2292 13.3098 0
      vertex 99.2292 13.3098 2
    endloop
  endfacet
endsolid OpenSCAD_Model
