solid OpenSCAD_Model
  facet normal 1 -0 0
    outer loop
      vertex 168.824 217.094 2
      vertex 168.824 218.606 0
      vertex 168.824 218.606 2
    endloop
  endfacet
  facet normal 1 0 0
    outer loop
      vertex 168.824 218.606 0
      vertex 168.824 217.094 2
      vertex 168.824 217.094 0
    endloop
  endfacet
  facet normal 1 -0 0
    outer loop
      vertex 168.824 203.581 2
      vertex 168.824 212.094 0
      vertex 168.824 212.094 2
    endloop
  endfacet
  facet normal 1 0 0
    outer loop
      vertex 168.824 212.094 0
      vertex 168.824 203.581 2
      vertex 168.824 203.581 0
    endloop
  endfacet
  facet normal 1 -0 0
    outer loop
      vertex 168.824 190.068 2
      vertex 168.824 198.581 0
      vertex 168.824 198.581 2
    endloop
  endfacet
  facet normal 1 0 0
    outer loop
      vertex 168.824 198.581 0
      vertex 168.824 190.068 2
      vertex 168.824 190.068 0
    endloop
  endfacet
  facet normal 1 -0 0
    outer loop
      vertex 168.824 176.554 2
      vertex 168.824 185.068 0
      vertex 168.824 185.068 2
    endloop
  endfacet
  facet normal 1 0 0
    outer loop
      vertex 168.824 185.068 0
      vertex 168.824 176.554 2
      vertex 168.824 176.554 0
    endloop
  endfacet
  facet normal 1 -0 0
    outer loop
      vertex 168.824 163.04 2
      vertex 168.824 171.554 0
      vertex 168.824 171.554 2
    endloop
  endfacet
  facet normal 1 0 0
    outer loop
      vertex 168.824 171.554 0
      vertex 168.824 163.04 2
      vertex 168.824 163.04 0
    endloop
  endfacet
  facet normal 1 -0 0
    outer loop
      vertex 168.824 149.527 2
      vertex 168.824 158.04 0
      vertex 168.824 158.04 2
    endloop
  endfacet
  facet normal 1 0 0
    outer loop
      vertex 168.824 158.04 0
      vertex 168.824 149.527 2
      vertex 168.824 149.527 0
    endloop
  endfacet
  facet normal 1 -0 0
    outer loop
      vertex 168.824 136.014 2
      vertex 168.824 144.527 0
      vertex 168.824 144.527 2
    endloop
  endfacet
  facet normal 1 0 0
    outer loop
      vertex 168.824 144.527 0
      vertex 168.824 136.014 2
      vertex 168.824 136.014 0
    endloop
  endfacet
  facet normal 1 -0 0
    outer loop
      vertex 168.824 122.5 2
      vertex 168.824 131.014 0
      vertex 168.824 131.014 2
    endloop
  endfacet
  facet normal 1 0 0
    outer loop
      vertex 168.824 131.014 0
      vertex 168.824 122.5 2
      vertex 168.824 122.5 0
    endloop
  endfacet
  facet normal 1 -0 0
    outer loop
      vertex 168.824 108.986 2
      vertex 168.824 117.5 0
      vertex 168.824 117.5 2
    endloop
  endfacet
  facet normal 1 0 0
    outer loop
      vertex 168.824 117.5 0
      vertex 168.824 108.986 2
      vertex 168.824 108.986 0
    endloop
  endfacet
  facet normal 1 -0 0
    outer loop
      vertex 168.824 95.473 2
      vertex 168.824 103.986 0
      vertex 168.824 103.986 2
    endloop
  endfacet
  facet normal 1 0 0
    outer loop
      vertex 168.824 103.986 0
      vertex 168.824 95.473 2
      vertex 168.824 95.473 0
    endloop
  endfacet
  facet normal 1 -0 0
    outer loop
      vertex 168.824 81.9595 2
      vertex 168.824 90.473 0
      vertex 168.824 90.473 2
    endloop
  endfacet
  facet normal 1 0 0
    outer loop
      vertex 168.824 90.473 0
      vertex 168.824 81.9595 2
      vertex 168.824 81.9595 0
    endloop
  endfacet
  facet normal 1 -0 0
    outer loop
      vertex 168.824 68.446 2
      vertex 168.824 76.9595 0
      vertex 168.824 76.9595 2
    endloop
  endfacet
  facet normal 1 0 0
    outer loop
      vertex 168.824 76.9595 0
      vertex 168.824 68.446 2
      vertex 168.824 68.446 0
    endloop
  endfacet
  facet normal 1 -0 0
    outer loop
      vertex 168.824 54.9325 2
      vertex 168.824 63.446 0
      vertex 168.824 63.446 2
    endloop
  endfacet
  facet normal 1 0 0
    outer loop
      vertex 168.824 63.446 0
      vertex 168.824 54.9325 2
      vertex 168.824 54.9325 0
    endloop
  endfacet
  facet normal 1 -0 0
    outer loop
      vertex 168.824 41.419 2
      vertex 168.824 49.9325 0
      vertex 168.824 49.9325 2
    endloop
  endfacet
  facet normal 1 0 0
    outer loop
      vertex 168.824 49.9325 0
      vertex 168.824 41.419 2
      vertex 168.824 41.419 0
    endloop
  endfacet
  facet normal 1 -0 0
    outer loop
      vertex 168.824 34.9071 2
      vertex 168.824 36.419 0
      vertex 168.824 36.419 2
    endloop
  endfacet
  facet normal 1 0 0
    outer loop
      vertex 168.824 36.419 0
      vertex 168.824 34.9071 2
      vertex 168.824 34.9071 0
    endloop
  endfacet
  facet normal 0 0 1
    outer loop
      vertex 93.6 19.5055 2
      vertex 67.073 19.5055 2
      vertex 93.6 18.7055 2
    endloop
  endfacet
  facet normal 0 0 1
    outer loop
      vertex 67.073 31.3055 2
      vertex 93.6 32.219 2
      vertex 93.6 33.019 2
    endloop
  endfacet
  facet normal 0 0 1
    outer loop
      vertex 93.6 32.219 2
      vertex 67.073 31.3055 2
      vertex 93.6 32.1055 2
    endloop
  endfacet
  facet normal 0 0 1
    outer loop
      vertex 93.6 32.1055 2
      vertex 67.073 31.3055 2
      vertex 93.6 31.3055 2
    endloop
  endfacet
  facet normal 0 0 1
    outer loop
      vertex 66.573 31.6623 2
      vertex 67.073 30.5055 2
      vertex 67.073 31.3055 2
    endloop
  endfacet
  facet normal 0 0 1
    outer loop
      vertex 67.073 30.5055 2
      vertex 66.573 31.6623 2
      vertex 67.073 20.3055 2
    endloop
  endfacet
  facet normal 0 0 1
    outer loop
      vertex 66.573 18.1488 2
      vertex 67.073 20.3055 2
      vertex 66.573 31.6623 2
    endloop
  endfacet
  facet normal 0 0 1
    outer loop
      vertex 93.6 33.019 2
      vertex 66.573 31.6623 2
      vertex 67.073 31.3055 2
    endloop
  endfacet
  facet normal -0 0 1
    outer loop
      vertex 21.7683 33.019 2
      vertex 66.573 31.6623 2
      vertex 93.6 33.019 2
    endloop
  endfacet
  facet normal 0 0 1
    outer loop
      vertex 66.573 31.6623 2
      vertex 22.2951 32.0757 2
      vertex 22.4206 31.6623 2
    endloop
  endfacet
  facet normal 0 0 1
    outer loop
      vertex 66.573 31.6623 2
      vertex 21.8331 32.9401 2
      vertex 22.2951 32.0757 2
    endloop
  endfacet
  facet normal 0 0 1
    outer loop
      vertex 66.573 31.6623 2
      vertex 21.7683 33.019 2
      vertex 21.8331 32.9401 2
    endloop
  endfacet
  facet normal -0 0 1
    outer loop
      vertex 93.6 32.219 2
      vertex 94.4 32.1055 2
      vertex 94.4 32.219 2
    endloop
  endfacet
  facet normal 0 0 1
    outer loop
      vertex 94.4 32.1055 2
      vertex 93.6 32.219 2
      vertex 93.6 32.1055 2
    endloop
  endfacet
  facet normal 0 0 1
    outer loop
      vertex 111.116 24.4055 2
      vertex 107.116 24.4055 2
      vertex 111.116 23.2055 2
    endloop
  endfacet
  facet normal 0 0 1
    outer loop
      vertex 120.927 30.5055 2
      vertex 114.116 25.4055 2
      vertex 120.927 20.3055 2
    endloop
  endfacet
  facet normal 0 0 1
    outer loop
      vertex 120.927 30.5055 2
      vertex 111.116 27.6055 2
      vertex 114.116 25.4055 2
    endloop
  endfacet
  facet normal 0 0 1
    outer loop
      vertex 111.116 27.6055 2
      vertex 107.116 26.4055 2
      vertex 111.116 26.4055 2
    endloop
  endfacet
  facet normal 0 0 1
    outer loop
      vertex 107.116 26.4055 2
      vertex 81.8838 25.4055 2
      vertex 107.116 24.4055 2
    endloop
  endfacet
  facet normal -0 0 1
    outer loop
      vertex 78.8838 27.6055 2
      vertex 107.116 26.4055 2
      vertex 111.116 27.6055 2
    endloop
  endfacet
  facet normal 0 0 1
    outer loop
      vertex 78.8838 27.6055 2
      vertex 111.116 27.6055 2
      vertex 120.927 30.5055 2
    endloop
  endfacet
  facet normal 0 0 1
    outer loop
      vertex 107.116 26.4055 2
      vertex 78.8838 27.6055 2
      vertex 81.8838 25.4055 2
    endloop
  endfacet
  facet normal 0 0 1
    outer loop
      vertex 78.8838 27.6055 2
      vertex 74.8838 26.4055 2
      vertex 78.8838 26.4055 2
    endloop
  endfacet
  facet normal 0 0 1
    outer loop
      vertex 74.8838 26.4055 2
      vertex 67.073 30.5055 2
      vertex 74.8838 24.4055 2
    endloop
  endfacet
  facet normal 0 0 1
    outer loop
      vertex 78.8838 27.6055 2
      vertex 67.073 30.5055 2
      vertex 74.8838 26.4055 2
    endloop
  endfacet
  facet normal -0 0 1
    outer loop
      vertex 67.073 30.5055 2
      vertex 78.8838 27.6055 2
      vertex 120.927 30.5055 2
    endloop
  endfacet
  facet normal 0 0 1
    outer loop
      vertex 165.705 32.0757 2
      vertex 121.427 31.6623 2
      vertex 165.579 31.6623 2
    endloop
  endfacet
  facet normal 0 0 1
    outer loop
      vertex 166.167 32.9401 2
      vertex 121.427 31.6623 2
      vertex 165.705 32.0757 2
    endloop
  endfacet
  facet normal 0 0 1
    outer loop
      vertex 166.232 33.019 2
      vertex 121.427 31.6623 2
      vertex 166.167 32.9401 2
    endloop
  endfacet
  facet normal 0 0 1
    outer loop
      vertex 120.927 30.5055 2
      vertex 121.427 31.6623 2
      vertex 120.927 31.3055 2
    endloop
  endfacet
  facet normal -0 0 1
    outer loop
      vertex 94.4 33.019 2
      vertex 121.427 31.6623 2
      vertex 166.232 33.019 2
    endloop
  endfacet
  facet normal 0 0 1
    outer loop
      vertex 94.4 33.019 2
      vertex 120.927 31.3055 2
      vertex 121.427 31.6623 2
    endloop
  endfacet
  facet normal -0 0 1
    outer loop
      vertex 94.4 32.219 2
      vertex 120.927 31.3055 2
      vertex 94.4 33.019 2
    endloop
  endfacet
  facet normal -0 0 1
    outer loop
      vertex 94.4 32.1055 2
      vertex 120.927 31.3055 2
      vertex 94.4 32.219 2
    endloop
  endfacet
  facet normal 0 0 1
    outer loop
      vertex 120.927 31.3055 2
      vertex 94.4 32.1055 2
      vertex 94.4 31.3055 2
    endloop
  endfacet
  facet normal 0 0 1
    outer loop
      vertex 120.927 20.3055 2
      vertex 121.427 31.6623 2
      vertex 120.927 30.5055 2
    endloop
  endfacet
  facet normal 0 0 1
    outer loop
      vertex 121.427 31.6623 2
      vertex 120.927 20.3055 2
      vertex 121.427 18.1488 2
    endloop
  endfacet
  facet normal -0 0 1
    outer loop
      vertex 120.927 19.5055 2
      vertex 121.427 18.1488 2
      vertex 120.927 20.3055 2
    endloop
  endfacet
  facet normal 0 0 1
    outer loop
      vertex 94.4 18.7055 2
      vertex 120.927 19.5055 2
      vertex 94.4 19.5055 2
    endloop
  endfacet
  facet normal 0 0 1
    outer loop
      vertex 120.927 19.5055 2
      vertex 94.4 18.7055 2
      vertex 121.427 18.1488 2
    endloop
  endfacet
  facet normal -0 0 1
    outer loop
      vertex 93.6 18.7055 2
      vertex 121.427 18.1488 2
      vertex 94.4 18.7055 2
    endloop
  endfacet
  facet normal 0 0 1
    outer loop
      vertex 93.6 18.7055 2
      vertex 66.573 18.1488 2
      vertex 121.427 18.1488 2
    endloop
  endfacet
  facet normal 0 0 1
    outer loop
      vertex 67.073 19.5055 2
      vertex 66.573 18.1488 2
      vertex 93.6 18.7055 2
    endloop
  endfacet
  facet normal 0 0 1
    outer loop
      vertex 67.073 20.3055 2
      vertex 66.573 18.1488 2
      vertex 67.073 19.5055 2
    endloop
  endfacet
  facet normal -0 0 1
    outer loop
      vertex 111.116 23.2055 2
      vertex 120.927 20.3055 2
      vertex 114.116 25.4055 2
    endloop
  endfacet
  facet normal 0 0 1
    outer loop
      vertex 78.8838 23.2055 2
      vertex 107.116 24.4055 2
      vertex 81.8838 25.4055 2
    endloop
  endfacet
  facet normal 0 0 1
    outer loop
      vertex 107.116 24.4055 2
      vertex 78.8838 23.2055 2
      vertex 111.116 23.2055 2
    endloop
  endfacet
  facet normal 0 0 1
    outer loop
      vertex 111.116 23.2055 2
      vertex 78.8838 23.2055 2
      vertex 120.927 20.3055 2
    endloop
  endfacet
  facet normal 0 0 1
    outer loop
      vertex 78.8838 23.2055 2
      vertex 67.073 20.3055 2
      vertex 120.927 20.3055 2
    endloop
  endfacet
  facet normal 0 0 1
    outer loop
      vertex 74.8838 24.4055 2
      vertex 67.073 20.3055 2
      vertex 78.8838 23.2055 2
    endloop
  endfacet
  facet normal 0 0 1
    outer loop
      vertex 67.073 20.3055 2
      vertex 74.8838 24.4055 2
      vertex 67.073 30.5055 2
    endloop
  endfacet
  facet normal 0 0 1
    outer loop
      vertex 78.8838 24.4055 2
      vertex 74.8838 24.4055 2
      vertex 78.8838 23.2055 2
    endloop
  endfacet
  facet normal 0 0 1
    outer loop
      vertex 49.7028 202.081 2
      vertex 45.7028 203.281 2
      vertex 45.7028 202.081 2
    endloop
  endfacet
  facet normal 0 0 1
    outer loop
      vertex 49.7028 175.054 2
      vertex 45.7028 176.254 2
      vertex 45.7028 175.054 2
    endloop
  endfacet
  facet normal 0 0 1
    outer loop
      vertex 49.7028 148.027 2
      vertex 45.7028 149.227 2
      vertex 45.7028 148.027 2
    endloop
  endfacet
  facet normal 0 0 1
    outer loop
      vertex 49.7028 121 2
      vertex 45.7028 122.2 2
      vertex 45.7028 121 2
    endloop
  endfacet
  facet normal 0 0 1
    outer loop
      vertex 49.7028 93.973 2
      vertex 45.7028 95.173 2
      vertex 45.7028 93.973 2
    endloop
  endfacet
  facet normal 0 0 1
    outer loop
      vertex 49.7028 66.946 2
      vertex 45.7028 68.146 2
      vertex 45.7028 66.946 2
    endloop
  endfacet
  facet normal 0 0 1
    outer loop
      vertex 49.7028 39.919 2
      vertex 45.7028 41.119 2
      vertex 45.7028 39.919 2
    endloop
  endfacet
  facet normal 0 0 1
    outer loop
      vertex 47.7028 51.4325 2
      vertex 43.7028 51.4325 2
      vertex 47.7028 50.2325 2
    endloop
  endfacet
  facet normal 0 0 1
    outer loop
      vertex 47.7028 78.4595 2
      vertex 43.7028 78.4595 2
      vertex 47.7028 77.2595 2
    endloop
  endfacet
  facet normal 0 0 1
    outer loop
      vertex 47.7028 105.486 2
      vertex 43.7028 105.486 2
      vertex 47.7028 104.286 2
    endloop
  endfacet
  facet normal 0 0 1
    outer loop
      vertex 47.7028 132.514 2
      vertex 43.7028 132.514 2
      vertex 47.7028 131.314 2
    endloop
  endfacet
  facet normal 0 0 1
    outer loop
      vertex 47.7028 159.54 2
      vertex 43.7028 159.54 2
      vertex 47.7028 158.34 2
    endloop
  endfacet
  facet normal 0 0 1
    outer loop
      vertex 47.7028 186.568 2
      vertex 43.7028 186.568 2
      vertex 47.7028 185.368 2
    endloop
  endfacet
  facet normal 0 0 1
    outer loop
      vertex 47.7028 213.594 2
      vertex 43.7028 213.594 2
      vertex 47.7028 212.395 2
    endloop
  endfacet
  facet normal 0 0 1
    outer loop
      vertex 144.297 202.081 2
      vertex 140.297 203.281 2
      vertex 140.297 202.081 2
    endloop
  endfacet
  facet normal 0 0 1
    outer loop
      vertex 144.297 175.054 2
      vertex 140.297 176.254 2
      vertex 140.297 175.054 2
    endloop
  endfacet
  facet normal 0 0 1
    outer loop
      vertex 144.297 148.027 2
      vertex 140.297 149.227 2
      vertex 140.297 148.027 2
    endloop
  endfacet
  facet normal 0 0 1
    outer loop
      vertex 144.297 121 2
      vertex 140.297 122.2 2
      vertex 140.297 121 2
    endloop
  endfacet
  facet normal 0 0 1
    outer loop
      vertex 144.297 93.973 2
      vertex 140.297 95.173 2
      vertex 140.297 93.973 2
    endloop
  endfacet
  facet normal 0 0 1
    outer loop
      vertex 144.297 66.946 2
      vertex 140.297 68.146 2
      vertex 140.297 66.946 2
    endloop
  endfacet
  facet normal 0 0 1
    outer loop
      vertex 144.297 39.919 2
      vertex 140.297 41.119 2
      vertex 140.297 39.919 2
    endloop
  endfacet
  facet normal -0 0 1
    outer loop
      vertex 19.6758 46.5325 2
      vertex 93.6 45.7325 2
      vertex 93.6 46.5325 2
    endloop
  endfacet
  facet normal 0 0 1
    outer loop
      vertex 93.6 45.7325 2
      vertex 19.6758 46.5325 2
      vertex 93.6 45.619 2
    endloop
  endfacet
  facet normal 0 0 1
    outer loop
      vertex 19.6758 44.819 2
      vertex 93.6 45.619 2
      vertex 19.6758 46.5325 2
    endloop
  endfacet
  facet normal 0 0 1
    outer loop
      vertex 93.6 45.619 2
      vertex 19.6758 44.819 2
      vertex 93.6 44.819 2
    endloop
  endfacet
  facet normal -0 0 1
    outer loop
      vertex 19.6758 60.046 2
      vertex 93.6 59.246 2
      vertex 93.6 60.046 2
    endloop
  endfacet
  facet normal 0 0 1
    outer loop
      vertex 93.6 59.246 2
      vertex 19.6758 60.046 2
      vertex 93.6 59.1325 2
    endloop
  endfacet
  facet normal 0 0 1
    outer loop
      vertex 19.6758 58.3325 2
      vertex 93.6 59.1325 2
      vertex 19.6758 60.046 2
    endloop
  endfacet
  facet normal 0 0 1
    outer loop
      vertex 93.6 59.1325 2
      vertex 19.6758 58.3325 2
      vertex 93.6 58.3325 2
    endloop
  endfacet
  facet normal -0 0 1
    outer loop
      vertex 19.6758 73.5595 2
      vertex 93.6 72.7595 2
      vertex 93.6 73.5595 2
    endloop
  endfacet
  facet normal 0 0 1
    outer loop
      vertex 93.6 72.7595 2
      vertex 19.6758 73.5595 2
      vertex 93.6 72.646 2
    endloop
  endfacet
  facet normal 0 0 1
    outer loop
      vertex 19.6758 71.846 2
      vertex 93.6 72.646 2
      vertex 19.6758 73.5595 2
    endloop
  endfacet
  facet normal 0 0 1
    outer loop
      vertex 93.6 72.646 2
      vertex 19.6758 71.846 2
      vertex 93.6 71.846 2
    endloop
  endfacet
  facet normal -0 0 1
    outer loop
      vertex 19.6758 87.073 2
      vertex 93.6 86.273 2
      vertex 93.6 87.073 2
    endloop
  endfacet
  facet normal 0 0 1
    outer loop
      vertex 93.6 86.273 2
      vertex 19.6758 87.073 2
      vertex 93.6 86.1595 2
    endloop
  endfacet
  facet normal 0 0 1
    outer loop
      vertex 19.6758 85.3595 2
      vertex 93.6 86.1595 2
      vertex 19.6758 87.073 2
    endloop
  endfacet
  facet normal 0 0 1
    outer loop
      vertex 93.6 86.1595 2
      vertex 19.6758 85.3595 2
      vertex 93.6 85.3595 2
    endloop
  endfacet
  facet normal -0 0 1
    outer loop
      vertex 19.6758 100.587 2
      vertex 93.6 99.7865 2
      vertex 93.6 100.587 2
    endloop
  endfacet
  facet normal 0 0 1
    outer loop
      vertex 93.6 99.7865 2
      vertex 19.6758 100.587 2
      vertex 93.6 99.673 2
    endloop
  endfacet
  facet normal 0 0 1
    outer loop
      vertex 19.6758 98.873 2
      vertex 93.6 99.673 2
      vertex 19.6758 100.587 2
    endloop
  endfacet
  facet normal 0 0 1
    outer loop
      vertex 93.6 99.673 2
      vertex 19.6758 98.873 2
      vertex 93.6 98.873 2
    endloop
  endfacet
  facet normal -0 0 1
    outer loop
      vertex 19.6758 114.1 2
      vertex 93.6 113.3 2
      vertex 93.6 114.1 2
    endloop
  endfacet
  facet normal 0 0 1
    outer loop
      vertex 93.6 113.3 2
      vertex 19.6758 114.1 2
      vertex 93.6 113.187 2
    endloop
  endfacet
  facet normal 0 0 1
    outer loop
      vertex 19.6758 112.386 2
      vertex 93.6 113.187 2
      vertex 19.6758 114.1 2
    endloop
  endfacet
  facet normal 0 0 1
    outer loop
      vertex 93.6 113.187 2
      vertex 19.6758 112.386 2
      vertex 93.6 112.386 2
    endloop
  endfacet
  facet normal -0 0 1
    outer loop
      vertex 19.6758 127.614 2
      vertex 93.6 126.813 2
      vertex 93.6 127.614 2
    endloop
  endfacet
  facet normal 0 0 1
    outer loop
      vertex 93.6 126.813 2
      vertex 19.6758 127.614 2
      vertex 93.6 126.7 2
    endloop
  endfacet
  facet normal 0 0 1
    outer loop
      vertex 19.6758 125.9 2
      vertex 93.6 126.7 2
      vertex 19.6758 127.614 2
    endloop
  endfacet
  facet normal 0 0 1
    outer loop
      vertex 93.6 126.7 2
      vertex 19.6758 125.9 2
      vertex 93.6 125.9 2
    endloop
  endfacet
  facet normal -0 0 1
    outer loop
      vertex 19.6758 141.127 2
      vertex 93.6 140.327 2
      vertex 93.6 141.127 2
    endloop
  endfacet
  facet normal 0 0 1
    outer loop
      vertex 93.6 140.327 2
      vertex 19.6758 141.127 2
      vertex 93.6 140.214 2
    endloop
  endfacet
  facet normal 0 0 1
    outer loop
      vertex 19.6758 139.413 2
      vertex 93.6 140.214 2
      vertex 19.6758 141.127 2
    endloop
  endfacet
  facet normal 0 0 1
    outer loop
      vertex 93.6 140.214 2
      vertex 19.6758 139.413 2
      vertex 93.6 139.413 2
    endloop
  endfacet
  facet normal -0 0 1
    outer loop
      vertex 19.6758 154.641 2
      vertex 93.6 153.84 2
      vertex 93.6 154.641 2
    endloop
  endfacet
  facet normal 0 0 1
    outer loop
      vertex 93.6 153.84 2
      vertex 19.6758 154.641 2
      vertex 93.6 153.727 2
    endloop
  endfacet
  facet normal 0 0 1
    outer loop
      vertex 19.6758 152.927 2
      vertex 93.6 153.727 2
      vertex 19.6758 154.641 2
    endloop
  endfacet
  facet normal 0 0 1
    outer loop
      vertex 93.6 153.727 2
      vertex 19.6758 152.927 2
      vertex 93.6 152.927 2
    endloop
  endfacet
  facet normal -0 0 1
    outer loop
      vertex 19.6758 168.154 2
      vertex 93.6 167.354 2
      vertex 93.6 168.154 2
    endloop
  endfacet
  facet normal 0 0 1
    outer loop
      vertex 93.6 167.354 2
      vertex 19.6758 168.154 2
      vertex 93.6 167.24 2
    endloop
  endfacet
  facet normal 0 0 1
    outer loop
      vertex 19.6758 166.441 2
      vertex 93.6 167.24 2
      vertex 19.6758 168.154 2
    endloop
  endfacet
  facet normal 0 0 1
    outer loop
      vertex 93.6 167.24 2
      vertex 19.6758 166.441 2
      vertex 93.6 166.441 2
    endloop
  endfacet
  facet normal -0 0 1
    outer loop
      vertex 19.6758 181.667 2
      vertex 93.6 180.867 2
      vertex 93.6 181.667 2
    endloop
  endfacet
  facet normal 0 0 1
    outer loop
      vertex 93.6 180.867 2
      vertex 19.6758 181.667 2
      vertex 93.6 180.754 2
    endloop
  endfacet
  facet normal 0 0 1
    outer loop
      vertex 19.6758 179.954 2
      vertex 93.6 180.754 2
      vertex 19.6758 181.667 2
    endloop
  endfacet
  facet normal 0 0 1
    outer loop
      vertex 93.6 180.754 2
      vertex 19.6758 179.954 2
      vertex 93.6 179.954 2
    endloop
  endfacet
  facet normal -0 0 1
    outer loop
      vertex 19.6758 195.181 2
      vertex 93.6 194.381 2
      vertex 93.6 195.181 2
    endloop
  endfacet
  facet normal 0 0 1
    outer loop
      vertex 93.6 194.381 2
      vertex 19.6758 195.181 2
      vertex 93.6 194.268 2
    endloop
  endfacet
  facet normal 0 0 1
    outer loop
      vertex 19.6758 193.467 2
      vertex 93.6 194.268 2
      vertex 19.6758 195.181 2
    endloop
  endfacet
  facet normal 0 0 1
    outer loop
      vertex 93.6 194.268 2
      vertex 19.6758 193.467 2
      vertex 93.6 193.467 2
    endloop
  endfacet
  facet normal -0 0 1
    outer loop
      vertex 19.6758 208.695 2
      vertex 93.6 207.895 2
      vertex 93.6 208.695 2
    endloop
  endfacet
  facet normal 0 0 1
    outer loop
      vertex 93.6 207.895 2
      vertex 19.6758 208.695 2
      vertex 93.6 207.781 2
    endloop
  endfacet
  facet normal 0 0 1
    outer loop
      vertex 19.6758 206.981 2
      vertex 93.6 207.781 2
      vertex 19.6758 208.695 2
    endloop
  endfacet
  facet normal 0 0 1
    outer loop
      vertex 93.6 207.781 2
      vertex 19.6758 206.981 2
      vertex 93.6 206.981 2
    endloop
  endfacet
  facet normal -0 0 1
    outer loop
      vertex 93.6 45.7325 2
      vertex 94.4 45.619 2
      vertex 94.4 45.7325 2
    endloop
  endfacet
  facet normal 0 0 1
    outer loop
      vertex 94.4 45.619 2
      vertex 93.6 45.7325 2
      vertex 93.6 45.619 2
    endloop
  endfacet
  facet normal -0 0 1
    outer loop
      vertex 93.6 59.246 2
      vertex 94.4 59.1325 2
      vertex 94.4 59.246 2
    endloop
  endfacet
  facet normal 0 0 1
    outer loop
      vertex 94.4 59.1325 2
      vertex 93.6 59.246 2
      vertex 93.6 59.1325 2
    endloop
  endfacet
  facet normal -0 0 1
    outer loop
      vertex 93.6 72.7595 2
      vertex 94.4 72.646 2
      vertex 94.4 72.7595 2
    endloop
  endfacet
  facet normal 0 0 1
    outer loop
      vertex 94.4 72.646 2
      vertex 93.6 72.7595 2
      vertex 93.6 72.646 2
    endloop
  endfacet
  facet normal -0 0 1
    outer loop
      vertex 93.6 86.273 2
      vertex 94.4 86.1595 2
      vertex 94.4 86.273 2
    endloop
  endfacet
  facet normal 0 0 1
    outer loop
      vertex 94.4 86.1595 2
      vertex 93.6 86.273 2
      vertex 93.6 86.1595 2
    endloop
  endfacet
  facet normal -0 0 1
    outer loop
      vertex 93.6 99.7865 2
      vertex 94.4 99.673 2
      vertex 94.4 99.7865 2
    endloop
  endfacet
  facet normal 0 0 1
    outer loop
      vertex 94.4 99.673 2
      vertex 93.6 99.7865 2
      vertex 93.6 99.673 2
    endloop
  endfacet
  facet normal -0 0 1
    outer loop
      vertex 93.6 113.3 2
      vertex 94.4 113.187 2
      vertex 94.4 113.3 2
    endloop
  endfacet
  facet normal 0 0 1
    outer loop
      vertex 94.4 113.187 2
      vertex 93.6 113.3 2
      vertex 93.6 113.187 2
    endloop
  endfacet
  facet normal -0 0 1
    outer loop
      vertex 93.6 126.813 2
      vertex 94.4 126.7 2
      vertex 94.4 126.813 2
    endloop
  endfacet
  facet normal 0 0 1
    outer loop
      vertex 94.4 126.7 2
      vertex 93.6 126.813 2
      vertex 93.6 126.7 2
    endloop
  endfacet
  facet normal -0 0 1
    outer loop
      vertex 93.6 140.327 2
      vertex 94.4 140.214 2
      vertex 94.4 140.327 2
    endloop
  endfacet
  facet normal 0 0 1
    outer loop
      vertex 94.4 140.214 2
      vertex 93.6 140.327 2
      vertex 93.6 140.214 2
    endloop
  endfacet
  facet normal -0 0 1
    outer loop
      vertex 93.6 153.84 2
      vertex 94.4 153.727 2
      vertex 94.4 153.84 2
    endloop
  endfacet
  facet normal 0 0 1
    outer loop
      vertex 94.4 153.727 2
      vertex 93.6 153.84 2
      vertex 93.6 153.727 2
    endloop
  endfacet
  facet normal -0 0 1
    outer loop
      vertex 93.6 167.354 2
      vertex 94.4 167.24 2
      vertex 94.4 167.354 2
    endloop
  endfacet
  facet normal 0 0 1
    outer loop
      vertex 94.4 167.24 2
      vertex 93.6 167.354 2
      vertex 93.6 167.24 2
    endloop
  endfacet
  facet normal -0 0 1
    outer loop
      vertex 93.6 180.867 2
      vertex 94.4 180.754 2
      vertex 94.4 180.867 2
    endloop
  endfacet
  facet normal 0 0 1
    outer loop
      vertex 94.4 180.754 2
      vertex 93.6 180.867 2
      vertex 93.6 180.754 2
    endloop
  endfacet
  facet normal -0 0 1
    outer loop
      vertex 93.6 194.381 2
      vertex 94.4 194.268 2
      vertex 94.4 194.381 2
    endloop
  endfacet
  facet normal 0 0 1
    outer loop
      vertex 94.4 194.268 2
      vertex 93.6 194.381 2
      vertex 93.6 194.268 2
    endloop
  endfacet
  facet normal -0 0 1
    outer loop
      vertex 93.6 207.895 2
      vertex 94.4 207.781 2
      vertex 94.4 207.895 2
    endloop
  endfacet
  facet normal 0 0 1
    outer loop
      vertex 94.4 207.781 2
      vertex 93.6 207.895 2
      vertex 93.6 207.781 2
    endloop
  endfacet
  facet normal 0 0 1
    outer loop
      vertex 142.297 186.568 2
      vertex 138.297 186.568 2
      vertex 142.297 185.368 2
    endloop
  endfacet
  facet normal 0 0 1
    outer loop
      vertex 142.297 159.54 2
      vertex 138.297 159.54 2
      vertex 142.297 158.34 2
    endloop
  endfacet
  facet normal 0 0 1
    outer loop
      vertex 142.297 132.514 2
      vertex 138.297 132.514 2
      vertex 142.297 131.314 2
    endloop
  endfacet
  facet normal 0 0 1
    outer loop
      vertex 142.297 105.486 2
      vertex 138.297 105.486 2
      vertex 142.297 104.286 2
    endloop
  endfacet
  facet normal 0 0 1
    outer loop
      vertex 142.297 78.4595 2
      vertex 138.297 78.4595 2
      vertex 142.297 77.2595 2
    endloop
  endfacet
  facet normal 0 0 1
    outer loop
      vertex 142.297 51.4325 2
      vertex 138.297 51.4325 2
      vertex 142.297 50.2325 2
    endloop
  endfacet
  facet normal 0 0 1
    outer loop
      vertex 142.297 213.594 2
      vertex 138.297 213.594 2
      vertex 142.297 212.395 2
    endloop
  endfacet
  facet normal 0 0 1
    outer loop
      vertex 168.411 218.732 2
      vertex 168.824 217.094 2
      vertex 168.824 218.606 2
    endloop
  endfacet
  facet normal 0 0 1
    outer loop
      vertex 167.546 219.194 2
      vertex 168.824 217.094 2
      vertex 168.411 218.732 2
    endloop
  endfacet
  facet normal 0 0 1
    outer loop
      vertex 162.924 217.094 2
      vertex 167.546 219.194 2
      vertex 166.936 219.695 2
    endloop
  endfacet
  facet normal 0 0 1
    outer loop
      vertex 167.546 219.194 2
      vertex 162.924 217.094 2
      vertex 168.824 217.094 2
    endloop
  endfacet
  facet normal 0 0 1
    outer loop
      vertex 162.924 217.094 2
      vertex 145.297 214.594 2
      vertex 162.924 212.094 2
    endloop
  endfacet
  facet normal 0 0 1
    outer loop
      vertex 142.297 216.794 2
      vertex 162.924 217.094 2
      vertex 166.936 219.695 2
    endloop
  endfacet
  facet normal 0 0 1
    outer loop
      vertex 162.924 217.094 2
      vertex 142.297 216.794 2
      vertex 145.297 214.594 2
    endloop
  endfacet
  facet normal 0 0 1
    outer loop
      vertex 142.297 216.794 2
      vertex 138.297 215.594 2
      vertex 142.297 215.594 2
    endloop
  endfacet
  facet normal 0 0 1
    outer loop
      vertex 138.297 215.594 2
      vertex 50.7028 214.594 2
      vertex 138.297 213.594 2
    endloop
  endfacet
  facet normal -0 0 1
    outer loop
      vertex 47.7028 216.794 2
      vertex 138.297 215.594 2
      vertex 142.297 216.794 2
    endloop
  endfacet
  facet normal 0 0 1
    outer loop
      vertex 47.7028 216.794 2
      vertex 142.297 216.794 2
      vertex 166.936 219.695 2
    endloop
  endfacet
  facet normal 0 0 1
    outer loop
      vertex 138.297 215.594 2
      vertex 47.7028 216.794 2
      vertex 50.7028 214.594 2
    endloop
  endfacet
  facet normal 0 0 1
    outer loop
      vertex 47.7028 216.794 2
      vertex 43.7028 215.594 2
      vertex 47.7028 215.594 2
    endloop
  endfacet
  facet normal 0 0 1
    outer loop
      vertex 43.7028 215.594 2
      vertex 25.0757 217.094 2
      vertex 43.7028 213.594 2
    endloop
  endfacet
  facet normal 0 0 1
    outer loop
      vertex 21.0636 219.695 2
      vertex 43.7028 215.594 2
      vertex 47.7028 216.794 2
    endloop
  endfacet
  facet normal -0 0 1
    outer loop
      vertex 21.0636 219.695 2
      vertex 47.7028 216.794 2
      vertex 166.936 219.695 2
    endloop
  endfacet
  facet normal 0 0 1
    outer loop
      vertex 43.7028 215.594 2
      vertex 21.0636 219.695 2
      vertex 25.0757 217.094 2
    endloop
  endfacet
  facet normal -0 0 1
    outer loop
      vertex 20.4536 219.194 2
      vertex 25.0757 217.094 2
      vertex 21.0636 219.695 2
    endloop
  endfacet
  facet normal 0 0 1
    outer loop
      vertex 19.1758 217.094 2
      vertex 20.4536 219.194 2
      vertex 19.5892 218.732 2
    endloop
  endfacet
  facet normal 0 0 1
    outer loop
      vertex 19.1758 217.094 2
      vertex 19.5892 218.732 2
      vertex 19.1758 218.606 2
    endloop
  endfacet
  facet normal 0 0 1
    outer loop
      vertex 20.4536 219.194 2
      vertex 19.1758 217.094 2
      vertex 25.0757 217.094 2
    endloop
  endfacet
  facet normal 0 0 1
    outer loop
      vertex 94.4 207.895 2
      vertex 168.324 208.695 2
      vertex 94.4 208.695 2
    endloop
  endfacet
  facet normal 0 0 1
    outer loop
      vertex 168.324 208.695 2
      vertex 94.4 207.895 2
      vertex 168.324 206.981 2
    endloop
  endfacet
  facet normal -0 0 1
    outer loop
      vertex 94.4 207.781 2
      vertex 168.324 206.981 2
      vertex 94.4 207.895 2
    endloop
  endfacet
  facet normal 0 0 1
    outer loop
      vertex 168.324 206.981 2
      vertex 94.4 207.781 2
      vertex 94.4 206.981 2
    endloop
  endfacet
  facet normal 0 0 1
    outer loop
      vertex 168.324 208.695 2
      vertex 168.824 212.094 2
      vertex 168.324 209.495 2
    endloop
  endfacet
  facet normal -0 0 1
    outer loop
      vertex 162.924 212.094 2
      vertex 168.324 209.495 2
      vertex 168.824 212.094 2
    endloop
  endfacet
  facet normal -0 0 1
    outer loop
      vertex 142.297 212.395 2
      vertex 162.924 212.094 2
      vertex 145.297 214.594 2
    endloop
  endfacet
  facet normal 0 0 1
    outer loop
      vertex 162.924 212.094 2
      vertex 142.297 212.395 2
      vertex 168.324 209.495 2
    endloop
  endfacet
  facet normal 0 0 1
    outer loop
      vertex 47.7028 212.395 2
      vertex 138.297 213.594 2
      vertex 50.7028 214.594 2
    endloop
  endfacet
  facet normal 0 0 1
    outer loop
      vertex 138.297 213.594 2
      vertex 47.7028 212.395 2
      vertex 142.297 212.395 2
    endloop
  endfacet
  facet normal 0 0 1
    outer loop
      vertex 142.297 212.395 2
      vertex 47.7028 212.395 2
      vertex 168.324 209.495 2
    endloop
  endfacet
  facet normal 0 0 1
    outer loop
      vertex 25.0757 212.094 2
      vertex 43.7028 213.594 2
      vertex 25.0757 217.094 2
    endloop
  endfacet
  facet normal 0 0 1
    outer loop
      vertex 43.7028 213.594 2
      vertex 25.0757 212.094 2
      vertex 47.7028 212.395 2
    endloop
  endfacet
  facet normal 0 0 1
    outer loop
      vertex 19.6758 209.495 2
      vertex 47.7028 212.395 2
      vertex 25.0757 212.094 2
    endloop
  endfacet
  facet normal 0 0 1
    outer loop
      vertex 47.7028 212.395 2
      vertex 19.6758 209.495 2
      vertex 168.324 209.495 2
    endloop
  endfacet
  facet normal 0 0 1
    outer loop
      vertex 19.1758 212.094 2
      vertex 19.6758 208.695 2
      vertex 19.6758 209.495 2
    endloop
  endfacet
  facet normal 0 0 1
    outer loop
      vertex 19.6758 208.695 2
      vertex 19.1758 212.094 2
      vertex 19.6758 206.981 2
    endloop
  endfacet
  facet normal 0 0 1
    outer loop
      vertex 19.1758 203.581 2
      vertex 19.6758 206.981 2
      vertex 19.1758 212.094 2
    endloop
  endfacet
  facet normal -0 0 1
    outer loop
      vertex 19.1758 212.094 2
      vertex 19.6758 209.495 2
      vertex 25.0757 212.094 2
    endloop
  endfacet
  facet normal 0 0 1
    outer loop
      vertex 168.824 212.094 2
      vertex 168.324 208.695 2
      vertex 168.824 203.581 2
    endloop
  endfacet
  facet normal -0 0 1
    outer loop
      vertex 168.324 206.981 2
      vertex 168.824 203.581 2
      vertex 168.324 208.695 2
    endloop
  endfacet
  facet normal -0 0 1
    outer loop
      vertex 168.324 206.181 2
      vertex 168.824 203.581 2
      vertex 168.324 206.981 2
    endloop
  endfacet
  facet normal 0 0 1
    outer loop
      vertex 168.324 206.181 2
      vertex 162.924 203.581 2
      vertex 168.824 203.581 2
    endloop
  endfacet
  facet normal 0 0 1
    outer loop
      vertex 162.924 203.581 2
      vertex 144.297 202.081 2
      vertex 162.924 198.581 2
    endloop
  endfacet
  facet normal 0 0 1
    outer loop
      vertex 140.297 203.281 2
      vertex 162.924 203.581 2
      vertex 168.324 206.181 2
    endloop
  endfacet
  facet normal 0 0 1
    outer loop
      vertex 162.924 203.581 2
      vertex 140.297 203.281 2
      vertex 144.297 202.081 2
    endloop
  endfacet
  facet normal 0 0 1
    outer loop
      vertex 140.297 203.281 2
      vertex 49.7028 202.081 2
      vertex 137.297 201.081 2
    endloop
  endfacet
  facet normal 0 0 1
    outer loop
      vertex 45.7028 203.281 2
      vertex 140.297 203.281 2
      vertex 168.324 206.181 2
    endloop
  endfacet
  facet normal 0 0 1
    outer loop
      vertex 140.297 203.281 2
      vertex 45.7028 203.281 2
      vertex 49.7028 202.081 2
    endloop
  endfacet
  facet normal 0 0 1
    outer loop
      vertex 45.7028 203.281 2
      vertex 25.0757 203.581 2
      vertex 42.7028 201.081 2
    endloop
  endfacet
  facet normal -0 0 1
    outer loop
      vertex 19.6758 206.181 2
      vertex 45.7028 203.281 2
      vertex 168.324 206.181 2
    endloop
  endfacet
  facet normal 0 0 1
    outer loop
      vertex 45.7028 203.281 2
      vertex 19.6758 206.181 2
      vertex 25.0757 203.581 2
    endloop
  endfacet
  facet normal 0 0 1
    outer loop
      vertex 19.6758 206.181 2
      vertex 19.1758 203.581 2
      vertex 25.0757 203.581 2
    endloop
  endfacet
  facet normal 0 0 1
    outer loop
      vertex 19.6758 206.981 2
      vertex 19.1758 203.581 2
      vertex 19.6758 206.181 2
    endloop
  endfacet
  facet normal 0 0 1
    outer loop
      vertex 94.4 194.381 2
      vertex 168.324 195.181 2
      vertex 94.4 195.181 2
    endloop
  endfacet
  facet normal 0 0 1
    outer loop
      vertex 168.324 195.181 2
      vertex 94.4 194.381 2
      vertex 168.324 193.467 2
    endloop
  endfacet
  facet normal -0 0 1
    outer loop
      vertex 94.4 194.268 2
      vertex 168.324 193.467 2
      vertex 94.4 194.381 2
    endloop
  endfacet
  facet normal 0 0 1
    outer loop
      vertex 168.324 193.467 2
      vertex 94.4 194.268 2
      vertex 94.4 193.467 2
    endloop
  endfacet
  facet normal 0 0 1
    outer loop
      vertex 168.324 195.181 2
      vertex 168.824 198.581 2
      vertex 168.324 195.981 2
    endloop
  endfacet
  facet normal -0 0 1
    outer loop
      vertex 162.924 198.581 2
      vertex 168.324 195.981 2
      vertex 168.824 198.581 2
    endloop
  endfacet
  facet normal -0 0 1
    outer loop
      vertex 144.297 200.081 2
      vertex 162.924 198.581 2
      vertex 144.297 202.081 2
    endloop
  endfacet
  facet normal -0 0 1
    outer loop
      vertex 140.297 198.881 2
      vertex 162.924 198.581 2
      vertex 144.297 200.081 2
    endloop
  endfacet
  facet normal 0 0 1
    outer loop
      vertex 140.297 198.881 2
      vertex 144.297 200.081 2
      vertex 140.297 200.081 2
    endloop
  endfacet
  facet normal 0 0 1
    outer loop
      vertex 162.924 198.581 2
      vertex 140.297 198.881 2
      vertex 168.324 195.981 2
    endloop
  endfacet
  facet normal 0 0 1
    outer loop
      vertex 49.7028 200.081 2
      vertex 137.297 201.081 2
      vertex 49.7028 202.081 2
    endloop
  endfacet
  facet normal 0 0 1
    outer loop
      vertex 137.297 201.081 2
      vertex 49.7028 200.081 2
      vertex 140.297 198.881 2
    endloop
  endfacet
  facet normal 0 0 1
    outer loop
      vertex 45.7028 198.881 2
      vertex 140.297 198.881 2
      vertex 49.7028 200.081 2
    endloop
  endfacet
  facet normal 0 0 1
    outer loop
      vertex 45.7028 198.881 2
      vertex 49.7028 200.081 2
      vertex 45.7028 200.081 2
    endloop
  endfacet
  facet normal 0 0 1
    outer loop
      vertex 140.297 198.881 2
      vertex 45.7028 198.881 2
      vertex 168.324 195.981 2
    endloop
  endfacet
  facet normal 0 0 1
    outer loop
      vertex 25.0757 198.581 2
      vertex 42.7028 201.081 2
      vertex 25.0757 203.581 2
    endloop
  endfacet
  facet normal 0 0 1
    outer loop
      vertex 42.7028 201.081 2
      vertex 25.0757 198.581 2
      vertex 45.7028 198.881 2
    endloop
  endfacet
  facet normal 0 0 1
    outer loop
      vertex 19.6758 195.981 2
      vertex 45.7028 198.881 2
      vertex 25.0757 198.581 2
    endloop
  endfacet
  facet normal 0 0 1
    outer loop
      vertex 45.7028 198.881 2
      vertex 19.6758 195.981 2
      vertex 168.324 195.981 2
    endloop
  endfacet
  facet normal 0 0 1
    outer loop
      vertex 19.1758 198.581 2
      vertex 19.6758 195.181 2
      vertex 19.6758 195.981 2
    endloop
  endfacet
  facet normal 0 0 1
    outer loop
      vertex 19.6758 195.181 2
      vertex 19.1758 198.581 2
      vertex 19.6758 193.467 2
    endloop
  endfacet
  facet normal 0 0 1
    outer loop
      vertex 19.1758 190.068 2
      vertex 19.6758 193.467 2
      vertex 19.1758 198.581 2
    endloop
  endfacet
  facet normal -0 0 1
    outer loop
      vertex 19.1758 198.581 2
      vertex 19.6758 195.981 2
      vertex 25.0757 198.581 2
    endloop
  endfacet
  facet normal 0 0 1
    outer loop
      vertex 168.824 198.581 2
      vertex 168.324 195.181 2
      vertex 168.824 190.068 2
    endloop
  endfacet
  facet normal -0 0 1
    outer loop
      vertex 168.324 193.467 2
      vertex 168.824 190.068 2
      vertex 168.324 195.181 2
    endloop
  endfacet
  facet normal -0 0 1
    outer loop
      vertex 168.324 192.667 2
      vertex 168.824 190.068 2
      vertex 168.324 193.467 2
    endloop
  endfacet
  facet normal 0 0 1
    outer loop
      vertex 168.324 192.667 2
      vertex 162.924 190.068 2
      vertex 168.824 190.068 2
    endloop
  endfacet
  facet normal 0 0 1
    outer loop
      vertex 162.924 190.068 2
      vertex 145.297 187.568 2
      vertex 162.924 185.068 2
    endloop
  endfacet
  facet normal 0 0 1
    outer loop
      vertex 142.297 189.768 2
      vertex 162.924 190.068 2
      vertex 168.324 192.667 2
    endloop
  endfacet
  facet normal 0 0 1
    outer loop
      vertex 162.924 190.068 2
      vertex 142.297 189.768 2
      vertex 145.297 187.568 2
    endloop
  endfacet
  facet normal 0 0 1
    outer loop
      vertex 142.297 189.768 2
      vertex 138.297 188.568 2
      vertex 142.297 188.568 2
    endloop
  endfacet
  facet normal 0 0 1
    outer loop
      vertex 138.297 188.568 2
      vertex 50.7028 187.568 2
      vertex 138.297 186.568 2
    endloop
  endfacet
  facet normal -0 0 1
    outer loop
      vertex 47.7028 189.768 2
      vertex 138.297 188.568 2
      vertex 142.297 189.768 2
    endloop
  endfacet
  facet normal 0 0 1
    outer loop
      vertex 47.7028 189.768 2
      vertex 142.297 189.768 2
      vertex 168.324 192.667 2
    endloop
  endfacet
  facet normal 0 0 1
    outer loop
      vertex 138.297 188.568 2
      vertex 47.7028 189.768 2
      vertex 50.7028 187.568 2
    endloop
  endfacet
  facet normal 0 0 1
    outer loop
      vertex 47.7028 189.768 2
      vertex 43.7028 188.568 2
      vertex 47.7028 188.568 2
    endloop
  endfacet
  facet normal 0 0 1
    outer loop
      vertex 43.7028 188.568 2
      vertex 25.0757 190.068 2
      vertex 43.7028 186.568 2
    endloop
  endfacet
  facet normal 0 0 1
    outer loop
      vertex 47.7028 189.768 2
      vertex 25.0757 190.068 2
      vertex 43.7028 188.568 2
    endloop
  endfacet
  facet normal -0 0 1
    outer loop
      vertex 19.6758 192.667 2
      vertex 47.7028 189.768 2
      vertex 168.324 192.667 2
    endloop
  endfacet
  facet normal 0 0 1
    outer loop
      vertex 47.7028 189.768 2
      vertex 19.6758 192.667 2
      vertex 25.0757 190.068 2
    endloop
  endfacet
  facet normal 0 0 1
    outer loop
      vertex 19.6758 192.667 2
      vertex 19.1758 190.068 2
      vertex 25.0757 190.068 2
    endloop
  endfacet
  facet normal 0 0 1
    outer loop
      vertex 19.6758 193.467 2
      vertex 19.1758 190.068 2
      vertex 19.6758 192.667 2
    endloop
  endfacet
  facet normal 0 0 1
    outer loop
      vertex 94.4 180.867 2
      vertex 168.324 181.667 2
      vertex 94.4 181.667 2
    endloop
  endfacet
  facet normal 0 0 1
    outer loop
      vertex 168.324 181.667 2
      vertex 94.4 180.867 2
      vertex 168.324 179.954 2
    endloop
  endfacet
  facet normal -0 0 1
    outer loop
      vertex 94.4 180.754 2
      vertex 168.324 179.954 2
      vertex 94.4 180.867 2
    endloop
  endfacet
  facet normal 0 0 1
    outer loop
      vertex 168.324 179.954 2
      vertex 94.4 180.754 2
      vertex 94.4 179.954 2
    endloop
  endfacet
  facet normal 0 0 1
    outer loop
      vertex 168.324 181.667 2
      vertex 168.824 185.068 2
      vertex 168.324 182.467 2
    endloop
  endfacet
  facet normal -0 0 1
    outer loop
      vertex 162.924 185.068 2
      vertex 168.324 182.467 2
      vertex 168.824 185.068 2
    endloop
  endfacet
  facet normal -0 0 1
    outer loop
      vertex 142.297 185.368 2
      vertex 162.924 185.068 2
      vertex 145.297 187.568 2
    endloop
  endfacet
  facet normal 0 0 1
    outer loop
      vertex 162.924 185.068 2
      vertex 142.297 185.368 2
      vertex 168.324 182.467 2
    endloop
  endfacet
  facet normal 0 0 1
    outer loop
      vertex 47.7028 185.368 2
      vertex 138.297 186.568 2
      vertex 50.7028 187.568 2
    endloop
  endfacet
  facet normal 0 0 1
    outer loop
      vertex 138.297 186.568 2
      vertex 47.7028 185.368 2
      vertex 142.297 185.368 2
    endloop
  endfacet
  facet normal 0 0 1
    outer loop
      vertex 142.297 185.368 2
      vertex 47.7028 185.368 2
      vertex 168.324 182.467 2
    endloop
  endfacet
  facet normal 0 0 1
    outer loop
      vertex 25.0757 185.068 2
      vertex 43.7028 186.568 2
      vertex 25.0757 190.068 2
    endloop
  endfacet
  facet normal 0 0 1
    outer loop
      vertex 43.7028 186.568 2
      vertex 25.0757 185.068 2
      vertex 47.7028 185.368 2
    endloop
  endfacet
  facet normal 0 0 1
    outer loop
      vertex 19.6758 182.467 2
      vertex 47.7028 185.368 2
      vertex 25.0757 185.068 2
    endloop
  endfacet
  facet normal 0 0 1
    outer loop
      vertex 47.7028 185.368 2
      vertex 19.6758 182.467 2
      vertex 168.324 182.467 2
    endloop
  endfacet
  facet normal 0 0 1
    outer loop
      vertex 19.1758 185.068 2
      vertex 19.6758 181.667 2
      vertex 19.6758 182.467 2
    endloop
  endfacet
  facet normal 0 0 1
    outer loop
      vertex 19.6758 181.667 2
      vertex 19.1758 185.068 2
      vertex 19.6758 179.954 2
    endloop
  endfacet
  facet normal 0 0 1
    outer loop
      vertex 19.1758 176.554 2
      vertex 19.6758 179.954 2
      vertex 19.1758 185.068 2
    endloop
  endfacet
  facet normal -0 0 1
    outer loop
      vertex 19.1758 185.068 2
      vertex 19.6758 182.467 2
      vertex 25.0757 185.068 2
    endloop
  endfacet
  facet normal 0 0 1
    outer loop
      vertex 168.824 185.068 2
      vertex 168.324 181.667 2
      vertex 168.824 176.554 2
    endloop
  endfacet
  facet normal -0 0 1
    outer loop
      vertex 168.324 179.954 2
      vertex 168.824 176.554 2
      vertex 168.324 181.667 2
    endloop
  endfacet
  facet normal -0 0 1
    outer loop
      vertex 168.324 179.154 2
      vertex 168.824 176.554 2
      vertex 168.324 179.954 2
    endloop
  endfacet
  facet normal 0 0 1
    outer loop
      vertex 168.324 179.154 2
      vertex 162.924 176.554 2
      vertex 168.824 176.554 2
    endloop
  endfacet
  facet normal 0 0 1
    outer loop
      vertex 162.924 176.554 2
      vertex 144.297 175.054 2
      vertex 162.924 171.554 2
    endloop
  endfacet
  facet normal 0 0 1
    outer loop
      vertex 140.297 176.254 2
      vertex 162.924 176.554 2
      vertex 168.324 179.154 2
    endloop
  endfacet
  facet normal 0 0 1
    outer loop
      vertex 162.924 176.554 2
      vertex 140.297 176.254 2
      vertex 144.297 175.054 2
    endloop
  endfacet
  facet normal 0 0 1
    outer loop
      vertex 140.297 176.254 2
      vertex 49.7028 175.054 2
      vertex 137.297 174.054 2
    endloop
  endfacet
  facet normal 0 0 1
    outer loop
      vertex 45.7028 176.254 2
      vertex 140.297 176.254 2
      vertex 168.324 179.154 2
    endloop
  endfacet
  facet normal 0 0 1
    outer loop
      vertex 140.297 176.254 2
      vertex 45.7028 176.254 2
      vertex 49.7028 175.054 2
    endloop
  endfacet
  facet normal 0 0 1
    outer loop
      vertex 45.7028 176.254 2
      vertex 25.0757 176.554 2
      vertex 42.7028 174.054 2
    endloop
  endfacet
  facet normal -0 0 1
    outer loop
      vertex 19.6758 179.154 2
      vertex 45.7028 176.254 2
      vertex 168.324 179.154 2
    endloop
  endfacet
  facet normal 0 0 1
    outer loop
      vertex 45.7028 176.254 2
      vertex 19.6758 179.154 2
      vertex 25.0757 176.554 2
    endloop
  endfacet
  facet normal 0 0 1
    outer loop
      vertex 19.6758 179.154 2
      vertex 19.1758 176.554 2
      vertex 25.0757 176.554 2
    endloop
  endfacet
  facet normal 0 0 1
    outer loop
      vertex 19.6758 179.954 2
      vertex 19.1758 176.554 2
      vertex 19.6758 179.154 2
    endloop
  endfacet
  facet normal 0 0 1
    outer loop
      vertex 94.4 167.354 2
      vertex 168.324 168.154 2
      vertex 94.4 168.154 2
    endloop
  endfacet
  facet normal 0 0 1
    outer loop
      vertex 168.324 168.154 2
      vertex 94.4 167.354 2
      vertex 168.324 166.441 2
    endloop
  endfacet
  facet normal -0 0 1
    outer loop
      vertex 94.4 167.24 2
      vertex 168.324 166.441 2
      vertex 94.4 167.354 2
    endloop
  endfacet
  facet normal 0 0 1
    outer loop
      vertex 168.324 166.441 2
      vertex 94.4 167.24 2
      vertex 94.4 166.441 2
    endloop
  endfacet
  facet normal 0 0 1
    outer loop
      vertex 168.324 168.154 2
      vertex 168.824 171.554 2
      vertex 168.324 168.954 2
    endloop
  endfacet
  facet normal -0 0 1
    outer loop
      vertex 162.924 171.554 2
      vertex 168.324 168.954 2
      vertex 168.824 171.554 2
    endloop
  endfacet
  facet normal -0 0 1
    outer loop
      vertex 144.297 173.054 2
      vertex 162.924 171.554 2
      vertex 144.297 175.054 2
    endloop
  endfacet
  facet normal -0 0 1
    outer loop
      vertex 140.297 171.854 2
      vertex 162.924 171.554 2
      vertex 144.297 173.054 2
    endloop
  endfacet
  facet normal 0 0 1
    outer loop
      vertex 140.297 171.854 2
      vertex 144.297 173.054 2
      vertex 140.297 173.054 2
    endloop
  endfacet
  facet normal 0 0 1
    outer loop
      vertex 162.924 171.554 2
      vertex 140.297 171.854 2
      vertex 168.324 168.954 2
    endloop
  endfacet
  facet normal 0 0 1
    outer loop
      vertex 49.7028 173.054 2
      vertex 137.297 174.054 2
      vertex 49.7028 175.054 2
    endloop
  endfacet
  facet normal 0 0 1
    outer loop
      vertex 137.297 174.054 2
      vertex 49.7028 173.054 2
      vertex 140.297 171.854 2
    endloop
  endfacet
  facet normal 0 0 1
    outer loop
      vertex 45.7028 171.854 2
      vertex 140.297 171.854 2
      vertex 49.7028 173.054 2
    endloop
  endfacet
  facet normal 0 0 1
    outer loop
      vertex 45.7028 171.854 2
      vertex 49.7028 173.054 2
      vertex 45.7028 173.054 2
    endloop
  endfacet
  facet normal 0 0 1
    outer loop
      vertex 140.297 171.854 2
      vertex 45.7028 171.854 2
      vertex 168.324 168.954 2
    endloop
  endfacet
  facet normal 0 0 1
    outer loop
      vertex 25.0757 171.554 2
      vertex 42.7028 174.054 2
      vertex 25.0757 176.554 2
    endloop
  endfacet
  facet normal 0 0 1
    outer loop
      vertex 42.7028 174.054 2
      vertex 25.0757 171.554 2
      vertex 45.7028 171.854 2
    endloop
  endfacet
  facet normal 0 0 1
    outer loop
      vertex 19.6758 168.954 2
      vertex 45.7028 171.854 2
      vertex 25.0757 171.554 2
    endloop
  endfacet
  facet normal 0 0 1
    outer loop
      vertex 45.7028 171.854 2
      vertex 19.6758 168.954 2
      vertex 168.324 168.954 2
    endloop
  endfacet
  facet normal 0 0 1
    outer loop
      vertex 19.1758 171.554 2
      vertex 19.6758 168.154 2
      vertex 19.6758 168.954 2
    endloop
  endfacet
  facet normal 0 0 1
    outer loop
      vertex 19.6758 168.154 2
      vertex 19.1758 171.554 2
      vertex 19.6758 166.441 2
    endloop
  endfacet
  facet normal 0 0 1
    outer loop
      vertex 19.1758 163.04 2
      vertex 19.6758 166.441 2
      vertex 19.1758 171.554 2
    endloop
  endfacet
  facet normal -0 0 1
    outer loop
      vertex 19.1758 171.554 2
      vertex 19.6758 168.954 2
      vertex 25.0757 171.554 2
    endloop
  endfacet
  facet normal 0 0 1
    outer loop
      vertex 168.824 171.554 2
      vertex 168.324 168.154 2
      vertex 168.824 163.04 2
    endloop
  endfacet
  facet normal -0 0 1
    outer loop
      vertex 168.324 166.441 2
      vertex 168.824 163.04 2
      vertex 168.324 168.154 2
    endloop
  endfacet
  facet normal -0 0 1
    outer loop
      vertex 168.324 165.641 2
      vertex 168.824 163.04 2
      vertex 168.324 166.441 2
    endloop
  endfacet
  facet normal 0 0 1
    outer loop
      vertex 168.324 165.641 2
      vertex 162.924 163.04 2
      vertex 168.824 163.04 2
    endloop
  endfacet
  facet normal 0 0 1
    outer loop
      vertex 162.924 163.04 2
      vertex 145.297 160.54 2
      vertex 162.924 158.04 2
    endloop
  endfacet
  facet normal 0 0 1
    outer loop
      vertex 142.297 162.74 2
      vertex 162.924 163.04 2
      vertex 168.324 165.641 2
    endloop
  endfacet
  facet normal 0 0 1
    outer loop
      vertex 162.924 163.04 2
      vertex 142.297 162.74 2
      vertex 145.297 160.54 2
    endloop
  endfacet
  facet normal 0 0 1
    outer loop
      vertex 142.297 162.74 2
      vertex 138.297 161.54 2
      vertex 142.297 161.54 2
    endloop
  endfacet
  facet normal 0 0 1
    outer loop
      vertex 138.297 161.54 2
      vertex 50.7028 160.54 2
      vertex 138.297 159.54 2
    endloop
  endfacet
  facet normal -0 0 1
    outer loop
      vertex 47.7028 162.74 2
      vertex 138.297 161.54 2
      vertex 142.297 162.74 2
    endloop
  endfacet
  facet normal 0 0 1
    outer loop
      vertex 47.7028 162.74 2
      vertex 142.297 162.74 2
      vertex 168.324 165.641 2
    endloop
  endfacet
  facet normal 0 0 1
    outer loop
      vertex 138.297 161.54 2
      vertex 47.7028 162.74 2
      vertex 50.7028 160.54 2
    endloop
  endfacet
  facet normal 0 0 1
    outer loop
      vertex 47.7028 162.74 2
      vertex 43.7028 161.54 2
      vertex 47.7028 161.54 2
    endloop
  endfacet
  facet normal 0 0 1
    outer loop
      vertex 43.7028 161.54 2
      vertex 25.0757 163.04 2
      vertex 43.7028 159.54 2
    endloop
  endfacet
  facet normal 0 0 1
    outer loop
      vertex 47.7028 162.74 2
      vertex 25.0757 163.04 2
      vertex 43.7028 161.54 2
    endloop
  endfacet
  facet normal -0 0 1
    outer loop
      vertex 19.6758 165.641 2
      vertex 47.7028 162.74 2
      vertex 168.324 165.641 2
    endloop
  endfacet
  facet normal 0 0 1
    outer loop
      vertex 47.7028 162.74 2
      vertex 19.6758 165.641 2
      vertex 25.0757 163.04 2
    endloop
  endfacet
  facet normal 0 0 1
    outer loop
      vertex 19.6758 165.641 2
      vertex 19.1758 163.04 2
      vertex 25.0757 163.04 2
    endloop
  endfacet
  facet normal 0 0 1
    outer loop
      vertex 19.6758 166.441 2
      vertex 19.1758 163.04 2
      vertex 19.6758 165.641 2
    endloop
  endfacet
  facet normal 0 0 1
    outer loop
      vertex 94.4 153.84 2
      vertex 168.324 154.641 2
      vertex 94.4 154.641 2
    endloop
  endfacet
  facet normal 0 0 1
    outer loop
      vertex 168.324 154.641 2
      vertex 94.4 153.84 2
      vertex 168.324 152.927 2
    endloop
  endfacet
  facet normal -0 0 1
    outer loop
      vertex 94.4 153.727 2
      vertex 168.324 152.927 2
      vertex 94.4 153.84 2
    endloop
  endfacet
  facet normal 0 0 1
    outer loop
      vertex 168.324 152.927 2
      vertex 94.4 153.727 2
      vertex 94.4 152.927 2
    endloop
  endfacet
  facet normal 0 0 1
    outer loop
      vertex 168.324 154.641 2
      vertex 168.824 158.04 2
      vertex 168.324 155.441 2
    endloop
  endfacet
  facet normal -0 0 1
    outer loop
      vertex 162.924 158.04 2
      vertex 168.324 155.441 2
      vertex 168.824 158.04 2
    endloop
  endfacet
  facet normal -0 0 1
    outer loop
      vertex 142.297 158.34 2
      vertex 162.924 158.04 2
      vertex 145.297 160.54 2
    endloop
  endfacet
  facet normal 0 0 1
    outer loop
      vertex 162.924 158.04 2
      vertex 142.297 158.34 2
      vertex 168.324 155.441 2
    endloop
  endfacet
  facet normal 0 0 1
    outer loop
      vertex 47.7028 158.34 2
      vertex 138.297 159.54 2
      vertex 50.7028 160.54 2
    endloop
  endfacet
  facet normal 0 0 1
    outer loop
      vertex 138.297 159.54 2
      vertex 47.7028 158.34 2
      vertex 142.297 158.34 2
    endloop
  endfacet
  facet normal 0 0 1
    outer loop
      vertex 142.297 158.34 2
      vertex 47.7028 158.34 2
      vertex 168.324 155.441 2
    endloop
  endfacet
  facet normal 0 0 1
    outer loop
      vertex 25.0757 158.04 2
      vertex 43.7028 159.54 2
      vertex 25.0757 163.04 2
    endloop
  endfacet
  facet normal 0 0 1
    outer loop
      vertex 43.7028 159.54 2
      vertex 25.0757 158.04 2
      vertex 47.7028 158.34 2
    endloop
  endfacet
  facet normal 0 0 1
    outer loop
      vertex 19.6758 155.441 2
      vertex 47.7028 158.34 2
      vertex 25.0757 158.04 2
    endloop
  endfacet
  facet normal 0 0 1
    outer loop
      vertex 47.7028 158.34 2
      vertex 19.6758 155.441 2
      vertex 168.324 155.441 2
    endloop
  endfacet
  facet normal 0 0 1
    outer loop
      vertex 19.1758 158.04 2
      vertex 19.6758 154.641 2
      vertex 19.6758 155.441 2
    endloop
  endfacet
  facet normal 0 0 1
    outer loop
      vertex 19.6758 154.641 2
      vertex 19.1758 158.04 2
      vertex 19.6758 152.927 2
    endloop
  endfacet
  facet normal 0 0 1
    outer loop
      vertex 19.1758 149.527 2
      vertex 19.6758 152.927 2
      vertex 19.1758 158.04 2
    endloop
  endfacet
  facet normal -0 0 1
    outer loop
      vertex 19.1758 158.04 2
      vertex 19.6758 155.441 2
      vertex 25.0757 158.04 2
    endloop
  endfacet
  facet normal 0 0 1
    outer loop
      vertex 168.824 158.04 2
      vertex 168.324 154.641 2
      vertex 168.824 149.527 2
    endloop
  endfacet
  facet normal -0 0 1
    outer loop
      vertex 168.324 152.927 2
      vertex 168.824 149.527 2
      vertex 168.324 154.641 2
    endloop
  endfacet
  facet normal -0 0 1
    outer loop
      vertex 168.324 152.127 2
      vertex 168.824 149.527 2
      vertex 168.324 152.927 2
    endloop
  endfacet
  facet normal 0 0 1
    outer loop
      vertex 168.324 152.127 2
      vertex 162.924 149.527 2
      vertex 168.824 149.527 2
    endloop
  endfacet
  facet normal 0 0 1
    outer loop
      vertex 162.924 149.527 2
      vertex 144.297 148.027 2
      vertex 162.924 144.527 2
    endloop
  endfacet
  facet normal 0 0 1
    outer loop
      vertex 140.297 149.227 2
      vertex 162.924 149.527 2
      vertex 168.324 152.127 2
    endloop
  endfacet
  facet normal 0 0 1
    outer loop
      vertex 162.924 149.527 2
      vertex 140.297 149.227 2
      vertex 144.297 148.027 2
    endloop
  endfacet
  facet normal 0 0 1
    outer loop
      vertex 140.297 149.227 2
      vertex 49.7028 148.027 2
      vertex 137.297 147.027 2
    endloop
  endfacet
  facet normal 0 0 1
    outer loop
      vertex 45.7028 149.227 2
      vertex 140.297 149.227 2
      vertex 168.324 152.127 2
    endloop
  endfacet
  facet normal 0 0 1
    outer loop
      vertex 140.297 149.227 2
      vertex 45.7028 149.227 2
      vertex 49.7028 148.027 2
    endloop
  endfacet
  facet normal 0 0 1
    outer loop
      vertex 45.7028 149.227 2
      vertex 25.0757 149.527 2
      vertex 42.7028 147.027 2
    endloop
  endfacet
  facet normal -0 0 1
    outer loop
      vertex 19.6758 152.127 2
      vertex 45.7028 149.227 2
      vertex 168.324 152.127 2
    endloop
  endfacet
  facet normal 0 0 1
    outer loop
      vertex 45.7028 149.227 2
      vertex 19.6758 152.127 2
      vertex 25.0757 149.527 2
    endloop
  endfacet
  facet normal 0 0 1
    outer loop
      vertex 19.6758 152.127 2
      vertex 19.1758 149.527 2
      vertex 25.0757 149.527 2
    endloop
  endfacet
  facet normal 0 0 1
    outer loop
      vertex 19.6758 152.927 2
      vertex 19.1758 149.527 2
      vertex 19.6758 152.127 2
    endloop
  endfacet
  facet normal 0 0 1
    outer loop
      vertex 94.4 140.327 2
      vertex 168.324 141.127 2
      vertex 94.4 141.127 2
    endloop
  endfacet
  facet normal 0 0 1
    outer loop
      vertex 168.324 141.127 2
      vertex 94.4 140.327 2
      vertex 168.324 139.413 2
    endloop
  endfacet
  facet normal -0 0 1
    outer loop
      vertex 94.4 140.214 2
      vertex 168.324 139.413 2
      vertex 94.4 140.327 2
    endloop
  endfacet
  facet normal 0 0 1
    outer loop
      vertex 168.324 139.413 2
      vertex 94.4 140.214 2
      vertex 94.4 139.413 2
    endloop
  endfacet
  facet normal 0 0 1
    outer loop
      vertex 168.324 141.127 2
      vertex 168.824 144.527 2
      vertex 168.324 141.927 2
    endloop
  endfacet
  facet normal -0 0 1
    outer loop
      vertex 162.924 144.527 2
      vertex 168.324 141.927 2
      vertex 168.824 144.527 2
    endloop
  endfacet
  facet normal -0 0 1
    outer loop
      vertex 144.297 146.027 2
      vertex 162.924 144.527 2
      vertex 144.297 148.027 2
    endloop
  endfacet
  facet normal -0 0 1
    outer loop
      vertex 140.297 144.827 2
      vertex 162.924 144.527 2
      vertex 144.297 146.027 2
    endloop
  endfacet
  facet normal 0 0 1
    outer loop
      vertex 140.297 144.827 2
      vertex 144.297 146.027 2
      vertex 140.297 146.027 2
    endloop
  endfacet
  facet normal 0 0 1
    outer loop
      vertex 162.924 144.527 2
      vertex 140.297 144.827 2
      vertex 168.324 141.927 2
    endloop
  endfacet
  facet normal 0 0 1
    outer loop
      vertex 49.7028 146.027 2
      vertex 137.297 147.027 2
      vertex 49.7028 148.027 2
    endloop
  endfacet
  facet normal 0 0 1
    outer loop
      vertex 137.297 147.027 2
      vertex 49.7028 146.027 2
      vertex 140.297 144.827 2
    endloop
  endfacet
  facet normal 0 0 1
    outer loop
      vertex 45.7028 144.827 2
      vertex 140.297 144.827 2
      vertex 49.7028 146.027 2
    endloop
  endfacet
  facet normal 0 0 1
    outer loop
      vertex 45.7028 144.827 2
      vertex 49.7028 146.027 2
      vertex 45.7028 146.027 2
    endloop
  endfacet
  facet normal 0 0 1
    outer loop
      vertex 140.297 144.827 2
      vertex 45.7028 144.827 2
      vertex 168.324 141.927 2
    endloop
  endfacet
  facet normal 0 0 1
    outer loop
      vertex 25.0757 144.527 2
      vertex 42.7028 147.027 2
      vertex 25.0757 149.527 2
    endloop
  endfacet
  facet normal 0 0 1
    outer loop
      vertex 42.7028 147.027 2
      vertex 25.0757 144.527 2
      vertex 45.7028 144.827 2
    endloop
  endfacet
  facet normal 0 0 1
    outer loop
      vertex 19.6758 141.927 2
      vertex 45.7028 144.827 2
      vertex 25.0757 144.527 2
    endloop
  endfacet
  facet normal 0 0 1
    outer loop
      vertex 45.7028 144.827 2
      vertex 19.6758 141.927 2
      vertex 168.324 141.927 2
    endloop
  endfacet
  facet normal 0 0 1
    outer loop
      vertex 19.1758 144.527 2
      vertex 19.6758 141.127 2
      vertex 19.6758 141.927 2
    endloop
  endfacet
  facet normal 0 0 1
    outer loop
      vertex 19.6758 141.127 2
      vertex 19.1758 144.527 2
      vertex 19.6758 139.413 2
    endloop
  endfacet
  facet normal 0 0 1
    outer loop
      vertex 19.1758 136.014 2
      vertex 19.6758 139.413 2
      vertex 19.1758 144.527 2
    endloop
  endfacet
  facet normal -0 0 1
    outer loop
      vertex 19.1758 144.527 2
      vertex 19.6758 141.927 2
      vertex 25.0757 144.527 2
    endloop
  endfacet
  facet normal 0 0 1
    outer loop
      vertex 168.824 144.527 2
      vertex 168.324 141.127 2
      vertex 168.824 136.014 2
    endloop
  endfacet
  facet normal -0 0 1
    outer loop
      vertex 168.324 139.413 2
      vertex 168.824 136.014 2
      vertex 168.324 141.127 2
    endloop
  endfacet
  facet normal -0 0 1
    outer loop
      vertex 168.324 138.613 2
      vertex 168.824 136.014 2
      vertex 168.324 139.413 2
    endloop
  endfacet
  facet normal 0 0 1
    outer loop
      vertex 168.324 138.613 2
      vertex 162.924 136.014 2
      vertex 168.824 136.014 2
    endloop
  endfacet
  facet normal 0 0 1
    outer loop
      vertex 162.924 136.014 2
      vertex 145.297 133.514 2
      vertex 162.924 131.014 2
    endloop
  endfacet
  facet normal 0 0 1
    outer loop
      vertex 142.297 135.714 2
      vertex 162.924 136.014 2
      vertex 168.324 138.613 2
    endloop
  endfacet
  facet normal 0 0 1
    outer loop
      vertex 162.924 136.014 2
      vertex 142.297 135.714 2
      vertex 145.297 133.514 2
    endloop
  endfacet
  facet normal 0 0 1
    outer loop
      vertex 142.297 135.714 2
      vertex 138.297 134.514 2
      vertex 142.297 134.514 2
    endloop
  endfacet
  facet normal 0 0 1
    outer loop
      vertex 138.297 134.514 2
      vertex 50.7028 133.514 2
      vertex 138.297 132.514 2
    endloop
  endfacet
  facet normal -0 0 1
    outer loop
      vertex 47.7028 135.714 2
      vertex 138.297 134.514 2
      vertex 142.297 135.714 2
    endloop
  endfacet
  facet normal 0 0 1
    outer loop
      vertex 47.7028 135.714 2
      vertex 142.297 135.714 2
      vertex 168.324 138.613 2
    endloop
  endfacet
  facet normal 0 0 1
    outer loop
      vertex 138.297 134.514 2
      vertex 47.7028 135.714 2
      vertex 50.7028 133.514 2
    endloop
  endfacet
  facet normal 0 0 1
    outer loop
      vertex 47.7028 135.714 2
      vertex 43.7028 134.514 2
      vertex 47.7028 134.514 2
    endloop
  endfacet
  facet normal 0 0 1
    outer loop
      vertex 43.7028 134.514 2
      vertex 25.0757 136.014 2
      vertex 43.7028 132.514 2
    endloop
  endfacet
  facet normal 0 0 1
    outer loop
      vertex 47.7028 135.714 2
      vertex 25.0757 136.014 2
      vertex 43.7028 134.514 2
    endloop
  endfacet
  facet normal -0 0 1
    outer loop
      vertex 19.6758 138.613 2
      vertex 47.7028 135.714 2
      vertex 168.324 138.613 2
    endloop
  endfacet
  facet normal 0 0 1
    outer loop
      vertex 47.7028 135.714 2
      vertex 19.6758 138.613 2
      vertex 25.0757 136.014 2
    endloop
  endfacet
  facet normal 0 0 1
    outer loop
      vertex 19.6758 138.613 2
      vertex 19.1758 136.014 2
      vertex 25.0757 136.014 2
    endloop
  endfacet
  facet normal 0 0 1
    outer loop
      vertex 19.6758 139.413 2
      vertex 19.1758 136.014 2
      vertex 19.6758 138.613 2
    endloop
  endfacet
  facet normal 0 0 1
    outer loop
      vertex 94.4 126.813 2
      vertex 168.324 127.614 2
      vertex 94.4 127.614 2
    endloop
  endfacet
  facet normal 0 0 1
    outer loop
      vertex 168.324 127.614 2
      vertex 94.4 126.813 2
      vertex 168.324 125.9 2
    endloop
  endfacet
  facet normal -0 0 1
    outer loop
      vertex 94.4 126.7 2
      vertex 168.324 125.9 2
      vertex 94.4 126.813 2
    endloop
  endfacet
  facet normal 0 0 1
    outer loop
      vertex 168.324 125.9 2
      vertex 94.4 126.7 2
      vertex 94.4 125.9 2
    endloop
  endfacet
  facet normal 0 0 1
    outer loop
      vertex 168.324 127.614 2
      vertex 168.824 131.014 2
      vertex 168.324 128.413 2
    endloop
  endfacet
  facet normal -0 0 1
    outer loop
      vertex 162.924 131.014 2
      vertex 168.324 128.413 2
      vertex 168.824 131.014 2
    endloop
  endfacet
  facet normal -0 0 1
    outer loop
      vertex 142.297 131.314 2
      vertex 162.924 131.014 2
      vertex 145.297 133.514 2
    endloop
  endfacet
  facet normal 0 0 1
    outer loop
      vertex 162.924 131.014 2
      vertex 142.297 131.314 2
      vertex 168.324 128.413 2
    endloop
  endfacet
  facet normal 0 0 1
    outer loop
      vertex 47.7028 131.314 2
      vertex 138.297 132.514 2
      vertex 50.7028 133.514 2
    endloop
  endfacet
  facet normal 0 0 1
    outer loop
      vertex 138.297 132.514 2
      vertex 47.7028 131.314 2
      vertex 142.297 131.314 2
    endloop
  endfacet
  facet normal 0 0 1
    outer loop
      vertex 142.297 131.314 2
      vertex 47.7028 131.314 2
      vertex 168.324 128.413 2
    endloop
  endfacet
  facet normal 0 0 1
    outer loop
      vertex 25.0757 131.014 2
      vertex 43.7028 132.514 2
      vertex 25.0757 136.014 2
    endloop
  endfacet
  facet normal 0 0 1
    outer loop
      vertex 43.7028 132.514 2
      vertex 25.0757 131.014 2
      vertex 47.7028 131.314 2
    endloop
  endfacet
  facet normal 0 0 1
    outer loop
      vertex 19.6758 128.413 2
      vertex 47.7028 131.314 2
      vertex 25.0757 131.014 2
    endloop
  endfacet
  facet normal 0 0 1
    outer loop
      vertex 47.7028 131.314 2
      vertex 19.6758 128.413 2
      vertex 168.324 128.413 2
    endloop
  endfacet
  facet normal 0 0 1
    outer loop
      vertex 19.1758 131.014 2
      vertex 19.6758 127.614 2
      vertex 19.6758 128.413 2
    endloop
  endfacet
  facet normal 0 0 1
    outer loop
      vertex 19.6758 127.614 2
      vertex 19.1758 131.014 2
      vertex 19.6758 125.9 2
    endloop
  endfacet
  facet normal 0 0 1
    outer loop
      vertex 19.1758 122.5 2
      vertex 19.6758 125.9 2
      vertex 19.1758 131.014 2
    endloop
  endfacet
  facet normal -0 0 1
    outer loop
      vertex 19.1758 131.014 2
      vertex 19.6758 128.413 2
      vertex 25.0757 131.014 2
    endloop
  endfacet
  facet normal 0 0 1
    outer loop
      vertex 168.824 131.014 2
      vertex 168.324 127.614 2
      vertex 168.824 122.5 2
    endloop
  endfacet
  facet normal -0 0 1
    outer loop
      vertex 168.324 125.9 2
      vertex 168.824 122.5 2
      vertex 168.324 127.614 2
    endloop
  endfacet
  facet normal -0 0 1
    outer loop
      vertex 168.324 125.1 2
      vertex 168.824 122.5 2
      vertex 168.324 125.9 2
    endloop
  endfacet
  facet normal 0 0 1
    outer loop
      vertex 168.324 125.1 2
      vertex 162.924 122.5 2
      vertex 168.824 122.5 2
    endloop
  endfacet
  facet normal 0 0 1
    outer loop
      vertex 162.924 122.5 2
      vertex 144.297 121 2
      vertex 162.924 117.5 2
    endloop
  endfacet
  facet normal 0 0 1
    outer loop
      vertex 140.297 122.2 2
      vertex 162.924 122.5 2
      vertex 168.324 125.1 2
    endloop
  endfacet
  facet normal 0 0 1
    outer loop
      vertex 162.924 122.5 2
      vertex 140.297 122.2 2
      vertex 144.297 121 2
    endloop
  endfacet
  facet normal 0 0 1
    outer loop
      vertex 140.297 122.2 2
      vertex 49.7028 121 2
      vertex 137.297 120 2
    endloop
  endfacet
  facet normal 0 0 1
    outer loop
      vertex 45.7028 122.2 2
      vertex 140.297 122.2 2
      vertex 168.324 125.1 2
    endloop
  endfacet
  facet normal 0 0 1
    outer loop
      vertex 140.297 122.2 2
      vertex 45.7028 122.2 2
      vertex 49.7028 121 2
    endloop
  endfacet
  facet normal 0 0 1
    outer loop
      vertex 45.7028 122.2 2
      vertex 25.0757 122.5 2
      vertex 42.7028 120 2
    endloop
  endfacet
  facet normal -0 0 1
    outer loop
      vertex 19.6758 125.1 2
      vertex 45.7028 122.2 2
      vertex 168.324 125.1 2
    endloop
  endfacet
  facet normal 0 0 1
    outer loop
      vertex 45.7028 122.2 2
      vertex 19.6758 125.1 2
      vertex 25.0757 122.5 2
    endloop
  endfacet
  facet normal 0 0 1
    outer loop
      vertex 19.6758 125.1 2
      vertex 19.1758 122.5 2
      vertex 25.0757 122.5 2
    endloop
  endfacet
  facet normal 0 0 1
    outer loop
      vertex 19.6758 125.9 2
      vertex 19.1758 122.5 2
      vertex 19.6758 125.1 2
    endloop
  endfacet
  facet normal 0 0 1
    outer loop
      vertex 94.4 113.3 2
      vertex 168.324 114.1 2
      vertex 94.4 114.1 2
    endloop
  endfacet
  facet normal 0 0 1
    outer loop
      vertex 168.324 114.1 2
      vertex 94.4 113.3 2
      vertex 168.324 112.386 2
    endloop
  endfacet
  facet normal -0 0 1
    outer loop
      vertex 94.4 113.187 2
      vertex 168.324 112.386 2
      vertex 94.4 113.3 2
    endloop
  endfacet
  facet normal 0 0 1
    outer loop
      vertex 168.324 112.386 2
      vertex 94.4 113.187 2
      vertex 94.4 112.386 2
    endloop
  endfacet
  facet normal 0 0 1
    outer loop
      vertex 168.324 114.1 2
      vertex 168.824 117.5 2
      vertex 168.324 114.9 2
    endloop
  endfacet
  facet normal -0 0 1
    outer loop
      vertex 162.924 117.5 2
      vertex 168.324 114.9 2
      vertex 168.824 117.5 2
    endloop
  endfacet
  facet normal -0 0 1
    outer loop
      vertex 144.297 119 2
      vertex 162.924 117.5 2
      vertex 144.297 121 2
    endloop
  endfacet
  facet normal -0 0 1
    outer loop
      vertex 140.297 117.8 2
      vertex 162.924 117.5 2
      vertex 144.297 119 2
    endloop
  endfacet
  facet normal 0 0 1
    outer loop
      vertex 140.297 117.8 2
      vertex 144.297 119 2
      vertex 140.297 119 2
    endloop
  endfacet
  facet normal 0 0 1
    outer loop
      vertex 162.924 117.5 2
      vertex 140.297 117.8 2
      vertex 168.324 114.9 2
    endloop
  endfacet
  facet normal 0 0 1
    outer loop
      vertex 49.7028 119 2
      vertex 137.297 120 2
      vertex 49.7028 121 2
    endloop
  endfacet
  facet normal 0 0 1
    outer loop
      vertex 137.297 120 2
      vertex 49.7028 119 2
      vertex 140.297 117.8 2
    endloop
  endfacet
  facet normal 0 0 1
    outer loop
      vertex 45.7028 117.8 2
      vertex 140.297 117.8 2
      vertex 49.7028 119 2
    endloop
  endfacet
  facet normal 0 0 1
    outer loop
      vertex 45.7028 117.8 2
      vertex 49.7028 119 2
      vertex 45.7028 119 2
    endloop
  endfacet
  facet normal 0 0 1
    outer loop
      vertex 140.297 117.8 2
      vertex 45.7028 117.8 2
      vertex 168.324 114.9 2
    endloop
  endfacet
  facet normal 0 0 1
    outer loop
      vertex 25.0757 117.5 2
      vertex 42.7028 120 2
      vertex 25.0757 122.5 2
    endloop
  endfacet
  facet normal 0 0 1
    outer loop
      vertex 42.7028 120 2
      vertex 25.0757 117.5 2
      vertex 45.7028 117.8 2
    endloop
  endfacet
  facet normal 0 0 1
    outer loop
      vertex 19.6758 114.9 2
      vertex 45.7028 117.8 2
      vertex 25.0757 117.5 2
    endloop
  endfacet
  facet normal 0 0 1
    outer loop
      vertex 45.7028 117.8 2
      vertex 19.6758 114.9 2
      vertex 168.324 114.9 2
    endloop
  endfacet
  facet normal 0 0 1
    outer loop
      vertex 19.1758 117.5 2
      vertex 19.6758 114.1 2
      vertex 19.6758 114.9 2
    endloop
  endfacet
  facet normal 0 0 1
    outer loop
      vertex 19.6758 114.1 2
      vertex 19.1758 117.5 2
      vertex 19.6758 112.386 2
    endloop
  endfacet
  facet normal 0 0 1
    outer loop
      vertex 19.1758 108.986 2
      vertex 19.6758 112.386 2
      vertex 19.1758 117.5 2
    endloop
  endfacet
  facet normal -0 0 1
    outer loop
      vertex 19.1758 117.5 2
      vertex 19.6758 114.9 2
      vertex 25.0757 117.5 2
    endloop
  endfacet
  facet normal 0 0 1
    outer loop
      vertex 168.824 117.5 2
      vertex 168.324 114.1 2
      vertex 168.824 108.986 2
    endloop
  endfacet
  facet normal -0 0 1
    outer loop
      vertex 168.324 112.386 2
      vertex 168.824 108.986 2
      vertex 168.324 114.1 2
    endloop
  endfacet
  facet normal -0 0 1
    outer loop
      vertex 168.324 111.587 2
      vertex 168.824 108.986 2
      vertex 168.324 112.386 2
    endloop
  endfacet
  facet normal 0 0 1
    outer loop
      vertex 168.324 111.587 2
      vertex 162.924 108.986 2
      vertex 168.824 108.986 2
    endloop
  endfacet
  facet normal 0 0 1
    outer loop
      vertex 162.924 108.986 2
      vertex 145.297 106.486 2
      vertex 162.924 103.986 2
    endloop
  endfacet
  facet normal 0 0 1
    outer loop
      vertex 142.297 108.686 2
      vertex 162.924 108.986 2
      vertex 168.324 111.587 2
    endloop
  endfacet
  facet normal 0 0 1
    outer loop
      vertex 162.924 108.986 2
      vertex 142.297 108.686 2
      vertex 145.297 106.486 2
    endloop
  endfacet
  facet normal 0 0 1
    outer loop
      vertex 142.297 108.686 2
      vertex 138.297 107.486 2
      vertex 142.297 107.486 2
    endloop
  endfacet
  facet normal 0 0 1
    outer loop
      vertex 138.297 107.486 2
      vertex 50.7028 106.486 2
      vertex 138.297 105.486 2
    endloop
  endfacet
  facet normal -0 0 1
    outer loop
      vertex 47.7028 108.686 2
      vertex 138.297 107.486 2
      vertex 142.297 108.686 2
    endloop
  endfacet
  facet normal 0 0 1
    outer loop
      vertex 47.7028 108.686 2
      vertex 142.297 108.686 2
      vertex 168.324 111.587 2
    endloop
  endfacet
  facet normal 0 0 1
    outer loop
      vertex 138.297 107.486 2
      vertex 47.7028 108.686 2
      vertex 50.7028 106.486 2
    endloop
  endfacet
  facet normal 0 0 1
    outer loop
      vertex 47.7028 108.686 2
      vertex 43.7028 107.486 2
      vertex 47.7028 107.486 2
    endloop
  endfacet
  facet normal 0 0 1
    outer loop
      vertex 43.7028 107.486 2
      vertex 25.0757 108.986 2
      vertex 43.7028 105.486 2
    endloop
  endfacet
  facet normal 0 0 1
    outer loop
      vertex 47.7028 108.686 2
      vertex 25.0757 108.986 2
      vertex 43.7028 107.486 2
    endloop
  endfacet
  facet normal -0 0 1
    outer loop
      vertex 19.6758 111.587 2
      vertex 47.7028 108.686 2
      vertex 168.324 111.587 2
    endloop
  endfacet
  facet normal 0 0 1
    outer loop
      vertex 47.7028 108.686 2
      vertex 19.6758 111.587 2
      vertex 25.0757 108.986 2
    endloop
  endfacet
  facet normal 0 0 1
    outer loop
      vertex 19.6758 111.587 2
      vertex 19.1758 108.986 2
      vertex 25.0757 108.986 2
    endloop
  endfacet
  facet normal 0 0 1
    outer loop
      vertex 19.6758 112.386 2
      vertex 19.1758 108.986 2
      vertex 19.6758 111.587 2
    endloop
  endfacet
  facet normal 0 0 1
    outer loop
      vertex 94.4 99.7865 2
      vertex 168.324 100.587 2
      vertex 94.4 100.587 2
    endloop
  endfacet
  facet normal 0 0 1
    outer loop
      vertex 168.324 100.587 2
      vertex 94.4 99.7865 2
      vertex 168.324 98.873 2
    endloop
  endfacet
  facet normal -0 0 1
    outer loop
      vertex 94.4 99.673 2
      vertex 168.324 98.873 2
      vertex 94.4 99.7865 2
    endloop
  endfacet
  facet normal 0 0 1
    outer loop
      vertex 168.324 98.873 2
      vertex 94.4 99.673 2
      vertex 94.4 98.873 2
    endloop
  endfacet
  facet normal 0 0 1
    outer loop
      vertex 168.324 100.587 2
      vertex 168.824 103.986 2
      vertex 168.324 101.386 2
    endloop
  endfacet
  facet normal -0 0 1
    outer loop
      vertex 162.924 103.986 2
      vertex 168.324 101.386 2
      vertex 168.824 103.986 2
    endloop
  endfacet
  facet normal -0 0 1
    outer loop
      vertex 142.297 104.286 2
      vertex 162.924 103.986 2
      vertex 145.297 106.486 2
    endloop
  endfacet
  facet normal 0 0 1
    outer loop
      vertex 162.924 103.986 2
      vertex 142.297 104.286 2
      vertex 168.324 101.386 2
    endloop
  endfacet
  facet normal 0 0 1
    outer loop
      vertex 47.7028 104.286 2
      vertex 138.297 105.486 2
      vertex 50.7028 106.486 2
    endloop
  endfacet
  facet normal 0 0 1
    outer loop
      vertex 138.297 105.486 2
      vertex 47.7028 104.286 2
      vertex 142.297 104.286 2
    endloop
  endfacet
  facet normal 0 0 1
    outer loop
      vertex 142.297 104.286 2
      vertex 47.7028 104.286 2
      vertex 168.324 101.386 2
    endloop
  endfacet
  facet normal 0 0 1
    outer loop
      vertex 25.0757 103.986 2
      vertex 43.7028 105.486 2
      vertex 25.0757 108.986 2
    endloop
  endfacet
  facet normal 0 0 1
    outer loop
      vertex 43.7028 105.486 2
      vertex 25.0757 103.986 2
      vertex 47.7028 104.286 2
    endloop
  endfacet
  facet normal 0 0 1
    outer loop
      vertex 19.6758 101.386 2
      vertex 47.7028 104.286 2
      vertex 25.0757 103.986 2
    endloop
  endfacet
  facet normal 0 0 1
    outer loop
      vertex 47.7028 104.286 2
      vertex 19.6758 101.386 2
      vertex 168.324 101.386 2
    endloop
  endfacet
  facet normal 0 0 1
    outer loop
      vertex 19.1758 103.986 2
      vertex 19.6758 100.587 2
      vertex 19.6758 101.386 2
    endloop
  endfacet
  facet normal 0 0 1
    outer loop
      vertex 19.6758 100.587 2
      vertex 19.1758 103.986 2
      vertex 19.6758 98.873 2
    endloop
  endfacet
  facet normal 0 0 1
    outer loop
      vertex 19.1758 95.473 2
      vertex 19.6758 98.873 2
      vertex 19.1758 103.986 2
    endloop
  endfacet
  facet normal -0 0 1
    outer loop
      vertex 19.1758 103.986 2
      vertex 19.6758 101.386 2
      vertex 25.0757 103.986 2
    endloop
  endfacet
  facet normal 0 0 1
    outer loop
      vertex 168.824 103.986 2
      vertex 168.324 100.587 2
      vertex 168.824 95.473 2
    endloop
  endfacet
  facet normal -0 0 1
    outer loop
      vertex 168.324 98.873 2
      vertex 168.824 95.473 2
      vertex 168.324 100.587 2
    endloop
  endfacet
  facet normal -0 0 1
    outer loop
      vertex 168.324 98.073 2
      vertex 168.824 95.473 2
      vertex 168.324 98.873 2
    endloop
  endfacet
  facet normal 0 0 1
    outer loop
      vertex 168.324 98.073 2
      vertex 162.924 95.473 2
      vertex 168.824 95.473 2
    endloop
  endfacet
  facet normal 0 0 1
    outer loop
      vertex 162.924 95.473 2
      vertex 144.297 93.973 2
      vertex 162.924 90.473 2
    endloop
  endfacet
  facet normal 0 0 1
    outer loop
      vertex 140.297 95.173 2
      vertex 162.924 95.473 2
      vertex 168.324 98.073 2
    endloop
  endfacet
  facet normal 0 0 1
    outer loop
      vertex 162.924 95.473 2
      vertex 140.297 95.173 2
      vertex 144.297 93.973 2
    endloop
  endfacet
  facet normal 0 0 1
    outer loop
      vertex 140.297 95.173 2
      vertex 49.7028 93.973 2
      vertex 137.297 92.973 2
    endloop
  endfacet
  facet normal 0 0 1
    outer loop
      vertex 45.7028 95.173 2
      vertex 140.297 95.173 2
      vertex 168.324 98.073 2
    endloop
  endfacet
  facet normal 0 0 1
    outer loop
      vertex 140.297 95.173 2
      vertex 45.7028 95.173 2
      vertex 49.7028 93.973 2
    endloop
  endfacet
  facet normal 0 0 1
    outer loop
      vertex 45.7028 95.173 2
      vertex 25.0757 95.473 2
      vertex 42.7028 92.973 2
    endloop
  endfacet
  facet normal -0 0 1
    outer loop
      vertex 19.6758 98.073 2
      vertex 45.7028 95.173 2
      vertex 168.324 98.073 2
    endloop
  endfacet
  facet normal 0 0 1
    outer loop
      vertex 45.7028 95.173 2
      vertex 19.6758 98.073 2
      vertex 25.0757 95.473 2
    endloop
  endfacet
  facet normal 0 0 1
    outer loop
      vertex 19.6758 98.073 2
      vertex 19.1758 95.473 2
      vertex 25.0757 95.473 2
    endloop
  endfacet
  facet normal 0 0 1
    outer loop
      vertex 19.6758 98.873 2
      vertex 19.1758 95.473 2
      vertex 19.6758 98.073 2
    endloop
  endfacet
  facet normal 0 0 1
    outer loop
      vertex 94.4 86.273 2
      vertex 168.324 87.073 2
      vertex 94.4 87.073 2
    endloop
  endfacet
  facet normal 0 0 1
    outer loop
      vertex 168.324 87.073 2
      vertex 94.4 86.273 2
      vertex 168.324 85.3595 2
    endloop
  endfacet
  facet normal -0 0 1
    outer loop
      vertex 94.4 86.1595 2
      vertex 168.324 85.3595 2
      vertex 94.4 86.273 2
    endloop
  endfacet
  facet normal 0 0 1
    outer loop
      vertex 168.324 85.3595 2
      vertex 94.4 86.1595 2
      vertex 94.4 85.3595 2
    endloop
  endfacet
  facet normal 0 0 1
    outer loop
      vertex 168.324 87.073 2
      vertex 168.824 90.473 2
      vertex 168.324 87.873 2
    endloop
  endfacet
  facet normal -0 0 1
    outer loop
      vertex 162.924 90.473 2
      vertex 168.324 87.873 2
      vertex 168.824 90.473 2
    endloop
  endfacet
  facet normal -0 0 1
    outer loop
      vertex 144.297 91.973 2
      vertex 162.924 90.473 2
      vertex 144.297 93.973 2
    endloop
  endfacet
  facet normal -0 0 1
    outer loop
      vertex 140.297 90.773 2
      vertex 162.924 90.473 2
      vertex 144.297 91.973 2
    endloop
  endfacet
  facet normal 0 0 1
    outer loop
      vertex 140.297 90.773 2
      vertex 144.297 91.973 2
      vertex 140.297 91.973 2
    endloop
  endfacet
  facet normal 0 0 1
    outer loop
      vertex 162.924 90.473 2
      vertex 140.297 90.773 2
      vertex 168.324 87.873 2
    endloop
  endfacet
  facet normal 0 0 1
    outer loop
      vertex 49.7028 91.973 2
      vertex 137.297 92.973 2
      vertex 49.7028 93.973 2
    endloop
  endfacet
  facet normal 0 0 1
    outer loop
      vertex 137.297 92.973 2
      vertex 49.7028 91.973 2
      vertex 140.297 90.773 2
    endloop
  endfacet
  facet normal 0 0 1
    outer loop
      vertex 45.7028 90.773 2
      vertex 140.297 90.773 2
      vertex 49.7028 91.973 2
    endloop
  endfacet
  facet normal 0 0 1
    outer loop
      vertex 45.7028 90.773 2
      vertex 49.7028 91.973 2
      vertex 45.7028 91.973 2
    endloop
  endfacet
  facet normal 0 0 1
    outer loop
      vertex 140.297 90.773 2
      vertex 45.7028 90.773 2
      vertex 168.324 87.873 2
    endloop
  endfacet
  facet normal 0 0 1
    outer loop
      vertex 25.0757 90.473 2
      vertex 42.7028 92.973 2
      vertex 25.0757 95.473 2
    endloop
  endfacet
  facet normal 0 0 1
    outer loop
      vertex 42.7028 92.973 2
      vertex 25.0757 90.473 2
      vertex 45.7028 90.773 2
    endloop
  endfacet
  facet normal 0 0 1
    outer loop
      vertex 19.6758 87.873 2
      vertex 45.7028 90.773 2
      vertex 25.0757 90.473 2
    endloop
  endfacet
  facet normal 0 0 1
    outer loop
      vertex 45.7028 90.773 2
      vertex 19.6758 87.873 2
      vertex 168.324 87.873 2
    endloop
  endfacet
  facet normal 0 0 1
    outer loop
      vertex 19.1758 90.473 2
      vertex 19.6758 87.073 2
      vertex 19.6758 87.873 2
    endloop
  endfacet
  facet normal 0 0 1
    outer loop
      vertex 19.6758 87.073 2
      vertex 19.1758 90.473 2
      vertex 19.6758 85.3595 2
    endloop
  endfacet
  facet normal 0 0 1
    outer loop
      vertex 19.1758 81.9595 2
      vertex 19.6758 85.3595 2
      vertex 19.1758 90.473 2
    endloop
  endfacet
  facet normal -0 0 1
    outer loop
      vertex 19.1758 90.473 2
      vertex 19.6758 87.873 2
      vertex 25.0757 90.473 2
    endloop
  endfacet
  facet normal 0 0 1
    outer loop
      vertex 168.824 90.473 2
      vertex 168.324 87.073 2
      vertex 168.824 81.9595 2
    endloop
  endfacet
  facet normal -0 0 1
    outer loop
      vertex 168.324 85.3595 2
      vertex 168.824 81.9595 2
      vertex 168.324 87.073 2
    endloop
  endfacet
  facet normal -0 0 1
    outer loop
      vertex 168.324 84.5595 2
      vertex 168.824 81.9595 2
      vertex 168.324 85.3595 2
    endloop
  endfacet
  facet normal 0 0 1
    outer loop
      vertex 168.324 84.5595 2
      vertex 162.924 81.9595 2
      vertex 168.824 81.9595 2
    endloop
  endfacet
  facet normal 0 0 1
    outer loop
      vertex 162.924 81.9595 2
      vertex 145.297 79.4595 2
      vertex 162.924 76.9595 2
    endloop
  endfacet
  facet normal 0 0 1
    outer loop
      vertex 142.297 81.6595 2
      vertex 162.924 81.9595 2
      vertex 168.324 84.5595 2
    endloop
  endfacet
  facet normal 0 0 1
    outer loop
      vertex 162.924 81.9595 2
      vertex 142.297 81.6595 2
      vertex 145.297 79.4595 2
    endloop
  endfacet
  facet normal 0 0 1
    outer loop
      vertex 142.297 81.6595 2
      vertex 138.297 80.4595 2
      vertex 142.297 80.4595 2
    endloop
  endfacet
  facet normal 0 0 1
    outer loop
      vertex 138.297 80.4595 2
      vertex 50.7028 79.4595 2
      vertex 138.297 78.4595 2
    endloop
  endfacet
  facet normal -0 0 1
    outer loop
      vertex 47.7028 81.6595 2
      vertex 138.297 80.4595 2
      vertex 142.297 81.6595 2
    endloop
  endfacet
  facet normal 0 0 1
    outer loop
      vertex 47.7028 81.6595 2
      vertex 142.297 81.6595 2
      vertex 168.324 84.5595 2
    endloop
  endfacet
  facet normal 0 0 1
    outer loop
      vertex 138.297 80.4595 2
      vertex 47.7028 81.6595 2
      vertex 50.7028 79.4595 2
    endloop
  endfacet
  facet normal 0 0 1
    outer loop
      vertex 47.7028 81.6595 2
      vertex 43.7028 80.4595 2
      vertex 47.7028 80.4595 2
    endloop
  endfacet
  facet normal 0 0 1
    outer loop
      vertex 43.7028 80.4595 2
      vertex 25.0757 81.9595 2
      vertex 43.7028 78.4595 2
    endloop
  endfacet
  facet normal 0 0 1
    outer loop
      vertex 47.7028 81.6595 2
      vertex 25.0757 81.9595 2
      vertex 43.7028 80.4595 2
    endloop
  endfacet
  facet normal -0 0 1
    outer loop
      vertex 19.6758 84.5595 2
      vertex 47.7028 81.6595 2
      vertex 168.324 84.5595 2
    endloop
  endfacet
  facet normal 0 0 1
    outer loop
      vertex 47.7028 81.6595 2
      vertex 19.6758 84.5595 2
      vertex 25.0757 81.9595 2
    endloop
  endfacet
  facet normal 0 0 1
    outer loop
      vertex 19.6758 84.5595 2
      vertex 19.1758 81.9595 2
      vertex 25.0757 81.9595 2
    endloop
  endfacet
  facet normal 0 0 1
    outer loop
      vertex 19.6758 85.3595 2
      vertex 19.1758 81.9595 2
      vertex 19.6758 84.5595 2
    endloop
  endfacet
  facet normal 0 0 1
    outer loop
      vertex 94.4 72.7595 2
      vertex 168.324 73.5595 2
      vertex 94.4 73.5595 2
    endloop
  endfacet
  facet normal 0 0 1
    outer loop
      vertex 168.324 73.5595 2
      vertex 94.4 72.7595 2
      vertex 168.324 71.846 2
    endloop
  endfacet
  facet normal -0 0 1
    outer loop
      vertex 94.4 72.646 2
      vertex 168.324 71.846 2
      vertex 94.4 72.7595 2
    endloop
  endfacet
  facet normal 0 0 1
    outer loop
      vertex 168.324 71.846 2
      vertex 94.4 72.646 2
      vertex 94.4 71.846 2
    endloop
  endfacet
  facet normal 0 0 1
    outer loop
      vertex 168.324 73.5595 2
      vertex 168.824 76.9595 2
      vertex 168.324 74.3595 2
    endloop
  endfacet
  facet normal -0 0 1
    outer loop
      vertex 162.924 76.9595 2
      vertex 168.324 74.3595 2
      vertex 168.824 76.9595 2
    endloop
  endfacet
  facet normal -0 0 1
    outer loop
      vertex 142.297 77.2595 2
      vertex 162.924 76.9595 2
      vertex 145.297 79.4595 2
    endloop
  endfacet
  facet normal 0 0 1
    outer loop
      vertex 162.924 76.9595 2
      vertex 142.297 77.2595 2
      vertex 168.324 74.3595 2
    endloop
  endfacet
  facet normal 0 0 1
    outer loop
      vertex 47.7028 77.2595 2
      vertex 138.297 78.4595 2
      vertex 50.7028 79.4595 2
    endloop
  endfacet
  facet normal 0 0 1
    outer loop
      vertex 138.297 78.4595 2
      vertex 47.7028 77.2595 2
      vertex 142.297 77.2595 2
    endloop
  endfacet
  facet normal 0 0 1
    outer loop
      vertex 142.297 77.2595 2
      vertex 47.7028 77.2595 2
      vertex 168.324 74.3595 2
    endloop
  endfacet
  facet normal 0 0 1
    outer loop
      vertex 25.0757 76.9595 2
      vertex 43.7028 78.4595 2
      vertex 25.0757 81.9595 2
    endloop
  endfacet
  facet normal 0 0 1
    outer loop
      vertex 43.7028 78.4595 2
      vertex 25.0757 76.9595 2
      vertex 47.7028 77.2595 2
    endloop
  endfacet
  facet normal 0 0 1
    outer loop
      vertex 19.6758 74.3595 2
      vertex 47.7028 77.2595 2
      vertex 25.0757 76.9595 2
    endloop
  endfacet
  facet normal 0 0 1
    outer loop
      vertex 47.7028 77.2595 2
      vertex 19.6758 74.3595 2
      vertex 168.324 74.3595 2
    endloop
  endfacet
  facet normal 0 0 1
    outer loop
      vertex 19.1758 76.9595 2
      vertex 19.6758 73.5595 2
      vertex 19.6758 74.3595 2
    endloop
  endfacet
  facet normal 0 0 1
    outer loop
      vertex 19.6758 73.5595 2
      vertex 19.1758 76.9595 2
      vertex 19.6758 71.846 2
    endloop
  endfacet
  facet normal 0 0 1
    outer loop
      vertex 19.1758 68.446 2
      vertex 19.6758 71.846 2
      vertex 19.1758 76.9595 2
    endloop
  endfacet
  facet normal -0 0 1
    outer loop
      vertex 19.1758 76.9595 2
      vertex 19.6758 74.3595 2
      vertex 25.0757 76.9595 2
    endloop
  endfacet
  facet normal 0 0 1
    outer loop
      vertex 168.824 76.9595 2
      vertex 168.324 73.5595 2
      vertex 168.824 68.446 2
    endloop
  endfacet
  facet normal -0 0 1
    outer loop
      vertex 168.324 71.846 2
      vertex 168.824 68.446 2
      vertex 168.324 73.5595 2
    endloop
  endfacet
  facet normal -0 0 1
    outer loop
      vertex 168.324 71.046 2
      vertex 168.824 68.446 2
      vertex 168.324 71.846 2
    endloop
  endfacet
  facet normal 0 0 1
    outer loop
      vertex 168.324 71.046 2
      vertex 162.924 68.446 2
      vertex 168.824 68.446 2
    endloop
  endfacet
  facet normal 0 0 1
    outer loop
      vertex 162.924 68.446 2
      vertex 144.297 66.946 2
      vertex 162.924 63.446 2
    endloop
  endfacet
  facet normal 0 0 1
    outer loop
      vertex 140.297 68.146 2
      vertex 162.924 68.446 2
      vertex 168.324 71.046 2
    endloop
  endfacet
  facet normal 0 0 1
    outer loop
      vertex 162.924 68.446 2
      vertex 140.297 68.146 2
      vertex 144.297 66.946 2
    endloop
  endfacet
  facet normal 0 0 1
    outer loop
      vertex 140.297 68.146 2
      vertex 49.7028 66.946 2
      vertex 137.297 65.946 2
    endloop
  endfacet
  facet normal 0 0 1
    outer loop
      vertex 45.7028 68.146 2
      vertex 140.297 68.146 2
      vertex 168.324 71.046 2
    endloop
  endfacet
  facet normal 0 0 1
    outer loop
      vertex 140.297 68.146 2
      vertex 45.7028 68.146 2
      vertex 49.7028 66.946 2
    endloop
  endfacet
  facet normal 0 0 1
    outer loop
      vertex 45.7028 68.146 2
      vertex 25.0757 68.446 2
      vertex 42.7028 65.946 2
    endloop
  endfacet
  facet normal -0 0 1
    outer loop
      vertex 19.6758 71.046 2
      vertex 45.7028 68.146 2
      vertex 168.324 71.046 2
    endloop
  endfacet
  facet normal 0 0 1
    outer loop
      vertex 45.7028 68.146 2
      vertex 19.6758 71.046 2
      vertex 25.0757 68.446 2
    endloop
  endfacet
  facet normal 0 0 1
    outer loop
      vertex 19.6758 71.046 2
      vertex 19.1758 68.446 2
      vertex 25.0757 68.446 2
    endloop
  endfacet
  facet normal 0 0 1
    outer loop
      vertex 19.6758 71.846 2
      vertex 19.1758 68.446 2
      vertex 19.6758 71.046 2
    endloop
  endfacet
  facet normal 0 0 1
    outer loop
      vertex 94.4 59.246 2
      vertex 168.324 60.046 2
      vertex 94.4 60.046 2
    endloop
  endfacet
  facet normal 0 0 1
    outer loop
      vertex 168.324 60.046 2
      vertex 94.4 59.246 2
      vertex 168.324 58.3325 2
    endloop
  endfacet
  facet normal -0 0 1
    outer loop
      vertex 94.4 59.1325 2
      vertex 168.324 58.3325 2
      vertex 94.4 59.246 2
    endloop
  endfacet
  facet normal 0 0 1
    outer loop
      vertex 168.324 58.3325 2
      vertex 94.4 59.1325 2
      vertex 94.4 58.3325 2
    endloop
  endfacet
  facet normal 0 0 1
    outer loop
      vertex 168.324 60.046 2
      vertex 168.824 63.446 2
      vertex 168.324 60.846 2
    endloop
  endfacet
  facet normal -0 0 1
    outer loop
      vertex 162.924 63.446 2
      vertex 168.324 60.846 2
      vertex 168.824 63.446 2
    endloop
  endfacet
  facet normal -0 0 1
    outer loop
      vertex 144.297 64.946 2
      vertex 162.924 63.446 2
      vertex 144.297 66.946 2
    endloop
  endfacet
  facet normal -0 0 1
    outer loop
      vertex 140.297 63.746 2
      vertex 162.924 63.446 2
      vertex 144.297 64.946 2
    endloop
  endfacet
  facet normal 0 0 1
    outer loop
      vertex 140.297 63.746 2
      vertex 144.297 64.946 2
      vertex 140.297 64.946 2
    endloop
  endfacet
  facet normal 0 0 1
    outer loop
      vertex 162.924 63.446 2
      vertex 140.297 63.746 2
      vertex 168.324 60.846 2
    endloop
  endfacet
  facet normal 0 0 1
    outer loop
      vertex 49.7028 64.946 2
      vertex 137.297 65.946 2
      vertex 49.7028 66.946 2
    endloop
  endfacet
  facet normal 0 0 1
    outer loop
      vertex 137.297 65.946 2
      vertex 49.7028 64.946 2
      vertex 140.297 63.746 2
    endloop
  endfacet
  facet normal 0 0 1
    outer loop
      vertex 45.7028 63.746 2
      vertex 140.297 63.746 2
      vertex 49.7028 64.946 2
    endloop
  endfacet
  facet normal 0 0 1
    outer loop
      vertex 45.7028 63.746 2
      vertex 49.7028 64.946 2
      vertex 45.7028 64.946 2
    endloop
  endfacet
  facet normal 0 0 1
    outer loop
      vertex 140.297 63.746 2
      vertex 45.7028 63.746 2
      vertex 168.324 60.846 2
    endloop
  endfacet
  facet normal 0 0 1
    outer loop
      vertex 25.0757 63.446 2
      vertex 42.7028 65.946 2
      vertex 25.0757 68.446 2
    endloop
  endfacet
  facet normal 0 0 1
    outer loop
      vertex 42.7028 65.946 2
      vertex 25.0757 63.446 2
      vertex 45.7028 63.746 2
    endloop
  endfacet
  facet normal 0 0 1
    outer loop
      vertex 19.6758 60.846 2
      vertex 45.7028 63.746 2
      vertex 25.0757 63.446 2
    endloop
  endfacet
  facet normal 0 0 1
    outer loop
      vertex 45.7028 63.746 2
      vertex 19.6758 60.846 2
      vertex 168.324 60.846 2
    endloop
  endfacet
  facet normal 0 0 1
    outer loop
      vertex 19.1758 63.446 2
      vertex 19.6758 60.046 2
      vertex 19.6758 60.846 2
    endloop
  endfacet
  facet normal 0 0 1
    outer loop
      vertex 19.6758 60.046 2
      vertex 19.1758 63.446 2
      vertex 19.6758 58.3325 2
    endloop
  endfacet
  facet normal 0 0 1
    outer loop
      vertex 19.1758 54.9325 2
      vertex 19.6758 58.3325 2
      vertex 19.1758 63.446 2
    endloop
  endfacet
  facet normal -0 0 1
    outer loop
      vertex 19.1758 63.446 2
      vertex 19.6758 60.846 2
      vertex 25.0757 63.446 2
    endloop
  endfacet
  facet normal 0 0 1
    outer loop
      vertex 168.824 63.446 2
      vertex 168.324 60.046 2
      vertex 168.824 54.9325 2
    endloop
  endfacet
  facet normal -0 0 1
    outer loop
      vertex 168.324 58.3325 2
      vertex 168.824 54.9325 2
      vertex 168.324 60.046 2
    endloop
  endfacet
  facet normal -0 0 1
    outer loop
      vertex 168.324 57.5325 2
      vertex 168.824 54.9325 2
      vertex 168.324 58.3325 2
    endloop
  endfacet
  facet normal 0 0 1
    outer loop
      vertex 168.324 57.5325 2
      vertex 162.924 54.9325 2
      vertex 168.824 54.9325 2
    endloop
  endfacet
  facet normal 0 0 1
    outer loop
      vertex 162.924 54.9325 2
      vertex 145.297 52.4325 2
      vertex 162.924 49.9325 2
    endloop
  endfacet
  facet normal 0 0 1
    outer loop
      vertex 142.297 54.6325 2
      vertex 162.924 54.9325 2
      vertex 168.324 57.5325 2
    endloop
  endfacet
  facet normal 0 0 1
    outer loop
      vertex 162.924 54.9325 2
      vertex 142.297 54.6325 2
      vertex 145.297 52.4325 2
    endloop
  endfacet
  facet normal 0 0 1
    outer loop
      vertex 142.297 54.6325 2
      vertex 138.297 53.4325 2
      vertex 142.297 53.4325 2
    endloop
  endfacet
  facet normal 0 0 1
    outer loop
      vertex 138.297 53.4325 2
      vertex 50.7028 52.4325 2
      vertex 138.297 51.4325 2
    endloop
  endfacet
  facet normal -0 0 1
    outer loop
      vertex 47.7028 54.6325 2
      vertex 138.297 53.4325 2
      vertex 142.297 54.6325 2
    endloop
  endfacet
  facet normal 0 0 1
    outer loop
      vertex 47.7028 54.6325 2
      vertex 142.297 54.6325 2
      vertex 168.324 57.5325 2
    endloop
  endfacet
  facet normal 0 0 1
    outer loop
      vertex 138.297 53.4325 2
      vertex 47.7028 54.6325 2
      vertex 50.7028 52.4325 2
    endloop
  endfacet
  facet normal 0 0 1
    outer loop
      vertex 47.7028 54.6325 2
      vertex 43.7028 53.4325 2
      vertex 47.7028 53.4325 2
    endloop
  endfacet
  facet normal 0 0 1
    outer loop
      vertex 43.7028 53.4325 2
      vertex 25.0757 54.9325 2
      vertex 43.7028 51.4325 2
    endloop
  endfacet
  facet normal 0 0 1
    outer loop
      vertex 47.7028 54.6325 2
      vertex 25.0757 54.9325 2
      vertex 43.7028 53.4325 2
    endloop
  endfacet
  facet normal -0 0 1
    outer loop
      vertex 19.6758 57.5325 2
      vertex 47.7028 54.6325 2
      vertex 168.324 57.5325 2
    endloop
  endfacet
  facet normal 0 0 1
    outer loop
      vertex 47.7028 54.6325 2
      vertex 19.6758 57.5325 2
      vertex 25.0757 54.9325 2
    endloop
  endfacet
  facet normal 0 0 1
    outer loop
      vertex 19.6758 57.5325 2
      vertex 19.1758 54.9325 2
      vertex 25.0757 54.9325 2
    endloop
  endfacet
  facet normal 0 0 1
    outer loop
      vertex 19.6758 58.3325 2
      vertex 19.1758 54.9325 2
      vertex 19.6758 57.5325 2
    endloop
  endfacet
  facet normal 0 0 1
    outer loop
      vertex 94.4 45.7325 2
      vertex 168.324 46.5325 2
      vertex 94.4 46.5325 2
    endloop
  endfacet
  facet normal 0 0 1
    outer loop
      vertex 168.324 46.5325 2
      vertex 94.4 45.7325 2
      vertex 168.324 44.819 2
    endloop
  endfacet
  facet normal -0 0 1
    outer loop
      vertex 94.4 45.619 2
      vertex 168.324 44.819 2
      vertex 94.4 45.7325 2
    endloop
  endfacet
  facet normal 0 0 1
    outer loop
      vertex 168.324 44.819 2
      vertex 94.4 45.619 2
      vertex 94.4 44.819 2
    endloop
  endfacet
  facet normal 0 0 1
    outer loop
      vertex 168.324 46.5325 2
      vertex 168.824 49.9325 2
      vertex 168.324 47.3325 2
    endloop
  endfacet
  facet normal -0 0 1
    outer loop
      vertex 162.924 49.9325 2
      vertex 168.324 47.3325 2
      vertex 168.824 49.9325 2
    endloop
  endfacet
  facet normal -0 0 1
    outer loop
      vertex 142.297 50.2325 2
      vertex 162.924 49.9325 2
      vertex 145.297 52.4325 2
    endloop
  endfacet
  facet normal 0 0 1
    outer loop
      vertex 162.924 49.9325 2
      vertex 142.297 50.2325 2
      vertex 168.324 47.3325 2
    endloop
  endfacet
  facet normal 0 0 1
    outer loop
      vertex 47.7028 50.2325 2
      vertex 138.297 51.4325 2
      vertex 50.7028 52.4325 2
    endloop
  endfacet
  facet normal 0 0 1
    outer loop
      vertex 138.297 51.4325 2
      vertex 47.7028 50.2325 2
      vertex 142.297 50.2325 2
    endloop
  endfacet
  facet normal 0 0 1
    outer loop
      vertex 142.297 50.2325 2
      vertex 47.7028 50.2325 2
      vertex 168.324 47.3325 2
    endloop
  endfacet
  facet normal 0 0 1
    outer loop
      vertex 25.0757 49.9325 2
      vertex 43.7028 51.4325 2
      vertex 25.0757 54.9325 2
    endloop
  endfacet
  facet normal 0 0 1
    outer loop
      vertex 43.7028 51.4325 2
      vertex 25.0757 49.9325 2
      vertex 47.7028 50.2325 2
    endloop
  endfacet
  facet normal 0 0 1
    outer loop
      vertex 19.6758 47.3325 2
      vertex 47.7028 50.2325 2
      vertex 25.0757 49.9325 2
    endloop
  endfacet
  facet normal 0 0 1
    outer loop
      vertex 47.7028 50.2325 2
      vertex 19.6758 47.3325 2
      vertex 168.324 47.3325 2
    endloop
  endfacet
  facet normal 0 0 1
    outer loop
      vertex 19.1758 49.9325 2
      vertex 19.6758 46.5325 2
      vertex 19.6758 47.3325 2
    endloop
  endfacet
  facet normal 0 0 1
    outer loop
      vertex 19.6758 46.5325 2
      vertex 19.1758 49.9325 2
      vertex 19.6758 44.819 2
    endloop
  endfacet
  facet normal 0 0 1
    outer loop
      vertex 19.1758 41.419 2
      vertex 19.6758 44.819 2
      vertex 19.1758 49.9325 2
    endloop
  endfacet
  facet normal -0 0 1
    outer loop
      vertex 19.1758 49.9325 2
      vertex 19.6758 47.3325 2
      vertex 25.0757 49.9325 2
    endloop
  endfacet
  facet normal 0 0 1
    outer loop
      vertex 168.824 49.9325 2
      vertex 168.324 46.5325 2
      vertex 168.824 41.419 2
    endloop
  endfacet
  facet normal -0 0 1
    outer loop
      vertex 168.324 44.819 2
      vertex 168.824 41.419 2
      vertex 168.324 46.5325 2
    endloop
  endfacet
  facet normal -0 0 1
    outer loop
      vertex 168.324 44.019 2
      vertex 168.824 41.419 2
      vertex 168.324 44.819 2
    endloop
  endfacet
  facet normal 0 0 1
    outer loop
      vertex 168.324 44.019 2
      vertex 162.924 41.419 2
      vertex 168.824 41.419 2
    endloop
  endfacet
  facet normal 0 0 1
    outer loop
      vertex 162.924 41.419 2
      vertex 144.297 39.919 2
      vertex 162.924 36.419 2
    endloop
  endfacet
  facet normal 0 0 1
    outer loop
      vertex 140.297 41.119 2
      vertex 162.924 41.419 2
      vertex 168.324 44.019 2
    endloop
  endfacet
  facet normal 0 0 1
    outer loop
      vertex 162.924 41.419 2
      vertex 140.297 41.119 2
      vertex 144.297 39.919 2
    endloop
  endfacet
  facet normal 0 0 1
    outer loop
      vertex 140.297 41.119 2
      vertex 49.7028 39.919 2
      vertex 137.297 38.919 2
    endloop
  endfacet
  facet normal 0 0 1
    outer loop
      vertex 45.7028 41.119 2
      vertex 140.297 41.119 2
      vertex 168.324 44.019 2
    endloop
  endfacet
  facet normal 0 0 1
    outer loop
      vertex 140.297 41.119 2
      vertex 45.7028 41.119 2
      vertex 49.7028 39.919 2
    endloop
  endfacet
  facet normal 0 0 1
    outer loop
      vertex 45.7028 41.119 2
      vertex 25.0757 41.419 2
      vertex 42.7028 38.919 2
    endloop
  endfacet
  facet normal -0 0 1
    outer loop
      vertex 19.6758 44.019 2
      vertex 45.7028 41.119 2
      vertex 168.324 44.019 2
    endloop
  endfacet
  facet normal 0 0 1
    outer loop
      vertex 45.7028 41.119 2
      vertex 19.6758 44.019 2
      vertex 25.0757 41.419 2
    endloop
  endfacet
  facet normal 0 0 1
    outer loop
      vertex 19.6758 44.019 2
      vertex 19.1758 41.419 2
      vertex 25.0757 41.419 2
    endloop
  endfacet
  facet normal 0 0 1
    outer loop
      vertex 19.6758 44.819 2
      vertex 19.1758 41.419 2
      vertex 19.6758 44.019 2
    endloop
  endfacet
  facet normal 0 0 1
    outer loop
      vertex 168.824 36.419 2
      vertex 168.411 34.7816 2
      vertex 168.824 34.9071 2
    endloop
  endfacet
  facet normal 0 0 1
    outer loop
      vertex 168.824 36.419 2
      vertex 167.546 34.3196 2
      vertex 168.411 34.7816 2
    endloop
  endfacet
  facet normal -0 0 1
    outer loop
      vertex 162.924 36.419 2
      vertex 167.546 34.3196 2
      vertex 168.824 36.419 2
    endloop
  endfacet
  facet normal 0 0 1
    outer loop
      vertex 167.546 34.3196 2
      vertex 162.924 36.419 2
      vertex 166.936 33.819 2
    endloop
  endfacet
  facet normal -0 0 1
    outer loop
      vertex 144.297 37.919 2
      vertex 162.924 36.419 2
      vertex 144.297 39.919 2
    endloop
  endfacet
  facet normal 0 0 1
    outer loop
      vertex 162.924 36.419 2
      vertex 144.297 37.919 2
      vertex 166.936 33.819 2
    endloop
  endfacet
  facet normal 0 0 1
    outer loop
      vertex 140.297 36.719 2
      vertex 144.297 37.919 2
      vertex 140.297 37.919 2
    endloop
  endfacet
  facet normal 0 0 1
    outer loop
      vertex 144.297 37.919 2
      vertex 140.297 36.719 2
      vertex 166.936 33.819 2
    endloop
  endfacet
  facet normal 0 0 1
    outer loop
      vertex 49.7028 37.919 2
      vertex 137.297 38.919 2
      vertex 49.7028 39.919 2
    endloop
  endfacet
  facet normal 0 0 1
    outer loop
      vertex 137.297 38.919 2
      vertex 49.7028 37.919 2
      vertex 140.297 36.719 2
    endloop
  endfacet
  facet normal 0 0 1
    outer loop
      vertex 45.7028 36.719 2
      vertex 140.297 36.719 2
      vertex 49.7028 37.919 2
    endloop
  endfacet
  facet normal 0 0 1
    outer loop
      vertex 45.7028 36.719 2
      vertex 49.7028 37.919 2
      vertex 45.7028 37.919 2
    endloop
  endfacet
  facet normal 0 0 1
    outer loop
      vertex 140.297 36.719 2
      vertex 45.7028 36.719 2
      vertex 166.936 33.819 2
    endloop
  endfacet
  facet normal 0 0 1
    outer loop
      vertex 25.0757 36.419 2
      vertex 42.7028 38.919 2
      vertex 25.0757 41.419 2
    endloop
  endfacet
  facet normal 0 0 1
    outer loop
      vertex 42.7028 38.919 2
      vertex 25.0757 36.419 2
      vertex 45.7028 36.719 2
    endloop
  endfacet
  facet normal 0 0 1
    outer loop
      vertex 21.0636 33.819 2
      vertex 45.7028 36.719 2
      vertex 25.0757 36.419 2
    endloop
  endfacet
  facet normal 0 0 1
    outer loop
      vertex 45.7028 36.719 2
      vertex 21.0636 33.819 2
      vertex 166.936 33.819 2
    endloop
  endfacet
  facet normal 0 0 1
    outer loop
      vertex 25.0757 36.419 2
      vertex 20.4536 34.3196 2
      vertex 21.0636 33.819 2
    endloop
  endfacet
  facet normal -0 0 1
    outer loop
      vertex 19.1758 36.419 2
      vertex 20.4536 34.3196 2
      vertex 25.0757 36.419 2
    endloop
  endfacet
  facet normal 0 0 1
    outer loop
      vertex 20.4536 34.3196 2
      vertex 19.1758 36.419 2
      vertex 19.5892 34.7816 2
    endloop
  endfacet
  facet normal 0 0 1
    outer loop
      vertex 19.5892 34.7816 2
      vertex 19.1758 36.419 2
      vertex 19.1758 34.9071 2
    endloop
  endfacet
  facet normal 0 0 1
    outer loop
      vertex 165.579 221.851 2
      vertex 93.6 221.294 2
      vertex 94.4 221.294 2
    endloop
  endfacet
  facet normal -0 0 1
    outer loop
      vertex 22.4206 221.851 2
      vertex 93.6 221.294 2
      vertex 165.579 221.851 2
    endloop
  endfacet
  facet normal 0 0 1
    outer loop
      vertex 22.4206 221.851 2
      vertex 93.6 220.495 2
      vertex 93.6 221.294 2
    endloop
  endfacet
  facet normal -0 0 1
    outer loop
      vertex 22.2951 221.438 2
      vertex 93.6 220.495 2
      vertex 22.4206 221.851 2
    endloop
  endfacet
  facet normal -0 0 1
    outer loop
      vertex 21.8331 220.573 2
      vertex 93.6 220.495 2
      vertex 22.2951 221.438 2
    endloop
  endfacet
  facet normal 0 0 1
    outer loop
      vertex 93.6 220.495 2
      vertex 21.8331 220.573 2
      vertex 21.7683 220.495 2
    endloop
  endfacet
  facet normal 0 0 1
    outer loop
      vertex 94.4 220.495 2
      vertex 165.579 221.851 2
      vertex 94.4 221.294 2
    endloop
  endfacet
  facet normal 0 0 1
    outer loop
      vertex 165.579 221.851 2
      vertex 94.4 220.495 2
      vertex 165.705 221.438 2
    endloop
  endfacet
  facet normal 0 0 1
    outer loop
      vertex 165.705 221.438 2
      vertex 94.4 220.495 2
      vertex 166.167 220.573 2
    endloop
  endfacet
  facet normal 0 0 1
    outer loop
      vertex 166.167 220.573 2
      vertex 94.4 220.495 2
      vertex 166.232 220.495 2
    endloop
  endfacet
  facet normal 0 0 -1
    outer loop
      vertex 19.2757 30.1623 0
      vertex 22.6758 30.1623 0
      vertex 22.5797 29.1868 0
    endloop
  endfacet
  facet normal 0 0 -1
    outer loop
      vertex 22.6758 30.1623 0
      vertex 19.2757 30.1623 0
      vertex 22.5797 31.1377 0
    endloop
  endfacet
  facet normal 0 0 -1
    outer loop
      vertex 19.245 29.8501 0
      vertex 22.5797 29.1868 0
      vertex 22.2951 28.2488 0
    endloop
  endfacet
  facet normal 0 0 -1
    outer loop
      vertex 121.427 18.1488 0
      vertex 66.573 18.1488 0
      vertex 121.427 31.6623 0
    endloop
  endfacet
  facet normal 0 0 -1
    outer loop
      vertex 162.924 41.419 0
      vertex 168.824 49.9325 0
      vertex 168.824 41.419 0
    endloop
  endfacet
  facet normal -0 0 -1
    outer loop
      vertex 168.824 49.9325 0
      vertex 162.924 41.419 0
      vertex 162.924 49.9325 0
    endloop
  endfacet
  facet normal 0 0 -1
    outer loop
      vertex 162.924 54.9325 0
      vertex 168.824 63.446 0
      vertex 168.824 54.9325 0
    endloop
  endfacet
  facet normal -0 0 -1
    outer loop
      vertex 168.824 63.446 0
      vertex 162.924 54.9325 0
      vertex 162.924 63.446 0
    endloop
  endfacet
  facet normal 0 0 -1
    outer loop
      vertex 162.924 68.446 0
      vertex 168.824 76.9595 0
      vertex 168.824 68.446 0
    endloop
  endfacet
  facet normal -0 0 -1
    outer loop
      vertex 168.824 76.9595 0
      vertex 162.924 68.446 0
      vertex 162.924 76.9595 0
    endloop
  endfacet
  facet normal 0 0 -1
    outer loop
      vertex 162.924 81.9595 0
      vertex 168.824 90.473 0
      vertex 168.824 81.9595 0
    endloop
  endfacet
  facet normal -0 0 -1
    outer loop
      vertex 168.824 90.473 0
      vertex 162.924 81.9595 0
      vertex 162.924 90.473 0
    endloop
  endfacet
  facet normal 0 0 -1
    outer loop
      vertex 162.924 95.473 0
      vertex 168.824 103.986 0
      vertex 168.824 95.473 0
    endloop
  endfacet
  facet normal -0 0 -1
    outer loop
      vertex 168.824 103.986 0
      vertex 162.924 95.473 0
      vertex 162.924 103.986 0
    endloop
  endfacet
  facet normal 0 0 -1
    outer loop
      vertex 162.924 108.986 0
      vertex 168.824 117.5 0
      vertex 168.824 108.986 0
    endloop
  endfacet
  facet normal -0 0 -1
    outer loop
      vertex 168.824 117.5 0
      vertex 162.924 108.986 0
      vertex 162.924 117.5 0
    endloop
  endfacet
  facet normal 0 0 -1
    outer loop
      vertex 162.924 122.5 0
      vertex 168.824 131.014 0
      vertex 168.824 122.5 0
    endloop
  endfacet
  facet normal -0 0 -1
    outer loop
      vertex 168.824 131.014 0
      vertex 162.924 122.5 0
      vertex 162.924 131.014 0
    endloop
  endfacet
  facet normal 0 0 -1
    outer loop
      vertex 162.924 136.014 0
      vertex 168.824 144.527 0
      vertex 168.824 136.014 0
    endloop
  endfacet
  facet normal -0 0 -1
    outer loop
      vertex 168.824 144.527 0
      vertex 162.924 136.014 0
      vertex 162.924 144.527 0
    endloop
  endfacet
  facet normal 0 0 -1
    outer loop
      vertex 162.924 149.527 0
      vertex 168.824 158.04 0
      vertex 168.824 149.527 0
    endloop
  endfacet
  facet normal -0 0 -1
    outer loop
      vertex 168.824 158.04 0
      vertex 162.924 149.527 0
      vertex 162.924 158.04 0
    endloop
  endfacet
  facet normal 0 0 -1
    outer loop
      vertex 162.924 163.04 0
      vertex 168.824 171.554 0
      vertex 168.824 163.04 0
    endloop
  endfacet
  facet normal -0 0 -1
    outer loop
      vertex 168.824 171.554 0
      vertex 162.924 163.04 0
      vertex 162.924 171.554 0
    endloop
  endfacet
  facet normal 0 0 -1
    outer loop
      vertex 162.924 176.554 0
      vertex 168.824 185.068 0
      vertex 168.824 176.554 0
    endloop
  endfacet
  facet normal -0 0 -1
    outer loop
      vertex 168.824 185.068 0
      vertex 162.924 176.554 0
      vertex 162.924 185.068 0
    endloop
  endfacet
  facet normal 0 0 -1
    outer loop
      vertex 162.924 190.068 0
      vertex 168.824 198.581 0
      vertex 168.824 190.068 0
    endloop
  endfacet
  facet normal -0 0 -1
    outer loop
      vertex 168.824 198.581 0
      vertex 162.924 190.068 0
      vertex 162.924 198.581 0
    endloop
  endfacet
  facet normal 0 0 -1
    outer loop
      vertex 162.924 203.581 0
      vertex 168.824 212.094 0
      vertex 168.824 203.581 0
    endloop
  endfacet
  facet normal -0 0 -1
    outer loop
      vertex 168.824 212.094 0
      vertex 162.924 203.581 0
      vertex 162.924 212.094 0
    endloop
  endfacet
  facet normal 0 0 -1
    outer loop
      vertex 165.324 30.1623 0
      vertex 168.724 30.1623 0
      vertex 165.42 29.1868 0
    endloop
  endfacet
  facet normal 0 -0 -1
    outer loop
      vertex 165.42 31.1377 0
      vertex 168.724 30.1623 0
      vertex 165.324 30.1623 0
    endloop
  endfacet
  facet normal 0 0 -1
    outer loop
      vertex 168.724 30.1623 0
      vertex 165.42 31.1377 0
      vertex 165.579 31.6623 0
    endloop
  endfacet
  facet normal 0 0 -1
    outer loop
      vertex 162.924 217.094 0
      vertex 168.824 218.606 0
      vertex 168.824 217.094 0
    endloop
  endfacet
  facet normal 0 0 -1
    outer loop
      vertex 168.824 218.606 0
      vertex 165.579 221.851 0
      vertex 168.755 223.039 0
    endloop
  endfacet
  facet normal 0 0 -1
    outer loop
      vertex 165.42 222.376 0
      vertex 168.755 223.039 0
      vertex 165.579 221.851 0
    endloop
  endfacet
  facet normal -0 0 -1
    outer loop
      vertex 168.755 223.039 0
      vertex 165.42 222.376 0
      vertex 168.724 223.351 0
    endloop
  endfacet
  facet normal 0 0 -1
    outer loop
      vertex 168.724 223.351 0
      vertex 167.546 227.509 0
      vertex 168.411 227.971 0
    endloop
  endfacet
  facet normal 0 0 -1
    outer loop
      vertex 168.724 223.351 0
      vertex 166.789 226.887 0
      vertex 167.546 227.509 0
    endloop
  endfacet
  facet normal 0 0 -1
    outer loop
      vertex 168.724 223.351 0
      vertex 166.167 226.129 0
      vertex 166.789 226.887 0
    endloop
  endfacet
  facet normal 0 0 -1
    outer loop
      vertex 168.724 223.351 0
      vertex 165.705 225.265 0
      vertex 166.167 226.129 0
    endloop
  endfacet
  facet normal -0 0 -1
    outer loop
      vertex 168.824 218.606 0
      vertex 162.924 217.094 0
      vertex 165.579 221.851 0
    endloop
  endfacet
  facet normal 0 0 -1
    outer loop
      vertex 162.924 158.04 0
      vertex 25.0757 158.04 0
      vertex 162.924 163.04 0
    endloop
  endfacet
  facet normal 0 0 -1
    outer loop
      vertex 25.0757 163.04 0
      vertex 162.924 163.04 0
      vertex 25.0757 158.04 0
    endloop
  endfacet
  facet normal 0 0 -1
    outer loop
      vertex 25.0757 41.419 0
      vertex 66.573 31.6623 0
      vertex 25.0757 36.419 0
    endloop
  endfacet
  facet normal 0 0 -1
    outer loop
      vertex 25.0757 49.9325 0
      vertex 66.573 31.6623 0
      vertex 25.0757 41.419 0
    endloop
  endfacet
  facet normal 0 0 -1
    outer loop
      vertex 25.0757 54.9325 0
      vertex 66.573 31.6623 0
      vertex 25.0757 49.9325 0
    endloop
  endfacet
  facet normal 0 0 -1
    outer loop
      vertex 25.0757 63.446 0
      vertex 66.573 31.6623 0
      vertex 25.0757 54.9325 0
    endloop
  endfacet
  facet normal 0 0 -1
    outer loop
      vertex 25.0757 68.446 0
      vertex 66.573 31.6623 0
      vertex 25.0757 63.446 0
    endloop
  endfacet
  facet normal 0 0 -1
    outer loop
      vertex 25.0757 76.9595 0
      vertex 66.573 31.6623 0
      vertex 25.0757 68.446 0
    endloop
  endfacet
  facet normal 0 0 -1
    outer loop
      vertex 25.0757 81.9595 0
      vertex 66.573 31.6623 0
      vertex 25.0757 76.9595 0
    endloop
  endfacet
  facet normal 0 0 -1
    outer loop
      vertex 25.0757 90.473 0
      vertex 66.573 31.6623 0
      vertex 25.0757 81.9595 0
    endloop
  endfacet
  facet normal 0 0 -1
    outer loop
      vertex 25.0757 95.473 0
      vertex 66.573 31.6623 0
      vertex 25.0757 90.473 0
    endloop
  endfacet
  facet normal 0 0 -1
    outer loop
      vertex 25.0757 103.986 0
      vertex 66.573 31.6623 0
      vertex 25.0757 95.473 0
    endloop
  endfacet
  facet normal 0 0 -1
    outer loop
      vertex 25.0757 108.986 0
      vertex 66.573 31.6623 0
      vertex 25.0757 103.986 0
    endloop
  endfacet
  facet normal 0 0 -1
    outer loop
      vertex 25.0757 117.5 0
      vertex 66.573 31.6623 0
      vertex 25.0757 108.986 0
    endloop
  endfacet
  facet normal 0 0 -1
    outer loop
      vertex 162.924 163.04 0
      vertex 25.0757 163.04 0
      vertex 162.924 171.554 0
    endloop
  endfacet
  facet normal 0 0 -1
    outer loop
      vertex 25.0757 171.554 0
      vertex 162.924 171.554 0
      vertex 25.0757 163.04 0
    endloop
  endfacet
  facet normal 0 0 -1
    outer loop
      vertex 162.924 171.554 0
      vertex 25.0757 171.554 0
      vertex 162.924 176.554 0
    endloop
  endfacet
  facet normal 0 0 -1
    outer loop
      vertex 25.0757 176.554 0
      vertex 162.924 176.554 0
      vertex 25.0757 171.554 0
    endloop
  endfacet
  facet normal 0 0 -1
    outer loop
      vertex 162.924 176.554 0
      vertex 25.0757 176.554 0
      vertex 162.924 185.068 0
    endloop
  endfacet
  facet normal 0 0 -1
    outer loop
      vertex 25.0757 185.068 0
      vertex 162.924 185.068 0
      vertex 25.0757 176.554 0
    endloop
  endfacet
  facet normal 0 0 -1
    outer loop
      vertex 162.924 185.068 0
      vertex 25.0757 185.068 0
      vertex 162.924 190.068 0
    endloop
  endfacet
  facet normal 0 0 -1
    outer loop
      vertex 25.0757 190.068 0
      vertex 162.924 190.068 0
      vertex 25.0757 185.068 0
    endloop
  endfacet
  facet normal 0 0 -1
    outer loop
      vertex 162.924 190.068 0
      vertex 25.0757 190.068 0
      vertex 162.924 198.581 0
    endloop
  endfacet
  facet normal 0 0 -1
    outer loop
      vertex 25.0757 198.581 0
      vertex 162.924 198.581 0
      vertex 25.0757 190.068 0
    endloop
  endfacet
  facet normal 0 0 -1
    outer loop
      vertex 162.924 198.581 0
      vertex 25.0757 198.581 0
      vertex 162.924 203.581 0
    endloop
  endfacet
  facet normal 0 0 -1
    outer loop
      vertex 25.0757 203.581 0
      vertex 162.924 203.581 0
      vertex 25.0757 198.581 0
    endloop
  endfacet
  facet normal 0 0 -1
    outer loop
      vertex 162.924 203.581 0
      vertex 25.0757 203.581 0
      vertex 162.924 212.094 0
    endloop
  endfacet
  facet normal 0 0 -1
    outer loop
      vertex 25.0757 212.094 0
      vertex 162.924 212.094 0
      vertex 25.0757 203.581 0
    endloop
  endfacet
  facet normal 0 0 -1
    outer loop
      vertex 162.924 212.094 0
      vertex 25.0757 212.094 0
      vertex 162.924 217.094 0
    endloop
  endfacet
  facet normal 0 0 -1
    outer loop
      vertex 25.0757 217.094 0
      vertex 162.924 217.094 0
      vertex 25.0757 212.094 0
    endloop
  endfacet
  facet normal 0 0 -1
    outer loop
      vertex 162.924 217.094 0
      vertex 25.0757 217.094 0
      vertex 165.579 221.851 0
    endloop
  endfacet
  facet normal 0 0 -1
    outer loop
      vertex 25.0757 217.094 0
      vertex 22.4206 221.851 0
      vertex 165.579 221.851 0
    endloop
  endfacet
  facet normal 0 0 -1
    outer loop
      vertex 19.245 223.663 0
      vertex 22.5797 224.327 0
      vertex 19.2757 223.351 0
    endloop
  endfacet
  facet normal 0 0 -1
    outer loop
      vertex 19.154 223.964 0
      vertex 22.2951 225.265 0
      vertex 19.245 223.663 0
    endloop
  endfacet
  facet normal -0 0 -1
    outer loop
      vertex 22.2951 225.265 0
      vertex 19.154 223.964 0
      vertex 21.8331 226.129 0
    endloop
  endfacet
  facet normal -0 0 -1
    outer loop
      vertex 21.8331 226.129 0
      vertex 19.0061 224.24 0
      vertex 21.2113 226.887 0
    endloop
  endfacet
  facet normal -0 0 -1
    outer loop
      vertex 22.5797 224.327 0
      vertex 19.245 223.663 0
      vertex 22.2951 225.265 0
    endloop
  endfacet
  facet normal 0 0 -1
    outer loop
      vertex 19.1758 218.606 0
      vertex 22.4206 221.851 0
      vertex 25.0757 217.094 0
    endloop
  endfacet
  facet normal 0 0 -1
    outer loop
      vertex 22.4206 221.851 0
      vertex 19.245 223.039 0
      vertex 19.2757 223.351 0
    endloop
  endfacet
  facet normal 0 0 -1
    outer loop
      vertex 19.1758 218.606 0
      vertex 25.0757 217.094 0
      vertex 19.1758 217.094 0
    endloop
  endfacet
  facet normal 0 0 -1
    outer loop
      vertex 18.8071 222.22 0
      vertex 22.4206 221.851 0
      vertex 19.1758 218.606 0
    endloop
  endfacet
  facet normal 0 0 -1
    outer loop
      vertex 22.4206 221.851 0
      vertex 19.154 222.739 0
      vertex 19.245 223.039 0
    endloop
  endfacet
  facet normal 0 0 -1
    outer loop
      vertex 22.4206 221.851 0
      vertex 19.0061 222.462 0
      vertex 19.154 222.739 0
    endloop
  endfacet
  facet normal 0 0 -1
    outer loop
      vertex 22.4206 221.851 0
      vertex 18.8071 222.22 0
      vertex 19.0061 222.462 0
    endloop
  endfacet
  facet normal 0 0 -1
    outer loop
      vertex 17.9879 221.782 0
      vertex 19.1758 218.606 0
      vertex 18.6512 218.447 0
    endloop
  endfacet
  facet normal 0 0 -1
    outer loop
      vertex 19.1758 218.606 0
      vertex 18.5647 222.021 0
      vertex 18.8071 222.22 0
    endloop
  endfacet
  facet normal 0 0 -1
    outer loop
      vertex 19.1758 218.606 0
      vertex 18.288 221.873 0
      vertex 18.5647 222.021 0
    endloop
  endfacet
  facet normal 0 0 -1
    outer loop
      vertex 19.1758 218.606 0
      vertex 17.9879 221.782 0
      vertex 18.288 221.873 0
    endloop
  endfacet
  facet normal 0 0 -1
    outer loop
      vertex 17.6758 218.351 0
      vertex 17.9879 221.782 0
      vertex 18.6512 218.447 0
    endloop
  endfacet
  facet normal 0 0 -1
    outer loop
      vertex 17.6758 218.351 0
      vertex 17.6758 221.751 0
      vertex 17.9879 221.782 0
    endloop
  endfacet
  facet normal 0 0 -1
    outer loop
      vertex 17.6758 218.351 0
      vertex 17.3636 221.782 0
      vertex 17.6758 221.751 0
    endloop
  endfacet
  facet normal 0 0 -1
    outer loop
      vertex 16.7003 218.447 0
      vertex 17.3636 221.782 0
      vertex 17.6758 218.351 0
    endloop
  endfacet
  facet normal -0 0 -1
    outer loop
      vertex 17.3636 221.782 0
      vertex 16.7003 218.447 0
      vertex 17.0635 221.873 0
    endloop
  endfacet
  facet normal 0 0 -1
    outer loop
      vertex 15.7623 218.732 0
      vertex 17.0635 221.873 0
      vertex 16.7003 218.447 0
    endloop
  endfacet
  facet normal -0 0 -1
    outer loop
      vertex 17.0635 221.873 0
      vertex 15.7623 218.732 0
      vertex 16.7868 222.021 0
    endloop
  endfacet
  facet normal 0 0 -1
    outer loop
      vertex 14.8979 219.194 0
      vertex 16.7868 222.021 0
      vertex 15.7623 218.732 0
    endloop
  endfacet
  facet normal -0 0 -1
    outer loop
      vertex 16.7868 222.021 0
      vertex 14.8979 219.194 0
      vertex 16.5444 222.22 0
    endloop
  endfacet
  facet normal 0 0 -1
    outer loop
      vertex 14.1402 219.816 0
      vertex 16.5444 222.22 0
      vertex 14.8979 219.194 0
    endloop
  endfacet
  facet normal 0 0 -1
    outer loop
      vertex 13.5184 220.573 0
      vertex 16.3454 222.462 0
      vertex 14.1402 219.816 0
    endloop
  endfacet
  facet normal -0 0 -1
    outer loop
      vertex 16.5444 222.22 0
      vertex 14.1402 219.816 0
      vertex 16.3454 222.462 0
    endloop
  endfacet
  facet normal 0 0 -1
    outer loop
      vertex 171.924 223.351 0
      vertex 175.324 223.351 0
      vertex 175.228 222.376 0
    endloop
  endfacet
  facet normal 0 0 -1
    outer loop
      vertex 171.894 223.039 0
      vertex 175.228 222.376 0
      vertex 174.944 221.438 0
    endloop
  endfacet
  facet normal 0 0 -1
    outer loop
      vertex 175.324 223.351 0
      vertex 171.924 223.351 0
      vertex 175.228 224.327 0
    endloop
  endfacet
  facet normal 0 0 -1
    outer loop
      vertex 171.802 222.739 0
      vertex 174.944 221.438 0
      vertex 174.482 220.573 0
    endloop
  endfacet
  facet normal 0 0 -1
    outer loop
      vertex 171.894 223.663 0
      vertex 175.228 224.327 0
      vertex 171.924 223.351 0
    endloop
  endfacet
  facet normal 0 0 -1
    outer loop
      vertex 171.655 222.462 0
      vertex 174.482 220.573 0
      vertex 173.86 219.816 0
    endloop
  endfacet
  facet normal -0 0 -1
    outer loop
      vertex 175.228 224.327 0
      vertex 171.894 223.663 0
      vertex 174.944 225.265 0
    endloop
  endfacet
  facet normal 0 0 -1
    outer loop
      vertex 171.456 222.22 0
      vertex 173.86 219.816 0
      vertex 173.102 219.194 0
    endloop
  endfacet
  facet normal 0 0 -1
    outer loop
      vertex 171.802 223.964 0
      vertex 174.944 225.265 0
      vertex 171.894 223.663 0
    endloop
  endfacet
  facet normal 0 0 -1
    outer loop
      vertex 171.213 222.021 0
      vertex 173.102 219.194 0
      vertex 172.238 218.732 0
    endloop
  endfacet
  facet normal -0 0 -1
    outer loop
      vertex 174.944 225.265 0
      vertex 171.802 223.964 0
      vertex 174.482 226.129 0
    endloop
  endfacet
  facet normal 0 0 -1
    outer loop
      vertex 171.655 224.24 0
      vertex 174.482 226.129 0
      vertex 171.802 223.964 0
    endloop
  endfacet
  facet normal 0 0 -1
    outer loop
      vertex 175.228 222.376 0
      vertex 171.894 223.039 0
      vertex 171.924 223.351 0
    endloop
  endfacet
  facet normal 0 0 -1
    outer loop
      vertex 174.944 221.438 0
      vertex 171.802 222.739 0
      vertex 171.894 223.039 0
    endloop
  endfacet
  facet normal 0 0 -1
    outer loop
      vertex 174.482 220.573 0
      vertex 171.655 222.462 0
      vertex 171.802 222.739 0
    endloop
  endfacet
  facet normal 0 0 -1
    outer loop
      vertex 173.86 219.816 0
      vertex 171.456 222.22 0
      vertex 171.655 222.462 0
    endloop
  endfacet
  facet normal 0 0 -1
    outer loop
      vertex 170.937 221.873 0
      vertex 172.238 218.732 0
      vertex 171.3 218.447 0
    endloop
  endfacet
  facet normal 0 0 -1
    outer loop
      vertex 173.102 219.194 0
      vertex 171.213 222.021 0
      vertex 171.456 222.22 0
    endloop
  endfacet
  facet normal 0 0 -1
    outer loop
      vertex 172.238 218.732 0
      vertex 170.937 221.873 0
      vertex 171.213 222.021 0
    endloop
  endfacet
  facet normal 0 0 -1
    outer loop
      vertex 171.3 218.447 0
      vertex 170.636 221.782 0
      vertex 170.937 221.873 0
    endloop
  endfacet
  facet normal 0 0 -1
    outer loop
      vertex 170.324 218.351 0
      vertex 170.636 221.782 0
      vertex 171.3 218.447 0
    endloop
  endfacet
  facet normal 0 0 -1
    outer loop
      vertex 170.324 218.351 0
      vertex 170.324 221.751 0
      vertex 170.636 221.782 0
    endloop
  endfacet
  facet normal 0 0 -1
    outer loop
      vertex 170.324 218.351 0
      vertex 170.012 221.782 0
      vertex 170.324 221.751 0
    endloop
  endfacet
  facet normal 0 0 -1
    outer loop
      vertex 169.349 218.447 0
      vertex 170.012 221.782 0
      vertex 170.324 218.351 0
    endloop
  endfacet
  facet normal 0 0 -1
    outer loop
      vertex 168.824 218.606 0
      vertex 170.012 221.782 0
      vertex 169.349 218.447 0
    endloop
  endfacet
  facet normal -0 0 -1
    outer loop
      vertex 170.012 221.782 0
      vertex 168.824 218.606 0
      vertex 169.712 221.873 0
    endloop
  endfacet
  facet normal -0 0 -1
    outer loop
      vertex 169.712 221.873 0
      vertex 168.824 218.606 0
      vertex 169.435 222.021 0
    endloop
  endfacet
  facet normal -0 0 -1
    outer loop
      vertex 169.435 222.021 0
      vertex 168.824 218.606 0
      vertex 169.193 222.22 0
    endloop
  endfacet
  facet normal -0 0 -1
    outer loop
      vertex 169.193 222.22 0
      vertex 168.824 218.606 0
      vertex 168.994 222.462 0
    endloop
  endfacet
  facet normal -0 0 -1
    outer loop
      vertex 168.994 222.462 0
      vertex 168.824 218.606 0
      vertex 168.846 222.739 0
    endloop
  endfacet
  facet normal -0 0 -1
    outer loop
      vertex 168.846 222.739 0
      vertex 168.824 218.606 0
      vertex 168.755 223.039 0
    endloop
  endfacet
  facet normal -0 0 -1
    outer loop
      vertex 174.482 226.129 0
      vertex 171.655 224.24 0
      vertex 173.86 226.887 0
    endloop
  endfacet
  facet normal 0 0 -1
    outer loop
      vertex 171.456 224.483 0
      vertex 173.86 226.887 0
      vertex 171.655 224.24 0
    endloop
  endfacet
  facet normal -0 0 -1
    outer loop
      vertex 173.86 226.887 0
      vertex 171.456 224.483 0
      vertex 173.102 227.509 0
    endloop
  endfacet
  facet normal 0 0 -1
    outer loop
      vertex 171.213 224.682 0
      vertex 173.102 227.509 0
      vertex 171.456 224.483 0
    endloop
  endfacet
  facet normal -0 0 -1
    outer loop
      vertex 173.102 227.509 0
      vertex 171.213 224.682 0
      vertex 172.238 227.971 0
    endloop
  endfacet
  facet normal 0 0 -1
    outer loop
      vertex 170.937 224.829 0
      vertex 172.238 227.971 0
      vertex 171.213 224.682 0
    endloop
  endfacet
  facet normal -0 0 -1
    outer loop
      vertex 172.238 227.971 0
      vertex 170.937 224.829 0
      vertex 171.3 228.255 0
    endloop
  endfacet
  facet normal 0 0 -1
    outer loop
      vertex 170.636 224.921 0
      vertex 171.3 228.255 0
      vertex 170.937 224.829 0
    endloop
  endfacet
  facet normal 0 0 -1
    outer loop
      vertex 170.324 224.951 0
      vertex 171.3 228.255 0
      vertex 170.636 224.921 0
    endloop
  endfacet
  facet normal 0 0 -1
    outer loop
      vertex 170.324 224.951 0
      vertex 170.324 228.351 0
      vertex 171.3 228.255 0
    endloop
  endfacet
  facet normal 0 0 -1
    outer loop
      vertex 170.012 224.921 0
      vertex 170.324 228.351 0
      vertex 170.324 224.951 0
    endloop
  endfacet
  facet normal 0 0 -1
    outer loop
      vertex 169.349 228.255 0
      vertex 170.012 224.921 0
      vertex 169.712 224.829 0
    endloop
  endfacet
  facet normal 0 0 -1
    outer loop
      vertex 168.411 227.971 0
      vertex 169.712 224.829 0
      vertex 169.435 224.682 0
    endloop
  endfacet
  facet normal 0 0 -1
    outer loop
      vertex 170.012 224.921 0
      vertex 169.349 228.255 0
      vertex 170.324 228.351 0
    endloop
  endfacet
  facet normal 0 0 -1
    outer loop
      vertex 168.411 227.971 0
      vertex 169.435 224.682 0
      vertex 169.193 224.483 0
    endloop
  endfacet
  facet normal 0 0 -1
    outer loop
      vertex 168.411 227.971 0
      vertex 169.193 224.483 0
      vertex 168.994 224.24 0
    endloop
  endfacet
  facet normal 0 0 -1
    outer loop
      vertex 168.411 227.971 0
      vertex 168.994 224.24 0
      vertex 168.846 223.964 0
    endloop
  endfacet
  facet normal 0 0 -1
    outer loop
      vertex 168.411 227.971 0
      vertex 168.846 223.964 0
      vertex 168.755 223.663 0
    endloop
  endfacet
  facet normal 0 0 -1
    outer loop
      vertex 169.712 224.829 0
      vertex 168.411 227.971 0
      vertex 169.349 228.255 0
    endloop
  endfacet
  facet normal 0 0 -1
    outer loop
      vertex 168.411 227.971 0
      vertex 168.755 223.663 0
      vertex 168.724 223.351 0
    endloop
  endfacet
  facet normal -0 0 -1
    outer loop
      vertex 168.724 223.351 0
      vertex 165.42 222.376 0
      vertex 165.324 223.351 0
    endloop
  endfacet
  facet normal 0 0 -1
    outer loop
      vertex 168.724 223.351 0
      vertex 165.42 224.327 0
      vertex 165.705 225.265 0
    endloop
  endfacet
  facet normal 0 0 -1
    outer loop
      vertex 168.724 223.351 0
      vertex 165.324 223.351 0
      vertex 165.42 224.327 0
    endloop
  endfacet
  facet normal 0 0 -1
    outer loop
      vertex 19.1758 203.581 0
      vertex 25.0757 212.094 0
      vertex 25.0757 203.581 0
    endloop
  endfacet
  facet normal -0 0 -1
    outer loop
      vertex 25.0757 212.094 0
      vertex 19.1758 203.581 0
      vertex 19.1758 212.094 0
    endloop
  endfacet
  facet normal 0 0 -1
    outer loop
      vertex 19.1758 190.068 0
      vertex 25.0757 198.581 0
      vertex 25.0757 190.068 0
    endloop
  endfacet
  facet normal -0 0 -1
    outer loop
      vertex 25.0757 198.581 0
      vertex 19.1758 190.068 0
      vertex 19.1758 198.581 0
    endloop
  endfacet
  facet normal 0 0 -1
    outer loop
      vertex 19.1758 176.554 0
      vertex 25.0757 185.068 0
      vertex 25.0757 176.554 0
    endloop
  endfacet
  facet normal -0 0 -1
    outer loop
      vertex 25.0757 185.068 0
      vertex 19.1758 176.554 0
      vertex 19.1758 185.068 0
    endloop
  endfacet
  facet normal 0 0 -1
    outer loop
      vertex 19.1758 163.04 0
      vertex 25.0757 171.554 0
      vertex 25.0757 163.04 0
    endloop
  endfacet
  facet normal -0 0 -1
    outer loop
      vertex 25.0757 171.554 0
      vertex 19.1758 163.04 0
      vertex 19.1758 171.554 0
    endloop
  endfacet
  facet normal 0 0 -1
    outer loop
      vertex 19.1758 149.527 0
      vertex 25.0757 158.04 0
      vertex 25.0757 149.527 0
    endloop
  endfacet
  facet normal -0 0 -1
    outer loop
      vertex 25.0757 158.04 0
      vertex 19.1758 149.527 0
      vertex 19.1758 158.04 0
    endloop
  endfacet
  facet normal 0 0 -1
    outer loop
      vertex 19.1758 136.014 0
      vertex 25.0757 144.527 0
      vertex 25.0757 136.014 0
    endloop
  endfacet
  facet normal -0 0 -1
    outer loop
      vertex 25.0757 144.527 0
      vertex 19.1758 136.014 0
      vertex 19.1758 144.527 0
    endloop
  endfacet
  facet normal 0 0 -1
    outer loop
      vertex 19.1758 122.5 0
      vertex 25.0757 131.014 0
      vertex 25.0757 122.5 0
    endloop
  endfacet
  facet normal -0 0 -1
    outer loop
      vertex 25.0757 131.014 0
      vertex 19.1758 122.5 0
      vertex 19.1758 131.014 0
    endloop
  endfacet
  facet normal 0 0 -1
    outer loop
      vertex 19.1758 108.986 0
      vertex 25.0757 117.5 0
      vertex 25.0757 108.986 0
    endloop
  endfacet
  facet normal -0 0 -1
    outer loop
      vertex 25.0757 117.5 0
      vertex 19.1758 108.986 0
      vertex 19.1758 117.5 0
    endloop
  endfacet
  facet normal 0 0 -1
    outer loop
      vertex 19.1758 95.473 0
      vertex 25.0757 103.986 0
      vertex 25.0757 95.473 0
    endloop
  endfacet
  facet normal -0 0 -1
    outer loop
      vertex 25.0757 103.986 0
      vertex 19.1758 95.473 0
      vertex 19.1758 103.986 0
    endloop
  endfacet
  facet normal 0 0 -1
    outer loop
      vertex 19.1758 81.9595 0
      vertex 25.0757 90.473 0
      vertex 25.0757 81.9595 0
    endloop
  endfacet
  facet normal -0 0 -1
    outer loop
      vertex 25.0757 90.473 0
      vertex 19.1758 81.9595 0
      vertex 19.1758 90.473 0
    endloop
  endfacet
  facet normal 0 0 -1
    outer loop
      vertex 19.1758 68.446 0
      vertex 25.0757 76.9595 0
      vertex 25.0757 68.446 0
    endloop
  endfacet
  facet normal -0 0 -1
    outer loop
      vertex 25.0757 76.9595 0
      vertex 19.1758 68.446 0
      vertex 19.1758 76.9595 0
    endloop
  endfacet
  facet normal 0 0 -1
    outer loop
      vertex 19.1758 54.9325 0
      vertex 25.0757 63.446 0
      vertex 25.0757 54.9325 0
    endloop
  endfacet
  facet normal -0 0 -1
    outer loop
      vertex 25.0757 63.446 0
      vertex 19.1758 54.9325 0
      vertex 19.1758 63.446 0
    endloop
  endfacet
  facet normal 0 0 -1
    outer loop
      vertex 19.1758 41.419 0
      vertex 25.0757 49.9325 0
      vertex 25.0757 41.419 0
    endloop
  endfacet
  facet normal -0 0 -1
    outer loop
      vertex 25.0757 49.9325 0
      vertex 19.1758 41.419 0
      vertex 19.1758 49.9325 0
    endloop
  endfacet
  facet normal 0 0 -1
    outer loop
      vertex 22.4206 31.6623 0
      vertex 25.0757 36.419 0
      vertex 66.573 31.6623 0
    endloop
  endfacet
  facet normal 0 0 -1
    outer loop
      vertex 19.154 29.55 0
      vertex 22.2951 28.2488 0
      vertex 21.8331 27.3844 0
    endloop
  endfacet
  facet normal 0 0 -1
    outer loop
      vertex 19.0061 29.2733 0
      vertex 21.8331 27.3844 0
      vertex 21.2113 26.6267 0
    endloop
  endfacet
  facet normal 0 0 -1
    outer loop
      vertex 18.8071 29.0309 0
      vertex 21.2113 26.6267 0
      vertex 20.4536 26.0049 0
    endloop
  endfacet
  facet normal 0 0 -1
    outer loop
      vertex 18.5647 28.8319 0
      vertex 20.4536 26.0049 0
      vertex 19.5892 25.5429 0
    endloop
  endfacet
  facet normal 0 0 -1
    outer loop
      vertex 22.2951 28.2488 0
      vertex 19.154 29.55 0
      vertex 19.245 29.8501 0
    endloop
  endfacet
  facet normal -0 0 -1
    outer loop
      vertex 22.5797 31.1377 0
      vertex 19.245 30.4744 0
      vertex 22.4206 31.6623 0
    endloop
  endfacet
  facet normal 0 0 -1
    outer loop
      vertex 19.154 30.7745 0
      vertex 22.4206 31.6623 0
      vertex 19.245 30.4744 0
    endloop
  endfacet
  facet normal 0 0 -1
    outer loop
      vertex 19.0061 31.0512 0
      vertex 22.4206 31.6623 0
      vertex 19.154 30.7745 0
    endloop
  endfacet
  facet normal -0 0 -1
    outer loop
      vertex 25.0757 36.419 0
      vertex 19.1758 34.9071 0
      vertex 19.1758 36.419 0
    endloop
  endfacet
  facet normal 0 0 -1
    outer loop
      vertex 22.4206 31.6623 0
      vertex 19.1758 34.9071 0
      vertex 25.0757 36.419 0
    endloop
  endfacet
  facet normal 0 0 -1
    outer loop
      vertex 18.8071 31.2936 0
      vertex 22.4206 31.6623 0
      vertex 19.0061 31.0512 0
    endloop
  endfacet
  facet normal -0 0 -1
    outer loop
      vertex 22.4206 31.6623 0
      vertex 18.8071 31.2936 0
      vertex 19.1758 34.9071 0
    endloop
  endfacet
  facet normal 0 0 -1
    outer loop
      vertex 18.5647 31.4926 0
      vertex 19.1758 34.9071 0
      vertex 18.8071 31.2936 0
    endloop
  endfacet
  facet normal 0 0 -1
    outer loop
      vertex 18.288 31.6405 0
      vertex 19.1758 34.9071 0
      vertex 18.5647 31.4926 0
    endloop
  endfacet
  facet normal 0 0 -1
    outer loop
      vertex 17.9879 31.7315 0
      vertex 19.1758 34.9071 0
      vertex 18.288 31.6405 0
    endloop
  endfacet
  facet normal -0 0 -1
    outer loop
      vertex 19.1758 34.9071 0
      vertex 17.9879 31.7315 0
      vertex 18.6512 35.0662 0
    endloop
  endfacet
  facet normal 0 0 -1
    outer loop
      vertex 17.6758 31.7622 0
      vertex 18.6512 35.0662 0
      vertex 17.9879 31.7315 0
    endloop
  endfacet
  facet normal 0 0 -1
    outer loop
      vertex 17.6758 31.7622 0
      vertex 17.6758 35.1623 0
      vertex 18.6512 35.0662 0
    endloop
  endfacet
  facet normal 0 0 -1
    outer loop
      vertex 17.3636 31.7315 0
      vertex 17.6758 35.1623 0
      vertex 17.6758 31.7622 0
    endloop
  endfacet
  facet normal 0 0 -1
    outer loop
      vertex 16.7003 35.0662 0
      vertex 17.3636 31.7315 0
      vertex 17.0635 31.6405 0
    endloop
  endfacet
  facet normal 0 0 -1
    outer loop
      vertex 15.7623 34.7816 0
      vertex 17.0635 31.6405 0
      vertex 16.7868 31.4926 0
    endloop
  endfacet
  facet normal 0 0 -1
    outer loop
      vertex 17.3636 31.7315 0
      vertex 16.7003 35.0662 0
      vertex 17.6758 35.1623 0
    endloop
  endfacet
  facet normal 0 0 -1
    outer loop
      vertex 14.8979 34.3196 0
      vertex 16.7868 31.4926 0
      vertex 16.5444 31.2936 0
    endloop
  endfacet
  facet normal 0 0 -1
    outer loop
      vertex 14.1402 33.6978 0
      vertex 16.5444 31.2936 0
      vertex 16.3454 31.0512 0
    endloop
  endfacet
  facet normal 0 0 -1
    outer loop
      vertex 13.5184 32.9401 0
      vertex 16.3454 31.0512 0
      vertex 16.1975 30.7745 0
    endloop
  endfacet
  facet normal 0 0 -1
    outer loop
      vertex 13.0564 32.0757 0
      vertex 16.1975 30.7745 0
      vertex 16.1065 30.4744 0
    endloop
  endfacet
  facet normal 0 0 -1
    outer loop
      vertex 17.0635 31.6405 0
      vertex 15.7623 34.7816 0
      vertex 16.7003 35.0662 0
    endloop
  endfacet
  facet normal 0 0 -1
    outer loop
      vertex 12.7718 31.1377 0
      vertex 16.1065 30.4744 0
      vertex 16.0758 30.1623 0
    endloop
  endfacet
  facet normal -0 0 -1
    outer loop
      vertex 16.3454 29.2733 0
      vertex 13.5184 27.3844 0
      vertex 16.1975 29.55 0
    endloop
  endfacet
  facet normal 0 0 -1
    outer loop
      vertex 13.0564 28.2488 0
      vertex 16.1975 29.55 0
      vertex 13.5184 27.3844 0
    endloop
  endfacet
  facet normal 0 0 -1
    outer loop
      vertex 16.7868 31.4926 0
      vertex 14.8979 34.3196 0
      vertex 15.7623 34.7816 0
    endloop
  endfacet
  facet normal -0 0 -1
    outer loop
      vertex 16.1975 29.55 0
      vertex 13.0564 28.2488 0
      vertex 16.1065 29.8501 0
    endloop
  endfacet
  facet normal 0 0 -1
    outer loop
      vertex 16.5444 31.2936 0
      vertex 14.1402 33.6978 0
      vertex 14.8979 34.3196 0
    endloop
  endfacet
  facet normal 0 0 -1
    outer loop
      vertex 12.7718 29.1868 0
      vertex 16.1065 29.8501 0
      vertex 13.0564 28.2488 0
    endloop
  endfacet
  facet normal 0 0 -1
    outer loop
      vertex 16.3454 31.0512 0
      vertex 13.5184 32.9401 0
      vertex 14.1402 33.6978 0
    endloop
  endfacet
  facet normal -0 0 -1
    outer loop
      vertex 16.1065 29.8501 0
      vertex 12.7718 29.1868 0
      vertex 16.0758 30.1623 0
    endloop
  endfacet
  facet normal 0 0 -1
    outer loop
      vertex 16.1975 30.7745 0
      vertex 13.0564 32.0757 0
      vertex 13.5184 32.9401 0
    endloop
  endfacet
  facet normal 0 0 -1
    outer loop
      vertex 12.6757 30.1623 0
      vertex 16.0758 30.1623 0
      vertex 12.7718 29.1868 0
    endloop
  endfacet
  facet normal 0 0 -1
    outer loop
      vertex 16.1065 30.4744 0
      vertex 12.7718 31.1377 0
      vertex 13.0564 32.0757 0
    endloop
  endfacet
  facet normal 0 0 -1
    outer loop
      vertex 16.0758 30.1623 0
      vertex 12.6757 30.1623 0
      vertex 12.7718 31.1377 0
    endloop
  endfacet
  facet normal 0 0 -1
    outer loop
      vertex 19.245 30.4744 0
      vertex 22.5797 31.1377 0
      vertex 19.2757 30.1623 0
    endloop
  endfacet
  facet normal 0 0 -1
    outer loop
      vertex 22.5797 29.1868 0
      vertex 19.245 29.8501 0
      vertex 19.2757 30.1623 0
    endloop
  endfacet
  facet normal 0 0 -1
    outer loop
      vertex 21.8331 27.3844 0
      vertex 19.0061 29.2733 0
      vertex 19.154 29.55 0
    endloop
  endfacet
  facet normal 0 0 -1
    outer loop
      vertex 21.2113 26.6267 0
      vertex 18.8071 29.0309 0
      vertex 19.0061 29.2733 0
    endloop
  endfacet
  facet normal 0 0 -1
    outer loop
      vertex 18.288 28.684 0
      vertex 19.5892 25.5429 0
      vertex 18.6512 25.2583 0
    endloop
  endfacet
  facet normal 0 0 -1
    outer loop
      vertex 20.4536 26.0049 0
      vertex 18.5647 28.8319 0
      vertex 18.8071 29.0309 0
    endloop
  endfacet
  facet normal 0 0 -1
    outer loop
      vertex 19.5892 25.5429 0
      vertex 18.288 28.684 0
      vertex 18.5647 28.8319 0
    endloop
  endfacet
  facet normal 0 0 -1
    outer loop
      vertex 18.6512 25.2583 0
      vertex 17.9879 28.593 0
      vertex 18.288 28.684 0
    endloop
  endfacet
  facet normal 0 0 -1
    outer loop
      vertex 17.6758 25.1623 0
      vertex 17.9879 28.593 0
      vertex 18.6512 25.2583 0
    endloop
  endfacet
  facet normal 0 0 -1
    outer loop
      vertex 17.6758 25.1623 0
      vertex 17.6758 28.5623 0
      vertex 17.9879 28.593 0
    endloop
  endfacet
  facet normal 0 0 -1
    outer loop
      vertex 17.6758 25.1623 0
      vertex 17.3636 28.593 0
      vertex 17.6758 28.5623 0
    endloop
  endfacet
  facet normal 0 0 -1
    outer loop
      vertex 16.7003 25.2583 0
      vertex 17.3636 28.593 0
      vertex 17.6758 25.1623 0
    endloop
  endfacet
  facet normal -0 0 -1
    outer loop
      vertex 17.3636 28.593 0
      vertex 16.7003 25.2583 0
      vertex 17.0635 28.684 0
    endloop
  endfacet
  facet normal 0 0 -1
    outer loop
      vertex 15.7623 25.5429 0
      vertex 17.0635 28.684 0
      vertex 16.7003 25.2583 0
    endloop
  endfacet
  facet normal -0 0 -1
    outer loop
      vertex 17.0635 28.684 0
      vertex 15.7623 25.5429 0
      vertex 16.7868 28.8319 0
    endloop
  endfacet
  facet normal 0 0 -1
    outer loop
      vertex 14.8979 26.0049 0
      vertex 16.7868 28.8319 0
      vertex 15.7623 25.5429 0
    endloop
  endfacet
  facet normal -0 0 -1
    outer loop
      vertex 16.7868 28.8319 0
      vertex 14.8979 26.0049 0
      vertex 16.5444 29.0309 0
    endloop
  endfacet
  facet normal 0 0 -1
    outer loop
      vertex 14.1402 26.6267 0
      vertex 16.5444 29.0309 0
      vertex 14.8979 26.0049 0
    endloop
  endfacet
  facet normal 0 0 -1
    outer loop
      vertex 13.5184 27.3844 0
      vertex 16.3454 29.2733 0
      vertex 14.1402 26.6267 0
    endloop
  endfacet
  facet normal -0 0 -1
    outer loop
      vertex 16.5444 29.0309 0
      vertex 14.1402 26.6267 0
      vertex 16.3454 29.2733 0
    endloop
  endfacet
  facet normal 0 0 -1
    outer loop
      vertex 19.2757 223.351 0
      vertex 22.5797 222.376 0
      vertex 22.4206 221.851 0
    endloop
  endfacet
  facet normal 0 0 -1
    outer loop
      vertex 22.5797 222.376 0
      vertex 19.2757 223.351 0
      vertex 22.6758 223.351 0
    endloop
  endfacet
  facet normal 0 0 -1
    outer loop
      vertex 22.6758 223.351 0
      vertex 19.2757 223.351 0
      vertex 22.5797 224.327 0
    endloop
  endfacet
  facet normal 0 0 -1
    outer loop
      vertex 19.0061 224.24 0
      vertex 21.8331 226.129 0
      vertex 19.154 223.964 0
    endloop
  endfacet
  facet normal 0 0 -1
    outer loop
      vertex 18.8071 224.483 0
      vertex 21.2113 226.887 0
      vertex 19.0061 224.24 0
    endloop
  endfacet
  facet normal -0 0 -1
    outer loop
      vertex 21.2113 226.887 0
      vertex 18.8071 224.483 0
      vertex 20.4536 227.509 0
    endloop
  endfacet
  facet normal 0 0 -1
    outer loop
      vertex 18.5647 224.682 0
      vertex 20.4536 227.509 0
      vertex 18.8071 224.483 0
    endloop
  endfacet
  facet normal -0 0 -1
    outer loop
      vertex 20.4536 227.509 0
      vertex 18.5647 224.682 0
      vertex 19.5892 227.971 0
    endloop
  endfacet
  facet normal 0 0 -1
    outer loop
      vertex 18.288 224.829 0
      vertex 19.5892 227.971 0
      vertex 18.5647 224.682 0
    endloop
  endfacet
  facet normal -0 0 -1
    outer loop
      vertex 19.5892 227.971 0
      vertex 18.288 224.829 0
      vertex 18.6512 228.255 0
    endloop
  endfacet
  facet normal 0 0 -1
    outer loop
      vertex 17.9879 224.921 0
      vertex 18.6512 228.255 0
      vertex 18.288 224.829 0
    endloop
  endfacet
  facet normal 0 0 -1
    outer loop
      vertex 17.6758 224.951 0
      vertex 18.6512 228.255 0
      vertex 17.9879 224.921 0
    endloop
  endfacet
  facet normal 0 0 -1
    outer loop
      vertex 17.6758 224.951 0
      vertex 17.6758 228.351 0
      vertex 18.6512 228.255 0
    endloop
  endfacet
  facet normal 0 0 -1
    outer loop
      vertex 17.3636 224.921 0
      vertex 17.6758 228.351 0
      vertex 17.6758 224.951 0
    endloop
  endfacet
  facet normal 0 0 -1
    outer loop
      vertex 16.7003 228.255 0
      vertex 17.3636 224.921 0
      vertex 17.0635 224.829 0
    endloop
  endfacet
  facet normal 0 0 -1
    outer loop
      vertex 15.7623 227.971 0
      vertex 17.0635 224.829 0
      vertex 16.7868 224.682 0
    endloop
  endfacet
  facet normal 0 0 -1
    outer loop
      vertex 17.3636 224.921 0
      vertex 16.7003 228.255 0
      vertex 17.6758 228.351 0
    endloop
  endfacet
  facet normal 0 0 -1
    outer loop
      vertex 14.8979 227.509 0
      vertex 16.7868 224.682 0
      vertex 16.5444 224.483 0
    endloop
  endfacet
  facet normal 0 0 -1
    outer loop
      vertex 14.1402 226.887 0
      vertex 16.5444 224.483 0
      vertex 16.3454 224.24 0
    endloop
  endfacet
  facet normal 0 0 -1
    outer loop
      vertex 13.5184 226.129 0
      vertex 16.3454 224.24 0
      vertex 16.1975 223.964 0
    endloop
  endfacet
  facet normal 0 0 -1
    outer loop
      vertex 13.0564 225.265 0
      vertex 16.1975 223.964 0
      vertex 16.1065 223.663 0
    endloop
  endfacet
  facet normal 0 0 -1
    outer loop
      vertex 17.0635 224.829 0
      vertex 15.7623 227.971 0
      vertex 16.7003 228.255 0
    endloop
  endfacet
  facet normal 0 0 -1
    outer loop
      vertex 12.7718 224.327 0
      vertex 16.1065 223.663 0
      vertex 16.0758 223.351 0
    endloop
  endfacet
  facet normal -0 0 -1
    outer loop
      vertex 16.3454 222.462 0
      vertex 13.5184 220.573 0
      vertex 16.1975 222.739 0
    endloop
  endfacet
  facet normal 0 0 -1
    outer loop
      vertex 13.0564 221.438 0
      vertex 16.1975 222.739 0
      vertex 13.5184 220.573 0
    endloop
  endfacet
  facet normal 0 0 -1
    outer loop
      vertex 16.7868 224.682 0
      vertex 14.8979 227.509 0
      vertex 15.7623 227.971 0
    endloop
  endfacet
  facet normal -0 0 -1
    outer loop
      vertex 16.1975 222.739 0
      vertex 13.0564 221.438 0
      vertex 16.1065 223.039 0
    endloop
  endfacet
  facet normal 0 0 -1
    outer loop
      vertex 16.5444 224.483 0
      vertex 14.1402 226.887 0
      vertex 14.8979 227.509 0
    endloop
  endfacet
  facet normal 0 0 -1
    outer loop
      vertex 12.7718 222.376 0
      vertex 16.1065 223.039 0
      vertex 13.0564 221.438 0
    endloop
  endfacet
  facet normal 0 0 -1
    outer loop
      vertex 16.3454 224.24 0
      vertex 13.5184 226.129 0
      vertex 14.1402 226.887 0
    endloop
  endfacet
  facet normal -0 0 -1
    outer loop
      vertex 16.1065 223.039 0
      vertex 12.7718 222.376 0
      vertex 16.0758 223.351 0
    endloop
  endfacet
  facet normal 0 0 -1
    outer loop
      vertex 16.1975 223.964 0
      vertex 13.0564 225.265 0
      vertex 13.5184 226.129 0
    endloop
  endfacet
  facet normal 0 0 -1
    outer loop
      vertex 12.6757 223.351 0
      vertex 16.0758 223.351 0
      vertex 12.7718 222.376 0
    endloop
  endfacet
  facet normal 0 0 -1
    outer loop
      vertex 16.1065 223.663 0
      vertex 12.7718 224.327 0
      vertex 13.0564 225.265 0
    endloop
  endfacet
  facet normal 0 0 -1
    outer loop
      vertex 16.0758 223.351 0
      vertex 12.6757 223.351 0
      vertex 12.7718 224.327 0
    endloop
  endfacet
  facet normal 0 0 -1
    outer loop
      vertex 171.924 30.1623 0
      vertex 175.324 30.1623 0
      vertex 175.228 29.1868 0
    endloop
  endfacet
  facet normal 0 0 -1
    outer loop
      vertex 171.894 29.8501 0
      vertex 175.228 29.1868 0
      vertex 174.944 28.2488 0
    endloop
  endfacet
  facet normal 0 0 -1
    outer loop
      vertex 175.324 30.1623 0
      vertex 171.924 30.1623 0
      vertex 175.228 31.1377 0
    endloop
  endfacet
  facet normal 0 0 -1
    outer loop
      vertex 171.802 29.55 0
      vertex 174.944 28.2488 0
      vertex 174.482 27.3844 0
    endloop
  endfacet
  facet normal 0 0 -1
    outer loop
      vertex 171.894 30.4744 0
      vertex 175.228 31.1377 0
      vertex 171.924 30.1623 0
    endloop
  endfacet
  facet normal 0 0 -1
    outer loop
      vertex 171.655 29.2733 0
      vertex 174.482 27.3844 0
      vertex 173.86 26.6267 0
    endloop
  endfacet
  facet normal -0 0 -1
    outer loop
      vertex 175.228 31.1377 0
      vertex 171.894 30.4744 0
      vertex 174.944 32.0757 0
    endloop
  endfacet
  facet normal 0 0 -1
    outer loop
      vertex 171.456 29.0309 0
      vertex 173.86 26.6267 0
      vertex 173.102 26.0049 0
    endloop
  endfacet
  facet normal 0 0 -1
    outer loop
      vertex 171.802 30.7745 0
      vertex 174.944 32.0757 0
      vertex 171.894 30.4744 0
    endloop
  endfacet
  facet normal 0 0 -1
    outer loop
      vertex 171.213 28.8319 0
      vertex 173.102 26.0049 0
      vertex 172.238 25.5429 0
    endloop
  endfacet
  facet normal -0 0 -1
    outer loop
      vertex 174.944 32.0757 0
      vertex 171.802 30.7745 0
      vertex 174.482 32.9401 0
    endloop
  endfacet
  facet normal 0 0 -1
    outer loop
      vertex 171.655 31.0512 0
      vertex 174.482 32.9401 0
      vertex 171.802 30.7745 0
    endloop
  endfacet
  facet normal 0 0 -1
    outer loop
      vertex 175.228 29.1868 0
      vertex 171.894 29.8501 0
      vertex 171.924 30.1623 0
    endloop
  endfacet
  facet normal 0 0 -1
    outer loop
      vertex 174.944 28.2488 0
      vertex 171.802 29.55 0
      vertex 171.894 29.8501 0
    endloop
  endfacet
  facet normal 0 0 -1
    outer loop
      vertex 174.482 27.3844 0
      vertex 171.655 29.2733 0
      vertex 171.802 29.55 0
    endloop
  endfacet
  facet normal 0 0 -1
    outer loop
      vertex 173.86 26.6267 0
      vertex 171.456 29.0309 0
      vertex 171.655 29.2733 0
    endloop
  endfacet
  facet normal 0 0 -1
    outer loop
      vertex 170.937 28.684 0
      vertex 172.238 25.5429 0
      vertex 171.3 25.2583 0
    endloop
  endfacet
  facet normal 0 0 -1
    outer loop
      vertex 173.102 26.0049 0
      vertex 171.213 28.8319 0
      vertex 171.456 29.0309 0
    endloop
  endfacet
  facet normal 0 0 -1
    outer loop
      vertex 172.238 25.5429 0
      vertex 170.937 28.684 0
      vertex 171.213 28.8319 0
    endloop
  endfacet
  facet normal 0 0 -1
    outer loop
      vertex 171.3 25.2583 0
      vertex 170.636 28.593 0
      vertex 170.937 28.684 0
    endloop
  endfacet
  facet normal 0 0 -1
    outer loop
      vertex 170.324 25.1623 0
      vertex 170.636 28.593 0
      vertex 171.3 25.2583 0
    endloop
  endfacet
  facet normal 0 0 -1
    outer loop
      vertex 170.324 25.1623 0
      vertex 170.324 28.5623 0
      vertex 170.636 28.593 0
    endloop
  endfacet
  facet normal 0 0 -1
    outer loop
      vertex 170.324 25.1623 0
      vertex 170.012 28.593 0
      vertex 170.324 28.5623 0
    endloop
  endfacet
  facet normal 0 0 -1
    outer loop
      vertex 169.349 25.2583 0
      vertex 170.012 28.593 0
      vertex 170.324 25.1623 0
    endloop
  endfacet
  facet normal -0 0 -1
    outer loop
      vertex 170.012 28.593 0
      vertex 169.349 25.2583 0
      vertex 169.712 28.684 0
    endloop
  endfacet
  facet normal 0 0 -1
    outer loop
      vertex 168.411 25.5429 0
      vertex 169.712 28.684 0
      vertex 169.349 25.2583 0
    endloop
  endfacet
  facet normal -0 0 -1
    outer loop
      vertex 169.712 28.684 0
      vertex 168.411 25.5429 0
      vertex 169.435 28.8319 0
    endloop
  endfacet
  facet normal 0 0 -1
    outer loop
      vertex 167.546 26.0049 0
      vertex 169.435 28.8319 0
      vertex 168.411 25.5429 0
    endloop
  endfacet
  facet normal -0 0 -1
    outer loop
      vertex 169.435 28.8319 0
      vertex 167.546 26.0049 0
      vertex 169.193 29.0309 0
    endloop
  endfacet
  facet normal 0 0 -1
    outer loop
      vertex 166.789 26.6267 0
      vertex 169.193 29.0309 0
      vertex 167.546 26.0049 0
    endloop
  endfacet
  facet normal 0 0 -1
    outer loop
      vertex 166.167 27.3844 0
      vertex 168.994 29.2733 0
      vertex 166.789 26.6267 0
    endloop
  endfacet
  facet normal -0 0 -1
    outer loop
      vertex 169.193 29.0309 0
      vertex 166.789 26.6267 0
      vertex 168.994 29.2733 0
    endloop
  endfacet
  facet normal -0 0 -1
    outer loop
      vertex 174.482 32.9401 0
      vertex 171.655 31.0512 0
      vertex 173.86 33.6978 0
    endloop
  endfacet
  facet normal 0 0 -1
    outer loop
      vertex 171.456 31.2936 0
      vertex 173.86 33.6978 0
      vertex 171.655 31.0512 0
    endloop
  endfacet
  facet normal -0 0 -1
    outer loop
      vertex 173.86 33.6978 0
      vertex 171.456 31.2936 0
      vertex 173.102 34.3196 0
    endloop
  endfacet
  facet normal 0 0 -1
    outer loop
      vertex 171.213 31.4926 0
      vertex 173.102 34.3196 0
      vertex 171.456 31.2936 0
    endloop
  endfacet
  facet normal -0 0 -1
    outer loop
      vertex 173.102 34.3196 0
      vertex 171.213 31.4926 0
      vertex 172.238 34.7816 0
    endloop
  endfacet
  facet normal 0 0 -1
    outer loop
      vertex 170.937 31.6405 0
      vertex 172.238 34.7816 0
      vertex 171.213 31.4926 0
    endloop
  endfacet
  facet normal -0 0 -1
    outer loop
      vertex 172.238 34.7816 0
      vertex 170.937 31.6405 0
      vertex 171.3 35.0662 0
    endloop
  endfacet
  facet normal 0 0 -1
    outer loop
      vertex 170.636 31.7315 0
      vertex 171.3 35.0662 0
      vertex 170.937 31.6405 0
    endloop
  endfacet
  facet normal 0 0 -1
    outer loop
      vertex 170.324 31.7622 0
      vertex 171.3 35.0662 0
      vertex 170.636 31.7315 0
    endloop
  endfacet
  facet normal 0 0 -1
    outer loop
      vertex 170.324 31.7622 0
      vertex 170.324 35.1623 0
      vertex 171.3 35.0662 0
    endloop
  endfacet
  facet normal 0 0 -1
    outer loop
      vertex 170.012 31.7315 0
      vertex 170.324 35.1623 0
      vertex 170.324 31.7622 0
    endloop
  endfacet
  facet normal 0 0 -1
    outer loop
      vertex 168.824 34.9071 0
      vertex 170.012 31.7315 0
      vertex 169.712 31.6405 0
    endloop
  endfacet
  facet normal 0 0 -1
    outer loop
      vertex 168.824 34.9071 0
      vertex 169.712 31.6405 0
      vertex 169.435 31.4926 0
    endloop
  endfacet
  facet normal 0 0 -1
    outer loop
      vertex 170.012 31.7315 0
      vertex 169.349 35.0662 0
      vertex 170.324 35.1623 0
    endloop
  endfacet
  facet normal 0 0 -1
    outer loop
      vertex 168.824 34.9071 0
      vertex 169.435 31.4926 0
      vertex 169.193 31.2936 0
    endloop
  endfacet
  facet normal 0 0 -1
    outer loop
      vertex 165.579 31.6623 0
      vertex 169.193 31.2936 0
      vertex 168.994 31.0512 0
    endloop
  endfacet
  facet normal 0 0 -1
    outer loop
      vertex 165.579 31.6623 0
      vertex 168.994 31.0512 0
      vertex 168.846 30.7745 0
    endloop
  endfacet
  facet normal 0 0 -1
    outer loop
      vertex 170.012 31.7315 0
      vertex 168.824 34.9071 0
      vertex 169.349 35.0662 0
    endloop
  endfacet
  facet normal 0 0 -1
    outer loop
      vertex 165.579 31.6623 0
      vertex 168.846 30.7745 0
      vertex 168.755 30.4744 0
    endloop
  endfacet
  facet normal 0 0 -1
    outer loop
      vertex 169.193 31.2936 0
      vertex 165.579 31.6623 0
      vertex 168.824 34.9071 0
    endloop
  endfacet
  facet normal 0 0 -1
    outer loop
      vertex 165.579 31.6623 0
      vertex 168.755 30.4744 0
      vertex 168.724 30.1623 0
    endloop
  endfacet
  facet normal -0 0 -1
    outer loop
      vertex 168.994 29.2733 0
      vertex 166.167 27.3844 0
      vertex 168.846 29.55 0
    endloop
  endfacet
  facet normal 0 0 -1
    outer loop
      vertex 165.705 28.2488 0
      vertex 168.846 29.55 0
      vertex 166.167 27.3844 0
    endloop
  endfacet
  facet normal -0 0 -1
    outer loop
      vertex 168.846 29.55 0
      vertex 165.705 28.2488 0
      vertex 168.755 29.8501 0
    endloop
  endfacet
  facet normal 0 0 -1
    outer loop
      vertex 165.42 29.1868 0
      vertex 168.755 29.8501 0
      vertex 165.705 28.2488 0
    endloop
  endfacet
  facet normal -0 0 -1
    outer loop
      vertex 168.755 29.8501 0
      vertex 165.42 29.1868 0
      vertex 168.724 30.1623 0
    endloop
  endfacet
  facet normal 0 0 -1
    outer loop
      vertex 162.924 36.419 0
      vertex 168.824 34.9071 0
      vertex 165.579 31.6623 0
    endloop
  endfacet
  facet normal 0 0 -1
    outer loop
      vertex 168.824 34.9071 0
      vertex 162.924 36.419 0
      vertex 168.824 36.419 0
    endloop
  endfacet
  facet normal 0 0 -1
    outer loop
      vertex 121.427 31.6623 0
      vertex 162.924 41.419 0
      vertex 162.924 36.419 0
    endloop
  endfacet
  facet normal -0 0 -1
    outer loop
      vertex 162.924 41.419 0
      vertex 121.427 31.6623 0
      vertex 162.924 49.9325 0
    endloop
  endfacet
  facet normal -0 0 -1
    outer loop
      vertex 162.924 49.9325 0
      vertex 121.427 31.6623 0
      vertex 162.924 54.9325 0
    endloop
  endfacet
  facet normal -0 0 -1
    outer loop
      vertex 162.924 54.9325 0
      vertex 121.427 31.6623 0
      vertex 162.924 63.446 0
    endloop
  endfacet
  facet normal -0 0 -1
    outer loop
      vertex 162.924 63.446 0
      vertex 121.427 31.6623 0
      vertex 162.924 68.446 0
    endloop
  endfacet
  facet normal -0 0 -1
    outer loop
      vertex 162.924 68.446 0
      vertex 121.427 31.6623 0
      vertex 162.924 76.9595 0
    endloop
  endfacet
  facet normal -0 0 -1
    outer loop
      vertex 162.924 76.9595 0
      vertex 121.427 31.6623 0
      vertex 162.924 81.9595 0
    endloop
  endfacet
  facet normal -0 0 -1
    outer loop
      vertex 162.924 81.9595 0
      vertex 121.427 31.6623 0
      vertex 162.924 90.473 0
    endloop
  endfacet
  facet normal -0 0 -1
    outer loop
      vertex 162.924 90.473 0
      vertex 121.427 31.6623 0
      vertex 162.924 95.473 0
    endloop
  endfacet
  facet normal 0 0 -1
    outer loop
      vertex 66.573 31.6623 0
      vertex 162.924 95.473 0
      vertex 121.427 31.6623 0
    endloop
  endfacet
  facet normal 0 0 -1
    outer loop
      vertex 25.0757 117.5 0
      vertex 162.924 95.473 0
      vertex 66.573 31.6623 0
    endloop
  endfacet
  facet normal 0 0 -1
    outer loop
      vertex 66.573 31.6623 0
      vertex 121.427 31.6623 0
      vertex 66.573 18.1488 0
    endloop
  endfacet
  facet normal 0 0 -1
    outer loop
      vertex 162.924 95.473 0
      vertex 25.0757 117.5 0
      vertex 162.924 103.986 0
    endloop
  endfacet
  facet normal 0 0 -1
    outer loop
      vertex 162.924 103.986 0
      vertex 25.0757 117.5 0
      vertex 162.924 108.986 0
    endloop
  endfacet
  facet normal 0 0 -1
    outer loop
      vertex 162.924 108.986 0
      vertex 25.0757 117.5 0
      vertex 162.924 117.5 0
    endloop
  endfacet
  facet normal 0 0 -1
    outer loop
      vertex 162.924 117.5 0
      vertex 25.0757 117.5 0
      vertex 162.924 122.5 0
    endloop
  endfacet
  facet normal 0 0 -1
    outer loop
      vertex 25.0757 122.5 0
      vertex 162.924 122.5 0
      vertex 25.0757 117.5 0
    endloop
  endfacet
  facet normal 0 0 -1
    outer loop
      vertex 162.924 122.5 0
      vertex 25.0757 122.5 0
      vertex 162.924 131.014 0
    endloop
  endfacet
  facet normal 0 0 -1
    outer loop
      vertex 25.0757 131.014 0
      vertex 162.924 131.014 0
      vertex 25.0757 122.5 0
    endloop
  endfacet
  facet normal 0 0 -1
    outer loop
      vertex 162.924 131.014 0
      vertex 25.0757 131.014 0
      vertex 162.924 136.014 0
    endloop
  endfacet
  facet normal 0 0 -1
    outer loop
      vertex 25.0757 136.014 0
      vertex 162.924 136.014 0
      vertex 25.0757 131.014 0
    endloop
  endfacet
  facet normal 0 0 -1
    outer loop
      vertex 162.924 136.014 0
      vertex 25.0757 136.014 0
      vertex 162.924 144.527 0
    endloop
  endfacet
  facet normal 0 0 -1
    outer loop
      vertex 25.0757 144.527 0
      vertex 162.924 144.527 0
      vertex 25.0757 136.014 0
    endloop
  endfacet
  facet normal 0 0 -1
    outer loop
      vertex 162.924 144.527 0
      vertex 25.0757 144.527 0
      vertex 162.924 149.527 0
    endloop
  endfacet
  facet normal 0 0 -1
    outer loop
      vertex 25.0757 149.527 0
      vertex 162.924 149.527 0
      vertex 25.0757 144.527 0
    endloop
  endfacet
  facet normal 0 0 -1
    outer loop
      vertex 162.924 149.527 0
      vertex 25.0757 149.527 0
      vertex 162.924 158.04 0
    endloop
  endfacet
  facet normal 0 0 -1
    outer loop
      vertex 25.0757 158.04 0
      vertex 162.924 158.04 0
      vertex 25.0757 149.527 0
    endloop
  endfacet
  facet normal 0 0 -1
    outer loop
      vertex 121.427 31.6623 0
      vertex 162.924 36.419 0
      vertex 165.579 31.6623 0
    endloop
  endfacet
  facet normal -1 0 0
    outer loop
      vertex 19.1758 217.094 0
      vertex 19.1758 218.606 2
      vertex 19.1758 218.606 0
    endloop
  endfacet
  facet normal -1 -0 0
    outer loop
      vertex 19.1758 218.606 2
      vertex 19.1758 217.094 0
      vertex 19.1758 217.094 2
    endloop
  endfacet
  facet normal -1 0 0
    outer loop
      vertex 19.1758 203.581 0
      vertex 19.1758 212.094 2
      vertex 19.1758 212.094 0
    endloop
  endfacet
  facet normal -1 -0 0
    outer loop
      vertex 19.1758 212.094 2
      vertex 19.1758 203.581 0
      vertex 19.1758 203.581 2
    endloop
  endfacet
  facet normal -1 0 0
    outer loop
      vertex 19.1758 190.068 0
      vertex 19.1758 198.581 2
      vertex 19.1758 198.581 0
    endloop
  endfacet
  facet normal -1 -0 0
    outer loop
      vertex 19.1758 198.581 2
      vertex 19.1758 190.068 0
      vertex 19.1758 190.068 2
    endloop
  endfacet
  facet normal -1 0 0
    outer loop
      vertex 19.1758 176.554 0
      vertex 19.1758 185.068 2
      vertex 19.1758 185.068 0
    endloop
  endfacet
  facet normal -1 -0 0
    outer loop
      vertex 19.1758 185.068 2
      vertex 19.1758 176.554 0
      vertex 19.1758 176.554 2
    endloop
  endfacet
  facet normal -1 0 0
    outer loop
      vertex 19.1758 163.04 0
      vertex 19.1758 171.554 2
      vertex 19.1758 171.554 0
    endloop
  endfacet
  facet normal -1 -0 0
    outer loop
      vertex 19.1758 171.554 2
      vertex 19.1758 163.04 0
      vertex 19.1758 163.04 2
    endloop
  endfacet
  facet normal -1 0 0
    outer loop
      vertex 19.1758 149.527 0
      vertex 19.1758 158.04 2
      vertex 19.1758 158.04 0
    endloop
  endfacet
  facet normal -1 -0 0
    outer loop
      vertex 19.1758 158.04 2
      vertex 19.1758 149.527 0
      vertex 19.1758 149.527 2
    endloop
  endfacet
  facet normal -1 0 0
    outer loop
      vertex 19.1758 136.014 0
      vertex 19.1758 144.527 2
      vertex 19.1758 144.527 0
    endloop
  endfacet
  facet normal -1 -0 0
    outer loop
      vertex 19.1758 144.527 2
      vertex 19.1758 136.014 0
      vertex 19.1758 136.014 2
    endloop
  endfacet
  facet normal -1 0 0
    outer loop
      vertex 19.1758 122.5 0
      vertex 19.1758 131.014 2
      vertex 19.1758 131.014 0
    endloop
  endfacet
  facet normal -1 -0 0
    outer loop
      vertex 19.1758 131.014 2
      vertex 19.1758 122.5 0
      vertex 19.1758 122.5 2
    endloop
  endfacet
  facet normal -1 0 0
    outer loop
      vertex 19.1758 108.986 0
      vertex 19.1758 117.5 2
      vertex 19.1758 117.5 0
    endloop
  endfacet
  facet normal -1 -0 0
    outer loop
      vertex 19.1758 117.5 2
      vertex 19.1758 108.986 0
      vertex 19.1758 108.986 2
    endloop
  endfacet
  facet normal -1 0 0
    outer loop
      vertex 19.1758 95.473 0
      vertex 19.1758 103.986 2
      vertex 19.1758 103.986 0
    endloop
  endfacet
  facet normal -1 -0 0
    outer loop
      vertex 19.1758 103.986 2
      vertex 19.1758 95.473 0
      vertex 19.1758 95.473 2
    endloop
  endfacet
  facet normal -1 0 0
    outer loop
      vertex 19.1758 81.9595 0
      vertex 19.1758 90.473 2
      vertex 19.1758 90.473 0
    endloop
  endfacet
  facet normal -1 -0 0
    outer loop
      vertex 19.1758 90.473 2
      vertex 19.1758 81.9595 0
      vertex 19.1758 81.9595 2
    endloop
  endfacet
  facet normal -1 0 0
    outer loop
      vertex 19.1758 68.446 0
      vertex 19.1758 76.9595 2
      vertex 19.1758 76.9595 0
    endloop
  endfacet
  facet normal -1 -0 0
    outer loop
      vertex 19.1758 76.9595 2
      vertex 19.1758 68.446 0
      vertex 19.1758 68.446 2
    endloop
  endfacet
  facet normal -1 0 0
    outer loop
      vertex 19.1758 54.9325 0
      vertex 19.1758 63.446 2
      vertex 19.1758 63.446 0
    endloop
  endfacet
  facet normal -1 -0 0
    outer loop
      vertex 19.1758 63.446 2
      vertex 19.1758 54.9325 0
      vertex 19.1758 54.9325 2
    endloop
  endfacet
  facet normal -1 0 0
    outer loop
      vertex 19.1758 41.419 0
      vertex 19.1758 49.9325 2
      vertex 19.1758 49.9325 0
    endloop
  endfacet
  facet normal -1 -0 0
    outer loop
      vertex 19.1758 49.9325 2
      vertex 19.1758 41.419 0
      vertex 19.1758 41.419 2
    endloop
  endfacet
  facet normal -1 0 0
    outer loop
      vertex 19.1758 34.9071 0
      vertex 19.1758 36.419 2
      vertex 19.1758 36.419 0
    endloop
  endfacet
  facet normal -1 -0 0
    outer loop
      vertex 19.1758 36.419 2
      vertex 19.1758 34.9071 0
      vertex 19.1758 34.9071 2
    endloop
  endfacet
  facet normal 0 1 -0
    outer loop
      vertex 165.579 221.851 0
      vertex 22.4206 221.851 2
      vertex 165.579 221.851 2
    endloop
  endfacet
  facet normal 0 1 0
    outer loop
      vertex 22.4206 221.851 2
      vertex 165.579 221.851 0
      vertex 22.4206 221.851 0
    endloop
  endfacet
  facet normal 0 -1 0
    outer loop
      vertex 22.4206 31.6623 0
      vertex 66.573 31.6623 2
      vertex 22.4206 31.6623 2
    endloop
  endfacet
  facet normal 0 -1 -0
    outer loop
      vertex 66.573 31.6623 2
      vertex 22.4206 31.6623 0
      vertex 66.573 31.6623 0
    endloop
  endfacet
  facet normal 0 -1 0
    outer loop
      vertex 121.427 31.6623 0
      vertex 165.579 31.6623 2
      vertex 121.427 31.6623 2
    endloop
  endfacet
  facet normal 0 -1 -0
    outer loop
      vertex 165.579 31.6623 2
      vertex 121.427 31.6623 0
      vertex 165.579 31.6623 0
    endloop
  endfacet
  facet normal 1 -0 0
    outer loop
      vertex 121.427 18.1488 2
      vertex 121.427 31.6623 0
      vertex 121.427 31.6623 2
    endloop
  endfacet
  facet normal 1 0 0
    outer loop
      vertex 121.427 31.6623 0
      vertex 121.427 18.1488 2
      vertex 121.427 18.1488 0
    endloop
  endfacet
  facet normal -1 0 0
    outer loop
      vertex 66.573 18.1488 0
      vertex 66.573 31.6623 2
      vertex 66.573 31.6623 0
    endloop
  endfacet
  facet normal -1 -0 0
    outer loop
      vertex 66.573 31.6623 2
      vertex 66.573 18.1488 0
      vertex 66.573 18.1488 2
    endloop
  endfacet
  facet normal 0 -1 0
    outer loop
      vertex 66.573 18.1488 0
      vertex 121.427 18.1488 2
      vertex 66.573 18.1488 2
    endloop
  endfacet
  facet normal 0 -1 -0
    outer loop
      vertex 121.427 18.1488 2
      vertex 66.573 18.1488 0
      vertex 121.427 18.1488 0
    endloop
  endfacet
  facet normal -1 0 0
    outer loop
      vertex 25.0757 212.094 0
      vertex 25.0757 217.094 2
      vertex 25.0757 217.094 0
    endloop
  endfacet
  facet normal -1 -0 0
    outer loop
      vertex 25.0757 217.094 2
      vertex 25.0757 212.094 0
      vertex 25.0757 212.094 2
    endloop
  endfacet
  facet normal 0 -1 0
    outer loop
      vertex 19.1758 217.094 0
      vertex 25.0757 217.094 2
      vertex 19.1758 217.094 2
    endloop
  endfacet
  facet normal 0 -1 -0
    outer loop
      vertex 25.0757 217.094 2
      vertex 19.1758 217.094 0
      vertex 25.0757 217.094 0
    endloop
  endfacet
  facet normal 0 1 -0
    outer loop
      vertex 25.0757 212.094 0
      vertex 19.1758 212.094 2
      vertex 25.0757 212.094 2
    endloop
  endfacet
  facet normal 0 1 0
    outer loop
      vertex 19.1758 212.094 2
      vertex 25.0757 212.094 0
      vertex 19.1758 212.094 0
    endloop
  endfacet
  facet normal 1 -0 0
    outer loop
      vertex 162.924 212.094 2
      vertex 162.924 217.094 0
      vertex 162.924 217.094 2
    endloop
  endfacet
  facet normal 1 0 0
    outer loop
      vertex 162.924 217.094 0
      vertex 162.924 212.094 2
      vertex 162.924 212.094 0
    endloop
  endfacet
  facet normal 0 -1 0
    outer loop
      vertex 162.924 217.094 0
      vertex 168.824 217.094 2
      vertex 162.924 217.094 2
    endloop
  endfacet
  facet normal 0 -1 -0
    outer loop
      vertex 168.824 217.094 2
      vertex 162.924 217.094 0
      vertex 168.824 217.094 0
    endloop
  endfacet
  facet normal 0 1 -0
    outer loop
      vertex 168.824 212.094 0
      vertex 162.924 212.094 2
      vertex 168.824 212.094 2
    endloop
  endfacet
  facet normal 0 1 0
    outer loop
      vertex 162.924 212.094 2
      vertex 168.824 212.094 0
      vertex 162.924 212.094 0
    endloop
  endfacet
  facet normal -1 0 0
    outer loop
      vertex 25.0757 198.581 0
      vertex 25.0757 203.581 2
      vertex 25.0757 203.581 0
    endloop
  endfacet
  facet normal -1 -0 0
    outer loop
      vertex 25.0757 203.581 2
      vertex 25.0757 198.581 0
      vertex 25.0757 198.581 2
    endloop
  endfacet
  facet normal 0 -1 0
    outer loop
      vertex 19.1758 203.581 0
      vertex 25.0757 203.581 2
      vertex 19.1758 203.581 2
    endloop
  endfacet
  facet normal 0 -1 -0
    outer loop
      vertex 25.0757 203.581 2
      vertex 19.1758 203.581 0
      vertex 25.0757 203.581 0
    endloop
  endfacet
  facet normal 0 1 -0
    outer loop
      vertex 25.0757 198.581 0
      vertex 19.1758 198.581 2
      vertex 25.0757 198.581 2
    endloop
  endfacet
  facet normal 0 1 0
    outer loop
      vertex 19.1758 198.581 2
      vertex 25.0757 198.581 0
      vertex 19.1758 198.581 0
    endloop
  endfacet
  facet normal 1 -0 0
    outer loop
      vertex 162.924 198.581 2
      vertex 162.924 203.581 0
      vertex 162.924 203.581 2
    endloop
  endfacet
  facet normal 1 0 0
    outer loop
      vertex 162.924 203.581 0
      vertex 162.924 198.581 2
      vertex 162.924 198.581 0
    endloop
  endfacet
  facet normal 0 -1 0
    outer loop
      vertex 162.924 203.581 0
      vertex 168.824 203.581 2
      vertex 162.924 203.581 2
    endloop
  endfacet
  facet normal 0 -1 -0
    outer loop
      vertex 168.824 203.581 2
      vertex 162.924 203.581 0
      vertex 168.824 203.581 0
    endloop
  endfacet
  facet normal 0 1 -0
    outer loop
      vertex 168.824 198.581 0
      vertex 162.924 198.581 2
      vertex 168.824 198.581 2
    endloop
  endfacet
  facet normal 0 1 0
    outer loop
      vertex 162.924 198.581 2
      vertex 168.824 198.581 0
      vertex 162.924 198.581 0
    endloop
  endfacet
  facet normal -1 0 0
    outer loop
      vertex 25.0757 185.068 0
      vertex 25.0757 190.068 2
      vertex 25.0757 190.068 0
    endloop
  endfacet
  facet normal -1 -0 0
    outer loop
      vertex 25.0757 190.068 2
      vertex 25.0757 185.068 0
      vertex 25.0757 185.068 2
    endloop
  endfacet
  facet normal 0 -1 0
    outer loop
      vertex 19.1758 190.068 0
      vertex 25.0757 190.068 2
      vertex 19.1758 190.068 2
    endloop
  endfacet
  facet normal 0 -1 -0
    outer loop
      vertex 25.0757 190.068 2
      vertex 19.1758 190.068 0
      vertex 25.0757 190.068 0
    endloop
  endfacet
  facet normal 0 1 -0
    outer loop
      vertex 25.0757 185.068 0
      vertex 19.1758 185.068 2
      vertex 25.0757 185.068 2
    endloop
  endfacet
  facet normal 0 1 0
    outer loop
      vertex 19.1758 185.068 2
      vertex 25.0757 185.068 0
      vertex 19.1758 185.068 0
    endloop
  endfacet
  facet normal 1 -0 0
    outer loop
      vertex 162.924 185.068 2
      vertex 162.924 190.068 0
      vertex 162.924 190.068 2
    endloop
  endfacet
  facet normal 1 0 0
    outer loop
      vertex 162.924 190.068 0
      vertex 162.924 185.068 2
      vertex 162.924 185.068 0
    endloop
  endfacet
  facet normal 0 -1 0
    outer loop
      vertex 162.924 190.068 0
      vertex 168.824 190.068 2
      vertex 162.924 190.068 2
    endloop
  endfacet
  facet normal 0 -1 -0
    outer loop
      vertex 168.824 190.068 2
      vertex 162.924 190.068 0
      vertex 168.824 190.068 0
    endloop
  endfacet
  facet normal 0 1 -0
    outer loop
      vertex 168.824 185.068 0
      vertex 162.924 185.068 2
      vertex 168.824 185.068 2
    endloop
  endfacet
  facet normal 0 1 0
    outer loop
      vertex 162.924 185.068 2
      vertex 168.824 185.068 0
      vertex 162.924 185.068 0
    endloop
  endfacet
  facet normal -1 0 0
    outer loop
      vertex 25.0757 171.554 0
      vertex 25.0757 176.554 2
      vertex 25.0757 176.554 0
    endloop
  endfacet
  facet normal -1 -0 0
    outer loop
      vertex 25.0757 176.554 2
      vertex 25.0757 171.554 0
      vertex 25.0757 171.554 2
    endloop
  endfacet
  facet normal 0 -1 0
    outer loop
      vertex 19.1758 176.554 0
      vertex 25.0757 176.554 2
      vertex 19.1758 176.554 2
    endloop
  endfacet
  facet normal 0 -1 -0
    outer loop
      vertex 25.0757 176.554 2
      vertex 19.1758 176.554 0
      vertex 25.0757 176.554 0
    endloop
  endfacet
  facet normal 0 1 -0
    outer loop
      vertex 25.0757 171.554 0
      vertex 19.1758 171.554 2
      vertex 25.0757 171.554 2
    endloop
  endfacet
  facet normal 0 1 0
    outer loop
      vertex 19.1758 171.554 2
      vertex 25.0757 171.554 0
      vertex 19.1758 171.554 0
    endloop
  endfacet
  facet normal 1 -0 0
    outer loop
      vertex 162.924 171.554 2
      vertex 162.924 176.554 0
      vertex 162.924 176.554 2
    endloop
  endfacet
  facet normal 1 0 0
    outer loop
      vertex 162.924 176.554 0
      vertex 162.924 171.554 2
      vertex 162.924 171.554 0
    endloop
  endfacet
  facet normal 0 -1 0
    outer loop
      vertex 162.924 176.554 0
      vertex 168.824 176.554 2
      vertex 162.924 176.554 2
    endloop
  endfacet
  facet normal 0 -1 -0
    outer loop
      vertex 168.824 176.554 2
      vertex 162.924 176.554 0
      vertex 168.824 176.554 0
    endloop
  endfacet
  facet normal 0 1 -0
    outer loop
      vertex 168.824 171.554 0
      vertex 162.924 171.554 2
      vertex 168.824 171.554 2
    endloop
  endfacet
  facet normal 0 1 0
    outer loop
      vertex 162.924 171.554 2
      vertex 168.824 171.554 0
      vertex 162.924 171.554 0
    endloop
  endfacet
  facet normal -1 0 0
    outer loop
      vertex 25.0757 158.04 0
      vertex 25.0757 163.04 2
      vertex 25.0757 163.04 0
    endloop
  endfacet
  facet normal -1 -0 0
    outer loop
      vertex 25.0757 163.04 2
      vertex 25.0757 158.04 0
      vertex 25.0757 158.04 2
    endloop
  endfacet
  facet normal 0 -1 0
    outer loop
      vertex 19.1758 163.04 0
      vertex 25.0757 163.04 2
      vertex 19.1758 163.04 2
    endloop
  endfacet
  facet normal 0 -1 -0
    outer loop
      vertex 25.0757 163.04 2
      vertex 19.1758 163.04 0
      vertex 25.0757 163.04 0
    endloop
  endfacet
  facet normal 0 1 -0
    outer loop
      vertex 25.0757 158.04 0
      vertex 19.1758 158.04 2
      vertex 25.0757 158.04 2
    endloop
  endfacet
  facet normal 0 1 0
    outer loop
      vertex 19.1758 158.04 2
      vertex 25.0757 158.04 0
      vertex 19.1758 158.04 0
    endloop
  endfacet
  facet normal 1 -0 0
    outer loop
      vertex 162.924 158.04 2
      vertex 162.924 163.04 0
      vertex 162.924 163.04 2
    endloop
  endfacet
  facet normal 1 0 0
    outer loop
      vertex 162.924 163.04 0
      vertex 162.924 158.04 2
      vertex 162.924 158.04 0
    endloop
  endfacet
  facet normal 0 -1 0
    outer loop
      vertex 162.924 163.04 0
      vertex 168.824 163.04 2
      vertex 162.924 163.04 2
    endloop
  endfacet
  facet normal 0 -1 -0
    outer loop
      vertex 168.824 163.04 2
      vertex 162.924 163.04 0
      vertex 168.824 163.04 0
    endloop
  endfacet
  facet normal 0 1 -0
    outer loop
      vertex 168.824 158.04 0
      vertex 162.924 158.04 2
      vertex 168.824 158.04 2
    endloop
  endfacet
  facet normal 0 1 0
    outer loop
      vertex 162.924 158.04 2
      vertex 168.824 158.04 0
      vertex 162.924 158.04 0
    endloop
  endfacet
  facet normal -1 0 0
    outer loop
      vertex 25.0757 144.527 0
      vertex 25.0757 149.527 2
      vertex 25.0757 149.527 0
    endloop
  endfacet
  facet normal -1 -0 0
    outer loop
      vertex 25.0757 149.527 2
      vertex 25.0757 144.527 0
      vertex 25.0757 144.527 2
    endloop
  endfacet
  facet normal 0 -1 0
    outer loop
      vertex 19.1758 149.527 0
      vertex 25.0757 149.527 2
      vertex 19.1758 149.527 2
    endloop
  endfacet
  facet normal 0 -1 -0
    outer loop
      vertex 25.0757 149.527 2
      vertex 19.1758 149.527 0
      vertex 25.0757 149.527 0
    endloop
  endfacet
  facet normal 0 1 -0
    outer loop
      vertex 25.0757 144.527 0
      vertex 19.1758 144.527 2
      vertex 25.0757 144.527 2
    endloop
  endfacet
  facet normal 0 1 0
    outer loop
      vertex 19.1758 144.527 2
      vertex 25.0757 144.527 0
      vertex 19.1758 144.527 0
    endloop
  endfacet
  facet normal 1 -0 0
    outer loop
      vertex 162.924 144.527 2
      vertex 162.924 149.527 0
      vertex 162.924 149.527 2
    endloop
  endfacet
  facet normal 1 0 0
    outer loop
      vertex 162.924 149.527 0
      vertex 162.924 144.527 2
      vertex 162.924 144.527 0
    endloop
  endfacet
  facet normal 0 -1 0
    outer loop
      vertex 162.924 149.527 0
      vertex 168.824 149.527 2
      vertex 162.924 149.527 2
    endloop
  endfacet
  facet normal 0 -1 -0
    outer loop
      vertex 168.824 149.527 2
      vertex 162.924 149.527 0
      vertex 168.824 149.527 0
    endloop
  endfacet
  facet normal 0 1 -0
    outer loop
      vertex 168.824 144.527 0
      vertex 162.924 144.527 2
      vertex 168.824 144.527 2
    endloop
  endfacet
  facet normal 0 1 0
    outer loop
      vertex 162.924 144.527 2
      vertex 168.824 144.527 0
      vertex 162.924 144.527 0
    endloop
  endfacet
  facet normal -1 0 0
    outer loop
      vertex 25.0757 131.014 0
      vertex 25.0757 136.014 2
      vertex 25.0757 136.014 0
    endloop
  endfacet
  facet normal -1 -0 0
    outer loop
      vertex 25.0757 136.014 2
      vertex 25.0757 131.014 0
      vertex 25.0757 131.014 2
    endloop
  endfacet
  facet normal 0 -1 0
    outer loop
      vertex 19.1758 136.014 0
      vertex 25.0757 136.014 2
      vertex 19.1758 136.014 2
    endloop
  endfacet
  facet normal 0 -1 -0
    outer loop
      vertex 25.0757 136.014 2
      vertex 19.1758 136.014 0
      vertex 25.0757 136.014 0
    endloop
  endfacet
  facet normal 0 1 -0
    outer loop
      vertex 25.0757 131.014 0
      vertex 19.1758 131.014 2
      vertex 25.0757 131.014 2
    endloop
  endfacet
  facet normal 0 1 0
    outer loop
      vertex 19.1758 131.014 2
      vertex 25.0757 131.014 0
      vertex 19.1758 131.014 0
    endloop
  endfacet
  facet normal 1 -0 0
    outer loop
      vertex 162.924 131.014 2
      vertex 162.924 136.014 0
      vertex 162.924 136.014 2
    endloop
  endfacet
  facet normal 1 0 0
    outer loop
      vertex 162.924 136.014 0
      vertex 162.924 131.014 2
      vertex 162.924 131.014 0
    endloop
  endfacet
  facet normal 0 -1 0
    outer loop
      vertex 162.924 136.014 0
      vertex 168.824 136.014 2
      vertex 162.924 136.014 2
    endloop
  endfacet
  facet normal 0 -1 -0
    outer loop
      vertex 168.824 136.014 2
      vertex 162.924 136.014 0
      vertex 168.824 136.014 0
    endloop
  endfacet
  facet normal 0 1 -0
    outer loop
      vertex 168.824 131.014 0
      vertex 162.924 131.014 2
      vertex 168.824 131.014 2
    endloop
  endfacet
  facet normal 0 1 0
    outer loop
      vertex 162.924 131.014 2
      vertex 168.824 131.014 0
      vertex 162.924 131.014 0
    endloop
  endfacet
  facet normal -1 0 0
    outer loop
      vertex 25.0757 117.5 0
      vertex 25.0757 122.5 2
      vertex 25.0757 122.5 0
    endloop
  endfacet
  facet normal -1 -0 0
    outer loop
      vertex 25.0757 122.5 2
      vertex 25.0757 117.5 0
      vertex 25.0757 117.5 2
    endloop
  endfacet
  facet normal 0 -1 0
    outer loop
      vertex 19.1758 122.5 0
      vertex 25.0757 122.5 2
      vertex 19.1758 122.5 2
    endloop
  endfacet
  facet normal 0 -1 -0
    outer loop
      vertex 25.0757 122.5 2
      vertex 19.1758 122.5 0
      vertex 25.0757 122.5 0
    endloop
  endfacet
  facet normal 0 1 -0
    outer loop
      vertex 25.0757 117.5 0
      vertex 19.1758 117.5 2
      vertex 25.0757 117.5 2
    endloop
  endfacet
  facet normal 0 1 0
    outer loop
      vertex 19.1758 117.5 2
      vertex 25.0757 117.5 0
      vertex 19.1758 117.5 0
    endloop
  endfacet
  facet normal 1 -0 0
    outer loop
      vertex 162.924 117.5 2
      vertex 162.924 122.5 0
      vertex 162.924 122.5 2
    endloop
  endfacet
  facet normal 1 0 0
    outer loop
      vertex 162.924 122.5 0
      vertex 162.924 117.5 2
      vertex 162.924 117.5 0
    endloop
  endfacet
  facet normal 0 -1 0
    outer loop
      vertex 162.924 122.5 0
      vertex 168.824 122.5 2
      vertex 162.924 122.5 2
    endloop
  endfacet
  facet normal 0 -1 -0
    outer loop
      vertex 168.824 122.5 2
      vertex 162.924 122.5 0
      vertex 168.824 122.5 0
    endloop
  endfacet
  facet normal 0 1 -0
    outer loop
      vertex 168.824 117.5 0
      vertex 162.924 117.5 2
      vertex 168.824 117.5 2
    endloop
  endfacet
  facet normal 0 1 0
    outer loop
      vertex 162.924 117.5 2
      vertex 168.824 117.5 0
      vertex 162.924 117.5 0
    endloop
  endfacet
  facet normal -1 0 0
    outer loop
      vertex 25.0757 103.986 0
      vertex 25.0757 108.986 2
      vertex 25.0757 108.986 0
    endloop
  endfacet
  facet normal -1 -0 0
    outer loop
      vertex 25.0757 108.986 2
      vertex 25.0757 103.986 0
      vertex 25.0757 103.986 2
    endloop
  endfacet
  facet normal 0 -1 0
    outer loop
      vertex 19.1758 108.986 0
      vertex 25.0757 108.986 2
      vertex 19.1758 108.986 2
    endloop
  endfacet
  facet normal 0 -1 -0
    outer loop
      vertex 25.0757 108.986 2
      vertex 19.1758 108.986 0
      vertex 25.0757 108.986 0
    endloop
  endfacet
  facet normal 0 1 -0
    outer loop
      vertex 25.0757 103.986 0
      vertex 19.1758 103.986 2
      vertex 25.0757 103.986 2
    endloop
  endfacet
  facet normal 0 1 0
    outer loop
      vertex 19.1758 103.986 2
      vertex 25.0757 103.986 0
      vertex 19.1758 103.986 0
    endloop
  endfacet
  facet normal 1 -0 0
    outer loop
      vertex 162.924 103.986 2
      vertex 162.924 108.986 0
      vertex 162.924 108.986 2
    endloop
  endfacet
  facet normal 1 0 0
    outer loop
      vertex 162.924 108.986 0
      vertex 162.924 103.986 2
      vertex 162.924 103.986 0
    endloop
  endfacet
  facet normal 0 -1 0
    outer loop
      vertex 162.924 108.986 0
      vertex 168.824 108.986 2
      vertex 162.924 108.986 2
    endloop
  endfacet
  facet normal 0 -1 -0
    outer loop
      vertex 168.824 108.986 2
      vertex 162.924 108.986 0
      vertex 168.824 108.986 0
    endloop
  endfacet
  facet normal 0 1 -0
    outer loop
      vertex 168.824 103.986 0
      vertex 162.924 103.986 2
      vertex 168.824 103.986 2
    endloop
  endfacet
  facet normal 0 1 0
    outer loop
      vertex 162.924 103.986 2
      vertex 168.824 103.986 0
      vertex 162.924 103.986 0
    endloop
  endfacet
  facet normal -1 0 0
    outer loop
      vertex 25.0757 90.473 0
      vertex 25.0757 95.473 2
      vertex 25.0757 95.473 0
    endloop
  endfacet
  facet normal -1 -0 0
    outer loop
      vertex 25.0757 95.473 2
      vertex 25.0757 90.473 0
      vertex 25.0757 90.473 2
    endloop
  endfacet
  facet normal 0 -1 0
    outer loop
      vertex 19.1758 95.473 0
      vertex 25.0757 95.473 2
      vertex 19.1758 95.473 2
    endloop
  endfacet
  facet normal 0 -1 -0
    outer loop
      vertex 25.0757 95.473 2
      vertex 19.1758 95.473 0
      vertex 25.0757 95.473 0
    endloop
  endfacet
  facet normal 0 1 -0
    outer loop
      vertex 25.0757 90.473 0
      vertex 19.1758 90.473 2
      vertex 25.0757 90.473 2
    endloop
  endfacet
  facet normal 0 1 0
    outer loop
      vertex 19.1758 90.473 2
      vertex 25.0757 90.473 0
      vertex 19.1758 90.473 0
    endloop
  endfacet
  facet normal 1 -0 0
    outer loop
      vertex 162.924 90.473 2
      vertex 162.924 95.473 0
      vertex 162.924 95.473 2
    endloop
  endfacet
  facet normal 1 0 0
    outer loop
      vertex 162.924 95.473 0
      vertex 162.924 90.473 2
      vertex 162.924 90.473 0
    endloop
  endfacet
  facet normal 0 -1 0
    outer loop
      vertex 162.924 95.473 0
      vertex 168.824 95.473 2
      vertex 162.924 95.473 2
    endloop
  endfacet
  facet normal 0 -1 -0
    outer loop
      vertex 168.824 95.473 2
      vertex 162.924 95.473 0
      vertex 168.824 95.473 0
    endloop
  endfacet
  facet normal 0 1 -0
    outer loop
      vertex 168.824 90.473 0
      vertex 162.924 90.473 2
      vertex 168.824 90.473 2
    endloop
  endfacet
  facet normal 0 1 0
    outer loop
      vertex 162.924 90.473 2
      vertex 168.824 90.473 0
      vertex 162.924 90.473 0
    endloop
  endfacet
  facet normal -1 0 0
    outer loop
      vertex 25.0757 76.9595 0
      vertex 25.0757 81.9595 2
      vertex 25.0757 81.9595 0
    endloop
  endfacet
  facet normal -1 -0 0
    outer loop
      vertex 25.0757 81.9595 2
      vertex 25.0757 76.9595 0
      vertex 25.0757 76.9595 2
    endloop
  endfacet
  facet normal 0 -1 0
    outer loop
      vertex 19.1758 81.9595 0
      vertex 25.0757 81.9595 2
      vertex 19.1758 81.9595 2
    endloop
  endfacet
  facet normal 0 -1 -0
    outer loop
      vertex 25.0757 81.9595 2
      vertex 19.1758 81.9595 0
      vertex 25.0757 81.9595 0
    endloop
  endfacet
  facet normal 0 1 -0
    outer loop
      vertex 25.0757 76.9595 0
      vertex 19.1758 76.9595 2
      vertex 25.0757 76.9595 2
    endloop
  endfacet
  facet normal 0 1 0
    outer loop
      vertex 19.1758 76.9595 2
      vertex 25.0757 76.9595 0
      vertex 19.1758 76.9595 0
    endloop
  endfacet
  facet normal 1 -0 0
    outer loop
      vertex 162.924 76.9595 2
      vertex 162.924 81.9595 0
      vertex 162.924 81.9595 2
    endloop
  endfacet
  facet normal 1 0 0
    outer loop
      vertex 162.924 81.9595 0
      vertex 162.924 76.9595 2
      vertex 162.924 76.9595 0
    endloop
  endfacet
  facet normal 0 -1 0
    outer loop
      vertex 162.924 81.9595 0
      vertex 168.824 81.9595 2
      vertex 162.924 81.9595 2
    endloop
  endfacet
  facet normal 0 -1 -0
    outer loop
      vertex 168.824 81.9595 2
      vertex 162.924 81.9595 0
      vertex 168.824 81.9595 0
    endloop
  endfacet
  facet normal 0 1 -0
    outer loop
      vertex 168.824 76.9595 0
      vertex 162.924 76.9595 2
      vertex 168.824 76.9595 2
    endloop
  endfacet
  facet normal 0 1 0
    outer loop
      vertex 162.924 76.9595 2
      vertex 168.824 76.9595 0
      vertex 162.924 76.9595 0
    endloop
  endfacet
  facet normal -1 0 0
    outer loop
      vertex 25.0757 63.446 0
      vertex 25.0757 68.446 2
      vertex 25.0757 68.446 0
    endloop
  endfacet
  facet normal -1 -0 0
    outer loop
      vertex 25.0757 68.446 2
      vertex 25.0757 63.446 0
      vertex 25.0757 63.446 2
    endloop
  endfacet
  facet normal 0 -1 0
    outer loop
      vertex 19.1758 68.446 0
      vertex 25.0757 68.446 2
      vertex 19.1758 68.446 2
    endloop
  endfacet
  facet normal 0 -1 -0
    outer loop
      vertex 25.0757 68.446 2
      vertex 19.1758 68.446 0
      vertex 25.0757 68.446 0
    endloop
  endfacet
  facet normal 0 1 -0
    outer loop
      vertex 25.0757 63.446 0
      vertex 19.1758 63.446 2
      vertex 25.0757 63.446 2
    endloop
  endfacet
  facet normal 0 1 0
    outer loop
      vertex 19.1758 63.446 2
      vertex 25.0757 63.446 0
      vertex 19.1758 63.446 0
    endloop
  endfacet
  facet normal 1 -0 0
    outer loop
      vertex 162.924 63.446 2
      vertex 162.924 68.446 0
      vertex 162.924 68.446 2
    endloop
  endfacet
  facet normal 1 0 0
    outer loop
      vertex 162.924 68.446 0
      vertex 162.924 63.446 2
      vertex 162.924 63.446 0
    endloop
  endfacet
  facet normal 0 -1 0
    outer loop
      vertex 162.924 68.446 0
      vertex 168.824 68.446 2
      vertex 162.924 68.446 2
    endloop
  endfacet
  facet normal 0 -1 -0
    outer loop
      vertex 168.824 68.446 2
      vertex 162.924 68.446 0
      vertex 168.824 68.446 0
    endloop
  endfacet
  facet normal 0 1 -0
    outer loop
      vertex 168.824 63.446 0
      vertex 162.924 63.446 2
      vertex 168.824 63.446 2
    endloop
  endfacet
  facet normal 0 1 0
    outer loop
      vertex 162.924 63.446 2
      vertex 168.824 63.446 0
      vertex 162.924 63.446 0
    endloop
  endfacet
  facet normal -1 0 0
    outer loop
      vertex 25.0757 49.9325 0
      vertex 25.0757 54.9325 2
      vertex 25.0757 54.9325 0
    endloop
  endfacet
  facet normal -1 -0 0
    outer loop
      vertex 25.0757 54.9325 2
      vertex 25.0757 49.9325 0
      vertex 25.0757 49.9325 2
    endloop
  endfacet
  facet normal 0 -1 0
    outer loop
      vertex 19.1758 54.9325 0
      vertex 25.0757 54.9325 2
      vertex 19.1758 54.9325 2
    endloop
  endfacet
  facet normal 0 -1 -0
    outer loop
      vertex 25.0757 54.9325 2
      vertex 19.1758 54.9325 0
      vertex 25.0757 54.9325 0
    endloop
  endfacet
  facet normal 0 1 -0
    outer loop
      vertex 25.0757 49.9325 0
      vertex 19.1758 49.9325 2
      vertex 25.0757 49.9325 2
    endloop
  endfacet
  facet normal 0 1 0
    outer loop
      vertex 19.1758 49.9325 2
      vertex 25.0757 49.9325 0
      vertex 19.1758 49.9325 0
    endloop
  endfacet
  facet normal 1 -0 0
    outer loop
      vertex 162.924 49.9325 2
      vertex 162.924 54.9325 0
      vertex 162.924 54.9325 2
    endloop
  endfacet
  facet normal 1 0 0
    outer loop
      vertex 162.924 54.9325 0
      vertex 162.924 49.9325 2
      vertex 162.924 49.9325 0
    endloop
  endfacet
  facet normal 0 -1 0
    outer loop
      vertex 162.924 54.9325 0
      vertex 168.824 54.9325 2
      vertex 162.924 54.9325 2
    endloop
  endfacet
  facet normal 0 -1 -0
    outer loop
      vertex 168.824 54.9325 2
      vertex 162.924 54.9325 0
      vertex 168.824 54.9325 0
    endloop
  endfacet
  facet normal 0 1 -0
    outer loop
      vertex 168.824 49.9325 0
      vertex 162.924 49.9325 2
      vertex 168.824 49.9325 2
    endloop
  endfacet
  facet normal 0 1 0
    outer loop
      vertex 162.924 49.9325 2
      vertex 168.824 49.9325 0
      vertex 162.924 49.9325 0
    endloop
  endfacet
  facet normal -1 0 0
    outer loop
      vertex 25.0757 36.419 0
      vertex 25.0757 41.419 2
      vertex 25.0757 41.419 0
    endloop
  endfacet
  facet normal -1 -0 0
    outer loop
      vertex 25.0757 41.419 2
      vertex 25.0757 36.419 0
      vertex 25.0757 36.419 2
    endloop
  endfacet
  facet normal 0 -1 0
    outer loop
      vertex 19.1758 41.419 0
      vertex 25.0757 41.419 2
      vertex 19.1758 41.419 2
    endloop
  endfacet
  facet normal 0 -1 -0
    outer loop
      vertex 25.0757 41.419 2
      vertex 19.1758 41.419 0
      vertex 25.0757 41.419 0
    endloop
  endfacet
  facet normal 0 1 -0
    outer loop
      vertex 25.0757 36.419 0
      vertex 19.1758 36.419 2
      vertex 25.0757 36.419 2
    endloop
  endfacet
  facet normal 0 1 0
    outer loop
      vertex 19.1758 36.419 2
      vertex 25.0757 36.419 0
      vertex 19.1758 36.419 0
    endloop
  endfacet
  facet normal 1 -0 0
    outer loop
      vertex 162.924 36.419 2
      vertex 162.924 41.419 0
      vertex 162.924 41.419 2
    endloop
  endfacet
  facet normal 1 0 0
    outer loop
      vertex 162.924 41.419 0
      vertex 162.924 36.419 2
      vertex 162.924 36.419 0
    endloop
  endfacet
  facet normal 0 -1 0
    outer loop
      vertex 162.924 41.419 0
      vertex 168.824 41.419 2
      vertex 162.924 41.419 2
    endloop
  endfacet
  facet normal 0 -1 -0
    outer loop
      vertex 168.824 41.419 2
      vertex 162.924 41.419 0
      vertex 168.824 41.419 0
    endloop
  endfacet
  facet normal 0 1 -0
    outer loop
      vertex 168.824 36.419 0
      vertex 162.924 36.419 2
      vertex 168.824 36.419 2
    endloop
  endfacet
  facet normal 0 1 0
    outer loop
      vertex 162.924 36.419 2
      vertex 168.824 36.419 0
      vertex 162.924 36.419 0
    endloop
  endfacet
  facet normal 0.0979479 0.995192 -0
    outer loop
      vertex 18.6512 228.255 0
      vertex 17.6758 228.351 2.4
      vertex 18.6512 228.255 2.4
    endloop
  endfacet
  facet normal 0.0979479 0.995192 0
    outer loop
      vertex 17.6758 228.351 2.4
      vertex 18.6512 228.255 0
      vertex 17.6758 228.351 0
    endloop
  endfacet
  facet normal 0.956923 0.290341 0
    outer loop
      vertex 22.5797 224.327 2.4
      vertex 22.2951 225.265 0
      vertex 22.2951 225.265 2.4
    endloop
  endfacet
  facet normal 0.956923 0.290341 0
    outer loop
      vertex 22.2951 225.265 0
      vertex 22.5797 224.327 2.4
      vertex 22.5797 224.327 0
    endloop
  endfacet
  facet normal 0.995187 0.0979893 0
    outer loop
      vertex 22.6758 223.351 2.4
      vertex 22.5797 224.327 0
      vertex 22.5797 224.327 2.4
    endloop
  endfacet
  facet normal 0.995187 0.0979893 0
    outer loop
      vertex 22.5797 224.327 0
      vertex 22.6758 223.351 2.4
      vertex 22.6758 223.351 0
    endloop
  endfacet
  facet normal 0.881844 0.471542 0
    outer loop
      vertex 22.2951 225.265 2.4
      vertex 21.8331 226.129 0
      vertex 21.8331 226.129 2.4
    endloop
  endfacet
  facet normal 0.881844 0.471542 0
    outer loop
      vertex 21.8331 226.129 0
      vertex 22.2951 225.265 2.4
      vertex 22.2951 225.265 0
    endloop
  endfacet
  facet normal -0.634498 0.772925 0
    outer loop
      vertex 14.8979 227.509 0
      vertex 14.1402 226.887 2.4
      vertex 14.8979 227.509 2.4
    endloop
  endfacet
  facet normal -0.634498 0.772925 0
    outer loop
      vertex 14.1402 226.887 2.4
      vertex 14.8979 227.509 0
      vertex 14.1402 226.887 0
    endloop
  endfacet
  facet normal 0 0 1
    outer loop
      vertex 19.2757 223.351 2.4
      vertex 22.6758 223.351 2.4
      vertex 22.5797 224.327 2.4
    endloop
  endfacet
  facet normal 0 0 1
    outer loop
      vertex 19.245 223.663 2.4
      vertex 22.5797 224.327 2.4
      vertex 22.2951 225.265 2.4
    endloop
  endfacet
  facet normal 0 0 1
    outer loop
      vertex 22.6758 223.351 2.4
      vertex 19.2757 223.351 2.4
      vertex 22.5797 222.376 2.4
    endloop
  endfacet
  facet normal 0 0 1
    outer loop
      vertex 19.154 223.964 2.4
      vertex 22.2951 225.265 2.4
      vertex 21.8331 226.129 2.4
    endloop
  endfacet
  facet normal -0 0 1
    outer loop
      vertex 19.245 223.039 2.4
      vertex 22.5797 222.376 2.4
      vertex 19.2757 223.351 2.4
    endloop
  endfacet
  facet normal 0 0 1
    outer loop
      vertex 22.5797 222.376 2.4
      vertex 19.245 223.039 2.4
      vertex 22.2951 221.438 2.4
    endloop
  endfacet
  facet normal 0 0 1
    outer loop
      vertex 19.0061 224.24 2.4
      vertex 21.8331 226.129 2.4
      vertex 21.2113 226.887 2.4
    endloop
  endfacet
  facet normal 0 0 1
    outer loop
      vertex 94.4 221.294 2.4
      vertex 93.6 221.294 2.4
      vertex 94.4 220.495 2.4
    endloop
  endfacet
  facet normal -0 0 1
    outer loop
      vertex 165.42 224.327 2.4
      vertex 168.755 223.663 2.4
      vertex 165.705 225.265 2.4
    endloop
  endfacet
  facet normal 0 0 1
    outer loop
      vertex 168.755 223.663 2.4
      vertex 165.42 224.327 2.4
      vertex 168.724 223.351 2.4
    endloop
  endfacet
  facet normal 0 -0 1
    outer loop
      vertex 166.167 220.573 2.4
      vertex 168.724 223.351 2.4
      vertex 165.705 221.438 2.4
    endloop
  endfacet
  facet normal 0 0 1
    outer loop
      vertex 168.724 223.351 2.4
      vertex 166.167 220.573 2.4
      vertex 166.232 220.495 2.4
    endloop
  endfacet
  facet normal 0 0 1
    outer loop
      vertex 165.324 223.351 2.4
      vertex 168.724 223.351 2.4
      vertex 165.42 224.327 2.4
    endloop
  endfacet
  facet normal 0 0 1
    outer loop
      vertex 168.724 223.351 2.4
      vertex 165.42 222.376 2.4
      vertex 165.705 221.438 2.4
    endloop
  endfacet
  facet normal 0 0 1
    outer loop
      vertex 168.724 223.351 2.4
      vertex 165.324 223.351 2.4
      vertex 165.42 222.376 2.4
    endloop
  endfacet
  facet normal -0 0 1
    outer loop
      vertex 18.8071 222.22 2.4
      vertex 21.7683 220.495 2.4
      vertex 19.0061 222.462 2.4
    endloop
  endfacet
  facet normal 0 0 1
    outer loop
      vertex 21.7683 220.495 2.4
      vertex 18.8071 222.22 2.4
      vertex 21.0636 219.695 2.4
    endloop
  endfacet
  facet normal -0 0 1
    outer loop
      vertex 18.5647 222.021 2.4
      vertex 21.0636 219.695 2.4
      vertex 18.8071 222.22 2.4
    endloop
  endfacet
  facet normal 0 0 1
    outer loop
      vertex 21.0636 219.695 2.4
      vertex 18.5647 222.021 2.4
      vertex 20.4536 219.194 2.4
    endloop
  endfacet
  facet normal 0 0 1
    outer loop
      vertex 20.4536 219.194 2.4
      vertex 18.5647 222.021 2.4
      vertex 19.5892 218.732 2.4
    endloop
  endfacet
  facet normal -0 0 1
    outer loop
      vertex 18.288 221.873 2.4
      vertex 19.5892 218.732 2.4
      vertex 18.5647 222.021 2.4
    endloop
  endfacet
  facet normal 0 0 1
    outer loop
      vertex 19.5892 218.732 2.4
      vertex 18.288 221.873 2.4
      vertex 18.6512 218.447 2.4
    endloop
  endfacet
  facet normal -0 0 1
    outer loop
      vertex 17.9879 221.782 2.4
      vertex 18.6512 218.447 2.4
      vertex 18.288 221.873 2.4
    endloop
  endfacet
  facet normal -0 0 1
    outer loop
      vertex 17.6758 221.751 2.4
      vertex 18.6512 218.447 2.4
      vertex 17.9879 221.782 2.4
    endloop
  endfacet
  facet normal 0 0 1
    outer loop
      vertex 17.6758 221.751 2.4
      vertex 17.6758 218.351 2.4
      vertex 18.6512 218.447 2.4
    endloop
  endfacet
  facet normal 0 0 1
    outer loop
      vertex 17.3636 221.782 2.4
      vertex 17.6758 218.351 2.4
      vertex 17.6758 221.751 2.4
    endloop
  endfacet
  facet normal 0 0 1
    outer loop
      vertex 16.7003 218.447 2.4
      vertex 17.3636 221.782 2.4
      vertex 17.0635 221.873 2.4
    endloop
  endfacet
  facet normal 0 0 1
    outer loop
      vertex 15.7623 218.732 2.4
      vertex 17.0635 221.873 2.4
      vertex 16.7868 222.021 2.4
    endloop
  endfacet
  facet normal 0 0 1
    outer loop
      vertex 17.3636 221.782 2.4
      vertex 16.7003 218.447 2.4
      vertex 17.6758 218.351 2.4
    endloop
  endfacet
  facet normal 0 0 1
    outer loop
      vertex 14.8979 219.194 2.4
      vertex 16.7868 222.021 2.4
      vertex 16.5444 222.22 2.4
    endloop
  endfacet
  facet normal 0 0 1
    outer loop
      vertex 14.1402 219.816 2.4
      vertex 16.5444 222.22 2.4
      vertex 16.3454 222.462 2.4
    endloop
  endfacet
  facet normal 0 0 1
    outer loop
      vertex 13.5184 220.573 2.4
      vertex 16.3454 222.462 2.4
      vertex 16.1975 222.739 2.4
    endloop
  endfacet
  facet normal 0 0 1
    outer loop
      vertex 13.0564 221.438 2.4
      vertex 16.1975 222.739 2.4
      vertex 16.1065 223.039 2.4
    endloop
  endfacet
  facet normal 0 0 1
    outer loop
      vertex 17.0635 221.873 2.4
      vertex 15.7623 218.732 2.4
      vertex 16.7003 218.447 2.4
    endloop
  endfacet
  facet normal 0 0 1
    outer loop
      vertex 12.7718 222.376 2.4
      vertex 16.1065 223.039 2.4
      vertex 16.0758 223.351 2.4
    endloop
  endfacet
  facet normal 0 0 1
    outer loop
      vertex 16.3454 224.24 2.4
      vertex 13.5184 226.129 2.4
      vertex 16.1975 223.964 2.4
    endloop
  endfacet
  facet normal -0 0 1
    outer loop
      vertex 13.0564 225.265 2.4
      vertex 16.1975 223.964 2.4
      vertex 13.5184 226.129 2.4
    endloop
  endfacet
  facet normal 0 0 1
    outer loop
      vertex 16.7868 222.021 2.4
      vertex 14.8979 219.194 2.4
      vertex 15.7623 218.732 2.4
    endloop
  endfacet
  facet normal 0 0 1
    outer loop
      vertex 16.1975 223.964 2.4
      vertex 13.0564 225.265 2.4
      vertex 16.1065 223.663 2.4
    endloop
  endfacet
  facet normal 0 0 1
    outer loop
      vertex 16.5444 222.22 2.4
      vertex 14.1402 219.816 2.4
      vertex 14.8979 219.194 2.4
    endloop
  endfacet
  facet normal -0 0 1
    outer loop
      vertex 12.7718 224.327 2.4
      vertex 16.1065 223.663 2.4
      vertex 13.0564 225.265 2.4
    endloop
  endfacet
  facet normal 0 0 1
    outer loop
      vertex 16.3454 222.462 2.4
      vertex 13.5184 220.573 2.4
      vertex 14.1402 219.816 2.4
    endloop
  endfacet
  facet normal 0 0 1
    outer loop
      vertex 16.1065 223.663 2.4
      vertex 12.7718 224.327 2.4
      vertex 16.0758 223.351 2.4
    endloop
  endfacet
  facet normal 0 0 1
    outer loop
      vertex 16.1975 222.739 2.4
      vertex 13.0564 221.438 2.4
      vertex 13.5184 220.573 2.4
    endloop
  endfacet
  facet normal 0 0 1
    outer loop
      vertex 12.6757 223.351 2.4
      vertex 16.0758 223.351 2.4
      vertex 12.7718 224.327 2.4
    endloop
  endfacet
  facet normal 0 0 1
    outer loop
      vertex 16.1065 223.039 2.4
      vertex 12.7718 222.376 2.4
      vertex 13.0564 221.438 2.4
    endloop
  endfacet
  facet normal 0 0 1
    outer loop
      vertex 16.0758 223.351 2.4
      vertex 12.6757 223.351 2.4
      vertex 12.7718 222.376 2.4
    endloop
  endfacet
  facet normal 0 0 1
    outer loop
      vertex 171.924 223.351 2.4
      vertex 175.324 223.351 2.4
      vertex 175.228 224.327 2.4
    endloop
  endfacet
  facet normal 0 0 1
    outer loop
      vertex 171.894 223.663 2.4
      vertex 175.228 224.327 2.4
      vertex 174.944 225.265 2.4
    endloop
  endfacet
  facet normal 0 0 1
    outer loop
      vertex 175.324 223.351 2.4
      vertex 171.924 223.351 2.4
      vertex 175.228 222.376 2.4
    endloop
  endfacet
  facet normal 0 0 1
    outer loop
      vertex 171.802 223.964 2.4
      vertex 174.944 225.265 2.4
      vertex 174.482 226.129 2.4
    endloop
  endfacet
  facet normal -0 0 1
    outer loop
      vertex 171.894 223.039 2.4
      vertex 175.228 222.376 2.4
      vertex 171.924 223.351 2.4
    endloop
  endfacet
  facet normal 0 0 1
    outer loop
      vertex 171.655 224.24 2.4
      vertex 174.482 226.129 2.4
      vertex 173.86 226.887 2.4
    endloop
  endfacet
  facet normal 0 0 1
    outer loop
      vertex 175.228 222.376 2.4
      vertex 171.894 223.039 2.4
      vertex 174.944 221.438 2.4
    endloop
  endfacet
  facet normal 0 0 1
    outer loop
      vertex 171.456 224.483 2.4
      vertex 173.86 226.887 2.4
      vertex 173.102 227.509 2.4
    endloop
  endfacet
  facet normal -0 0 1
    outer loop
      vertex 171.802 222.739 2.4
      vertex 174.944 221.438 2.4
      vertex 171.894 223.039 2.4
    endloop
  endfacet
  facet normal 0 0 1
    outer loop
      vertex 171.213 224.682 2.4
      vertex 173.102 227.509 2.4
      vertex 172.238 227.971 2.4
    endloop
  endfacet
  facet normal 0 0 1
    outer loop
      vertex 174.944 221.438 2.4
      vertex 171.802 222.739 2.4
      vertex 174.482 220.573 2.4
    endloop
  endfacet
  facet normal -0 0 1
    outer loop
      vertex 171.655 222.462 2.4
      vertex 174.482 220.573 2.4
      vertex 171.802 222.739 2.4
    endloop
  endfacet
  facet normal 0 0 1
    outer loop
      vertex 175.228 224.327 2.4
      vertex 171.894 223.663 2.4
      vertex 171.924 223.351 2.4
    endloop
  endfacet
  facet normal 0 0 1
    outer loop
      vertex 174.944 225.265 2.4
      vertex 171.802 223.964 2.4
      vertex 171.894 223.663 2.4
    endloop
  endfacet
  facet normal 0 0 1
    outer loop
      vertex 174.482 226.129 2.4
      vertex 171.655 224.24 2.4
      vertex 171.802 223.964 2.4
    endloop
  endfacet
  facet normal 0 0 1
    outer loop
      vertex 173.86 226.887 2.4
      vertex 171.456 224.483 2.4
      vertex 171.655 224.24 2.4
    endloop
  endfacet
  facet normal 0 0 1
    outer loop
      vertex 170.937 224.829 2.4
      vertex 172.238 227.971 2.4
      vertex 171.3 228.255 2.4
    endloop
  endfacet
  facet normal 0 0 1
    outer loop
      vertex 173.102 227.509 2.4
      vertex 171.213 224.682 2.4
      vertex 171.456 224.483 2.4
    endloop
  endfacet
  facet normal 0 0 1
    outer loop
      vertex 172.238 227.971 2.4
      vertex 170.937 224.829 2.4
      vertex 171.213 224.682 2.4
    endloop
  endfacet
  facet normal 0 0 1
    outer loop
      vertex 171.3 228.255 2.4
      vertex 170.636 224.921 2.4
      vertex 170.937 224.829 2.4
    endloop
  endfacet
  facet normal 0 0 1
    outer loop
      vertex 170.324 228.351 2.4
      vertex 170.636 224.921 2.4
      vertex 171.3 228.255 2.4
    endloop
  endfacet
  facet normal 0 0 1
    outer loop
      vertex 170.324 228.351 2.4
      vertex 170.324 224.951 2.4
      vertex 170.636 224.921 2.4
    endloop
  endfacet
  facet normal 0 0 1
    outer loop
      vertex 170.324 228.351 2.4
      vertex 170.012 224.921 2.4
      vertex 170.324 224.951 2.4
    endloop
  endfacet
  facet normal -0 0 1
    outer loop
      vertex 169.349 228.255 2.4
      vertex 170.012 224.921 2.4
      vertex 170.324 228.351 2.4
    endloop
  endfacet
  facet normal 0 0 1
    outer loop
      vertex 170.012 224.921 2.4
      vertex 169.349 228.255 2.4
      vertex 169.712 224.829 2.4
    endloop
  endfacet
  facet normal -0 0 1
    outer loop
      vertex 168.411 227.971 2.4
      vertex 169.712 224.829 2.4
      vertex 169.349 228.255 2.4
    endloop
  endfacet
  facet normal 0 0 1
    outer loop
      vertex 169.712 224.829 2.4
      vertex 168.411 227.971 2.4
      vertex 169.435 224.682 2.4
    endloop
  endfacet
  facet normal -0 0 1
    outer loop
      vertex 167.546 227.509 2.4
      vertex 169.435 224.682 2.4
      vertex 168.411 227.971 2.4
    endloop
  endfacet
  facet normal 0 0 1
    outer loop
      vertex 169.435 224.682 2.4
      vertex 167.546 227.509 2.4
      vertex 169.193 224.483 2.4
    endloop
  endfacet
  facet normal -0 0 1
    outer loop
      vertex 166.789 226.887 2.4
      vertex 169.193 224.483 2.4
      vertex 167.546 227.509 2.4
    endloop
  endfacet
  facet normal -0 0 1
    outer loop
      vertex 166.167 226.129 2.4
      vertex 168.994 224.24 2.4
      vertex 166.789 226.887 2.4
    endloop
  endfacet
  facet normal 0 0 1
    outer loop
      vertex 169.193 224.483 2.4
      vertex 166.789 226.887 2.4
      vertex 168.994 224.24 2.4
    endloop
  endfacet
  facet normal 0 0 1
    outer loop
      vertex 174.482 220.573 2.4
      vertex 171.655 222.462 2.4
      vertex 173.86 219.816 2.4
    endloop
  endfacet
  facet normal -0 0 1
    outer loop
      vertex 171.456 222.22 2.4
      vertex 173.86 219.816 2.4
      vertex 171.655 222.462 2.4
    endloop
  endfacet
  facet normal 0 0 1
    outer loop
      vertex 173.86 219.816 2.4
      vertex 171.456 222.22 2.4
      vertex 173.102 219.194 2.4
    endloop
  endfacet
  facet normal -0 0 1
    outer loop
      vertex 171.213 222.021 2.4
      vertex 173.102 219.194 2.4
      vertex 171.456 222.22 2.4
    endloop
  endfacet
  facet normal 0 0 1
    outer loop
      vertex 173.102 219.194 2.4
      vertex 171.213 222.021 2.4
      vertex 172.238 218.732 2.4
    endloop
  endfacet
  facet normal -0 0 1
    outer loop
      vertex 170.937 221.873 2.4
      vertex 172.238 218.732 2.4
      vertex 171.213 222.021 2.4
    endloop
  endfacet
  facet normal 0 0 1
    outer loop
      vertex 172.238 218.732 2.4
      vertex 170.937 221.873 2.4
      vertex 171.3 218.447 2.4
    endloop
  endfacet
  facet normal -0 0 1
    outer loop
      vertex 170.636 221.782 2.4
      vertex 171.3 218.447 2.4
      vertex 170.937 221.873 2.4
    endloop
  endfacet
  facet normal -0 0 1
    outer loop
      vertex 170.324 221.751 2.4
      vertex 171.3 218.447 2.4
      vertex 170.636 221.782 2.4
    endloop
  endfacet
  facet normal 0 0 1
    outer loop
      vertex 170.324 221.751 2.4
      vertex 170.324 218.351 2.4
      vertex 171.3 218.447 2.4
    endloop
  endfacet
  facet normal 0 0 1
    outer loop
      vertex 170.012 221.782 2.4
      vertex 170.324 218.351 2.4
      vertex 170.324 221.751 2.4
    endloop
  endfacet
  facet normal 0 0 1
    outer loop
      vertex 169.349 218.447 2.4
      vertex 170.012 221.782 2.4
      vertex 169.712 221.873 2.4
    endloop
  endfacet
  facet normal 0 0 1
    outer loop
      vertex 168.411 218.732 2.4
      vertex 169.712 221.873 2.4
      vertex 169.435 222.021 2.4
    endloop
  endfacet
  facet normal 0 0 1
    outer loop
      vertex 170.012 221.782 2.4
      vertex 169.349 218.447 2.4
      vertex 170.324 218.351 2.4
    endloop
  endfacet
  facet normal 0 0 1
    outer loop
      vertex 166.936 219.695 2.4
      vertex 169.435 222.021 2.4
      vertex 169.193 222.22 2.4
    endloop
  endfacet
  facet normal 0 0 1
    outer loop
      vertex 166.232 220.495 2.4
      vertex 169.193 222.22 2.4
      vertex 168.994 222.462 2.4
    endloop
  endfacet
  facet normal 0 0 1
    outer loop
      vertex 166.232 220.495 2.4
      vertex 168.994 222.462 2.4
      vertex 168.846 222.739 2.4
    endloop
  endfacet
  facet normal 0 0 1
    outer loop
      vertex 166.232 220.495 2.4
      vertex 168.846 222.739 2.4
      vertex 168.755 223.039 2.4
    endloop
  endfacet
  facet normal 0 0 1
    outer loop
      vertex 169.712 221.873 2.4
      vertex 168.411 218.732 2.4
      vertex 169.349 218.447 2.4
    endloop
  endfacet
  facet normal 0 0 1
    outer loop
      vertex 166.232 220.495 2.4
      vertex 168.755 223.039 2.4
      vertex 168.724 223.351 2.4
    endloop
  endfacet
  facet normal 0 0 1
    outer loop
      vertex 168.994 224.24 2.4
      vertex 166.167 226.129 2.4
      vertex 168.846 223.964 2.4
    endloop
  endfacet
  facet normal -0 0 1
    outer loop
      vertex 165.705 225.265 2.4
      vertex 168.846 223.964 2.4
      vertex 166.167 226.129 2.4
    endloop
  endfacet
  facet normal 0 0 1
    outer loop
      vertex 169.435 222.021 2.4
      vertex 166.936 219.695 2.4
      vertex 167.546 219.194 2.4
    endloop
  endfacet
  facet normal 0 0 1
    outer loop
      vertex 169.435 222.021 2.4
      vertex 167.546 219.194 2.4
      vertex 168.411 218.732 2.4
    endloop
  endfacet
  facet normal 0 0 1
    outer loop
      vertex 168.846 223.964 2.4
      vertex 165.705 225.265 2.4
      vertex 168.755 223.663 2.4
    endloop
  endfacet
  facet normal 0 0 1
    outer loop
      vertex 169.193 222.22 2.4
      vertex 166.232 220.495 2.4
      vertex 166.936 219.695 2.4
    endloop
  endfacet
  facet normal -0 0 1
    outer loop
      vertex 94.4 220.495 2.4
      vertex 166.936 219.695 2.4
      vertex 166.232 220.495 2.4
    endloop
  endfacet
  facet normal 0 0 1
    outer loop
      vertex 93.6 220.495 2.4
      vertex 94.4 220.495 2.4
      vertex 93.6 221.294 2.4
    endloop
  endfacet
  facet normal -0 0 1
    outer loop
      vertex 93.6 220.495 2.4
      vertex 166.936 219.695 2.4
      vertex 94.4 220.495 2.4
    endloop
  endfacet
  facet normal 0 0 1
    outer loop
      vertex 21.0636 219.695 2.4
      vertex 93.6 220.495 2.4
      vertex 21.7683 220.495 2.4
    endloop
  endfacet
  facet normal 0 0 1
    outer loop
      vertex 93.6 220.495 2.4
      vertex 21.0636 219.695 2.4
      vertex 166.936 219.695 2.4
    endloop
  endfacet
  facet normal -0 0 1
    outer loop
      vertex 19.154 222.739 2.4
      vertex 22.2951 221.438 2.4
      vertex 19.245 223.039 2.4
    endloop
  endfacet
  facet normal 0 0 1
    outer loop
      vertex 18.8071 224.483 2.4
      vertex 21.2113 226.887 2.4
      vertex 20.4536 227.509 2.4
    endloop
  endfacet
  facet normal 0 0 1
    outer loop
      vertex 22.2951 221.438 2.4
      vertex 19.154 222.739 2.4
      vertex 21.8331 220.573 2.4
    endloop
  endfacet
  facet normal 0 0 1
    outer loop
      vertex 18.5647 224.682 2.4
      vertex 20.4536 227.509 2.4
      vertex 19.5892 227.971 2.4
    endloop
  endfacet
  facet normal -0 0 1
    outer loop
      vertex 19.0061 222.462 2.4
      vertex 21.8331 220.573 2.4
      vertex 19.154 222.739 2.4
    endloop
  endfacet
  facet normal 0 0 1
    outer loop
      vertex 21.8331 220.573 2.4
      vertex 19.0061 222.462 2.4
      vertex 21.7683 220.495 2.4
    endloop
  endfacet
  facet normal 0 0 1
    outer loop
      vertex 22.5797 224.327 2.4
      vertex 19.245 223.663 2.4
      vertex 19.2757 223.351 2.4
    endloop
  endfacet
  facet normal 0 0 1
    outer loop
      vertex 22.2951 225.265 2.4
      vertex 19.154 223.964 2.4
      vertex 19.245 223.663 2.4
    endloop
  endfacet
  facet normal 0 0 1
    outer loop
      vertex 21.8331 226.129 2.4
      vertex 19.0061 224.24 2.4
      vertex 19.154 223.964 2.4
    endloop
  endfacet
  facet normal 0 0 1
    outer loop
      vertex 21.2113 226.887 2.4
      vertex 18.8071 224.483 2.4
      vertex 19.0061 224.24 2.4
    endloop
  endfacet
  facet normal 0 0 1
    outer loop
      vertex 18.288 224.829 2.4
      vertex 19.5892 227.971 2.4
      vertex 18.6512 228.255 2.4
    endloop
  endfacet
  facet normal 0 0 1
    outer loop
      vertex 20.4536 227.509 2.4
      vertex 18.5647 224.682 2.4
      vertex 18.8071 224.483 2.4
    endloop
  endfacet
  facet normal 0 0 1
    outer loop
      vertex 19.5892 227.971 2.4
      vertex 18.288 224.829 2.4
      vertex 18.5647 224.682 2.4
    endloop
  endfacet
  facet normal 0 0 1
    outer loop
      vertex 18.6512 228.255 2.4
      vertex 17.9879 224.921 2.4
      vertex 18.288 224.829 2.4
    endloop
  endfacet
  facet normal 0 0 1
    outer loop
      vertex 17.6758 228.351 2.4
      vertex 17.9879 224.921 2.4
      vertex 18.6512 228.255 2.4
    endloop
  endfacet
  facet normal 0 0 1
    outer loop
      vertex 17.6758 228.351 2.4
      vertex 17.6758 224.951 2.4
      vertex 17.9879 224.921 2.4
    endloop
  endfacet
  facet normal 0 0 1
    outer loop
      vertex 17.6758 228.351 2.4
      vertex 17.3636 224.921 2.4
      vertex 17.6758 224.951 2.4
    endloop
  endfacet
  facet normal -0 0 1
    outer loop
      vertex 16.7003 228.255 2.4
      vertex 17.3636 224.921 2.4
      vertex 17.6758 228.351 2.4
    endloop
  endfacet
  facet normal 0 0 1
    outer loop
      vertex 17.3636 224.921 2.4
      vertex 16.7003 228.255 2.4
      vertex 17.0635 224.829 2.4
    endloop
  endfacet
  facet normal -0 0 1
    outer loop
      vertex 15.7623 227.971 2.4
      vertex 17.0635 224.829 2.4
      vertex 16.7003 228.255 2.4
    endloop
  endfacet
  facet normal 0 0 1
    outer loop
      vertex 17.0635 224.829 2.4
      vertex 15.7623 227.971 2.4
      vertex 16.7868 224.682 2.4
    endloop
  endfacet
  facet normal -0 0 1
    outer loop
      vertex 14.8979 227.509 2.4
      vertex 16.7868 224.682 2.4
      vertex 15.7623 227.971 2.4
    endloop
  endfacet
  facet normal 0 0 1
    outer loop
      vertex 16.7868 224.682 2.4
      vertex 14.8979 227.509 2.4
      vertex 16.5444 224.483 2.4
    endloop
  endfacet
  facet normal -0 0 1
    outer loop
      vertex 14.1402 226.887 2.4
      vertex 16.5444 224.483 2.4
      vertex 14.8979 227.509 2.4
    endloop
  endfacet
  facet normal -0 0 1
    outer loop
      vertex 13.5184 226.129 2.4
      vertex 16.3454 224.24 2.4
      vertex 14.1402 226.887 2.4
    endloop
  endfacet
  facet normal 0 0 1
    outer loop
      vertex 16.5444 224.483 2.4
      vertex 14.1402 226.887 2.4
      vertex 16.3454 224.24 2.4
    endloop
  endfacet
  facet normal 0.773148 0.634226 0
    outer loop
      vertex 21.8331 226.129 2.4
      vertex 21.2113 226.887 0
      vertex 21.2113 226.887 2.4
    endloop
  endfacet
  facet normal 0.773148 0.634226 0
    outer loop
      vertex 21.2113 226.887 0
      vertex 21.8331 226.129 2.4
      vertex 21.8331 226.129 0
    endloop
  endfacet
  facet normal -0.773148 0.634226 0
    outer loop
      vertex 13.5184 226.129 0
      vertex 14.1402 226.887 2.4
      vertex 14.1402 226.887 0
    endloop
  endfacet
  facet normal -0.773148 0.634226 0
    outer loop
      vertex 14.1402 226.887 2.4
      vertex 13.5184 226.129 0
      vertex 13.5184 226.129 2.4
    endloop
  endfacet
  facet normal -0.882071 -0.471117 0
    outer loop
      vertex 13.5184 220.573 0
      vertex 13.0564 221.438 2.4
      vertex 13.0564 221.438 0
    endloop
  endfacet
  facet normal -0.882071 -0.471117 0
    outer loop
      vertex 13.0564 221.438 2.4
      vertex 13.5184 220.573 0
      vertex 13.5184 220.573 2.4
    endloop
  endfacet
  facet normal 0.882071 -0.471117 0
    outer loop
      vertex 21.8331 220.573 2.4
      vertex 22.2951 221.438 2
      vertex 22.2951 221.438 2.4
    endloop
  endfacet
  facet normal 0.882071 -0.471117 0
    outer loop
      vertex 22.2951 221.438 2
      vertex 21.8331 220.573 2.4
      vertex 21.8331 220.573 2
    endloop
  endfacet
  facet normal -0.289781 0.957093 0
    outer loop
      vertex 16.7003 228.255 0
      vertex 15.7623 227.971 2.4
      vertex 16.7003 228.255 2.4
    endloop
  endfacet
  facet normal -0.289781 0.957093 0
    outer loop
      vertex 15.7623 227.971 2.4
      vertex 16.7003 228.255 0
      vertex 15.7623 227.971 0
    endloop
  endfacet
  facet normal 0.290715 -0.956809 0.000940998
    outer loop
      vertex 18.6512 218.447 2.4
      vertex 19.1758 218.606 2
      vertex 19.5892 218.732 2.4
    endloop
  endfacet
  facet normal 0.290058 -0.957009 0
    outer loop
      vertex 18.6512 218.447 0
      vertex 19.1758 218.606 2
      vertex 18.6512 218.447 2.4
    endloop
  endfacet
  facet normal 0.290058 -0.957009 0
    outer loop
      vertex 19.1758 218.606 2
      vertex 18.6512 218.447 0
      vertex 19.1758 218.606 0
    endloop
  endfacet
  facet normal 0.291548 -0.956556 0
    outer loop
      vertex 19.5892 218.732 2.4
      vertex 19.1758 218.606 2
      vertex 19.5892 218.732 2
    endloop
  endfacet
  facet normal 0.634498 0.772925 -0
    outer loop
      vertex 21.2113 226.887 0
      vertex 20.4536 227.509 2.4
      vertex 21.2113 226.887 2.4
    endloop
  endfacet
  facet normal 0.634498 0.772925 0
    outer loop
      vertex 20.4536 227.509 2.4
      vertex 21.2113 226.887 0
      vertex 20.4536 227.509 0
    endloop
  endfacet
  facet normal -0.097938 0.995193 0
    outer loop
      vertex 17.6758 228.351 0
      vertex 16.7003 228.255 2.4
      vertex 17.6758 228.351 2.4
    endloop
  endfacet
  facet normal -0.097938 0.995193 0
    outer loop
      vertex 16.7003 228.255 2.4
      vertex 17.6758 228.351 0
      vertex 16.7003 228.255 0
    endloop
  endfacet
  facet normal 0.634685 -0.772771 0
    outer loop
      vertex 20.4536 219.194 2
      vertex 21.0636 219.695 2.4
      vertex 20.4536 219.194 2.4
    endloop
  endfacet
  facet normal 0.634685 -0.772771 0
    outer loop
      vertex 21.0636 219.695 2.4
      vertex 20.4536 219.194 2
      vertex 21.0636 219.695 2
    endloop
  endfacet
  facet normal 0.471372 -0.881935 0
    outer loop
      vertex 19.5892 218.732 2
      vertex 20.4536 219.194 2.4
      vertex 19.5892 218.732 2.4
    endloop
  endfacet
  facet normal 0.471372 -0.881935 0
    outer loop
      vertex 20.4536 219.194 2.4
      vertex 19.5892 218.732 2
      vertex 20.4536 219.194 2
    endloop
  endfacet
  facet normal -0.634498 -0.772925 0
    outer loop
      vertex 14.1402 219.816 0
      vertex 14.8979 219.194 2.4
      vertex 14.1402 219.816 2.4
    endloop
  endfacet
  facet normal -0.634498 -0.772925 -0
    outer loop
      vertex 14.8979 219.194 2.4
      vertex 14.1402 219.816 0
      vertex 14.8979 219.194 0
    endloop
  endfacet
  facet normal 0.76919 -0.63902 0
    outer loop
      vertex 21.7683 220.495 2.4
      vertex 21.8331 220.573 2
      vertex 21.8331 220.573 2.4
    endloop
  endfacet
  facet normal 0.76919 -0.63902 0
    outer loop
      vertex 21.8331 220.573 2
      vertex 21.7683 220.495 2.4
      vertex 21.7683 220.495 2
    endloop
  endfacet
  facet normal -0.995187 0.0979893 0
    outer loop
      vertex 12.6757 223.351 0
      vertex 12.7718 224.327 2.4
      vertex 12.7718 224.327 0
    endloop
  endfacet
  facet normal -0.995187 0.0979893 0
    outer loop
      vertex 12.7718 224.327 2.4
      vertex 12.6757 223.351 0
      vertex 12.6757 223.351 2.4
    endloop
  endfacet
  facet normal -0.471372 0.881935 0
    outer loop
      vertex 15.7623 227.971 0
      vertex 14.8979 227.509 2.4
      vertex 15.7623 227.971 2.4
    endloop
  endfacet
  facet normal -0.471372 0.881935 0
    outer loop
      vertex 14.8979 227.509 2.4
      vertex 15.7623 227.971 0
      vertex 14.8979 227.509 0
    endloop
  endfacet
  facet normal 0.471372 0.881935 -0
    outer loop
      vertex 20.4536 227.509 0
      vertex 19.5892 227.971 2.4
      vertex 20.4536 227.509 2.4
    endloop
  endfacet
  facet normal 0.471372 0.881935 0
    outer loop
      vertex 19.5892 227.971 2.4
      vertex 20.4536 227.509 0
      vertex 19.5892 227.971 0
    endloop
  endfacet
  facet normal 0.289781 0.957093 -0
    outer loop
      vertex 19.5892 227.971 0
      vertex 18.6512 228.255 2.4
      vertex 19.5892 227.971 2.4
    endloop
  endfacet
  facet normal 0.289781 0.957093 0
    outer loop
      vertex 18.6512 228.255 2.4
      vertex 19.5892 227.971 0
      vertex 18.6512 228.255 0
    endloop
  endfacet
  facet normal -0.956923 0.290341 0
    outer loop
      vertex 12.7718 224.327 0
      vertex 13.0564 225.265 2.4
      vertex 13.0564 225.265 0
    endloop
  endfacet
  facet normal -0.956923 0.290341 0
    outer loop
      vertex 13.0564 225.265 2.4
      vertex 12.7718 224.327 0
      vertex 12.7718 224.327 2.4
    endloop
  endfacet
  facet normal 0.0979479 -0.995192 0
    outer loop
      vertex 17.6758 218.351 0
      vertex 18.6512 218.447 2.4
      vertex 17.6758 218.351 2.4
    endloop
  endfacet
  facet normal 0.0979479 -0.995192 0
    outer loop
      vertex 18.6512 218.447 2.4
      vertex 17.6758 218.351 0
      vertex 18.6512 218.447 0
    endloop
  endfacet
  facet normal -0.881844 0.471542 0
    outer loop
      vertex 13.0564 225.265 0
      vertex 13.5184 226.129 2.4
      vertex 13.5184 226.129 0
    endloop
  endfacet
  facet normal -0.881844 0.471542 0
    outer loop
      vertex 13.5184 226.129 2.4
      vertex 13.0564 225.265 0
      vertex 13.0564 225.265 2.4
    endloop
  endfacet
  facet normal 0.95702 -0.290023 0
    outer loop
      vertex 22.5797 222.376 2.4
      vertex 22.4206 221.851 2
      vertex 22.5797 222.376 0
    endloop
  endfacet
  facet normal 0.956923 -0.290341 0.000457038
    outer loop
      vertex 22.2951 221.438 2.4
      vertex 22.4206 221.851 2
      vertex 22.5797 222.376 2.4
    endloop
  endfacet
  facet normal 0.9568 -0.290747 0
    outer loop
      vertex 22.4206 221.851 2
      vertex 22.2951 221.438 2.4
      vertex 22.2951 221.438 2
    endloop
  endfacet
  facet normal 0.95702 -0.290023 0
    outer loop
      vertex 22.5797 222.376 0
      vertex 22.4206 221.851 2
      vertex 22.4206 221.851 0
    endloop
  endfacet
  facet normal 0.995178 -0.0980888 0
    outer loop
      vertex 22.5797 222.376 2.4
      vertex 22.6758 223.351 0
      vertex 22.6758 223.351 2.4
    endloop
  endfacet
  facet normal 0.995178 -0.0980888 0
    outer loop
      vertex 22.6758 223.351 0
      vertex 22.5797 222.376 2.4
      vertex 22.5797 222.376 0
    endloop
  endfacet
  facet normal -0.956923 -0.290341 0
    outer loop
      vertex 13.0564 221.438 0
      vertex 12.7718 222.376 2.4
      vertex 12.7718 222.376 0
    endloop
  endfacet
  facet normal -0.956923 -0.290341 0
    outer loop
      vertex 12.7718 222.376 2.4
      vertex 13.0564 221.438 0
      vertex 13.0564 221.438 2.4
    endloop
  endfacet
  facet normal -0.995178 -0.0980888 0
    outer loop
      vertex 12.7718 222.376 0
      vertex 12.6757 223.351 2.4
      vertex 12.6757 223.351 0
    endloop
  endfacet
  facet normal -0.995178 -0.0980888 0
    outer loop
      vertex 12.6757 223.351 2.4
      vertex 12.7718 222.376 0
      vertex 12.7718 222.376 2.4
    endloop
  endfacet
  facet normal -0.772737 -0.634726 0
    outer loop
      vertex 14.1402 219.816 0
      vertex 13.5184 220.573 2.4
      vertex 13.5184 220.573 0
    endloop
  endfacet
  facet normal -0.772737 -0.634726 0
    outer loop
      vertex 13.5184 220.573 2.4
      vertex 14.1402 219.816 0
      vertex 14.1402 219.816 2.4
    endloop
  endfacet
  facet normal -0.471372 -0.881935 0
    outer loop
      vertex 14.8979 219.194 0
      vertex 15.7623 218.732 2.4
      vertex 14.8979 219.194 2.4
    endloop
  endfacet
  facet normal -0.471372 -0.881935 -0
    outer loop
      vertex 15.7623 218.732 2.4
      vertex 14.8979 219.194 0
      vertex 15.7623 218.732 0
    endloop
  endfacet
  facet normal -0.097938 -0.995193 0
    outer loop
      vertex 16.7003 218.447 0
      vertex 17.6758 218.351 2.4
      vertex 16.7003 218.447 2.4
    endloop
  endfacet
  facet normal -0.097938 -0.995193 -0
    outer loop
      vertex 17.6758 218.351 2.4
      vertex 16.7003 218.447 0
      vertex 17.6758 218.351 0
    endloop
  endfacet
  facet normal -0.290715 -0.95681 0
    outer loop
      vertex 15.7623 218.732 0
      vertex 16.7003 218.447 2.4
      vertex 15.7623 218.732 2.4
    endloop
  endfacet
  facet normal -0.290715 -0.95681 -0
    outer loop
      vertex 16.7003 218.447 2.4
      vertex 15.7623 218.732 0
      vertex 16.7003 218.447 0
    endloop
  endfacet
  facet normal -0.471646 0.881788 0
    outer loop
      vertex 18.5647 222.021 0
      vertex 18.288 221.873 2.4
      vertex 18.5647 222.021 2.4
    endloop
  endfacet
  facet normal -0.471646 0.881788 0
    outer loop
      vertex 18.288 221.873 2.4
      vertex 18.5647 222.021 0
      vertex 18.288 221.873 0
    endloop
  endfacet
  facet normal -0.957211 -0.28939 0
    outer loop
      vertex 19.245 223.663 0
      vertex 19.154 223.964 2.4
      vertex 19.154 223.964 0
    endloop
  endfacet
  facet normal -0.957211 -0.28939 0
    outer loop
      vertex 19.154 223.964 2.4
      vertex 19.245 223.663 0
      vertex 19.245 223.663 2.4
    endloop
  endfacet
  facet normal -0.290184 0.956971 0
    outer loop
      vertex 18.288 221.873 0
      vertex 17.9879 221.782 2.4
      vertex 18.288 221.873 2.4
    endloop
  endfacet
  facet normal -0.290184 0.956971 0
    outer loop
      vertex 17.9879 221.782 2.4
      vertex 18.288 221.873 0
      vertex 17.9879 221.782 0
    endloop
  endfacet
  facet normal -0.634522 0.772905 0
    outer loop
      vertex 18.8071 222.22 0
      vertex 18.5647 222.021 2.4
      vertex 18.8071 222.22 2.4
    endloop
  endfacet
  facet normal -0.634522 0.772905 0
    outer loop
      vertex 18.5647 222.021 2.4
      vertex 18.8071 222.22 0
      vertex 18.5647 222.021 0
    endloop
  endfacet
  facet normal 0.634522 -0.772905 0
    outer loop
      vertex 16.5444 224.483 0
      vertex 16.7868 224.682 2.4
      vertex 16.5444 224.483 2.4
    endloop
  endfacet
  facet normal 0.634522 -0.772905 0
    outer loop
      vertex 16.7868 224.682 2.4
      vertex 16.5444 224.483 0
      vertex 16.7868 224.682 0
    endloop
  endfacet
  facet normal -0.995194 0.0979245 0
    outer loop
      vertex 19.245 223.039 0
      vertex 19.2757 223.351 2.4
      vertex 19.2757 223.351 0
    endloop
  endfacet
  facet normal -0.995194 0.0979245 0
    outer loop
      vertex 19.2757 223.351 2.4
      vertex 19.245 223.039 0
      vertex 19.245 223.039 2.4
    endloop
  endfacet
  facet normal -0.772391 0.635148 0
    outer loop
      vertex 18.8071 222.22 0
      vertex 19.0061 222.462 2.4
      vertex 19.0061 222.462 0
    endloop
  endfacet
  facet normal -0.772391 0.635148 0
    outer loop
      vertex 19.0061 222.462 2.4
      vertex 18.8071 222.22 0
      vertex 18.8071 222.22 2.4
    endloop
  endfacet
  facet normal -0.0988408 0.995103 0
    outer loop
      vertex 17.9879 221.782 0
      vertex 17.6758 221.751 2.4
      vertex 17.9879 221.782 2.4
    endloop
  endfacet
  facet normal -0.0988408 0.995103 0
    outer loop
      vertex 17.6758 221.751 2.4
      vertex 17.9879 221.782 0
      vertex 17.6758 221.751 0
    endloop
  endfacet
  facet normal 0.773674 -0.633584 0
    outer loop
      vertex 16.3454 224.24 2.4
      vertex 16.5444 224.483 0
      vertex 16.5444 224.483 2.4
    endloop
  endfacet
  facet normal 0.773674 -0.633584 0
    outer loop
      vertex 16.5444 224.483 0
      vertex 16.3454 224.24 2.4
      vertex 16.3454 224.24 0
    endloop
  endfacet
  facet normal -0.773674 -0.633584 0
    outer loop
      vertex 19.0061 224.24 0
      vertex 18.8071 224.483 2.4
      vertex 18.8071 224.483 0
    endloop
  endfacet
  facet normal -0.773674 -0.633584 0
    outer loop
      vertex 18.8071 224.483 2.4
      vertex 19.0061 224.24 0
      vertex 19.0061 224.24 2.4
    endloop
  endfacet
  facet normal -0.995194 -0.0979245 0
    outer loop
      vertex 19.2757 223.351 0
      vertex 19.245 223.663 2.4
      vertex 19.245 223.663 0
    endloop
  endfacet
  facet normal -0.995194 -0.0979245 0
    outer loop
      vertex 19.245 223.663 2.4
      vertex 19.2757 223.351 0
      vertex 19.2757 223.351 2.4
    endloop
  endfacet
  facet normal -0.095682 -0.995412 0
    outer loop
      vertex 17.6758 224.951 0
      vertex 17.9879 224.921 2.4
      vertex 17.6758 224.951 2.4
    endloop
  endfacet
  facet normal -0.095682 -0.995412 -0
    outer loop
      vertex 17.9879 224.921 2.4
      vertex 17.6758 224.951 0
      vertex 17.9879 224.921 0
    endloop
  endfacet
  facet normal -0.634522 -0.772905 0
    outer loop
      vertex 18.5647 224.682 0
      vertex 18.8071 224.483 2.4
      vertex 18.5647 224.682 2.4
    endloop
  endfacet
  facet normal -0.634522 -0.772905 -0
    outer loop
      vertex 18.8071 224.483 2.4
      vertex 18.5647 224.682 0
      vertex 18.8071 224.483 0
    endloop
  endfacet
  facet normal 0.0956517 -0.995415 0
    outer loop
      vertex 17.3636 224.921 0
      vertex 17.6758 224.951 2.4
      vertex 17.3636 224.921 2.4
    endloop
  endfacet
  facet normal 0.0956517 -0.995415 0
    outer loop
      vertex 17.6758 224.951 2.4
      vertex 17.3636 224.921 0
      vertex 17.6758 224.951 0
    endloop
  endfacet
  facet normal -0.881423 -0.472328 0
    outer loop
      vertex 19.154 223.964 0
      vertex 19.0061 224.24 2.4
      vertex 19.0061 224.24 0
    endloop
  endfacet
  facet normal -0.881423 -0.472328 0
    outer loop
      vertex 19.0061 224.24 2.4
      vertex 19.154 223.964 0
      vertex 19.154 223.964 2.4
    endloop
  endfacet
  facet normal -0.469163 -0.883112 0
    outer loop
      vertex 18.288 224.829 0
      vertex 18.5647 224.682 2.4
      vertex 18.288 224.829 2.4
    endloop
  endfacet
  facet normal -0.469163 -0.883112 -0
    outer loop
      vertex 18.5647 224.682 2.4
      vertex 18.288 224.829 0
      vertex 18.5647 224.682 0
    endloop
  endfacet
  facet normal 0.881423 -0.472328 0
    outer loop
      vertex 16.1975 223.964 2.4
      vertex 16.3454 224.24 0
      vertex 16.3454 224.24 2.4
    endloop
  endfacet
  facet normal 0.881423 -0.472328 0
    outer loop
      vertex 16.3454 224.24 0
      vertex 16.1975 223.964 2.4
      vertex 16.1975 223.964 0
    endloop
  endfacet
  facet normal 0.293101 -0.956082 0
    outer loop
      vertex 17.0635 224.829 0
      vertex 17.3636 224.921 2.4
      vertex 17.0635 224.829 2.4
    endloop
  endfacet
  facet normal 0.293101 -0.956082 0
    outer loop
      vertex 17.3636 224.921 2.4
      vertex 17.0635 224.829 0
      vertex 17.3636 224.921 0
    endloop
  endfacet
  facet normal 0.471646 0.881788 -0
    outer loop
      vertex 17.0635 221.873 0
      vertex 16.7868 222.021 2.4
      vertex 17.0635 221.873 2.4
    endloop
  endfacet
  facet normal 0.471646 0.881788 0
    outer loop
      vertex 16.7868 222.021 2.4
      vertex 17.0635 221.873 0
      vertex 16.7868 222.021 0
    endloop
  endfacet
  facet normal -0.293101 -0.956082 0
    outer loop
      vertex 17.9879 224.921 0
      vertex 18.288 224.829 2.4
      vertex 17.9879 224.921 2.4
    endloop
  endfacet
  facet normal -0.293101 -0.956082 -0
    outer loop
      vertex 18.288 224.829 2.4
      vertex 17.9879 224.921 0
      vertex 18.288 224.829 0
    endloop
  endfacet
  facet normal 0.995194 -0.0979245 0
    outer loop
      vertex 16.0758 223.351 2.4
      vertex 16.1065 223.663 0
      vertex 16.1065 223.663 2.4
    endloop
  endfacet
  facet normal 0.995194 -0.0979245 0
    outer loop
      vertex 16.1065 223.663 0
      vertex 16.0758 223.351 2.4
      vertex 16.0758 223.351 0
    endloop
  endfacet
  facet normal 0.290184 0.956971 -0
    outer loop
      vertex 17.3636 221.782 0
      vertex 17.0635 221.873 2.4
      vertex 17.3636 221.782 2.4
    endloop
  endfacet
  facet normal 0.290184 0.956971 0
    outer loop
      vertex 17.0635 221.873 2.4
      vertex 17.3636 221.782 0
      vertex 17.0635 221.873 0
    endloop
  endfacet
  facet normal 0.956944 0.290273 0
    outer loop
      vertex 16.1975 222.739 2.4
      vertex 16.1065 223.039 0
      vertex 16.1065 223.039 2.4
    endloop
  endfacet
  facet normal 0.956944 0.290273 0
    outer loop
      vertex 16.1065 223.039 0
      vertex 16.1975 222.739 2.4
      vertex 16.1975 222.739 0
    endloop
  endfacet
  facet normal -0.882132 0.471001 0
    outer loop
      vertex 19.0061 222.462 0
      vertex 19.154 222.739 2.4
      vertex 19.154 222.739 0
    endloop
  endfacet
  facet normal -0.882132 0.471001 0
    outer loop
      vertex 19.154 222.739 2.4
      vertex 19.0061 222.462 0
      vertex 19.0061 222.462 2.4
    endloop
  endfacet
  facet normal -0.956944 0.290273 0
    outer loop
      vertex 19.154 222.739 0
      vertex 19.245 223.039 2.4
      vertex 19.245 223.039 0
    endloop
  endfacet
  facet normal -0.956944 0.290273 0
    outer loop
      vertex 19.245 223.039 2.4
      vertex 19.154 222.739 0
      vertex 19.154 222.739 2.4
    endloop
  endfacet
  facet normal 0.957211 -0.28939 0
    outer loop
      vertex 16.1065 223.663 2.4
      vertex 16.1975 223.964 0
      vertex 16.1975 223.964 2.4
    endloop
  endfacet
  facet normal 0.957211 -0.28939 0
    outer loop
      vertex 16.1975 223.964 0
      vertex 16.1065 223.663 2.4
      vertex 16.1065 223.663 0
    endloop
  endfacet
  facet normal 0.469163 -0.883112 0
    outer loop
      vertex 16.7868 224.682 0
      vertex 17.0635 224.829 2.4
      vertex 16.7868 224.682 2.4
    endloop
  endfacet
  facet normal 0.469163 -0.883112 0
    outer loop
      vertex 17.0635 224.829 2.4
      vertex 16.7868 224.682 0
      vertex 17.0635 224.829 0
    endloop
  endfacet
  facet normal 0.634522 0.772905 -0
    outer loop
      vertex 16.7868 222.021 0
      vertex 16.5444 222.22 2.4
      vertex 16.7868 222.021 2.4
    endloop
  endfacet
  facet normal 0.634522 0.772905 0
    outer loop
      vertex 16.5444 222.22 2.4
      vertex 16.7868 222.021 0
      vertex 16.5444 222.22 0
    endloop
  endfacet
  facet normal 0.882132 0.471001 0
    outer loop
      vertex 16.3454 222.462 2.4
      vertex 16.1975 222.739 0
      vertex 16.1975 222.739 2.4
    endloop
  endfacet
  facet normal 0.882132 0.471001 0
    outer loop
      vertex 16.1975 222.739 0
      vertex 16.3454 222.462 2.4
      vertex 16.3454 222.462 0
    endloop
  endfacet
  facet normal 0.772391 0.635148 0
    outer loop
      vertex 16.5444 222.22 2.4
      vertex 16.3454 222.462 0
      vertex 16.3454 222.462 2.4
    endloop
  endfacet
  facet normal 0.772391 0.635148 0
    outer loop
      vertex 16.3454 222.462 0
      vertex 16.5444 222.22 2.4
      vertex 16.5444 222.22 0
    endloop
  endfacet
  facet normal 0.995194 0.0979245 0
    outer loop
      vertex 16.1065 223.039 2.4
      vertex 16.0758 223.351 0
      vertex 16.0758 223.351 2.4
    endloop
  endfacet
  facet normal 0.995194 0.0979245 0
    outer loop
      vertex 16.0758 223.351 0
      vertex 16.1065 223.039 2.4
      vertex 16.1065 223.039 0
    endloop
  endfacet
  facet normal 0.0988094 0.995106 -0
    outer loop
      vertex 17.6758 221.751 0
      vertex 17.3636 221.782 2.4
      vertex 17.6758 221.751 2.4
    endloop
  endfacet
  facet normal 0.0988094 0.995106 0
    outer loop
      vertex 17.3636 221.782 2.4
      vertex 17.6758 221.751 0
      vertex 17.3636 221.782 0
    endloop
  endfacet
  facet normal 0.0978883 0.995197 -0
    outer loop
      vertex 171.3 228.255 0
      vertex 170.324 228.351 2.4
      vertex 171.3 228.255 2.4
    endloop
  endfacet
  facet normal 0.0978883 0.995197 0
    outer loop
      vertex 170.324 228.351 2.4
      vertex 171.3 228.255 0
      vertex 170.324 228.351 0
    endloop
  endfacet
  facet normal 0.957093 0.289781 0
    outer loop
      vertex 175.228 224.327 2.4
      vertex 174.944 225.265 0
      vertex 174.944 225.265 2.4
    endloop
  endfacet
  facet normal 0.957093 0.289781 0
    outer loop
      vertex 174.944 225.265 0
      vertex 175.228 224.327 2.4
      vertex 175.228 224.327 0
    endloop
  endfacet
  facet normal 0.995197 0.0978883 0
    outer loop
      vertex 175.324 223.351 2.4
      vertex 175.228 224.327 0
      vertex 175.228 224.327 2.4
    endloop
  endfacet
  facet normal 0.995197 0.0978883 0
    outer loop
      vertex 175.228 224.327 0
      vertex 175.324 223.351 2.4
      vertex 175.324 223.351 0
    endloop
  endfacet
  facet normal 0.881844 0.471542 0
    outer loop
      vertex 174.944 225.265 2.4
      vertex 174.482 226.129 0
      vertex 174.482 226.129 2.4
    endloop
  endfacet
  facet normal 0.881844 0.471542 0
    outer loop
      vertex 174.482 226.129 0
      vertex 174.944 225.265 2.4
      vertex 174.944 225.265 0
    endloop
  endfacet
  facet normal -0.634848 0.772637 0
    outer loop
      vertex 167.546 227.509 0
      vertex 166.789 226.887 2.4
      vertex 167.546 227.509 2.4
    endloop
  endfacet
  facet normal -0.634848 0.772637 0
    outer loop
      vertex 166.789 226.887 2.4
      vertex 167.546 227.509 0
      vertex 166.789 226.887 0
    endloop
  endfacet
  facet normal 0.773048 0.634348 0
    outer loop
      vertex 174.482 226.129 2.4
      vertex 173.86 226.887 0
      vertex 173.86 226.887 2.4
    endloop
  endfacet
  facet normal 0.773048 0.634348 0
    outer loop
      vertex 173.86 226.887 0
      vertex 174.482 226.129 2.4
      vertex 174.482 226.129 0
    endloop
  endfacet
  facet normal -0.773048 0.634348 0
    outer loop
      vertex 166.167 226.129 0
      vertex 166.789 226.887 2.4
      vertex 166.789 226.887 0
    endloop
  endfacet
  facet normal -0.773048 0.634348 0
    outer loop
      vertex 166.789 226.887 2.4
      vertex 166.167 226.129 0
      vertex 166.167 226.129 2.4
    endloop
  endfacet
  facet normal -0.882071 -0.471117 0
    outer loop
      vertex 166.167 220.573 2
      vertex 165.705 221.438 2.4
      vertex 165.705 221.438 2
    endloop
  endfacet
  facet normal -0.882071 -0.471117 0
    outer loop
      vertex 165.705 221.438 2.4
      vertex 166.167 220.573 2
      vertex 166.167 220.573 2.4
    endloop
  endfacet
  facet normal 0.882071 -0.471117 0
    outer loop
      vertex 174.482 220.573 2.4
      vertex 174.944 221.438 0
      vertex 174.944 221.438 2.4
    endloop
  endfacet
  facet normal 0.882071 -0.471117 0
    outer loop
      vertex 174.944 221.438 0
      vertex 174.482 220.573 2.4
      vertex 174.482 220.573 0
    endloop
  endfacet
  facet normal -0.289781 0.957093 0
    outer loop
      vertex 169.349 228.255 0
      vertex 168.411 227.971 2.4
      vertex 169.349 228.255 2.4
    endloop
  endfacet
  facet normal -0.289781 0.957093 0
    outer loop
      vertex 168.411 227.971 2.4
      vertex 169.349 228.255 0
      vertex 168.411 227.971 0
    endloop
  endfacet
  facet normal 0.290715 -0.95681 0
    outer loop
      vertex 171.3 218.447 0
      vertex 172.238 218.732 2.4
      vertex 171.3 218.447 2.4
    endloop
  endfacet
  facet normal 0.290715 -0.95681 0
    outer loop
      vertex 172.238 218.732 2.4
      vertex 171.3 218.447 0
      vertex 172.238 218.732 0
    endloop
  endfacet
  facet normal 0.634348 0.773048 -0
    outer loop
      vertex 173.86 226.887 0
      vertex 173.102 227.509 2.4
      vertex 173.86 226.887 2.4
    endloop
  endfacet
  facet normal 0.634348 0.773048 0
    outer loop
      vertex 173.102 227.509 2.4
      vertex 173.86 226.887 0
      vertex 173.102 227.509 0
    endloop
  endfacet
  facet normal -0.0979877 0.995188 0
    outer loop
      vertex 170.324 228.351 0
      vertex 169.349 228.255 2.4
      vertex 170.324 228.351 2.4
    endloop
  endfacet
  facet normal -0.0979877 0.995188 0
    outer loop
      vertex 169.349 228.255 2.4
      vertex 170.324 228.351 0
      vertex 169.349 228.255 0
    endloop
  endfacet
  facet normal 0.634348 -0.773048 0
    outer loop
      vertex 173.102 219.194 0
      vertex 173.86 219.816 2.4
      vertex 173.102 219.194 2.4
    endloop
  endfacet
  facet normal 0.634348 -0.773048 0
    outer loop
      vertex 173.86 219.816 2.4
      vertex 173.102 219.194 0
      vertex 173.86 219.816 0
    endloop
  endfacet
  facet normal 0.471542 -0.881844 0
    outer loop
      vertex 172.238 218.732 0
      vertex 173.102 219.194 2.4
      vertex 172.238 218.732 2.4
    endloop
  endfacet
  facet normal 0.471542 -0.881844 0
    outer loop
      vertex 173.102 219.194 2.4
      vertex 172.238 218.732 0
      vertex 173.102 219.194 0
    endloop
  endfacet
  facet normal -0.634685 -0.772771 0
    outer loop
      vertex 166.936 219.695 2
      vertex 167.546 219.194 2.4
      vertex 166.936 219.695 2.4
    endloop
  endfacet
  facet normal -0.634685 -0.772771 -0
    outer loop
      vertex 167.546 219.194 2.4
      vertex 166.936 219.695 2
      vertex 167.546 219.194 2
    endloop
  endfacet
  facet normal 0.772637 -0.634848 0
    outer loop
      vertex 173.86 219.816 2.4
      vertex 174.482 220.573 0
      vertex 174.482 220.573 2.4
    endloop
  endfacet
  facet normal 0.772637 -0.634848 0
    outer loop
      vertex 174.482 220.573 0
      vertex 173.86 219.816 2.4
      vertex 173.86 219.816 0
    endloop
  endfacet
  facet normal -0.995197 0.0978883 0
    outer loop
      vertex 165.324 223.351 0
      vertex 165.42 224.327 2.4
      vertex 165.42 224.327 0
    endloop
  endfacet
  facet normal -0.995197 0.0978883 0
    outer loop
      vertex 165.42 224.327 2.4
      vertex 165.324 223.351 0
      vertex 165.324 223.351 2.4
    endloop
  endfacet
  facet normal -0.471117 0.882071 0
    outer loop
      vertex 168.411 227.971 0
      vertex 167.546 227.509 2.4
      vertex 168.411 227.971 2.4
    endloop
  endfacet
  facet normal -0.471117 0.882071 0
    outer loop
      vertex 167.546 227.509 2.4
      vertex 168.411 227.971 0
      vertex 167.546 227.509 0
    endloop
  endfacet
  facet normal 0.471542 0.881844 -0
    outer loop
      vertex 173.102 227.509 0
      vertex 172.238 227.971 2.4
      vertex 173.102 227.509 2.4
    endloop
  endfacet
  facet normal 0.471542 0.881844 0
    outer loop
      vertex 172.238 227.971 2.4
      vertex 173.102 227.509 0
      vertex 172.238 227.971 0
    endloop
  endfacet
  facet normal 0.289781 0.957093 -0
    outer loop
      vertex 172.238 227.971 0
      vertex 171.3 228.255 2.4
      vertex 172.238 227.971 2.4
    endloop
  endfacet
  facet normal 0.289781 0.957093 0
    outer loop
      vertex 171.3 228.255 2.4
      vertex 172.238 227.971 0
      vertex 171.3 228.255 0
    endloop
  endfacet
  facet normal -0.95681 0.290715 0
    outer loop
      vertex 165.42 224.327 0
      vertex 165.705 225.265 2.4
      vertex 165.705 225.265 0
    endloop
  endfacet
  facet normal -0.95681 0.290715 0
    outer loop
      vertex 165.705 225.265 2.4
      vertex 165.42 224.327 0
      vertex 165.42 224.327 2.4
    endloop
  endfacet
  facet normal 0.0978883 -0.995197 0
    outer loop
      vertex 170.324 218.351 0
      vertex 171.3 218.447 2.4
      vertex 170.324 218.351 2.4
    endloop
  endfacet
  facet normal 0.0978883 -0.995197 0
    outer loop
      vertex 171.3 218.447 2.4
      vertex 170.324 218.351 0
      vertex 171.3 218.447 0
    endloop
  endfacet
  facet normal -0.881844 0.471542 0
    outer loop
      vertex 165.705 225.265 0
      vertex 166.167 226.129 2.4
      vertex 166.167 226.129 0
    endloop
  endfacet
  facet normal -0.881844 0.471542 0
    outer loop
      vertex 166.167 226.129 2.4
      vertex 165.705 225.265 0
      vertex 165.705 225.265 2.4
    endloop
  endfacet
  facet normal 0.957093 -0.289781 0
    outer loop
      vertex 174.944 221.438 2.4
      vertex 175.228 222.376 0
      vertex 175.228 222.376 2.4
    endloop
  endfacet
  facet normal 0.957093 -0.289781 0
    outer loop
      vertex 175.228 222.376 0
      vertex 174.944 221.438 2.4
      vertex 174.944 221.438 0
    endloop
  endfacet
  facet normal 0.995188 -0.0979877 0
    outer loop
      vertex 175.228 222.376 2.4
      vertex 175.324 223.351 0
      vertex 175.324 223.351 2.4
    endloop
  endfacet
  facet normal 0.995188 -0.0979877 0
    outer loop
      vertex 175.324 223.351 0
      vertex 175.228 222.376 2.4
      vertex 175.228 222.376 0
    endloop
  endfacet
  facet normal -0.95707 -0.289856 -0
    outer loop
      vertex 165.579 221.851 2
      vertex 165.42 222.376 0
      vertex 165.579 221.851 0
    endloop
  endfacet
  facet normal -0.95707 -0.289856 0
    outer loop
      vertex 165.42 222.376 0
      vertex 165.579 221.851 2
      vertex 165.42 222.376 2.4
    endloop
  endfacet
  facet normal -0.956477 -0.291807 -0
    outer loop
      vertex 165.705 221.438 2.4
      vertex 165.579 221.851 2
      vertex 165.705 221.438 2
    endloop
  endfacet
  facet normal -0.956809 -0.290715 0.00123171
    outer loop
      vertex 165.579 221.851 2
      vertex 165.705 221.438 2.4
      vertex 165.42 222.376 2.4
    endloop
  endfacet
  facet normal -0.995188 -0.0979877 0
    outer loop
      vertex 165.42 222.376 0
      vertex 165.324 223.351 2.4
      vertex 165.324 223.351 0
    endloop
  endfacet
  facet normal -0.995188 -0.0979877 0
    outer loop
      vertex 165.324 223.351 2.4
      vertex 165.42 222.376 0
      vertex 165.42 222.376 2.4
    endloop
  endfacet
  facet normal -0.768221 -0.640184 0
    outer loop
      vertex 166.232 220.495 2
      vertex 166.167 220.573 2.4
      vertex 166.167 220.573 2
    endloop
  endfacet
  facet normal -0.768221 -0.640184 0
    outer loop
      vertex 166.167 220.573 2.4
      vertex 166.232 220.495 2
      vertex 166.232 220.495 2.4
    endloop
  endfacet
  facet normal -0.471117 -0.882071 0
    outer loop
      vertex 167.546 219.194 2
      vertex 168.411 218.732 2.4
      vertex 167.546 219.194 2.4
    endloop
  endfacet
  facet normal -0.471117 -0.882071 -0
    outer loop
      vertex 168.411 218.732 2.4
      vertex 167.546 219.194 2
      vertex 168.411 218.732 2
    endloop
  endfacet
  facet normal -0.0979877 -0.995188 0
    outer loop
      vertex 169.349 218.447 0
      vertex 170.324 218.351 2.4
      vertex 169.349 218.447 2.4
    endloop
  endfacet
  facet normal -0.0979877 -0.995188 -0
    outer loop
      vertex 170.324 218.351 2.4
      vertex 169.349 218.447 0
      vertex 170.324 218.351 0
    endloop
  endfacet
  facet normal -0.291807 -0.956477 0
    outer loop
      vertex 168.824 218.606 2
      vertex 168.411 218.732 2.4
      vertex 168.411 218.732 2
    endloop
  endfacet
  facet normal -0.290715 -0.956809 0.00123171
    outer loop
      vertex 168.411 218.732 2.4
      vertex 168.824 218.606 2
      vertex 169.349 218.447 2.4
    endloop
  endfacet
  facet normal -0.289856 -0.95707 0
    outer loop
      vertex 169.349 218.447 0
      vertex 168.824 218.606 2
      vertex 168.824 218.606 0
    endloop
  endfacet
  facet normal -0.289856 -0.95707 0
    outer loop
      vertex 168.824 218.606 2
      vertex 169.349 218.447 0
      vertex 169.349 218.447 2.4
    endloop
  endfacet
  facet normal -0.472576 0.88129 0
    outer loop
      vertex 171.213 222.021 0
      vertex 170.937 221.873 2.4
      vertex 171.213 222.021 2.4
    endloop
  endfacet
  facet normal -0.472576 0.88129 0
    outer loop
      vertex 170.937 221.873 2.4
      vertex 171.213 222.021 0
      vertex 170.937 221.873 0
    endloop
  endfacet
  facet normal -0.956327 -0.292299 0
    outer loop
      vertex 171.894 223.663 0
      vertex 171.802 223.964 2.4
      vertex 171.802 223.964 0
    endloop
  endfacet
  facet normal -0.956327 -0.292299 0
    outer loop
      vertex 171.802 223.964 2.4
      vertex 171.894 223.663 0
      vertex 171.894 223.663 2.4
    endloop
  endfacet
  facet normal -0.28939 0.957211 0
    outer loop
      vertex 170.937 221.873 0
      vertex 170.636 221.782 2.4
      vertex 170.937 221.873 2.4
    endloop
  endfacet
  facet normal -0.28939 0.957211 0
    outer loop
      vertex 170.636 221.782 2.4
      vertex 170.937 221.873 0
      vertex 170.636 221.782 0
    endloop
  endfacet
  facet normal -0.633584 0.773674 0
    outer loop
      vertex 171.456 222.22 0
      vertex 171.213 222.021 2.4
      vertex 171.456 222.22 2.4
    endloop
  endfacet
  facet normal -0.633584 0.773674 0
    outer loop
      vertex 171.213 222.021 2.4
      vertex 171.456 222.22 0
      vertex 171.213 222.021 0
    endloop
  endfacet
  facet normal 0.635148 -0.772391 0
    outer loop
      vertex 169.193 224.483 0
      vertex 169.435 224.682 2.4
      vertex 169.193 224.483 2.4
    endloop
  endfacet
  facet normal 0.635148 -0.772391 0
    outer loop
      vertex 169.435 224.682 2.4
      vertex 169.193 224.483 0
      vertex 169.435 224.682 0
    endloop
  endfacet
  facet normal -0.995409 0.0957124 0
    outer loop
      vertex 171.894 223.039 0
      vertex 171.924 223.351 2.4
      vertex 171.924 223.351 0
    endloop
  endfacet
  facet normal -0.995409 0.0957124 0
    outer loop
      vertex 171.924 223.351 2.4
      vertex 171.894 223.039 0
      vertex 171.894 223.039 2.4
    endloop
  endfacet
  facet normal -0.772391 0.635148 0
    outer loop
      vertex 171.456 222.22 0
      vertex 171.655 222.462 2.4
      vertex 171.655 222.462 0
    endloop
  endfacet
  facet normal -0.772391 0.635148 0
    outer loop
      vertex 171.655 222.462 2.4
      vertex 171.456 222.22 0
      vertex 171.456 222.22 2.4
    endloop
  endfacet
  facet normal -0.0988721 0.9951 0
    outer loop
      vertex 170.636 221.782 0
      vertex 170.324 221.751 2.4
      vertex 170.636 221.782 2.4
    endloop
  endfacet
  facet normal -0.0988721 0.9951 0
    outer loop
      vertex 170.324 221.751 2.4
      vertex 170.636 221.782 0
      vertex 170.324 221.751 0
    endloop
  endfacet
  facet normal 0.773674 -0.633584 0
    outer loop
      vertex 168.994 224.24 2.4
      vertex 169.193 224.483 0
      vertex 169.193 224.483 2.4
    endloop
  endfacet
  facet normal 0.773674 -0.633584 0
    outer loop
      vertex 169.193 224.483 0
      vertex 168.994 224.24 2.4
      vertex 168.994 224.24 0
    endloop
  endfacet
  facet normal -0.773674 -0.633584 0
    outer loop
      vertex 171.655 224.24 0
      vertex 171.456 224.483 2.4
      vertex 171.456 224.483 0
    endloop
  endfacet
  facet normal -0.773674 -0.633584 0
    outer loop
      vertex 171.456 224.483 2.4
      vertex 171.655 224.24 0
      vertex 171.655 224.24 2.4
    endloop
  endfacet
  facet normal -0.995409 -0.0957124 0
    outer loop
      vertex 171.924 223.351 0
      vertex 171.894 223.663 2.4
      vertex 171.894 223.663 0
    endloop
  endfacet
  facet normal -0.995409 -0.0957124 0
    outer loop
      vertex 171.894 223.663 2.4
      vertex 171.924 223.351 0
      vertex 171.924 223.351 2.4
    endloop
  endfacet
  facet normal -0.0957124 -0.995409 0
    outer loop
      vertex 170.324 224.951 0
      vertex 170.636 224.921 2.4
      vertex 170.324 224.951 2.4
    endloop
  endfacet
  facet normal -0.0957124 -0.995409 -0
    outer loop
      vertex 170.636 224.921 2.4
      vertex 170.324 224.951 0
      vertex 170.636 224.921 0
    endloop
  endfacet
  facet normal -0.633584 -0.773674 0
    outer loop
      vertex 171.213 224.682 0
      vertex 171.456 224.483 2.4
      vertex 171.213 224.682 2.4
    endloop
  endfacet
  facet normal -0.633584 -0.773674 -0
    outer loop
      vertex 171.456 224.483 2.4
      vertex 171.213 224.682 0
      vertex 171.456 224.483 0
    endloop
  endfacet
  facet normal 0.0957124 -0.995409 0
    outer loop
      vertex 170.012 224.921 0
      vertex 170.324 224.951 2.4
      vertex 170.012 224.921 2.4
    endloop
  endfacet
  facet normal 0.0957124 -0.995409 0
    outer loop
      vertex 170.324 224.951 2.4
      vertex 170.012 224.921 0
      vertex 170.324 224.951 0
    endloop
  endfacet
  facet normal -0.882618 -0.47009 0
    outer loop
      vertex 171.802 223.964 0
      vertex 171.655 224.24 2.4
      vertex 171.655 224.24 0
    endloop
  endfacet
  facet normal -0.882618 -0.47009 0
    outer loop
      vertex 171.655 224.24 2.4
      vertex 171.802 223.964 0
      vertex 171.802 223.964 2.4
    endloop
  endfacet
  facet normal -0.47009 -0.882618 0
    outer loop
      vertex 170.937 224.829 0
      vertex 171.213 224.682 2.4
      vertex 170.937 224.829 2.4
    endloop
  endfacet
  facet normal -0.47009 -0.882618 -0
    outer loop
      vertex 171.213 224.682 2.4
      vertex 170.937 224.829 0
      vertex 171.213 224.682 0
    endloop
  endfacet
  facet normal 0.88129 -0.472576 0
    outer loop
      vertex 168.846 223.964 2.4
      vertex 168.994 224.24 0
      vertex 168.994 224.24 2.4
    endloop
  endfacet
  facet normal 0.88129 -0.472576 0
    outer loop
      vertex 168.994 224.24 0
      vertex 168.846 223.964 2.4
      vertex 168.846 223.964 0
    endloop
  endfacet
  facet normal 0.29319 -0.956054 0
    outer loop
      vertex 169.712 224.829 0
      vertex 170.012 224.921 2.4
      vertex 169.712 224.829 2.4
    endloop
  endfacet
  facet normal 0.29319 -0.956054 0
    outer loop
      vertex 170.012 224.921 2.4
      vertex 169.712 224.829 0
      vertex 170.012 224.921 0
    endloop
  endfacet
  facet normal 0.471249 0.882 -0
    outer loop
      vertex 169.712 221.873 0
      vertex 169.435 222.021 2.4
      vertex 169.712 221.873 2.4
    endloop
  endfacet
  facet normal 0.471249 0.882 0
    outer loop
      vertex 169.435 222.021 2.4
      vertex 169.712 221.873 0
      vertex 169.435 222.021 0
    endloop
  endfacet
  facet normal -0.292299 -0.956327 0
    outer loop
      vertex 170.636 224.921 0
      vertex 170.937 224.829 2.4
      vertex 170.636 224.921 2.4
    endloop
  endfacet
  facet normal -0.292299 -0.956327 -0
    outer loop
      vertex 170.937 224.829 2.4
      vertex 170.636 224.921 0
      vertex 170.937 224.829 0
    endloop
  endfacet
  facet normal 0.9951 -0.0988721 0
    outer loop
      vertex 168.724 223.351 2.4
      vertex 168.755 223.663 0
      vertex 168.755 223.663 2.4
    endloop
  endfacet
  facet normal 0.9951 -0.0988721 0
    outer loop
      vertex 168.755 223.663 0
      vertex 168.724 223.351 2.4
      vertex 168.724 223.351 0
    endloop
  endfacet
  facet normal 0.290273 0.956944 -0
    outer loop
      vertex 170.012 221.782 0
      vertex 169.712 221.873 2.4
      vertex 170.012 221.782 2.4
    endloop
  endfacet
  facet normal 0.290273 0.956944 0
    outer loop
      vertex 169.712 221.873 2.4
      vertex 170.012 221.782 0
      vertex 169.712 221.873 0
    endloop
  endfacet
  facet normal 0.956944 0.290273 0
    outer loop
      vertex 168.846 222.739 2.4
      vertex 168.755 223.039 0
      vertex 168.755 223.039 2.4
    endloop
  endfacet
  facet normal 0.956944 0.290273 0
    outer loop
      vertex 168.755 223.039 0
      vertex 168.846 222.739 2.4
      vertex 168.846 222.739 0
    endloop
  endfacet
  facet normal -0.883322 0.468767 0
    outer loop
      vertex 171.655 222.462 0
      vertex 171.802 222.739 2.4
      vertex 171.802 222.739 0
    endloop
  endfacet
  facet normal -0.883322 0.468767 0
    outer loop
      vertex 171.802 222.739 2.4
      vertex 171.655 222.462 0
      vertex 171.655 222.462 2.4
    endloop
  endfacet
  facet normal -0.956054 0.29319 0
    outer loop
      vertex 171.802 222.739 0
      vertex 171.894 223.039 2.4
      vertex 171.894 223.039 0
    endloop
  endfacet
  facet normal -0.956054 0.29319 0
    outer loop
      vertex 171.894 223.039 2.4
      vertex 171.802 222.739 0
      vertex 171.802 222.739 2.4
    endloop
  endfacet
  facet normal 0.957211 -0.28939 0
    outer loop
      vertex 168.755 223.663 2.4
      vertex 168.846 223.964 0
      vertex 168.846 223.964 2.4
    endloop
  endfacet
  facet normal 0.957211 -0.28939 0
    outer loop
      vertex 168.846 223.964 0
      vertex 168.755 223.663 2.4
      vertex 168.755 223.663 0
    endloop
  endfacet
  facet normal 0.468767 -0.883322 0
    outer loop
      vertex 169.435 224.682 0
      vertex 169.712 224.829 2.4
      vertex 169.435 224.682 2.4
    endloop
  endfacet
  facet normal 0.468767 -0.883322 0
    outer loop
      vertex 169.712 224.829 2.4
      vertex 169.435 224.682 0
      vertex 169.712 224.829 0
    endloop
  endfacet
  facet normal 0.635148 0.772391 -0
    outer loop
      vertex 169.435 222.021 0
      vertex 169.193 222.22 2.4
      vertex 169.435 222.021 2.4
    endloop
  endfacet
  facet normal 0.635148 0.772391 0
    outer loop
      vertex 169.193 222.22 2.4
      vertex 169.435 222.021 0
      vertex 169.193 222.22 0
    endloop
  endfacet
  facet normal 0.882 0.471249 0
    outer loop
      vertex 168.994 222.462 2.4
      vertex 168.846 222.739 0
      vertex 168.846 222.739 2.4
    endloop
  endfacet
  facet normal 0.882 0.471249 0
    outer loop
      vertex 168.846 222.739 0
      vertex 168.994 222.462 2.4
      vertex 168.994 222.462 0
    endloop
  endfacet
  facet normal 0.772391 0.635148 0
    outer loop
      vertex 169.193 222.22 2.4
      vertex 168.994 222.462 0
      vertex 168.994 222.462 2.4
    endloop
  endfacet
  facet normal 0.772391 0.635148 0
    outer loop
      vertex 168.994 222.462 0
      vertex 169.193 222.22 2.4
      vertex 169.193 222.22 0
    endloop
  endfacet
  facet normal 0.9951 0.0988721 0
    outer loop
      vertex 168.755 223.039 2.4
      vertex 168.724 223.351 0
      vertex 168.724 223.351 2.4
    endloop
  endfacet
  facet normal 0.9951 0.0988721 0
    outer loop
      vertex 168.724 223.351 0
      vertex 168.755 223.039 2.4
      vertex 168.755 223.039 0
    endloop
  endfacet
  facet normal 0.0988721 0.9951 -0
    outer loop
      vertex 170.324 221.751 0
      vertex 170.012 221.782 2.4
      vertex 170.324 221.751 2.4
    endloop
  endfacet
  facet normal 0.0988721 0.9951 0
    outer loop
      vertex 170.012 221.782 2.4
      vertex 170.324 221.751 0
      vertex 170.012 221.782 0
    endloop
  endfacet
  facet normal 0.098049 0.995182 -0
    outer loop
      vertex 18.6512 35.0662 0
      vertex 17.6758 35.1623 2.4
      vertex 18.6512 35.0662 2.4
    endloop
  endfacet
  facet normal 0.098049 0.995182 0
    outer loop
      vertex 17.6758 35.1623 2.4
      vertex 18.6512 35.0662 0
      vertex 17.6758 35.1623 0
    endloop
  endfacet
  facet normal 0.956878 0.290489 0
    outer loop
      vertex 22.2951 32.0757 2.4
      vertex 22.4206 31.6623 2
      vertex 22.2951 32.0757 2
    endloop
  endfacet
  facet normal 0.956923 0.290341 0.000166696
    outer loop
      vertex 22.5797 31.1377 2.4
      vertex 22.4206 31.6623 2
      vertex 22.2951 32.0757 2.4
    endloop
  endfacet
  facet normal 0.956958 0.290225 -0
    outer loop
      vertex 22.5797 31.1377 0
      vertex 22.4206 31.6623 2
      vertex 22.5797 31.1377 2.4
    endloop
  endfacet
  facet normal 0.956958 0.290225 0
    outer loop
      vertex 22.4206 31.6623 2
      vertex 22.5797 31.1377 0
      vertex 22.4206 31.6623 0
    endloop
  endfacet
  facet normal 0.995182 0.098049 0
    outer loop
      vertex 22.6758 30.1623 2.4
      vertex 22.5797 31.1377 0
      vertex 22.5797 31.1377 2.4
    endloop
  endfacet
  facet normal 0.995182 0.098049 0
    outer loop
      vertex 22.5797 31.1377 0
      vertex 22.6758 30.1623 2.4
      vertex 22.6758 30.1623 0
    endloop
  endfacet
  facet normal 0.881935 0.471372 0
    outer loop
      vertex 22.2951 32.0757 2.4
      vertex 21.8331 32.9401 2
      vertex 21.8331 32.9401 2.4
    endloop
  endfacet
  facet normal 0.881935 0.471372 0
    outer loop
      vertex 21.8331 32.9401 2
      vertex 22.2951 32.0757 2.4
      vertex 22.2951 32.0757 2
    endloop
  endfacet
  facet normal -0.634376 0.773025 0
    outer loop
      vertex 14.8979 34.3196 0
      vertex 14.1402 33.6978 2.4
      vertex 14.8979 34.3196 2.4
    endloop
  endfacet
  facet normal -0.634376 0.773025 0
    outer loop
      vertex 14.1402 33.6978 2.4
      vertex 14.8979 34.3196 0
      vertex 14.1402 33.6978 0
    endloop
  endfacet
  facet normal -0 0 1
    outer loop
      vertex 165.42 31.1377 2.4
      vertex 168.755 30.4744 2.4
      vertex 165.705 32.0757 2.4
    endloop
  endfacet
  facet normal 0 0 1
    outer loop
      vertex 168.724 30.1623 2.4
      vertex 166.167 27.3844 2.4
      vertex 166.789 26.6267 2.4
    endloop
  endfacet
  facet normal 0 0 1
    outer loop
      vertex 168.755 30.4744 2.4
      vertex 165.42 31.1377 2.4
      vertex 168.724 30.1623 2.4
    endloop
  endfacet
  facet normal 0 0 1
    outer loop
      vertex 168.724 30.1623 2.4
      vertex 165.705 28.2488 2.4
      vertex 166.167 27.3844 2.4
    endloop
  endfacet
  facet normal 0 0 1
    outer loop
      vertex 165.324 30.1623 2.4
      vertex 168.724 30.1623 2.4
      vertex 165.42 31.1377 2.4
    endloop
  endfacet
  facet normal 0 0 1
    outer loop
      vertex 168.724 30.1623 2.4
      vertex 165.42 29.1868 2.4
      vertex 165.705 28.2488 2.4
    endloop
  endfacet
  facet normal 0 0 1
    outer loop
      vertex 168.724 30.1623 2.4
      vertex 165.324 30.1623 2.4
      vertex 165.42 29.1868 2.4
    endloop
  endfacet
  facet normal 0 0 1
    outer loop
      vertex 94.4 32.219 2.4
      vertex 93.6 33.019 2.4
      vertex 93.6 32.219 2.4
    endloop
  endfacet
  facet normal 0 0 1
    outer loop
      vertex 19.2757 30.1623 2.4
      vertex 22.6758 30.1623 2.4
      vertex 22.5797 31.1377 2.4
    endloop
  endfacet
  facet normal 0 0 1
    outer loop
      vertex 19.245 30.4744 2.4
      vertex 22.5797 31.1377 2.4
      vertex 22.2951 32.0757 2.4
    endloop
  endfacet
  facet normal 0 0 1
    outer loop
      vertex 22.6758 30.1623 2.4
      vertex 19.2757 30.1623 2.4
      vertex 22.5797 29.1868 2.4
    endloop
  endfacet
  facet normal 0 0 1
    outer loop
      vertex 19.154 30.7745 2.4
      vertex 22.2951 32.0757 2.4
      vertex 21.8331 32.9401 2.4
    endloop
  endfacet
  facet normal -0 0 1
    outer loop
      vertex 19.245 29.8501 2.4
      vertex 22.5797 29.1868 2.4
      vertex 19.2757 30.1623 2.4
    endloop
  endfacet
  facet normal 0 0 1
    outer loop
      vertex 19.0061 31.0512 2.4
      vertex 21.8331 32.9401 2.4
      vertex 21.7683 33.019 2.4
    endloop
  endfacet
  facet normal 0 0 1
    outer loop
      vertex 22.5797 29.1868 2.4
      vertex 19.245 29.8501 2.4
      vertex 22.2951 28.2488 2.4
    endloop
  endfacet
  facet normal 0 0 1
    outer loop
      vertex 21.8331 27.3844 2.4
      vertex 19.0061 29.2733 2.4
      vertex 21.2113 26.6267 2.4
    endloop
  endfacet
  facet normal -0 0 1
    outer loop
      vertex 18.8071 29.0309 2.4
      vertex 21.2113 26.6267 2.4
      vertex 19.0061 29.2733 2.4
    endloop
  endfacet
  facet normal 0 0 1
    outer loop
      vertex 21.2113 26.6267 2.4
      vertex 18.8071 29.0309 2.4
      vertex 20.4536 26.0049 2.4
    endloop
  endfacet
  facet normal -0 0 1
    outer loop
      vertex 18.5647 28.8319 2.4
      vertex 20.4536 26.0049 2.4
      vertex 18.8071 29.0309 2.4
    endloop
  endfacet
  facet normal 0 0 1
    outer loop
      vertex 20.4536 26.0049 2.4
      vertex 18.5647 28.8319 2.4
      vertex 19.5892 25.5429 2.4
    endloop
  endfacet
  facet normal -0 0 1
    outer loop
      vertex 18.288 28.684 2.4
      vertex 19.5892 25.5429 2.4
      vertex 18.5647 28.8319 2.4
    endloop
  endfacet
  facet normal 0 0 1
    outer loop
      vertex 19.5892 25.5429 2.4
      vertex 18.288 28.684 2.4
      vertex 18.6512 25.2583 2.4
    endloop
  endfacet
  facet normal -0 0 1
    outer loop
      vertex 17.9879 28.593 2.4
      vertex 18.6512 25.2583 2.4
      vertex 18.288 28.684 2.4
    endloop
  endfacet
  facet normal -0 0 1
    outer loop
      vertex 17.6758 28.5623 2.4
      vertex 18.6512 25.2583 2.4
      vertex 17.9879 28.593 2.4
    endloop
  endfacet
  facet normal 0 0 1
    outer loop
      vertex 17.6758 28.5623 2.4
      vertex 17.6758 25.1623 2.4
      vertex 18.6512 25.2583 2.4
    endloop
  endfacet
  facet normal 0 0 1
    outer loop
      vertex 17.3636 28.593 2.4
      vertex 17.6758 25.1623 2.4
      vertex 17.6758 28.5623 2.4
    endloop
  endfacet
  facet normal 0 0 1
    outer loop
      vertex 16.7003 25.2583 2.4
      vertex 17.3636 28.593 2.4
      vertex 17.0635 28.684 2.4
    endloop
  endfacet
  facet normal 0 0 1
    outer loop
      vertex 15.7623 25.5429 2.4
      vertex 17.0635 28.684 2.4
      vertex 16.7868 28.8319 2.4
    endloop
  endfacet
  facet normal 0 0 1
    outer loop
      vertex 17.3636 28.593 2.4
      vertex 16.7003 25.2583 2.4
      vertex 17.6758 25.1623 2.4
    endloop
  endfacet
  facet normal 0 0 1
    outer loop
      vertex 14.8979 26.0049 2.4
      vertex 16.7868 28.8319 2.4
      vertex 16.5444 29.0309 2.4
    endloop
  endfacet
  facet normal 0 0 1
    outer loop
      vertex 14.1402 26.6267 2.4
      vertex 16.5444 29.0309 2.4
      vertex 16.3454 29.2733 2.4
    endloop
  endfacet
  facet normal 0 0 1
    outer loop
      vertex 13.5184 27.3844 2.4
      vertex 16.3454 29.2733 2.4
      vertex 16.1975 29.55 2.4
    endloop
  endfacet
  facet normal 0 0 1
    outer loop
      vertex 13.0564 28.2488 2.4
      vertex 16.1975 29.55 2.4
      vertex 16.1065 29.8501 2.4
    endloop
  endfacet
  facet normal 0 0 1
    outer loop
      vertex 17.0635 28.684 2.4
      vertex 15.7623 25.5429 2.4
      vertex 16.7003 25.2583 2.4
    endloop
  endfacet
  facet normal 0 0 1
    outer loop
      vertex 12.7718 29.1868 2.4
      vertex 16.1065 29.8501 2.4
      vertex 16.0758 30.1623 2.4
    endloop
  endfacet
  facet normal 0 0 1
    outer loop
      vertex 16.3454 31.0512 2.4
      vertex 13.5184 32.9401 2.4
      vertex 16.1975 30.7745 2.4
    endloop
  endfacet
  facet normal -0 0 1
    outer loop
      vertex 13.0564 32.0757 2.4
      vertex 16.1975 30.7745 2.4
      vertex 13.5184 32.9401 2.4
    endloop
  endfacet
  facet normal 0 0 1
    outer loop
      vertex 16.7868 28.8319 2.4
      vertex 14.8979 26.0049 2.4
      vertex 15.7623 25.5429 2.4
    endloop
  endfacet
  facet normal 0 0 1
    outer loop
      vertex 16.1975 30.7745 2.4
      vertex 13.0564 32.0757 2.4
      vertex 16.1065 30.4744 2.4
    endloop
  endfacet
  facet normal 0 0 1
    outer loop
      vertex 16.5444 29.0309 2.4
      vertex 14.1402 26.6267 2.4
      vertex 14.8979 26.0049 2.4
    endloop
  endfacet
  facet normal -0 0 1
    outer loop
      vertex 12.7718 31.1377 2.4
      vertex 16.1065 30.4744 2.4
      vertex 13.0564 32.0757 2.4
    endloop
  endfacet
  facet normal 0 0 1
    outer loop
      vertex 16.3454 29.2733 2.4
      vertex 13.5184 27.3844 2.4
      vertex 14.1402 26.6267 2.4
    endloop
  endfacet
  facet normal 0 0 1
    outer loop
      vertex 16.1065 30.4744 2.4
      vertex 12.7718 31.1377 2.4
      vertex 16.0758 30.1623 2.4
    endloop
  endfacet
  facet normal 0 0 1
    outer loop
      vertex 16.1975 29.55 2.4
      vertex 13.0564 28.2488 2.4
      vertex 13.5184 27.3844 2.4
    endloop
  endfacet
  facet normal 0 0 1
    outer loop
      vertex 12.6757 30.1623 2.4
      vertex 16.0758 30.1623 2.4
      vertex 12.7718 31.1377 2.4
    endloop
  endfacet
  facet normal 0 0 1
    outer loop
      vertex 16.1065 29.8501 2.4
      vertex 12.7718 29.1868 2.4
      vertex 13.0564 28.2488 2.4
    endloop
  endfacet
  facet normal 0 0 1
    outer loop
      vertex 16.0758 30.1623 2.4
      vertex 12.6757 30.1623 2.4
      vertex 12.7718 29.1868 2.4
    endloop
  endfacet
  facet normal 0 0 1
    outer loop
      vertex 171.924 30.1623 2.4
      vertex 175.324 30.1623 2.4
      vertex 175.228 31.1377 2.4
    endloop
  endfacet
  facet normal 0 0 1
    outer loop
      vertex 171.894 30.4744 2.4
      vertex 175.228 31.1377 2.4
      vertex 174.944 32.0757 2.4
    endloop
  endfacet
  facet normal 0 0 1
    outer loop
      vertex 175.324 30.1623 2.4
      vertex 171.924 30.1623 2.4
      vertex 175.228 29.1868 2.4
    endloop
  endfacet
  facet normal 0 0 1
    outer loop
      vertex 171.802 30.7745 2.4
      vertex 174.944 32.0757 2.4
      vertex 174.482 32.9401 2.4
    endloop
  endfacet
  facet normal -0 0 1
    outer loop
      vertex 171.894 29.8501 2.4
      vertex 175.228 29.1868 2.4
      vertex 171.924 30.1623 2.4
    endloop
  endfacet
  facet normal 0 0 1
    outer loop
      vertex 171.655 31.0512 2.4
      vertex 174.482 32.9401 2.4
      vertex 173.86 33.6978 2.4
    endloop
  endfacet
  facet normal 0 0 1
    outer loop
      vertex 175.228 29.1868 2.4
      vertex 171.894 29.8501 2.4
      vertex 174.944 28.2488 2.4
    endloop
  endfacet
  facet normal 0 0 1
    outer loop
      vertex 171.456 31.2936 2.4
      vertex 173.86 33.6978 2.4
      vertex 173.102 34.3196 2.4
    endloop
  endfacet
  facet normal -0 0 1
    outer loop
      vertex 171.802 29.55 2.4
      vertex 174.944 28.2488 2.4
      vertex 171.894 29.8501 2.4
    endloop
  endfacet
  facet normal 0 0 1
    outer loop
      vertex 171.213 31.4926 2.4
      vertex 173.102 34.3196 2.4
      vertex 172.238 34.7816 2.4
    endloop
  endfacet
  facet normal 0 0 1
    outer loop
      vertex 174.944 28.2488 2.4
      vertex 171.802 29.55 2.4
      vertex 174.482 27.3844 2.4
    endloop
  endfacet
  facet normal -0 0 1
    outer loop
      vertex 171.655 29.2733 2.4
      vertex 174.482 27.3844 2.4
      vertex 171.802 29.55 2.4
    endloop
  endfacet
  facet normal 0 0 1
    outer loop
      vertex 175.228 31.1377 2.4
      vertex 171.894 30.4744 2.4
      vertex 171.924 30.1623 2.4
    endloop
  endfacet
  facet normal 0 0 1
    outer loop
      vertex 174.944 32.0757 2.4
      vertex 171.802 30.7745 2.4
      vertex 171.894 30.4744 2.4
    endloop
  endfacet
  facet normal 0 0 1
    outer loop
      vertex 174.482 32.9401 2.4
      vertex 171.655 31.0512 2.4
      vertex 171.802 30.7745 2.4
    endloop
  endfacet
  facet normal 0 0 1
    outer loop
      vertex 173.86 33.6978 2.4
      vertex 171.456 31.2936 2.4
      vertex 171.655 31.0512 2.4
    endloop
  endfacet
  facet normal 0 0 1
    outer loop
      vertex 170.937 31.6405 2.4
      vertex 172.238 34.7816 2.4
      vertex 171.3 35.0662 2.4
    endloop
  endfacet
  facet normal 0 0 1
    outer loop
      vertex 173.102 34.3196 2.4
      vertex 171.213 31.4926 2.4
      vertex 171.456 31.2936 2.4
    endloop
  endfacet
  facet normal 0 0 1
    outer loop
      vertex 172.238 34.7816 2.4
      vertex 170.937 31.6405 2.4
      vertex 171.213 31.4926 2.4
    endloop
  endfacet
  facet normal 0 0 1
    outer loop
      vertex 171.3 35.0662 2.4
      vertex 170.636 31.7315 2.4
      vertex 170.937 31.6405 2.4
    endloop
  endfacet
  facet normal 0 0 1
    outer loop
      vertex 170.324 35.1623 2.4
      vertex 170.636 31.7315 2.4
      vertex 171.3 35.0662 2.4
    endloop
  endfacet
  facet normal 0 0 1
    outer loop
      vertex 170.324 35.1623 2.4
      vertex 170.324 31.7622 2.4
      vertex 170.636 31.7315 2.4
    endloop
  endfacet
  facet normal 0 0 1
    outer loop
      vertex 170.324 35.1623 2.4
      vertex 170.012 31.7315 2.4
      vertex 170.324 31.7622 2.4
    endloop
  endfacet
  facet normal -0 0 1
    outer loop
      vertex 169.349 35.0662 2.4
      vertex 170.012 31.7315 2.4
      vertex 170.324 35.1623 2.4
    endloop
  endfacet
  facet normal 0 0 1
    outer loop
      vertex 170.012 31.7315 2.4
      vertex 169.349 35.0662 2.4
      vertex 169.712 31.6405 2.4
    endloop
  endfacet
  facet normal -0 0 1
    outer loop
      vertex 168.411 34.7816 2.4
      vertex 169.712 31.6405 2.4
      vertex 169.349 35.0662 2.4
    endloop
  endfacet
  facet normal 0 0 1
    outer loop
      vertex 169.712 31.6405 2.4
      vertex 168.411 34.7816 2.4
      vertex 169.435 31.4926 2.4
    endloop
  endfacet
  facet normal -0 0 1
    outer loop
      vertex 167.546 34.3196 2.4
      vertex 169.435 31.4926 2.4
      vertex 168.411 34.7816 2.4
    endloop
  endfacet
  facet normal -0 0 1
    outer loop
      vertex 166.936 33.819 2.4
      vertex 169.435 31.4926 2.4
      vertex 167.546 34.3196 2.4
    endloop
  endfacet
  facet normal 0 0 1
    outer loop
      vertex 169.435 31.4926 2.4
      vertex 166.936 33.819 2.4
      vertex 169.193 31.2936 2.4
    endloop
  endfacet
  facet normal 0 0 1
    outer loop
      vertex 169.193 31.2936 2.4
      vertex 166.232 33.019 2.4
      vertex 168.994 31.0512 2.4
    endloop
  endfacet
  facet normal -0 0 1
    outer loop
      vertex 166.232 33.019 2.4
      vertex 169.193 31.2936 2.4
      vertex 166.936 33.819 2.4
    endloop
  endfacet
  facet normal 0 0 1
    outer loop
      vertex 174.482 27.3844 2.4
      vertex 171.655 29.2733 2.4
      vertex 173.86 26.6267 2.4
    endloop
  endfacet
  facet normal -0 0 1
    outer loop
      vertex 171.456 29.0309 2.4
      vertex 173.86 26.6267 2.4
      vertex 171.655 29.2733 2.4
    endloop
  endfacet
  facet normal 0 0 1
    outer loop
      vertex 173.86 26.6267 2.4
      vertex 171.456 29.0309 2.4
      vertex 173.102 26.0049 2.4
    endloop
  endfacet
  facet normal -0 0 1
    outer loop
      vertex 171.213 28.8319 2.4
      vertex 173.102 26.0049 2.4
      vertex 171.456 29.0309 2.4
    endloop
  endfacet
  facet normal 0 0 1
    outer loop
      vertex 173.102 26.0049 2.4
      vertex 171.213 28.8319 2.4
      vertex 172.238 25.5429 2.4
    endloop
  endfacet
  facet normal -0 0 1
    outer loop
      vertex 170.937 28.684 2.4
      vertex 172.238 25.5429 2.4
      vertex 171.213 28.8319 2.4
    endloop
  endfacet
  facet normal 0 0 1
    outer loop
      vertex 172.238 25.5429 2.4
      vertex 170.937 28.684 2.4
      vertex 171.3 25.2583 2.4
    endloop
  endfacet
  facet normal -0 0 1
    outer loop
      vertex 170.636 28.593 2.4
      vertex 171.3 25.2583 2.4
      vertex 170.937 28.684 2.4
    endloop
  endfacet
  facet normal -0 0 1
    outer loop
      vertex 170.324 28.5623 2.4
      vertex 171.3 25.2583 2.4
      vertex 170.636 28.593 2.4
    endloop
  endfacet
  facet normal 0 0 1
    outer loop
      vertex 170.324 28.5623 2.4
      vertex 170.324 25.1623 2.4
      vertex 171.3 25.2583 2.4
    endloop
  endfacet
  facet normal 0 0 1
    outer loop
      vertex 170.012 28.593 2.4
      vertex 170.324 25.1623 2.4
      vertex 170.324 28.5623 2.4
    endloop
  endfacet
  facet normal 0 0 1
    outer loop
      vertex 169.349 25.2583 2.4
      vertex 170.012 28.593 2.4
      vertex 169.712 28.684 2.4
    endloop
  endfacet
  facet normal 0 0 1
    outer loop
      vertex 168.411 25.5429 2.4
      vertex 169.712 28.684 2.4
      vertex 169.435 28.8319 2.4
    endloop
  endfacet
  facet normal 0 0 1
    outer loop
      vertex 170.012 28.593 2.4
      vertex 169.349 25.2583 2.4
      vertex 170.324 25.1623 2.4
    endloop
  endfacet
  facet normal 0 0 1
    outer loop
      vertex 167.546 26.0049 2.4
      vertex 169.435 28.8319 2.4
      vertex 169.193 29.0309 2.4
    endloop
  endfacet
  facet normal 0 0 1
    outer loop
      vertex 166.789 26.6267 2.4
      vertex 169.193 29.0309 2.4
      vertex 168.994 29.2733 2.4
    endloop
  endfacet
  facet normal 0 0 1
    outer loop
      vertex 166.789 26.6267 2.4
      vertex 168.994 29.2733 2.4
      vertex 168.846 29.55 2.4
    endloop
  endfacet
  facet normal 0 0 1
    outer loop
      vertex 166.789 26.6267 2.4
      vertex 168.846 29.55 2.4
      vertex 168.755 29.8501 2.4
    endloop
  endfacet
  facet normal 0 0 1
    outer loop
      vertex 169.712 28.684 2.4
      vertex 168.411 25.5429 2.4
      vertex 169.349 25.2583 2.4
    endloop
  endfacet
  facet normal 0 0 1
    outer loop
      vertex 166.789 26.6267 2.4
      vertex 168.755 29.8501 2.4
      vertex 168.724 30.1623 2.4
    endloop
  endfacet
  facet normal -0 0 1
    outer loop
      vertex 166.167 32.9401 2.4
      vertex 168.994 31.0512 2.4
      vertex 166.232 33.019 2.4
    endloop
  endfacet
  facet normal 0 0 1
    outer loop
      vertex 168.994 31.0512 2.4
      vertex 166.167 32.9401 2.4
      vertex 168.846 30.7745 2.4
    endloop
  endfacet
  facet normal -0 0 1
    outer loop
      vertex 165.705 32.0757 2.4
      vertex 168.846 30.7745 2.4
      vertex 166.167 32.9401 2.4
    endloop
  endfacet
  facet normal 0 0 1
    outer loop
      vertex 169.435 28.8319 2.4
      vertex 167.546 26.0049 2.4
      vertex 168.411 25.5429 2.4
    endloop
  endfacet
  facet normal 0 0 1
    outer loop
      vertex 169.193 29.0309 2.4
      vertex 166.789 26.6267 2.4
      vertex 167.546 26.0049 2.4
    endloop
  endfacet
  facet normal 0 0 1
    outer loop
      vertex 168.846 30.7745 2.4
      vertex 165.705 32.0757 2.4
      vertex 168.755 30.4744 2.4
    endloop
  endfacet
  facet normal 0 0 1
    outer loop
      vertex 166.936 33.819 2.4
      vertex 94.4 33.019 2.4
      vertex 166.232 33.019 2.4
    endloop
  endfacet
  facet normal 0 0 1
    outer loop
      vertex 94.4 33.019 2.4
      vertex 93.6 33.019 2.4
      vertex 94.4 32.219 2.4
    endloop
  endfacet
  facet normal 0 0 1
    outer loop
      vertex 166.936 33.819 2.4
      vertex 93.6 33.019 2.4
      vertex 94.4 33.019 2.4
    endloop
  endfacet
  facet normal -0 0 1
    outer loop
      vertex 21.0636 33.819 2.4
      vertex 93.6 33.019 2.4
      vertex 166.936 33.819 2.4
    endloop
  endfacet
  facet normal 0 0 1
    outer loop
      vertex 93.6 33.019 2.4
      vertex 21.0636 33.819 2.4
      vertex 21.7683 33.019 2.4
    endloop
  endfacet
  facet normal 0 0 1
    outer loop
      vertex 18.8071 31.2936 2.4
      vertex 21.7683 33.019 2.4
      vertex 21.0636 33.819 2.4
    endloop
  endfacet
  facet normal 0 0 1
    outer loop
      vertex 18.5647 31.4926 2.4
      vertex 21.0636 33.819 2.4
      vertex 20.4536 34.3196 2.4
    endloop
  endfacet
  facet normal -0 0 1
    outer loop
      vertex 19.154 29.55 2.4
      vertex 22.2951 28.2488 2.4
      vertex 19.245 29.8501 2.4
    endloop
  endfacet
  facet normal 0 0 1
    outer loop
      vertex 18.5647 31.4926 2.4
      vertex 20.4536 34.3196 2.4
      vertex 19.5892 34.7816 2.4
    endloop
  endfacet
  facet normal 0 0 1
    outer loop
      vertex 22.2951 28.2488 2.4
      vertex 19.154 29.55 2.4
      vertex 21.8331 27.3844 2.4
    endloop
  endfacet
  facet normal -0 0 1
    outer loop
      vertex 19.0061 29.2733 2.4
      vertex 21.8331 27.3844 2.4
      vertex 19.154 29.55 2.4
    endloop
  endfacet
  facet normal 0 0 1
    outer loop
      vertex 22.5797 31.1377 2.4
      vertex 19.245 30.4744 2.4
      vertex 19.2757 30.1623 2.4
    endloop
  endfacet
  facet normal 0 0 1
    outer loop
      vertex 22.2951 32.0757 2.4
      vertex 19.154 30.7745 2.4
      vertex 19.245 30.4744 2.4
    endloop
  endfacet
  facet normal 0 0 1
    outer loop
      vertex 21.8331 32.9401 2.4
      vertex 19.0061 31.0512 2.4
      vertex 19.154 30.7745 2.4
    endloop
  endfacet
  facet normal 0 0 1
    outer loop
      vertex 21.7683 33.019 2.4
      vertex 18.8071 31.2936 2.4
      vertex 19.0061 31.0512 2.4
    endloop
  endfacet
  facet normal 0 0 1
    outer loop
      vertex 18.288 31.6405 2.4
      vertex 19.5892 34.7816 2.4
      vertex 18.6512 35.0662 2.4
    endloop
  endfacet
  facet normal 0 0 1
    outer loop
      vertex 21.0636 33.819 2.4
      vertex 18.5647 31.4926 2.4
      vertex 18.8071 31.2936 2.4
    endloop
  endfacet
  facet normal 0 0 1
    outer loop
      vertex 19.5892 34.7816 2.4
      vertex 18.288 31.6405 2.4
      vertex 18.5647 31.4926 2.4
    endloop
  endfacet
  facet normal 0 0 1
    outer loop
      vertex 18.6512 35.0662 2.4
      vertex 17.9879 31.7315 2.4
      vertex 18.288 31.6405 2.4
    endloop
  endfacet
  facet normal 0 0 1
    outer loop
      vertex 17.6758 35.1623 2.4
      vertex 17.9879 31.7315 2.4
      vertex 18.6512 35.0662 2.4
    endloop
  endfacet
  facet normal 0 0 1
    outer loop
      vertex 17.6758 35.1623 2.4
      vertex 17.6758 31.7622 2.4
      vertex 17.9879 31.7315 2.4
    endloop
  endfacet
  facet normal 0 0 1
    outer loop
      vertex 17.6758 35.1623 2.4
      vertex 17.3636 31.7315 2.4
      vertex 17.6758 31.7622 2.4
    endloop
  endfacet
  facet normal -0 0 1
    outer loop
      vertex 16.7003 35.0662 2.4
      vertex 17.3636 31.7315 2.4
      vertex 17.6758 35.1623 2.4
    endloop
  endfacet
  facet normal 0 0 1
    outer loop
      vertex 17.3636 31.7315 2.4
      vertex 16.7003 35.0662 2.4
      vertex 17.0635 31.6405 2.4
    endloop
  endfacet
  facet normal -0 0 1
    outer loop
      vertex 15.7623 34.7816 2.4
      vertex 17.0635 31.6405 2.4
      vertex 16.7003 35.0662 2.4
    endloop
  endfacet
  facet normal 0 0 1
    outer loop
      vertex 17.0635 31.6405 2.4
      vertex 15.7623 34.7816 2.4
      vertex 16.7868 31.4926 2.4
    endloop
  endfacet
  facet normal -0 0 1
    outer loop
      vertex 14.8979 34.3196 2.4
      vertex 16.7868 31.4926 2.4
      vertex 15.7623 34.7816 2.4
    endloop
  endfacet
  facet normal 0 0 1
    outer loop
      vertex 16.7868 31.4926 2.4
      vertex 14.8979 34.3196 2.4
      vertex 16.5444 31.2936 2.4
    endloop
  endfacet
  facet normal -0 0 1
    outer loop
      vertex 14.1402 33.6978 2.4
      vertex 16.5444 31.2936 2.4
      vertex 14.8979 34.3196 2.4
    endloop
  endfacet
  facet normal -0 0 1
    outer loop
      vertex 13.5184 32.9401 2.4
      vertex 16.3454 31.0512 2.4
      vertex 14.1402 33.6978 2.4
    endloop
  endfacet
  facet normal 0 0 1
    outer loop
      vertex 16.5444 31.2936 2.4
      vertex 14.1402 33.6978 2.4
      vertex 16.3454 31.0512 2.4
    endloop
  endfacet
  facet normal 0.772778 0.634677 0
    outer loop
      vertex 21.8331 32.9401 2.4
      vertex 21.7683 33.019 2
      vertex 21.7683 33.019 2.4
    endloop
  endfacet
  facet normal 0.772778 0.634677 0
    outer loop
      vertex 21.7683 33.019 2
      vertex 21.8331 32.9401 2.4
      vertex 21.8331 32.9401 2
    endloop
  endfacet
  facet normal -0.773025 0.634376 0
    outer loop
      vertex 13.5184 32.9401 0
      vertex 14.1402 33.6978 2.4
      vertex 14.1402 33.6978 0
    endloop
  endfacet
  facet normal -0.773025 0.634376 0
    outer loop
      vertex 14.1402 33.6978 2.4
      vertex 13.5184 32.9401 0
      vertex 13.5184 32.9401 2.4
    endloop
  endfacet
  facet normal -0.881935 -0.471372 0
    outer loop
      vertex 13.5184 27.3844 0
      vertex 13.0564 28.2488 2.4
      vertex 13.0564 28.2488 0
    endloop
  endfacet
  facet normal -0.881935 -0.471372 0
    outer loop
      vertex 13.0564 28.2488 2.4
      vertex 13.5184 27.3844 0
      vertex 13.5184 27.3844 2.4
    endloop
  endfacet
  facet normal 0.881935 -0.471372 0
    outer loop
      vertex 21.8331 27.3844 2.4
      vertex 22.2951 28.2488 0
      vertex 22.2951 28.2488 2.4
    endloop
  endfacet
  facet normal 0.881935 -0.471372 0
    outer loop
      vertex 22.2951 28.2488 0
      vertex 21.8331 27.3844 2.4
      vertex 21.8331 27.3844 0
    endloop
  endfacet
  facet normal -0.290341 0.956923 0
    outer loop
      vertex 16.7003 35.0662 0
      vertex 15.7623 34.7816 2.4
      vertex 16.7003 35.0662 2.4
    endloop
  endfacet
  facet normal -0.290341 0.956923 0
    outer loop
      vertex 15.7623 34.7816 2.4
      vertex 16.7003 35.0662 0
      vertex 15.7623 34.7816 0
    endloop
  endfacet
  facet normal 0.290341 -0.956923 0
    outer loop
      vertex 18.6512 25.2583 0
      vertex 19.5892 25.5429 2.4
      vertex 18.6512 25.2583 2.4
    endloop
  endfacet
  facet normal 0.290341 -0.956923 0
    outer loop
      vertex 19.5892 25.5429 2.4
      vertex 18.6512 25.2583 0
      vertex 19.5892 25.5429 0
    endloop
  endfacet
  facet normal 0.634383 0.773019 -0
    outer loop
      vertex 21.0636 33.819 2
      vertex 20.4536 34.3196 2.4
      vertex 21.0636 33.819 2.4
    endloop
  endfacet
  facet normal 0.634383 0.773019 0
    outer loop
      vertex 20.4536 34.3196 2.4
      vertex 21.0636 33.819 2
      vertex 20.4536 34.3196 2
    endloop
  endfacet
  facet normal -0.098039 0.995183 0
    outer loop
      vertex 17.6758 35.1623 0
      vertex 16.7003 35.0662 2.4
      vertex 17.6758 35.1623 2.4
    endloop
  endfacet
  facet normal -0.098039 0.995183 0
    outer loop
      vertex 16.7003 35.0662 2.4
      vertex 17.6758 35.1623 0
      vertex 16.7003 35.0662 0
    endloop
  endfacet
  facet normal 0.634376 -0.773025 0
    outer loop
      vertex 20.4536 26.0049 0
      vertex 21.2113 26.6267 2.4
      vertex 20.4536 26.0049 2.4
    endloop
  endfacet
  facet normal 0.634376 -0.773025 0
    outer loop
      vertex 21.2113 26.6267 2.4
      vertex 20.4536 26.0049 0
      vertex 21.2113 26.6267 0
    endloop
  endfacet
  facet normal 0.471372 -0.881935 0
    outer loop
      vertex 19.5892 25.5429 0
      vertex 20.4536 26.0049 2.4
      vertex 19.5892 25.5429 2.4
    endloop
  endfacet
  facet normal 0.471372 -0.881935 0
    outer loop
      vertex 20.4536 26.0049 2.4
      vertex 19.5892 25.5429 0
      vertex 20.4536 26.0049 0
    endloop
  endfacet
  facet normal -0.634376 -0.773025 0
    outer loop
      vertex 14.1402 26.6267 0
      vertex 14.8979 26.0049 2.4
      vertex 14.1402 26.6267 2.4
    endloop
  endfacet
  facet normal -0.634376 -0.773025 -0
    outer loop
      vertex 14.8979 26.0049 2.4
      vertex 14.1402 26.6267 0
      vertex 14.8979 26.0049 0
    endloop
  endfacet
  facet normal 0.773025 -0.634376 0
    outer loop
      vertex 21.2113 26.6267 2.4
      vertex 21.8331 27.3844 0
      vertex 21.8331 27.3844 2.4
    endloop
  endfacet
  facet normal 0.773025 -0.634376 0
    outer loop
      vertex 21.8331 27.3844 0
      vertex 21.2113 26.6267 2.4
      vertex 21.2113 26.6267 0
    endloop
  endfacet
  facet normal -0.995182 0.098049 0
    outer loop
      vertex 12.6757 30.1623 0
      vertex 12.7718 31.1377 2.4
      vertex 12.7718 31.1377 0
    endloop
  endfacet
  facet normal -0.995182 0.098049 0
    outer loop
      vertex 12.7718 31.1377 2.4
      vertex 12.6757 30.1623 0
      vertex 12.6757 30.1623 2.4
    endloop
  endfacet
  facet normal -0.471372 0.881935 0
    outer loop
      vertex 15.7623 34.7816 0
      vertex 14.8979 34.3196 2.4
      vertex 15.7623 34.7816 2.4
    endloop
  endfacet
  facet normal -0.471372 0.881935 0
    outer loop
      vertex 14.8979 34.3196 2.4
      vertex 15.7623 34.7816 0
      vertex 14.8979 34.3196 0
    endloop
  endfacet
  facet normal 0.471372 0.881935 -0
    outer loop
      vertex 20.4536 34.3196 2
      vertex 19.5892 34.7816 2.4
      vertex 20.4536 34.3196 2.4
    endloop
  endfacet
  facet normal 0.471372 0.881935 0
    outer loop
      vertex 19.5892 34.7816 2.4
      vertex 20.4536 34.3196 2
      vertex 19.5892 34.7816 2
    endloop
  endfacet
  facet normal 0.290489 0.956878 0
    outer loop
      vertex 19.1758 34.9071 2
      vertex 19.5892 34.7816 2.4
      vertex 19.5892 34.7816 2
    endloop
  endfacet
  facet normal 0.290341 0.956923 0.000166696
    outer loop
      vertex 19.5892 34.7816 2.4
      vertex 19.1758 34.9071 2
      vertex 18.6512 35.0662 2.4
    endloop
  endfacet
  facet normal 0.290225 0.956958 0
    outer loop
      vertex 18.6512 35.0662 0
      vertex 19.1758 34.9071 2
      vertex 19.1758 34.9071 0
    endloop
  endfacet
  facet normal 0.290225 0.956958 0
    outer loop
      vertex 19.1758 34.9071 2
      vertex 18.6512 35.0662 0
      vertex 18.6512 35.0662 2.4
    endloop
  endfacet
  facet normal -0.956923 0.290341 0
    outer loop
      vertex 12.7718 31.1377 0
      vertex 13.0564 32.0757 2.4
      vertex 13.0564 32.0757 0
    endloop
  endfacet
  facet normal -0.956923 0.290341 0
    outer loop
      vertex 13.0564 32.0757 2.4
      vertex 12.7718 31.1377 0
      vertex 12.7718 31.1377 2.4
    endloop
  endfacet
  facet normal 0.0979479 -0.995192 0
    outer loop
      vertex 17.6758 25.1623 0
      vertex 18.6512 25.2583 2.4
      vertex 17.6758 25.1623 2.4
    endloop
  endfacet
  facet normal 0.0979479 -0.995192 0
    outer loop
      vertex 18.6512 25.2583 2.4
      vertex 17.6758 25.1623 0
      vertex 18.6512 25.2583 0
    endloop
  endfacet
  facet normal -0.881935 0.471372 0
    outer loop
      vertex 13.0564 32.0757 0
      vertex 13.5184 32.9401 2.4
      vertex 13.5184 32.9401 0
    endloop
  endfacet
  facet normal -0.881935 0.471372 0
    outer loop
      vertex 13.5184 32.9401 2.4
      vertex 13.0564 32.0757 0
      vertex 13.0564 32.0757 2.4
    endloop
  endfacet
  facet normal 0.956923 -0.290341 0
    outer loop
      vertex 22.2951 28.2488 2.4
      vertex 22.5797 29.1868 0
      vertex 22.5797 29.1868 2.4
    endloop
  endfacet
  facet normal 0.956923 -0.290341 0
    outer loop
      vertex 22.5797 29.1868 0
      vertex 22.2951 28.2488 2.4
      vertex 22.2951 28.2488 0
    endloop
  endfacet
  facet normal 0.995183 -0.098039 0
    outer loop
      vertex 22.5797 29.1868 2.4
      vertex 22.6758 30.1623 0
      vertex 22.6758 30.1623 2.4
    endloop
  endfacet
  facet normal 0.995183 -0.098039 0
    outer loop
      vertex 22.6758 30.1623 0
      vertex 22.5797 29.1868 2.4
      vertex 22.5797 29.1868 0
    endloop
  endfacet
  facet normal -0.956923 -0.290341 0
    outer loop
      vertex 13.0564 28.2488 0
      vertex 12.7718 29.1868 2.4
      vertex 12.7718 29.1868 0
    endloop
  endfacet
  facet normal -0.956923 -0.290341 0
    outer loop
      vertex 12.7718 29.1868 2.4
      vertex 13.0564 28.2488 0
      vertex 13.0564 28.2488 2.4
    endloop
  endfacet
  facet normal -0.995183 -0.098039 0
    outer loop
      vertex 12.7718 29.1868 0
      vertex 12.6757 30.1623 2.4
      vertex 12.6757 30.1623 0
    endloop
  endfacet
  facet normal -0.995183 -0.098039 0
    outer loop
      vertex 12.6757 30.1623 2.4
      vertex 12.7718 29.1868 0
      vertex 12.7718 29.1868 2.4
    endloop
  endfacet
  facet normal -0.773025 -0.634376 0
    outer loop
      vertex 14.1402 26.6267 0
      vertex 13.5184 27.3844 2.4
      vertex 13.5184 27.3844 0
    endloop
  endfacet
  facet normal -0.773025 -0.634376 0
    outer loop
      vertex 13.5184 27.3844 2.4
      vertex 14.1402 26.6267 0
      vertex 14.1402 26.6267 2.4
    endloop
  endfacet
  facet normal -0.471372 -0.881935 0
    outer loop
      vertex 14.8979 26.0049 0
      vertex 15.7623 25.5429 2.4
      vertex 14.8979 26.0049 2.4
    endloop
  endfacet
  facet normal -0.471372 -0.881935 -0
    outer loop
      vertex 15.7623 25.5429 2.4
      vertex 14.8979 26.0049 0
      vertex 15.7623 25.5429 0
    endloop
  endfacet
  facet normal -0.097938 -0.995193 0
    outer loop
      vertex 16.7003 25.2583 0
      vertex 17.6758 25.1623 2.4
      vertex 16.7003 25.2583 2.4
    endloop
  endfacet
  facet normal -0.097938 -0.995193 -0
    outer loop
      vertex 17.6758 25.1623 2.4
      vertex 16.7003 25.2583 0
      vertex 17.6758 25.1623 0
    endloop
  endfacet
  facet normal -0.290341 -0.956923 0
    outer loop
      vertex 15.7623 25.5429 0
      vertex 16.7003 25.2583 2.4
      vertex 15.7623 25.5429 2.4
    endloop
  endfacet
  facet normal -0.290341 -0.956923 -0
    outer loop
      vertex 16.7003 25.2583 2.4
      vertex 15.7623 25.5429 0
      vertex 16.7003 25.2583 0
    endloop
  endfacet
  facet normal -0.471399 0.88192 0
    outer loop
      vertex 18.5647 28.8319 0
      vertex 18.288 28.684 2.4
      vertex 18.5647 28.8319 2.4
    endloop
  endfacet
  facet normal -0.471399 0.88192 0
    outer loop
      vertex 18.288 28.684 2.4
      vertex 18.5647 28.8319 0
      vertex 18.288 28.684 0
    endloop
  endfacet
  facet normal -0.956971 -0.290184 0
    outer loop
      vertex 19.245 30.4744 0
      vertex 19.154 30.7745 2.4
      vertex 19.154 30.7745 0
    endloop
  endfacet
  facet normal -0.956971 -0.290184 0
    outer loop
      vertex 19.154 30.7745 2.4
      vertex 19.245 30.4744 0
      vertex 19.245 30.4744 2.4
    endloop
  endfacet
  facet normal -0.290184 0.956971 0
    outer loop
      vertex 18.288 28.684 0
      vertex 17.9879 28.593 2.4
      vertex 18.288 28.684 2.4
    endloop
  endfacet
  facet normal -0.290184 0.956971 0
    outer loop
      vertex 17.9879 28.593 2.4
      vertex 18.288 28.684 0
      vertex 17.9879 28.593 0
    endloop
  endfacet
  facet normal -0.634522 0.772905 0
    outer loop
      vertex 18.8071 29.0309 0
      vertex 18.5647 28.8319 2.4
      vertex 18.8071 29.0309 2.4
    endloop
  endfacet
  facet normal -0.634522 0.772905 0
    outer loop
      vertex 18.5647 28.8319 2.4
      vertex 18.8071 29.0309 0
      vertex 18.5647 28.8319 0
    endloop
  endfacet
  facet normal 0.634522 -0.772905 0
    outer loop
      vertex 16.5444 31.2936 0
      vertex 16.7868 31.4926 2.4
      vertex 16.5444 31.2936 2.4
    endloop
  endfacet
  facet normal 0.634522 -0.772905 0
    outer loop
      vertex 16.7868 31.4926 2.4
      vertex 16.5444 31.2936 0
      vertex 16.7868 31.4926 0
    endloop
  endfacet
  facet normal -0.9952 0.0978624 0
    outer loop
      vertex 19.245 29.8501 0
      vertex 19.2757 30.1623 2.4
      vertex 19.2757 30.1623 0
    endloop
  endfacet
  facet normal -0.9952 0.0978624 0
    outer loop
      vertex 19.2757 30.1623 2.4
      vertex 19.245 29.8501 0
      vertex 19.245 29.8501 2.4
    endloop
  endfacet
  facet normal -0.772905 0.634522 0
    outer loop
      vertex 18.8071 29.0309 0
      vertex 19.0061 29.2733 2.4
      vertex 19.0061 29.2733 0
    endloop
  endfacet
  facet normal -0.772905 0.634522 0
    outer loop
      vertex 19.0061 29.2733 2.4
      vertex 18.8071 29.0309 0
      vertex 18.8071 29.0309 2.4
    endloop
  endfacet
  facet normal -0.0978934 0.995197 0
    outer loop
      vertex 17.9879 28.593 0
      vertex 17.6758 28.5623 2.4
      vertex 17.9879 28.593 2.4
    endloop
  endfacet
  facet normal -0.0978934 0.995197 0
    outer loop
      vertex 17.6758 28.5623 2.4
      vertex 17.9879 28.593 0
      vertex 17.6758 28.5623 0
    endloop
  endfacet
  facet normal 0.772905 -0.634522 0
    outer loop
      vertex 16.3454 31.0512 2.4
      vertex 16.5444 31.2936 0
      vertex 16.5444 31.2936 2.4
    endloop
  endfacet
  facet normal 0.772905 -0.634522 0
    outer loop
      vertex 16.5444 31.2936 0
      vertex 16.3454 31.0512 2.4
      vertex 16.3454 31.0512 0
    endloop
  endfacet
  facet normal -0.772905 -0.634522 0
    outer loop
      vertex 19.0061 31.0512 0
      vertex 18.8071 31.2936 2.4
      vertex 18.8071 31.2936 0
    endloop
  endfacet
  facet normal -0.772905 -0.634522 0
    outer loop
      vertex 18.8071 31.2936 2.4
      vertex 19.0061 31.0512 0
      vertex 19.0061 31.0512 2.4
    endloop
  endfacet
  facet normal -0.995197 -0.0978934 0
    outer loop
      vertex 19.2757 30.1623 0
      vertex 19.245 30.4744 2.4
      vertex 19.245 30.4744 0
    endloop
  endfacet
  facet normal -0.995197 -0.0978934 0
    outer loop
      vertex 19.245 30.4744 2.4
      vertex 19.2757 30.1623 0
      vertex 19.2757 30.1623 2.4
    endloop
  endfacet
  facet normal -0.0978934 -0.995197 0
    outer loop
      vertex 17.6758 31.7622 0
      vertex 17.9879 31.7315 2.4
      vertex 17.6758 31.7622 2.4
    endloop
  endfacet
  facet normal -0.0978934 -0.995197 -0
    outer loop
      vertex 17.9879 31.7315 2.4
      vertex 17.6758 31.7622 0
      vertex 17.9879 31.7315 0
    endloop
  endfacet
  facet normal -0.634522 -0.772905 0
    outer loop
      vertex 18.5647 31.4926 0
      vertex 18.8071 31.2936 2.4
      vertex 18.5647 31.4926 2.4
    endloop
  endfacet
  facet normal -0.634522 -0.772905 -0
    outer loop
      vertex 18.8071 31.2936 2.4
      vertex 18.5647 31.4926 0
      vertex 18.8071 31.2936 0
    endloop
  endfacet
  facet normal 0.0978624 -0.9952 0
    outer loop
      vertex 17.3636 31.7315 0
      vertex 17.6758 31.7622 2.4
      vertex 17.3636 31.7315 2.4
    endloop
  endfacet
  facet normal 0.0978624 -0.9952 0
    outer loop
      vertex 17.6758 31.7622 2.4
      vertex 17.3636 31.7315 0
      vertex 17.6758 31.7622 0
    endloop
  endfacet
  facet normal -0.88192 -0.471399 0
    outer loop
      vertex 19.154 30.7745 0
      vertex 19.0061 31.0512 2.4
      vertex 19.0061 31.0512 0
    endloop
  endfacet
  facet normal -0.88192 -0.471399 0
    outer loop
      vertex 19.0061 31.0512 2.4
      vertex 19.154 30.7745 0
      vertex 19.154 30.7745 2.4
    endloop
  endfacet
  facet normal -0.471399 -0.88192 0
    outer loop
      vertex 18.288 31.6405 0
      vertex 18.5647 31.4926 2.4
      vertex 18.288 31.6405 2.4
    endloop
  endfacet
  facet normal -0.471399 -0.88192 -0
    outer loop
      vertex 18.5647 31.4926 2.4
      vertex 18.288 31.6405 0
      vertex 18.5647 31.4926 0
    endloop
  endfacet
  facet normal 0.88192 -0.471399 0
    outer loop
      vertex 16.1975 30.7745 2.4
      vertex 16.3454 31.0512 0
      vertex 16.3454 31.0512 2.4
    endloop
  endfacet
  facet normal 0.88192 -0.471399 0
    outer loop
      vertex 16.3454 31.0512 0
      vertex 16.1975 30.7745 2.4
      vertex 16.1975 30.7745 0
    endloop
  endfacet
  facet normal 0.290184 -0.956971 0
    outer loop
      vertex 17.0635 31.6405 0
      vertex 17.3636 31.7315 2.4
      vertex 17.0635 31.6405 2.4
    endloop
  endfacet
  facet normal 0.290184 -0.956971 0
    outer loop
      vertex 17.3636 31.7315 2.4
      vertex 17.0635 31.6405 0
      vertex 17.3636 31.7315 0
    endloop
  endfacet
  facet normal 0.471399 0.88192 -0
    outer loop
      vertex 17.0635 28.684 0
      vertex 16.7868 28.8319 2.4
      vertex 17.0635 28.684 2.4
    endloop
  endfacet
  facet normal 0.471399 0.88192 0
    outer loop
      vertex 16.7868 28.8319 2.4
      vertex 17.0635 28.684 0
      vertex 16.7868 28.8319 0
    endloop
  endfacet
  facet normal -0.290184 -0.956971 0
    outer loop
      vertex 17.9879 31.7315 0
      vertex 18.288 31.6405 2.4
      vertex 17.9879 31.7315 2.4
    endloop
  endfacet
  facet normal -0.290184 -0.956971 -0
    outer loop
      vertex 18.288 31.6405 2.4
      vertex 17.9879 31.7315 0
      vertex 18.288 31.6405 0
    endloop
  endfacet
  facet normal 0.995197 -0.0978934 0
    outer loop
      vertex 16.0758 30.1623 2.4
      vertex 16.1065 30.4744 0
      vertex 16.1065 30.4744 2.4
    endloop
  endfacet
  facet normal 0.995197 -0.0978934 0
    outer loop
      vertex 16.1065 30.4744 0
      vertex 16.0758 30.1623 2.4
      vertex 16.0758 30.1623 0
    endloop
  endfacet
  facet normal 0.290184 0.956971 -0
    outer loop
      vertex 17.3636 28.593 0
      vertex 17.0635 28.684 2.4
      vertex 17.3636 28.593 2.4
    endloop
  endfacet
  facet normal 0.290184 0.956971 0
    outer loop
      vertex 17.0635 28.684 2.4
      vertex 17.3636 28.593 0
      vertex 17.0635 28.684 0
    endloop
  endfacet
  facet normal 0.956971 0.290184 0
    outer loop
      vertex 16.1975 29.55 2.4
      vertex 16.1065 29.8501 0
      vertex 16.1065 29.8501 2.4
    endloop
  endfacet
  facet normal 0.956971 0.290184 0
    outer loop
      vertex 16.1065 29.8501 0
      vertex 16.1975 29.55 2.4
      vertex 16.1975 29.55 0
    endloop
  endfacet
  facet normal -0.88192 0.471399 0
    outer loop
      vertex 19.0061 29.2733 0
      vertex 19.154 29.55 2.4
      vertex 19.154 29.55 0
    endloop
  endfacet
  facet normal -0.88192 0.471399 0
    outer loop
      vertex 19.154 29.55 2.4
      vertex 19.0061 29.2733 0
      vertex 19.0061 29.2733 2.4
    endloop
  endfacet
  facet normal -0.956971 0.290184 0
    outer loop
      vertex 19.154 29.55 0
      vertex 19.245 29.8501 2.4
      vertex 19.245 29.8501 0
    endloop
  endfacet
  facet normal -0.956971 0.290184 0
    outer loop
      vertex 19.245 29.8501 2.4
      vertex 19.154 29.55 0
      vertex 19.154 29.55 2.4
    endloop
  endfacet
  facet normal 0.956971 -0.290184 0
    outer loop
      vertex 16.1065 30.4744 2.4
      vertex 16.1975 30.7745 0
      vertex 16.1975 30.7745 2.4
    endloop
  endfacet
  facet normal 0.956971 -0.290184 0
    outer loop
      vertex 16.1975 30.7745 0
      vertex 16.1065 30.4744 2.4
      vertex 16.1065 30.4744 0
    endloop
  endfacet
  facet normal 0.471399 -0.88192 0
    outer loop
      vertex 16.7868 31.4926 0
      vertex 17.0635 31.6405 2.4
      vertex 16.7868 31.4926 2.4
    endloop
  endfacet
  facet normal 0.471399 -0.88192 0
    outer loop
      vertex 17.0635 31.6405 2.4
      vertex 16.7868 31.4926 0
      vertex 17.0635 31.6405 0
    endloop
  endfacet
  facet normal 0.634522 0.772905 -0
    outer loop
      vertex 16.7868 28.8319 0
      vertex 16.5444 29.0309 2.4
      vertex 16.7868 28.8319 2.4
    endloop
  endfacet
  facet normal 0.634522 0.772905 0
    outer loop
      vertex 16.5444 29.0309 2.4
      vertex 16.7868 28.8319 0
      vertex 16.5444 29.0309 0
    endloop
  endfacet
  facet normal 0.88192 0.471399 0
    outer loop
      vertex 16.3454 29.2733 2.4
      vertex 16.1975 29.55 0
      vertex 16.1975 29.55 2.4
    endloop
  endfacet
  facet normal 0.88192 0.471399 0
    outer loop
      vertex 16.1975 29.55 0
      vertex 16.3454 29.2733 2.4
      vertex 16.3454 29.2733 0
    endloop
  endfacet
  facet normal 0.772905 0.634522 0
    outer loop
      vertex 16.5444 29.0309 2.4
      vertex 16.3454 29.2733 0
      vertex 16.3454 29.2733 2.4
    endloop
  endfacet
  facet normal 0.772905 0.634522 0
    outer loop
      vertex 16.3454 29.2733 0
      vertex 16.5444 29.0309 2.4
      vertex 16.5444 29.0309 0
    endloop
  endfacet
  facet normal 0.9952 0.0978624 0
    outer loop
      vertex 16.1065 29.8501 2.4
      vertex 16.0758 30.1623 0
      vertex 16.0758 30.1623 2.4
    endloop
  endfacet
  facet normal 0.9952 0.0978624 0
    outer loop
      vertex 16.0758 30.1623 0
      vertex 16.1065 29.8501 2.4
      vertex 16.1065 29.8501 0
    endloop
  endfacet
  facet normal 0.0978624 0.9952 -0
    outer loop
      vertex 17.6758 28.5623 0
      vertex 17.3636 28.593 2.4
      vertex 17.6758 28.5623 2.4
    endloop
  endfacet
  facet normal 0.0978624 0.9952 0
    outer loop
      vertex 17.3636 28.593 2.4
      vertex 17.6758 28.5623 0
      vertex 17.3636 28.593 0
    endloop
  endfacet
  facet normal 0.0979893 0.995187 -0
    outer loop
      vertex 171.3 35.0662 0
      vertex 170.324 35.1623 2.4
      vertex 171.3 35.0662 2.4
    endloop
  endfacet
  facet normal 0.0979893 0.995187 0
    outer loop
      vertex 170.324 35.1623 2.4
      vertex 171.3 35.0662 0
      vertex 170.324 35.1623 0
    endloop
  endfacet
  facet normal 0.957093 0.289781 0
    outer loop
      vertex 175.228 31.1377 2.4
      vertex 174.944 32.0757 0
      vertex 174.944 32.0757 2.4
    endloop
  endfacet
  facet normal 0.957093 0.289781 0
    outer loop
      vertex 174.944 32.0757 0
      vertex 175.228 31.1377 2.4
      vertex 175.228 31.1377 0
    endloop
  endfacet
  facet normal 0.995192 0.0979479 0
    outer loop
      vertex 175.324 30.1623 2.4
      vertex 175.228 31.1377 0
      vertex 175.228 31.1377 2.4
    endloop
  endfacet
  facet normal 0.995192 0.0979479 0
    outer loop
      vertex 175.228 31.1377 0
      vertex 175.324 30.1623 2.4
      vertex 175.324 30.1623 0
    endloop
  endfacet
  facet normal 0.881935 0.471372 0
    outer loop
      vertex 174.944 32.0757 2.4
      vertex 174.482 32.9401 0
      vertex 174.482 32.9401 2.4
    endloop
  endfacet
  facet normal 0.881935 0.471372 0
    outer loop
      vertex 174.482 32.9401 0
      vertex 174.944 32.0757 2.4
      vertex 174.944 32.0757 0
    endloop
  endfacet
  facet normal -0.634383 0.773019 0
    outer loop
      vertex 167.546 34.3196 2
      vertex 166.936 33.819 2.4
      vertex 167.546 34.3196 2.4
    endloop
  endfacet
  facet normal -0.634383 0.773019 0
    outer loop
      vertex 166.936 33.819 2.4
      vertex 167.546 34.3196 2
      vertex 166.936 33.819 2
    endloop
  endfacet
  facet normal 0.772925 0.634498 0
    outer loop
      vertex 174.482 32.9401 2.4
      vertex 173.86 33.6978 0
      vertex 173.86 33.6978 2.4
    endloop
  endfacet
  facet normal 0.772925 0.634498 0
    outer loop
      vertex 173.86 33.6978 0
      vertex 174.482 32.9401 2.4
      vertex 174.482 32.9401 0
    endloop
  endfacet
  facet normal -0.771817 0.635844 0
    outer loop
      vertex 166.167 32.9401 2
      vertex 166.232 33.019 2.4
      vertex 166.232 33.019 2
    endloop
  endfacet
  facet normal -0.771817 0.635844 0
    outer loop
      vertex 166.232 33.019 2.4
      vertex 166.167 32.9401 2
      vertex 166.167 32.9401 2.4
    endloop
  endfacet
  facet normal -0.881935 -0.471372 0
    outer loop
      vertex 166.167 27.3844 0
      vertex 165.705 28.2488 2.4
      vertex 165.705 28.2488 0
    endloop
  endfacet
  facet normal -0.881935 -0.471372 0
    outer loop
      vertex 165.705 28.2488 2.4
      vertex 166.167 27.3844 0
      vertex 166.167 27.3844 2.4
    endloop
  endfacet
  facet normal 0.881935 -0.471372 0
    outer loop
      vertex 174.482 27.3844 2.4
      vertex 174.944 28.2488 0
      vertex 174.944 28.2488 2.4
    endloop
  endfacet
  facet normal 0.881935 -0.471372 0
    outer loop
      vertex 174.944 28.2488 0
      vertex 174.482 27.3844 2.4
      vertex 174.482 27.3844 0
    endloop
  endfacet
  facet normal -0.290341 0.956923 0.000457038
    outer loop
      vertex 169.349 35.0662 2.4
      vertex 168.824 34.9071 2
      vertex 168.411 34.7816 2.4
    endloop
  endfacet
  facet normal -0.290023 0.95702 0
    outer loop
      vertex 169.349 35.0662 0
      vertex 168.824 34.9071 2
      vertex 169.349 35.0662 2.4
    endloop
  endfacet
  facet normal -0.290023 0.95702 0
    outer loop
      vertex 168.824 34.9071 2
      vertex 169.349 35.0662 0
      vertex 168.824 34.9071 0
    endloop
  endfacet
  facet normal -0.290747 0.9568 0
    outer loop
      vertex 168.411 34.7816 2.4
      vertex 168.824 34.9071 2
      vertex 168.411 34.7816 2
    endloop
  endfacet
  facet normal 0.290341 -0.956923 0
    outer loop
      vertex 171.3 25.2583 0
      vertex 172.238 25.5429 2.4
      vertex 171.3 25.2583 2.4
    endloop
  endfacet
  facet normal 0.290341 -0.956923 0
    outer loop
      vertex 172.238 25.5429 2.4
      vertex 171.3 25.2583 0
      vertex 172.238 25.5429 0
    endloop
  endfacet
  facet normal 0.634226 0.773148 -0
    outer loop
      vertex 173.86 33.6978 0
      vertex 173.102 34.3196 2.4
      vertex 173.86 33.6978 2.4
    endloop
  endfacet
  facet normal 0.634226 0.773148 0
    outer loop
      vertex 173.102 34.3196 2.4
      vertex 173.86 33.6978 0
      vertex 173.102 34.3196 0
    endloop
  endfacet
  facet normal -0.0980888 0.995178 0
    outer loop
      vertex 170.324 35.1623 0
      vertex 169.349 35.0662 2.4
      vertex 170.324 35.1623 2.4
    endloop
  endfacet
  facet normal -0.0980888 0.995178 0
    outer loop
      vertex 169.349 35.0662 2.4
      vertex 170.324 35.1623 0
      vertex 169.349 35.0662 0
    endloop
  endfacet
  facet normal 0.634226 -0.773148 0
    outer loop
      vertex 173.102 26.0049 0
      vertex 173.86 26.6267 2.4
      vertex 173.102 26.0049 2.4
    endloop
  endfacet
  facet normal 0.634226 -0.773148 0
    outer loop
      vertex 173.86 26.6267 2.4
      vertex 173.102 26.0049 0
      vertex 173.86 26.6267 0
    endloop
  endfacet
  facet normal 0.471542 -0.881844 0
    outer loop
      vertex 172.238 25.5429 0
      vertex 173.102 26.0049 2.4
      vertex 172.238 25.5429 2.4
    endloop
  endfacet
  facet normal 0.471542 -0.881844 0
    outer loop
      vertex 173.102 26.0049 2.4
      vertex 172.238 25.5429 0
      vertex 173.102 26.0049 0
    endloop
  endfacet
  facet normal -0.634726 -0.772737 0
    outer loop
      vertex 166.789 26.6267 0
      vertex 167.546 26.0049 2.4
      vertex 166.789 26.6267 2.4
    endloop
  endfacet
  facet normal -0.634726 -0.772737 -0
    outer loop
      vertex 167.546 26.0049 2.4
      vertex 166.789 26.6267 0
      vertex 167.546 26.0049 0
    endloop
  endfacet
  facet normal 0.772925 -0.634498 0
    outer loop
      vertex 173.86 26.6267 2.4
      vertex 174.482 27.3844 0
      vertex 174.482 27.3844 2.4
    endloop
  endfacet
  facet normal 0.772925 -0.634498 0
    outer loop
      vertex 174.482 27.3844 0
      vertex 173.86 26.6267 2.4
      vertex 173.86 26.6267 0
    endloop
  endfacet
  facet normal -0.995192 0.0979479 0
    outer loop
      vertex 165.324 30.1623 0
      vertex 165.42 31.1377 2.4
      vertex 165.42 31.1377 0
    endloop
  endfacet
  facet normal -0.995192 0.0979479 0
    outer loop
      vertex 165.42 31.1377 2.4
      vertex 165.324 30.1623 0
      vertex 165.324 30.1623 2.4
    endloop
  endfacet
  facet normal -0.471117 0.882071 0
    outer loop
      vertex 168.411 34.7816 2
      vertex 167.546 34.3196 2.4
      vertex 168.411 34.7816 2.4
    endloop
  endfacet
  facet normal -0.471117 0.882071 0
    outer loop
      vertex 167.546 34.3196 2.4
      vertex 168.411 34.7816 2
      vertex 167.546 34.3196 2
    endloop
  endfacet
  facet normal 0.471542 0.881844 -0
    outer loop
      vertex 173.102 34.3196 0
      vertex 172.238 34.7816 2.4
      vertex 173.102 34.3196 2.4
    endloop
  endfacet
  facet normal 0.471542 0.881844 0
    outer loop
      vertex 172.238 34.7816 2.4
      vertex 173.102 34.3196 0
      vertex 172.238 34.7816 0
    endloop
  endfacet
  facet normal 0.290341 0.956923 -0
    outer loop
      vertex 172.238 34.7816 0
      vertex 171.3 35.0662 2.4
      vertex 172.238 34.7816 2.4
    endloop
  endfacet
  facet normal 0.290341 0.956923 0
    outer loop
      vertex 171.3 35.0662 2.4
      vertex 172.238 34.7816 0
      vertex 171.3 35.0662 0
    endloop
  endfacet
  facet normal -0.957009 0.290058 0
    outer loop
      vertex 165.579 31.6623 0
      vertex 165.42 31.1377 0
      vertex 165.579 31.6623 2
    endloop
  endfacet
  facet normal -0.956556 0.291548 0
    outer loop
      vertex 165.579 31.6623 2
      vertex 165.705 32.0757 2.4
      vertex 165.705 32.0757 2
    endloop
  endfacet
  facet normal -0.956809 0.290715 0.000940998
    outer loop
      vertex 165.579 31.6623 2
      vertex 165.42 31.1377 2.4
      vertex 165.705 32.0757 2.4
    endloop
  endfacet
  facet normal -0.957009 0.290058 0
    outer loop
      vertex 165.42 31.1377 2.4
      vertex 165.579 31.6623 2
      vertex 165.42 31.1377 0
    endloop
  endfacet
  facet normal 0.0978883 -0.995197 0
    outer loop
      vertex 170.324 25.1623 0
      vertex 171.3 25.2583 2.4
      vertex 170.324 25.1623 2.4
    endloop
  endfacet
  facet normal 0.0978883 -0.995197 0
    outer loop
      vertex 171.3 25.2583 2.4
      vertex 170.324 25.1623 0
      vertex 171.3 25.2583 0
    endloop
  endfacet
  facet normal -0.881935 0.471372 0
    outer loop
      vertex 165.705 32.0757 2
      vertex 166.167 32.9401 2.4
      vertex 166.167 32.9401 2
    endloop
  endfacet
  facet normal -0.881935 0.471372 0
    outer loop
      vertex 166.167 32.9401 2.4
      vertex 165.705 32.0757 2
      vertex 165.705 32.0757 2.4
    endloop
  endfacet
  facet normal 0.957093 -0.289781 0
    outer loop
      vertex 174.944 28.2488 2.4
      vertex 175.228 29.1868 0
      vertex 175.228 29.1868 2.4
    endloop
  endfacet
  facet normal 0.957093 -0.289781 0
    outer loop
      vertex 175.228 29.1868 0
      vertex 174.944 28.2488 2.4
      vertex 174.944 28.2488 0
    endloop
  endfacet
  facet normal 0.995193 -0.097938 0
    outer loop
      vertex 175.228 29.1868 2.4
      vertex 175.324 30.1623 0
      vertex 175.324 30.1623 2.4
    endloop
  endfacet
  facet normal 0.995193 -0.097938 0
    outer loop
      vertex 175.324 30.1623 0
      vertex 175.228 29.1868 2.4
      vertex 175.228 29.1868 0
    endloop
  endfacet
  facet normal -0.95681 -0.290715 0
    outer loop
      vertex 165.705 28.2488 0
      vertex 165.42 29.1868 2.4
      vertex 165.42 29.1868 0
    endloop
  endfacet
  facet normal -0.95681 -0.290715 0
    outer loop
      vertex 165.42 29.1868 2.4
      vertex 165.705 28.2488 0
      vertex 165.705 28.2488 2.4
    endloop
  endfacet
  facet normal -0.995193 -0.097938 0
    outer loop
      vertex 165.42 29.1868 0
      vertex 165.324 30.1623 2.4
      vertex 165.324 30.1623 0
    endloop
  endfacet
  facet normal -0.995193 -0.097938 0
    outer loop
      vertex 165.324 30.1623 2.4
      vertex 165.42 29.1868 0
      vertex 165.42 29.1868 2.4
    endloop
  endfacet
  facet normal -0.772925 -0.634498 0
    outer loop
      vertex 166.789 26.6267 0
      vertex 166.167 27.3844 2.4
      vertex 166.167 27.3844 0
    endloop
  endfacet
  facet normal -0.772925 -0.634498 0
    outer loop
      vertex 166.167 27.3844 2.4
      vertex 166.789 26.6267 0
      vertex 166.789 26.6267 2.4
    endloop
  endfacet
  facet normal -0.471117 -0.882071 0
    outer loop
      vertex 167.546 26.0049 0
      vertex 168.411 25.5429 2.4
      vertex 167.546 26.0049 2.4
    endloop
  endfacet
  facet normal -0.471117 -0.882071 -0
    outer loop
      vertex 168.411 25.5429 2.4
      vertex 167.546 26.0049 0
      vertex 168.411 25.5429 0
    endloop
  endfacet
  facet normal -0.0979877 -0.995188 0
    outer loop
      vertex 169.349 25.2583 0
      vertex 170.324 25.1623 2.4
      vertex 169.349 25.2583 2.4
    endloop
  endfacet
  facet normal -0.0979877 -0.995188 -0
    outer loop
      vertex 170.324 25.1623 2.4
      vertex 169.349 25.2583 0
      vertex 170.324 25.1623 0
    endloop
  endfacet
  facet normal -0.290341 -0.956923 0
    outer loop
      vertex 168.411 25.5429 0
      vertex 169.349 25.2583 2.4
      vertex 168.411 25.5429 2.4
    endloop
  endfacet
  facet normal -0.290341 -0.956923 -0
    outer loop
      vertex 169.349 25.2583 2.4
      vertex 168.411 25.5429 0
      vertex 169.349 25.2583 0
    endloop
  endfacet
  facet normal -0.472328 0.881423 0
    outer loop
      vertex 171.213 28.8319 0
      vertex 170.937 28.684 2.4
      vertex 171.213 28.8319 2.4
    endloop
  endfacet
  facet normal -0.472328 0.881423 0
    outer loop
      vertex 170.937 28.684 2.4
      vertex 171.213 28.8319 0
      vertex 170.937 28.684 0
    endloop
  endfacet
  facet normal -0.956082 -0.293101 0
    outer loop
      vertex 171.894 30.4744 0
      vertex 171.802 30.7745 2.4
      vertex 171.802 30.7745 0
    endloop
  endfacet
  facet normal -0.956082 -0.293101 0
    outer loop
      vertex 171.802 30.7745 2.4
      vertex 171.894 30.4744 0
      vertex 171.894 30.4744 2.4
    endloop
  endfacet
  facet normal -0.28939 0.957211 0
    outer loop
      vertex 170.937 28.684 0
      vertex 170.636 28.593 2.4
      vertex 170.937 28.684 2.4
    endloop
  endfacet
  facet normal -0.28939 0.957211 0
    outer loop
      vertex 170.636 28.593 2.4
      vertex 170.937 28.684 0
      vertex 170.636 28.593 0
    endloop
  endfacet
  facet normal -0.633584 0.773674 0
    outer loop
      vertex 171.456 29.0309 0
      vertex 171.213 28.8319 2.4
      vertex 171.456 29.0309 2.4
    endloop
  endfacet
  facet normal -0.633584 0.773674 0
    outer loop
      vertex 171.213 28.8319 2.4
      vertex 171.456 29.0309 0
      vertex 171.213 28.8319 0
    endloop
  endfacet
  facet normal 0.635148 -0.772391 0
    outer loop
      vertex 169.193 31.2936 0
      vertex 169.435 31.4926 2.4
      vertex 169.193 31.2936 2.4
    endloop
  endfacet
  facet normal 0.635148 -0.772391 0
    outer loop
      vertex 169.435 31.4926 2.4
      vertex 169.193 31.2936 0
      vertex 169.435 31.4926 0
    endloop
  endfacet
  facet normal -0.995415 0.0956517 0
    outer loop
      vertex 171.894 29.8501 0
      vertex 171.924 30.1623 2.4
      vertex 171.924 30.1623 0
    endloop
  endfacet
  facet normal -0.995415 0.0956517 0
    outer loop
      vertex 171.924 30.1623 2.4
      vertex 171.894 29.8501 0
      vertex 171.894 29.8501 2.4
    endloop
  endfacet
  facet normal -0.772905 0.634522 0
    outer loop
      vertex 171.456 29.0309 0
      vertex 171.655 29.2733 2.4
      vertex 171.655 29.2733 0
    endloop
  endfacet
  facet normal -0.772905 0.634522 0
    outer loop
      vertex 171.655 29.2733 2.4
      vertex 171.456 29.0309 0
      vertex 171.456 29.0309 2.4
    endloop
  endfacet
  facet normal -0.0979245 0.995194 0
    outer loop
      vertex 170.636 28.593 0
      vertex 170.324 28.5623 2.4
      vertex 170.636 28.593 2.4
    endloop
  endfacet
  facet normal -0.0979245 0.995194 0
    outer loop
      vertex 170.324 28.5623 2.4
      vertex 170.636 28.593 0
      vertex 170.324 28.5623 0
    endloop
  endfacet
  facet normal 0.772905 -0.634522 0
    outer loop
      vertex 168.994 31.0512 2.4
      vertex 169.193 31.2936 0
      vertex 169.193 31.2936 2.4
    endloop
  endfacet
  facet normal 0.772905 -0.634522 0
    outer loop
      vertex 169.193 31.2936 0
      vertex 168.994 31.0512 2.4
      vertex 168.994 31.0512 0
    endloop
  endfacet
  facet normal -0.772905 -0.634522 0
    outer loop
      vertex 171.655 31.0512 0
      vertex 171.456 31.2936 2.4
      vertex 171.456 31.2936 0
    endloop
  endfacet
  facet normal -0.772905 -0.634522 0
    outer loop
      vertex 171.456 31.2936 2.4
      vertex 171.655 31.0512 0
      vertex 171.655 31.0512 2.4
    endloop
  endfacet
  facet normal -0.995412 -0.095682 0
    outer loop
      vertex 171.924 30.1623 0
      vertex 171.894 30.4744 2.4
      vertex 171.894 30.4744 0
    endloop
  endfacet
  facet normal -0.995412 -0.095682 0
    outer loop
      vertex 171.894 30.4744 2.4
      vertex 171.924 30.1623 0
      vertex 171.924 30.1623 2.4
    endloop
  endfacet
  facet normal -0.0979245 -0.995194 0
    outer loop
      vertex 170.324 31.7622 0
      vertex 170.636 31.7315 2.4
      vertex 170.324 31.7622 2.4
    endloop
  endfacet
  facet normal -0.0979245 -0.995194 -0
    outer loop
      vertex 170.636 31.7315 2.4
      vertex 170.324 31.7622 0
      vertex 170.636 31.7315 0
    endloop
  endfacet
  facet normal -0.633584 -0.773674 0
    outer loop
      vertex 171.213 31.4926 0
      vertex 171.456 31.2936 2.4
      vertex 171.213 31.4926 2.4
    endloop
  endfacet
  facet normal -0.633584 -0.773674 -0
    outer loop
      vertex 171.456 31.2936 2.4
      vertex 171.213 31.4926 0
      vertex 171.456 31.2936 0
    endloop
  endfacet
  facet normal 0.0979245 -0.995194 0
    outer loop
      vertex 170.012 31.7315 0
      vertex 170.324 31.7622 2.4
      vertex 170.012 31.7315 2.4
    endloop
  endfacet
  facet normal 0.0979245 -0.995194 0
    outer loop
      vertex 170.324 31.7622 2.4
      vertex 170.012 31.7315 0
      vertex 170.324 31.7622 0
    endloop
  endfacet
  facet normal -0.883112 -0.469163 0
    outer loop
      vertex 171.802 30.7745 0
      vertex 171.655 31.0512 2.4
      vertex 171.655 31.0512 0
    endloop
  endfacet
  facet normal -0.883112 -0.469163 0
    outer loop
      vertex 171.655 31.0512 2.4
      vertex 171.802 30.7745 0
      vertex 171.802 30.7745 2.4
    endloop
  endfacet
  facet normal -0.472328 -0.881423 0
    outer loop
      vertex 170.937 31.6405 0
      vertex 171.213 31.4926 2.4
      vertex 170.937 31.6405 2.4
    endloop
  endfacet
  facet normal -0.472328 -0.881423 -0
    outer loop
      vertex 171.213 31.4926 2.4
      vertex 170.937 31.6405 0
      vertex 171.213 31.4926 0
    endloop
  endfacet
  facet normal 0.881788 -0.471646 0
    outer loop
      vertex 168.846 30.7745 2.4
      vertex 168.994 31.0512 0
      vertex 168.994 31.0512 2.4
    endloop
  endfacet
  facet normal 0.881788 -0.471646 0
    outer loop
      vertex 168.994 31.0512 0
      vertex 168.846 30.7745 2.4
      vertex 168.846 30.7745 0
    endloop
  endfacet
  facet normal 0.290273 -0.956944 0
    outer loop
      vertex 169.712 31.6405 0
      vertex 170.012 31.7315 2.4
      vertex 169.712 31.6405 2.4
    endloop
  endfacet
  facet normal 0.290273 -0.956944 0
    outer loop
      vertex 170.012 31.7315 2.4
      vertex 169.712 31.6405 0
      vertex 170.012 31.7315 0
    endloop
  endfacet
  facet normal 0.471001 0.882132 -0
    outer loop
      vertex 169.712 28.684 0
      vertex 169.435 28.8319 2.4
      vertex 169.712 28.684 2.4
    endloop
  endfacet
  facet normal 0.471001 0.882132 0
    outer loop
      vertex 169.435 28.8319 2.4
      vertex 169.712 28.684 0
      vertex 169.435 28.8319 0
    endloop
  endfacet
  facet normal -0.28939 -0.957211 0
    outer loop
      vertex 170.636 31.7315 0
      vertex 170.937 31.6405 2.4
      vertex 170.636 31.7315 2.4
    endloop
  endfacet
  facet normal -0.28939 -0.957211 -0
    outer loop
      vertex 170.937 31.6405 2.4
      vertex 170.636 31.7315 0
      vertex 170.937 31.6405 0
    endloop
  endfacet
  facet normal 0.995103 -0.0988408 0
    outer loop
      vertex 168.724 30.1623 2.4
      vertex 168.755 30.4744 0
      vertex 168.755 30.4744 2.4
    endloop
  endfacet
  facet normal 0.995103 -0.0988408 0
    outer loop
      vertex 168.755 30.4744 0
      vertex 168.724 30.1623 2.4
      vertex 168.724 30.1623 0
    endloop
  endfacet
  facet normal 0.290273 0.956944 -0
    outer loop
      vertex 170.012 28.593 0
      vertex 169.712 28.684 2.4
      vertex 170.012 28.593 2.4
    endloop
  endfacet
  facet normal 0.290273 0.956944 0
    outer loop
      vertex 169.712 28.684 2.4
      vertex 170.012 28.593 0
      vertex 169.712 28.684 0
    endloop
  endfacet
  facet normal 0.956971 0.290184 0
    outer loop
      vertex 168.846 29.55 2.4
      vertex 168.755 29.8501 0
      vertex 168.755 29.8501 2.4
    endloop
  endfacet
  facet normal 0.956971 0.290184 0
    outer loop
      vertex 168.755 29.8501 0
      vertex 168.846 29.55 2.4
      vertex 168.846 29.55 0
    endloop
  endfacet
  facet normal -0.883112 0.469163 0
    outer loop
      vertex 171.655 29.2733 0
      vertex 171.802 29.55 2.4
      vertex 171.802 29.55 0
    endloop
  endfacet
  facet normal -0.883112 0.469163 0
    outer loop
      vertex 171.802 29.55 2.4
      vertex 171.655 29.2733 0
      vertex 171.655 29.2733 2.4
    endloop
  endfacet
  facet normal -0.956082 0.293101 0
    outer loop
      vertex 171.802 29.55 0
      vertex 171.894 29.8501 2.4
      vertex 171.894 29.8501 0
    endloop
  endfacet
  facet normal -0.956082 0.293101 0
    outer loop
      vertex 171.894 29.8501 2.4
      vertex 171.802 29.55 0
      vertex 171.802 29.55 2.4
    endloop
  endfacet
  facet normal 0.956971 -0.290184 0
    outer loop
      vertex 168.755 30.4744 2.4
      vertex 168.846 30.7745 0
      vertex 168.846 30.7745 2.4
    endloop
  endfacet
  facet normal 0.956971 -0.290184 0
    outer loop
      vertex 168.846 30.7745 0
      vertex 168.755 30.4744 2.4
      vertex 168.755 30.4744 0
    endloop
  endfacet
  facet normal 0.471001 -0.882132 0
    outer loop
      vertex 169.435 31.4926 0
      vertex 169.712 31.6405 2.4
      vertex 169.435 31.4926 2.4
    endloop
  endfacet
  facet normal 0.471001 -0.882132 0
    outer loop
      vertex 169.712 31.6405 2.4
      vertex 169.435 31.4926 0
      vertex 169.712 31.6405 0
    endloop
  endfacet
  facet normal 0.635148 0.772391 -0
    outer loop
      vertex 169.435 28.8319 0
      vertex 169.193 29.0309 2.4
      vertex 169.435 28.8319 2.4
    endloop
  endfacet
  facet normal 0.635148 0.772391 0
    outer loop
      vertex 169.193 29.0309 2.4
      vertex 169.435 28.8319 0
      vertex 169.193 29.0309 0
    endloop
  endfacet
  facet normal 0.881788 0.471646 0
    outer loop
      vertex 168.994 29.2733 2.4
      vertex 168.846 29.55 0
      vertex 168.846 29.55 2.4
    endloop
  endfacet
  facet normal 0.881788 0.471646 0
    outer loop
      vertex 168.846 29.55 0
      vertex 168.994 29.2733 2.4
      vertex 168.994 29.2733 0
    endloop
  endfacet
  facet normal 0.772905 0.634522 0
    outer loop
      vertex 169.193 29.0309 2.4
      vertex 168.994 29.2733 0
      vertex 168.994 29.2733 2.4
    endloop
  endfacet
  facet normal 0.772905 0.634522 0
    outer loop
      vertex 168.994 29.2733 0
      vertex 169.193 29.0309 2.4
      vertex 169.193 29.0309 0
    endloop
  endfacet
  facet normal 0.995106 0.0988094 0
    outer loop
      vertex 168.755 29.8501 2.4
      vertex 168.724 30.1623 0
      vertex 168.724 30.1623 2.4
    endloop
  endfacet
  facet normal 0.995106 0.0988094 0
    outer loop
      vertex 168.724 30.1623 0
      vertex 168.755 29.8501 2.4
      vertex 168.755 29.8501 0
    endloop
  endfacet
  facet normal 0.0979245 0.995194 -0
    outer loop
      vertex 170.324 28.5623 0
      vertex 170.012 28.593 2.4
      vertex 170.324 28.5623 2.4
    endloop
  endfacet
  facet normal 0.0979245 0.995194 0
    outer loop
      vertex 170.012 28.593 2.4
      vertex 170.324 28.5623 0
      vertex 170.012 28.593 0
    endloop
  endfacet
  facet normal 0 1 -0
    outer loop
      vertex 93.6 220.495 2
      vertex 21.7683 220.495 2.4
      vertex 93.6 220.495 2.4
    endloop
  endfacet
  facet normal 0 1 0
    outer loop
      vertex 21.7683 220.495 2.4
      vertex 93.6 220.495 2
      vertex 21.7683 220.495 2
    endloop
  endfacet
  facet normal 0 1 -0
    outer loop
      vertex 166.232 220.495 2
      vertex 94.4 220.495 2.4
      vertex 166.232 220.495 2.4
    endloop
  endfacet
  facet normal 0 1 0
    outer loop
      vertex 94.4 220.495 2.4
      vertex 166.232 220.495 2
      vertex 94.4 220.495 2
    endloop
  endfacet
  facet normal 0 -1 0
    outer loop
      vertex 21.0636 219.695 2
      vertex 166.936 219.695 2.4
      vertex 21.0636 219.695 2.4
    endloop
  endfacet
  facet normal 0 -1 -0
    outer loop
      vertex 166.936 219.695 2.4
      vertex 21.0636 219.695 2
      vertex 166.936 219.695 2
    endloop
  endfacet
  facet normal 1 -0 0
    outer loop
      vertex 168.324 208.695 2.4
      vertex 168.324 209.495 2
      vertex 168.324 209.495 2.4
    endloop
  endfacet
  facet normal 1 0 0
    outer loop
      vertex 168.324 209.495 2
      vertex 168.324 208.695 2.4
      vertex 168.324 208.695 2
    endloop
  endfacet
  facet normal 0 0 1
    outer loop
      vertex 168.324 209.495 2.4
      vertex 94.4 208.695 2.4
      vertex 168.324 208.695 2.4
    endloop
  endfacet
  facet normal 0 0 1
    outer loop
      vertex 94.4 208.695 2.4
      vertex 93.6 208.695 2.4
      vertex 94.4 207.895 2.4
    endloop
  endfacet
  facet normal 0 0 1
    outer loop
      vertex 168.324 209.495 2.4
      vertex 93.6 208.695 2.4
      vertex 94.4 208.695 2.4
    endloop
  endfacet
  facet normal -0 0 1
    outer loop
      vertex 19.6758 209.495 2.4
      vertex 93.6 208.695 2.4
      vertex 168.324 209.495 2.4
    endloop
  endfacet
  facet normal 0 0 1
    outer loop
      vertex 93.6 208.695 2.4
      vertex 19.6758 209.495 2.4
      vertex 19.6758 208.695 2.4
    endloop
  endfacet
  facet normal 0 0 1
    outer loop
      vertex 94.4 207.895 2.4
      vertex 93.6 208.695 2.4
      vertex 93.6 207.895 2.4
    endloop
  endfacet
  facet normal -1 0 0
    outer loop
      vertex 19.6758 208.695 2
      vertex 19.6758 209.495 2.4
      vertex 19.6758 209.495 2
    endloop
  endfacet
  facet normal -1 -0 0
    outer loop
      vertex 19.6758 209.495 2.4
      vertex 19.6758 208.695 2
      vertex 19.6758 208.695 2.4
    endloop
  endfacet
  facet normal 0 1 -0
    outer loop
      vertex 168.324 209.495 2
      vertex 19.6758 209.495 2.4
      vertex 168.324 209.495 2.4
    endloop
  endfacet
  facet normal 0 1 0
    outer loop
      vertex 19.6758 209.495 2.4
      vertex 168.324 209.495 2
      vertex 19.6758 209.495 2
    endloop
  endfacet
  facet normal 0 -1 0
    outer loop
      vertex 19.6758 208.695 2
      vertex 93.6 208.695 2.4
      vertex 19.6758 208.695 2.4
    endloop
  endfacet
  facet normal 0 -1 -0
    outer loop
      vertex 93.6 208.695 2.4
      vertex 19.6758 208.695 2
      vertex 93.6 208.695 2
    endloop
  endfacet
  facet normal 0 -1 0
    outer loop
      vertex 94.4 208.695 2
      vertex 168.324 208.695 2.4
      vertex 94.4 208.695 2.4
    endloop
  endfacet
  facet normal 0 -1 -0
    outer loop
      vertex 168.324 208.695 2.4
      vertex 94.4 208.695 2
      vertex 168.324 208.695 2
    endloop
  endfacet
  facet normal 1 -0 0
    outer loop
      vertex 94.4 220.495 2.4
      vertex 94.4 221.294 2
      vertex 94.4 221.294 2.4
    endloop
  endfacet
  facet normal 1 0 0
    outer loop
      vertex 94.4 221.294 2
      vertex 94.4 220.495 2.4
      vertex 94.4 220.495 2
    endloop
  endfacet
  facet normal -1 0 0
    outer loop
      vertex 93.6 220.495 2
      vertex 93.6 221.294 2.4
      vertex 93.6 221.294 2
    endloop
  endfacet
  facet normal -1 -0 0
    outer loop
      vertex 93.6 221.294 2.4
      vertex 93.6 220.495 2
      vertex 93.6 220.495 2.4
    endloop
  endfacet
  facet normal 0 1 -0
    outer loop
      vertex 94.4 221.294 2
      vertex 93.6 221.294 2.4
      vertex 94.4 221.294 2.4
    endloop
  endfacet
  facet normal 0 1 0
    outer loop
      vertex 93.6 221.294 2.4
      vertex 94.4 221.294 2
      vertex 93.6 221.294 2
    endloop
  endfacet
  facet normal 1 -0 0
    outer loop
      vertex 94.4 207.895 2.4
      vertex 94.4 208.695 2
      vertex 94.4 208.695 2.4
    endloop
  endfacet
  facet normal 1 0 0
    outer loop
      vertex 94.4 208.695 2
      vertex 94.4 207.895 2.4
      vertex 94.4 207.895 2
    endloop
  endfacet
  facet normal -1 0 0
    outer loop
      vertex 93.6 207.895 2
      vertex 93.6 208.695 2.4
      vertex 93.6 208.695 2
    endloop
  endfacet
  facet normal -1 -0 0
    outer loop
      vertex 93.6 208.695 2.4
      vertex 93.6 207.895 2
      vertex 93.6 207.895 2.4
    endloop
  endfacet
  facet normal 0 -1 0
    outer loop
      vertex 93.6 207.895 2
      vertex 94.4 207.895 2.4
      vertex 93.6 207.895 2.4
    endloop
  endfacet
  facet normal 0 -1 -0
    outer loop
      vertex 94.4 207.895 2.4
      vertex 93.6 207.895 2
      vertex 94.4 207.895 2
    endloop
  endfacet
  facet normal -0 0 1
    outer loop
      vertex 43.7028 215.594 2.2
      vertex 47.7028 213.594 2.2
      vertex 47.7028 215.594 2.2
    endloop
  endfacet
  facet normal 0 0 1
    outer loop
      vertex 47.7028 213.594 2.2
      vertex 43.7028 215.594 2.2
      vertex 43.7028 213.594 2.2
    endloop
  endfacet
  facet normal -0 0 1
    outer loop
      vertex 47.7028 215.594 2.2
      vertex 50.7028 214.594 2.2
      vertex 47.7028 216.794 2.2
    endloop
  endfacet
  facet normal 0 0 1
    outer loop
      vertex 47.7028 213.594 2.2
      vertex 50.7028 214.594 2.2
      vertex 47.7028 215.594 2.2
    endloop
  endfacet
  facet normal 0 0 1
    outer loop
      vertex 50.7028 214.594 2.2
      vertex 47.7028 213.594 2.2
      vertex 47.7028 212.395 2.2
    endloop
  endfacet
  facet normal 0.591364 0.806405 -0
    outer loop
      vertex 50.7028 214.594 2
      vertex 47.7028 216.794 2.2
      vertex 50.7028 214.594 2.2
    endloop
  endfacet
  facet normal 0.591364 0.806405 0
    outer loop
      vertex 47.7028 216.794 2.2
      vertex 50.7028 214.594 2
      vertex 47.7028 216.794 2
    endloop
  endfacet
  facet normal -1 0 0
    outer loop
      vertex 47.7028 215.594 2
      vertex 47.7028 216.794 2.2
      vertex 47.7028 216.794 2
    endloop
  endfacet
  facet normal -1 -0 0
    outer loop
      vertex 47.7028 216.794 2.2
      vertex 47.7028 215.594 2
      vertex 47.7028 215.594 2.2
    endloop
  endfacet
  facet normal 0 1 -0
    outer loop
      vertex 47.7028 215.594 2
      vertex 43.7028 215.594 2.2
      vertex 47.7028 215.594 2.2
    endloop
  endfacet
  facet normal 0 1 0
    outer loop
      vertex 43.7028 215.594 2.2
      vertex 47.7028 215.594 2
      vertex 43.7028 215.594 2
    endloop
  endfacet
  facet normal -1 0 0
    outer loop
      vertex 43.7028 213.594 2
      vertex 43.7028 215.594 2.2
      vertex 43.7028 215.594 2
    endloop
  endfacet
  facet normal -1 -0 0
    outer loop
      vertex 43.7028 215.594 2.2
      vertex 43.7028 213.594 2
      vertex 43.7028 213.594 2.2
    endloop
  endfacet
  facet normal 0 -1 0
    outer loop
      vertex 43.7028 213.594 2
      vertex 47.7028 213.594 2.2
      vertex 43.7028 213.594 2.2
    endloop
  endfacet
  facet normal 0 -1 -0
    outer loop
      vertex 47.7028 213.594 2.2
      vertex 43.7028 213.594 2
      vertex 47.7028 213.594 2
    endloop
  endfacet
  facet normal -1 0 0
    outer loop
      vertex 47.7028 212.395 2
      vertex 47.7028 213.594 2.2
      vertex 47.7028 213.594 2
    endloop
  endfacet
  facet normal -1 -0 0
    outer loop
      vertex 47.7028 213.594 2.2
      vertex 47.7028 212.395 2
      vertex 47.7028 212.395 2.2
    endloop
  endfacet
  facet normal 0.591189 -0.806533 0
    outer loop
      vertex 47.7028 212.395 2
      vertex 50.7028 214.594 2.2
      vertex 47.7028 212.395 2.2
    endloop
  endfacet
  facet normal 0.591189 -0.806533 0
    outer loop
      vertex 50.7028 214.594 2.2
      vertex 47.7028 212.395 2
      vertex 50.7028 214.594 2
    endloop
  endfacet
  facet normal -0 0 1
    outer loop
      vertex 138.297 215.594 2.2
      vertex 142.297 213.594 2.2
      vertex 142.297 215.594 2.2
    endloop
  endfacet
  facet normal 0 0 1
    outer loop
      vertex 142.297 213.594 2.2
      vertex 138.297 215.594 2.2
      vertex 138.297 213.594 2.2
    endloop
  endfacet
  facet normal -0 0 1
    outer loop
      vertex 142.297 215.594 2.2
      vertex 145.297 214.594 2.2
      vertex 142.297 216.794 2.2
    endloop
  endfacet
  facet normal 0 0 1
    outer loop
      vertex 142.297 213.594 2.2
      vertex 145.297 214.594 2.2
      vertex 142.297 215.594 2.2
    endloop
  endfacet
  facet normal 0 0 1
    outer loop
      vertex 145.297 214.594 2.2
      vertex 142.297 213.594 2.2
      vertex 142.297 212.395 2.2
    endloop
  endfacet
  facet normal 0.591364 0.806405 -0
    outer loop
      vertex 145.297 214.594 2
      vertex 142.297 216.794 2.2
      vertex 145.297 214.594 2.2
    endloop
  endfacet
  facet normal 0.591364 0.806405 0
    outer loop
      vertex 142.297 216.794 2.2
      vertex 145.297 214.594 2
      vertex 142.297 216.794 2
    endloop
  endfacet
  facet normal -1 0 0
    outer loop
      vertex 142.297 215.594 2
      vertex 142.297 216.794 2.2
      vertex 142.297 216.794 2
    endloop
  endfacet
  facet normal -1 -0 0
    outer loop
      vertex 142.297 216.794 2.2
      vertex 142.297 215.594 2
      vertex 142.297 215.594 2.2
    endloop
  endfacet
  facet normal 0 1 -0
    outer loop
      vertex 142.297 215.594 2
      vertex 138.297 215.594 2.2
      vertex 142.297 215.594 2.2
    endloop
  endfacet
  facet normal 0 1 0
    outer loop
      vertex 138.297 215.594 2.2
      vertex 142.297 215.594 2
      vertex 138.297 215.594 2
    endloop
  endfacet
  facet normal -1 0 0
    outer loop
      vertex 138.297 213.594 2
      vertex 138.297 215.594 2.2
      vertex 138.297 215.594 2
    endloop
  endfacet
  facet normal -1 -0 0
    outer loop
      vertex 138.297 215.594 2.2
      vertex 138.297 213.594 2
      vertex 138.297 213.594 2.2
    endloop
  endfacet
  facet normal 0 -1 0
    outer loop
      vertex 138.297 213.594 2
      vertex 142.297 213.594 2.2
      vertex 138.297 213.594 2.2
    endloop
  endfacet
  facet normal 0 -1 -0
    outer loop
      vertex 142.297 213.594 2.2
      vertex 138.297 213.594 2
      vertex 142.297 213.594 2
    endloop
  endfacet
  facet normal -1 0 0
    outer loop
      vertex 142.297 212.395 2
      vertex 142.297 213.594 2.2
      vertex 142.297 213.594 2
    endloop
  endfacet
  facet normal -1 -0 0
    outer loop
      vertex 142.297 213.594 2.2
      vertex 142.297 212.395 2
      vertex 142.297 212.395 2.2
    endloop
  endfacet
  facet normal 0.591189 -0.806533 0
    outer loop
      vertex 142.297 212.395 2
      vertex 145.297 214.594 2.2
      vertex 142.297 212.395 2.2
    endloop
  endfacet
  facet normal 0.591189 -0.806533 0
    outer loop
      vertex 145.297 214.594 2.2
      vertex 142.297 212.395 2
      vertex 145.297 214.594 2
    endloop
  endfacet
  facet normal 1 -0 0
    outer loop
      vertex 168.324 206.181 2.4
      vertex 168.324 206.981 2
      vertex 168.324 206.981 2.4
    endloop
  endfacet
  facet normal 1 0 0
    outer loop
      vertex 168.324 206.981 2
      vertex 168.324 206.181 2.4
      vertex 168.324 206.181 2
    endloop
  endfacet
  facet normal 0 0 1
    outer loop
      vertex 94.4 207.781 2.4
      vertex 93.6 207.781 2.4
      vertex 94.4 206.981 2.4
    endloop
  endfacet
  facet normal -0 0 1
    outer loop
      vertex 94.4 206.981 2.4
      vertex 168.324 206.181 2.4
      vertex 168.324 206.981 2.4
    endloop
  endfacet
  facet normal 0 0 1
    outer loop
      vertex 93.6 206.981 2.4
      vertex 94.4 206.981 2.4
      vertex 93.6 207.781 2.4
    endloop
  endfacet
  facet normal -0 0 1
    outer loop
      vertex 93.6 206.981 2.4
      vertex 168.324 206.181 2.4
      vertex 94.4 206.981 2.4
    endloop
  endfacet
  facet normal 0 0 1
    outer loop
      vertex 19.6758 206.181 2.4
      vertex 93.6 206.981 2.4
      vertex 19.6758 206.981 2.4
    endloop
  endfacet
  facet normal 0 0 1
    outer loop
      vertex 93.6 206.981 2.4
      vertex 19.6758 206.181 2.4
      vertex 168.324 206.181 2.4
    endloop
  endfacet
  facet normal -1 0 0
    outer loop
      vertex 19.6758 206.181 2
      vertex 19.6758 206.981 2.4
      vertex 19.6758 206.981 2
    endloop
  endfacet
  facet normal -1 -0 0
    outer loop
      vertex 19.6758 206.981 2.4
      vertex 19.6758 206.181 2
      vertex 19.6758 206.181 2.4
    endloop
  endfacet
  facet normal 0 1 -0
    outer loop
      vertex 93.6 206.981 2
      vertex 19.6758 206.981 2.4
      vertex 93.6 206.981 2.4
    endloop
  endfacet
  facet normal 0 1 0
    outer loop
      vertex 19.6758 206.981 2.4
      vertex 93.6 206.981 2
      vertex 19.6758 206.981 2
    endloop
  endfacet
  facet normal 0 1 -0
    outer loop
      vertex 168.324 206.981 2
      vertex 94.4 206.981 2.4
      vertex 168.324 206.981 2.4
    endloop
  endfacet
  facet normal 0 1 0
    outer loop
      vertex 94.4 206.981 2.4
      vertex 168.324 206.981 2
      vertex 94.4 206.981 2
    endloop
  endfacet
  facet normal 0 -1 0
    outer loop
      vertex 19.6758 206.181 2
      vertex 168.324 206.181 2.4
      vertex 19.6758 206.181 2.4
    endloop
  endfacet
  facet normal 0 -1 -0
    outer loop
      vertex 168.324 206.181 2.4
      vertex 19.6758 206.181 2
      vertex 168.324 206.181 2
    endloop
  endfacet
  facet normal 1 -0 0
    outer loop
      vertex 168.324 195.181 2.4
      vertex 168.324 195.981 2
      vertex 168.324 195.981 2.4
    endloop
  endfacet
  facet normal 1 0 0
    outer loop
      vertex 168.324 195.981 2
      vertex 168.324 195.181 2.4
      vertex 168.324 195.181 2
    endloop
  endfacet
  facet normal 0 0 1
    outer loop
      vertex 168.324 195.981 2.4
      vertex 94.4 195.181 2.4
      vertex 168.324 195.181 2.4
    endloop
  endfacet
  facet normal 0 0 1
    outer loop
      vertex 94.4 195.181 2.4
      vertex 93.6 195.181 2.4
      vertex 94.4 194.381 2.4
    endloop
  endfacet
  facet normal 0 0 1
    outer loop
      vertex 168.324 195.981 2.4
      vertex 93.6 195.181 2.4
      vertex 94.4 195.181 2.4
    endloop
  endfacet
  facet normal -0 0 1
    outer loop
      vertex 19.6758 195.981 2.4
      vertex 93.6 195.181 2.4
      vertex 168.324 195.981 2.4
    endloop
  endfacet
  facet normal 0 0 1
    outer loop
      vertex 93.6 195.181 2.4
      vertex 19.6758 195.981 2.4
      vertex 19.6758 195.181 2.4
    endloop
  endfacet
  facet normal 0 0 1
    outer loop
      vertex 94.4 194.381 2.4
      vertex 93.6 195.181 2.4
      vertex 93.6 194.381 2.4
    endloop
  endfacet
  facet normal -1 0 0
    outer loop
      vertex 19.6758 195.181 2
      vertex 19.6758 195.981 2.4
      vertex 19.6758 195.981 2
    endloop
  endfacet
  facet normal -1 -0 0
    outer loop
      vertex 19.6758 195.981 2.4
      vertex 19.6758 195.181 2
      vertex 19.6758 195.181 2.4
    endloop
  endfacet
  facet normal 0 1 -0
    outer loop
      vertex 168.324 195.981 2
      vertex 19.6758 195.981 2.4
      vertex 168.324 195.981 2.4
    endloop
  endfacet
  facet normal 0 1 0
    outer loop
      vertex 19.6758 195.981 2.4
      vertex 168.324 195.981 2
      vertex 19.6758 195.981 2
    endloop
  endfacet
  facet normal 0 -1 0
    outer loop
      vertex 19.6758 195.181 2
      vertex 93.6 195.181 2.4
      vertex 19.6758 195.181 2.4
    endloop
  endfacet
  facet normal 0 -1 -0
    outer loop
      vertex 93.6 195.181 2.4
      vertex 19.6758 195.181 2
      vertex 93.6 195.181 2
    endloop
  endfacet
  facet normal 0 -1 0
    outer loop
      vertex 94.4 195.181 2
      vertex 168.324 195.181 2.4
      vertex 94.4 195.181 2.4
    endloop
  endfacet
  facet normal 0 -1 -0
    outer loop
      vertex 168.324 195.181 2.4
      vertex 94.4 195.181 2
      vertex 168.324 195.181 2
    endloop
  endfacet
  facet normal 1 -0 0
    outer loop
      vertex 94.4 206.981 2.4
      vertex 94.4 207.781 2
      vertex 94.4 207.781 2.4
    endloop
  endfacet
  facet normal 1 0 0
    outer loop
      vertex 94.4 207.781 2
      vertex 94.4 206.981 2.4
      vertex 94.4 206.981 2
    endloop
  endfacet
  facet normal -1 0 0
    outer loop
      vertex 93.6 206.981 2
      vertex 93.6 207.781 2.4
      vertex 93.6 207.781 2
    endloop
  endfacet
  facet normal -1 -0 0
    outer loop
      vertex 93.6 207.781 2.4
      vertex 93.6 206.981 2
      vertex 93.6 206.981 2.4
    endloop
  endfacet
  facet normal 0 1 -0
    outer loop
      vertex 94.4 207.781 2
      vertex 93.6 207.781 2.4
      vertex 94.4 207.781 2.4
    endloop
  endfacet
  facet normal 0 1 0
    outer loop
      vertex 93.6 207.781 2.4
      vertex 94.4 207.781 2
      vertex 93.6 207.781 2
    endloop
  endfacet
  facet normal 1 -0 0
    outer loop
      vertex 94.4 194.381 2.4
      vertex 94.4 195.181 2
      vertex 94.4 195.181 2.4
    endloop
  endfacet
  facet normal 1 0 0
    outer loop
      vertex 94.4 195.181 2
      vertex 94.4 194.381 2.4
      vertex 94.4 194.381 2
    endloop
  endfacet
  facet normal -1 0 0
    outer loop
      vertex 93.6 194.381 2
      vertex 93.6 195.181 2.4
      vertex 93.6 195.181 2
    endloop
  endfacet
  facet normal -1 -0 0
    outer loop
      vertex 93.6 195.181 2.4
      vertex 93.6 194.381 2
      vertex 93.6 194.381 2.4
    endloop
  endfacet
  facet normal 0 -1 0
    outer loop
      vertex 93.6 194.381 2
      vertex 94.4 194.381 2.4
      vertex 93.6 194.381 2.4
    endloop
  endfacet
  facet normal 0 -1 -0
    outer loop
      vertex 94.4 194.381 2.4
      vertex 93.6 194.381 2
      vertex 94.4 194.381 2
    endloop
  endfacet
  facet normal 0 0 1
    outer loop
      vertex 42.7028 201.081 2.2
      vertex 45.7028 202.081 2.2
      vertex 45.7028 203.281 2.2
    endloop
  endfacet
  facet normal 0 0 1
    outer loop
      vertex 45.7028 202.081 2.2
      vertex 42.7028 201.081 2.2
      vertex 45.7028 200.081 2.2
    endloop
  endfacet
  facet normal 0 0 1
    outer loop
      vertex 45.7028 200.081 2.2
      vertex 42.7028 201.081 2.2
      vertex 45.7028 198.881 2.2
    endloop
  endfacet
  facet normal -0 0 1
    outer loop
      vertex 45.7028 202.081 2.2
      vertex 49.7028 200.081 2.2
      vertex 49.7028 202.081 2.2
    endloop
  endfacet
  facet normal 0 0 1
    outer loop
      vertex 49.7028 200.081 2.2
      vertex 45.7028 202.081 2.2
      vertex 45.7028 200.081 2.2
    endloop
  endfacet
  facet normal 0 -1 0
    outer loop
      vertex 45.7028 200.081 2
      vertex 49.7028 200.081 2.2
      vertex 45.7028 200.081 2.2
    endloop
  endfacet
  facet normal 0 -1 -0
    outer loop
      vertex 49.7028 200.081 2.2
      vertex 45.7028 200.081 2
      vertex 49.7028 200.081 2
    endloop
  endfacet
  facet normal 1 -0 0
    outer loop
      vertex 49.7028 200.081 2.2
      vertex 49.7028 202.081 2
      vertex 49.7028 202.081 2.2
    endloop
  endfacet
  facet normal 1 0 0
    outer loop
      vertex 49.7028 202.081 2
      vertex 49.7028 200.081 2.2
      vertex 49.7028 200.081 2
    endloop
  endfacet
  facet normal 0 1 -0
    outer loop
      vertex 49.7028 202.081 2
      vertex 45.7028 202.081 2.2
      vertex 49.7028 202.081 2.2
    endloop
  endfacet
  facet normal 0 1 0
    outer loop
      vertex 45.7028 202.081 2.2
      vertex 49.7028 202.081 2
      vertex 45.7028 202.081 2
    endloop
  endfacet
  facet normal 1 -0 0
    outer loop
      vertex 45.7028 202.081 2.2
      vertex 45.7028 203.281 2
      vertex 45.7028 203.281 2.2
    endloop
  endfacet
  facet normal 1 0 0
    outer loop
      vertex 45.7028 203.281 2
      vertex 45.7028 202.081 2.2
      vertex 45.7028 202.081 2
    endloop
  endfacet
  facet normal -0.591364 0.806405 0
    outer loop
      vertex 45.7028 203.281 2
      vertex 42.7028 201.081 2.2
      vertex 45.7028 203.281 2.2
    endloop
  endfacet
  facet normal -0.591364 0.806405 0
    outer loop
      vertex 42.7028 201.081 2.2
      vertex 45.7028 203.281 2
      vertex 42.7028 201.081 2
    endloop
  endfacet
  facet normal -0.591364 -0.806405 0
    outer loop
      vertex 42.7028 201.081 2
      vertex 45.7028 198.881 2.2
      vertex 42.7028 201.081 2.2
    endloop
  endfacet
  facet normal -0.591364 -0.806405 -0
    outer loop
      vertex 45.7028 198.881 2.2
      vertex 42.7028 201.081 2
      vertex 45.7028 198.881 2
    endloop
  endfacet
  facet normal 1 -0 0
    outer loop
      vertex 45.7028 198.881 2.2
      vertex 45.7028 200.081 2
      vertex 45.7028 200.081 2.2
    endloop
  endfacet
  facet normal 1 0 0
    outer loop
      vertex 45.7028 200.081 2
      vertex 45.7028 198.881 2.2
      vertex 45.7028 198.881 2
    endloop
  endfacet
  facet normal 0 0 1
    outer loop
      vertex 137.297 201.081 2.2
      vertex 140.297 202.081 2.2
      vertex 140.297 203.281 2.2
    endloop
  endfacet
  facet normal 0 0 1
    outer loop
      vertex 140.297 202.081 2.2
      vertex 137.297 201.081 2.2
      vertex 140.297 200.081 2.2
    endloop
  endfacet
  facet normal 0 0 1
    outer loop
      vertex 140.297 200.081 2.2
      vertex 137.297 201.081 2.2
      vertex 140.297 198.881 2.2
    endloop
  endfacet
  facet normal -0 0 1
    outer loop
      vertex 140.297 202.081 2.2
      vertex 144.297 200.081 2.2
      vertex 144.297 202.081 2.2
    endloop
  endfacet
  facet normal 0 0 1
    outer loop
      vertex 144.297 200.081 2.2
      vertex 140.297 202.081 2.2
      vertex 140.297 200.081 2.2
    endloop
  endfacet
  facet normal 0 -1 0
    outer loop
      vertex 140.297 200.081 2
      vertex 144.297 200.081 2.2
      vertex 140.297 200.081 2.2
    endloop
  endfacet
  facet normal 0 -1 -0
    outer loop
      vertex 144.297 200.081 2.2
      vertex 140.297 200.081 2
      vertex 144.297 200.081 2
    endloop
  endfacet
  facet normal 1 -0 0
    outer loop
      vertex 144.297 200.081 2.2
      vertex 144.297 202.081 2
      vertex 144.297 202.081 2.2
    endloop
  endfacet
  facet normal 1 0 0
    outer loop
      vertex 144.297 202.081 2
      vertex 144.297 200.081 2.2
      vertex 144.297 200.081 2
    endloop
  endfacet
  facet normal 0 1 -0
    outer loop
      vertex 144.297 202.081 2
      vertex 140.297 202.081 2.2
      vertex 144.297 202.081 2.2
    endloop
  endfacet
  facet normal 0 1 0
    outer loop
      vertex 140.297 202.081 2.2
      vertex 144.297 202.081 2
      vertex 140.297 202.081 2
    endloop
  endfacet
  facet normal 1 -0 0
    outer loop
      vertex 140.297 202.081 2.2
      vertex 140.297 203.281 2
      vertex 140.297 203.281 2.2
    endloop
  endfacet
  facet normal 1 0 0
    outer loop
      vertex 140.297 203.281 2
      vertex 140.297 202.081 2.2
      vertex 140.297 202.081 2
    endloop
  endfacet
  facet normal -0.591364 0.806405 0
    outer loop
      vertex 140.297 203.281 2
      vertex 137.297 201.081 2.2
      vertex 140.297 203.281 2.2
    endloop
  endfacet
  facet normal -0.591364 0.806405 0
    outer loop
      vertex 137.297 201.081 2.2
      vertex 140.297 203.281 2
      vertex 137.297 201.081 2
    endloop
  endfacet
  facet normal -0.591364 -0.806405 0
    outer loop
      vertex 137.297 201.081 2
      vertex 140.297 198.881 2.2
      vertex 137.297 201.081 2.2
    endloop
  endfacet
  facet normal -0.591364 -0.806405 -0
    outer loop
      vertex 140.297 198.881 2.2
      vertex 137.297 201.081 2
      vertex 140.297 198.881 2
    endloop
  endfacet
  facet normal 1 -0 0
    outer loop
      vertex 140.297 198.881 2.2
      vertex 140.297 200.081 2
      vertex 140.297 200.081 2.2
    endloop
  endfacet
  facet normal 1 0 0
    outer loop
      vertex 140.297 200.081 2
      vertex 140.297 198.881 2.2
      vertex 140.297 198.881 2
    endloop
  endfacet
  facet normal 1 -0 0
    outer loop
      vertex 168.324 192.667 2.4
      vertex 168.324 193.467 2
      vertex 168.324 193.467 2.4
    endloop
  endfacet
  facet normal 1 0 0
    outer loop
      vertex 168.324 193.467 2
      vertex 168.324 192.667 2.4
      vertex 168.324 192.667 2
    endloop
  endfacet
  facet normal 0 0 1
    outer loop
      vertex 94.4 194.268 2.4
      vertex 93.6 194.268 2.4
      vertex 94.4 193.467 2.4
    endloop
  endfacet
  facet normal -0 0 1
    outer loop
      vertex 94.4 193.467 2.4
      vertex 168.324 192.667 2.4
      vertex 168.324 193.467 2.4
    endloop
  endfacet
  facet normal 0 0 1
    outer loop
      vertex 93.6 193.467 2.4
      vertex 94.4 193.467 2.4
      vertex 93.6 194.268 2.4
    endloop
  endfacet
  facet normal -0 0 1
    outer loop
      vertex 93.6 193.467 2.4
      vertex 168.324 192.667 2.4
      vertex 94.4 193.467 2.4
    endloop
  endfacet
  facet normal 0 0 1
    outer loop
      vertex 19.6758 192.667 2.4
      vertex 93.6 193.467 2.4
      vertex 19.6758 193.467 2.4
    endloop
  endfacet
  facet normal 0 0 1
    outer loop
      vertex 93.6 193.467 2.4
      vertex 19.6758 192.667 2.4
      vertex 168.324 192.667 2.4
    endloop
  endfacet
  facet normal -1 0 0
    outer loop
      vertex 19.6758 192.667 2
      vertex 19.6758 193.467 2.4
      vertex 19.6758 193.467 2
    endloop
  endfacet
  facet normal -1 -0 0
    outer loop
      vertex 19.6758 193.467 2.4
      vertex 19.6758 192.667 2
      vertex 19.6758 192.667 2.4
    endloop
  endfacet
  facet normal 0 1 -0
    outer loop
      vertex 93.6 193.467 2
      vertex 19.6758 193.467 2.4
      vertex 93.6 193.467 2.4
    endloop
  endfacet
  facet normal 0 1 0
    outer loop
      vertex 19.6758 193.467 2.4
      vertex 93.6 193.467 2
      vertex 19.6758 193.467 2
    endloop
  endfacet
  facet normal 0 1 -0
    outer loop
      vertex 168.324 193.467 2
      vertex 94.4 193.467 2.4
      vertex 168.324 193.467 2.4
    endloop
  endfacet
  facet normal 0 1 0
    outer loop
      vertex 94.4 193.467 2.4
      vertex 168.324 193.467 2
      vertex 94.4 193.467 2
    endloop
  endfacet
  facet normal 0 -1 0
    outer loop
      vertex 19.6758 192.667 2
      vertex 168.324 192.667 2.4
      vertex 19.6758 192.667 2.4
    endloop
  endfacet
  facet normal 0 -1 -0
    outer loop
      vertex 168.324 192.667 2.4
      vertex 19.6758 192.667 2
      vertex 168.324 192.667 2
    endloop
  endfacet
  facet normal 1 -0 0
    outer loop
      vertex 168.324 181.667 2.4
      vertex 168.324 182.467 2
      vertex 168.324 182.467 2.4
    endloop
  endfacet
  facet normal 1 0 0
    outer loop
      vertex 168.324 182.467 2
      vertex 168.324 181.667 2.4
      vertex 168.324 181.667 2
    endloop
  endfacet
  facet normal 0 0 1
    outer loop
      vertex 168.324 182.467 2.4
      vertex 94.4 181.667 2.4
      vertex 168.324 181.667 2.4
    endloop
  endfacet
  facet normal 0 0 1
    outer loop
      vertex 94.4 181.667 2.4
      vertex 93.6 181.667 2.4
      vertex 94.4 180.867 2.4
    endloop
  endfacet
  facet normal 0 0 1
    outer loop
      vertex 168.324 182.467 2.4
      vertex 93.6 181.667 2.4
      vertex 94.4 181.667 2.4
    endloop
  endfacet
  facet normal -0 0 1
    outer loop
      vertex 19.6758 182.467 2.4
      vertex 93.6 181.667 2.4
      vertex 168.324 182.467 2.4
    endloop
  endfacet
  facet normal 0 0 1
    outer loop
      vertex 93.6 181.667 2.4
      vertex 19.6758 182.467 2.4
      vertex 19.6758 181.667 2.4
    endloop
  endfacet
  facet normal 0 0 1
    outer loop
      vertex 94.4 180.867 2.4
      vertex 93.6 181.667 2.4
      vertex 93.6 180.867 2.4
    endloop
  endfacet
  facet normal -1 0 0
    outer loop
      vertex 19.6758 181.667 2
      vertex 19.6758 182.467 2.4
      vertex 19.6758 182.467 2
    endloop
  endfacet
  facet normal -1 -0 0
    outer loop
      vertex 19.6758 182.467 2.4
      vertex 19.6758 181.667 2
      vertex 19.6758 181.667 2.4
    endloop
  endfacet
  facet normal 0 1 -0
    outer loop
      vertex 168.324 182.467 2
      vertex 19.6758 182.467 2.4
      vertex 168.324 182.467 2.4
    endloop
  endfacet
  facet normal 0 1 0
    outer loop
      vertex 19.6758 182.467 2.4
      vertex 168.324 182.467 2
      vertex 19.6758 182.467 2
    endloop
  endfacet
  facet normal 0 -1 0
    outer loop
      vertex 19.6758 181.667 2
      vertex 93.6 181.667 2.4
      vertex 19.6758 181.667 2.4
    endloop
  endfacet
  facet normal 0 -1 -0
    outer loop
      vertex 93.6 181.667 2.4
      vertex 19.6758 181.667 2
      vertex 93.6 181.667 2
    endloop
  endfacet
  facet normal 0 -1 0
    outer loop
      vertex 94.4 181.667 2
      vertex 168.324 181.667 2.4
      vertex 94.4 181.667 2.4
    endloop
  endfacet
  facet normal 0 -1 -0
    outer loop
      vertex 168.324 181.667 2.4
      vertex 94.4 181.667 2
      vertex 168.324 181.667 2
    endloop
  endfacet
  facet normal 1 -0 0
    outer loop
      vertex 94.4 193.467 2.4
      vertex 94.4 194.268 2
      vertex 94.4 194.268 2.4
    endloop
  endfacet
  facet normal 1 0 0
    outer loop
      vertex 94.4 194.268 2
      vertex 94.4 193.467 2.4
      vertex 94.4 193.467 2
    endloop
  endfacet
  facet normal -1 0 0
    outer loop
      vertex 93.6 193.467 2
      vertex 93.6 194.268 2.4
      vertex 93.6 194.268 2
    endloop
  endfacet
  facet normal -1 -0 0
    outer loop
      vertex 93.6 194.268 2.4
      vertex 93.6 193.467 2
      vertex 93.6 193.467 2.4
    endloop
  endfacet
  facet normal 0 1 -0
    outer loop
      vertex 94.4 194.268 2
      vertex 93.6 194.268 2.4
      vertex 94.4 194.268 2.4
    endloop
  endfacet
  facet normal 0 1 0
    outer loop
      vertex 93.6 194.268 2.4
      vertex 94.4 194.268 2
      vertex 93.6 194.268 2
    endloop
  endfacet
  facet normal 1 -0 0
    outer loop
      vertex 94.4 180.867 2.4
      vertex 94.4 181.667 2
      vertex 94.4 181.667 2.4
    endloop
  endfacet
  facet normal 1 0 0
    outer loop
      vertex 94.4 181.667 2
      vertex 94.4 180.867 2.4
      vertex 94.4 180.867 2
    endloop
  endfacet
  facet normal -1 0 0
    outer loop
      vertex 93.6 180.867 2
      vertex 93.6 181.667 2.4
      vertex 93.6 181.667 2
    endloop
  endfacet
  facet normal -1 -0 0
    outer loop
      vertex 93.6 181.667 2.4
      vertex 93.6 180.867 2
      vertex 93.6 180.867 2.4
    endloop
  endfacet
  facet normal 0 -1 0
    outer loop
      vertex 93.6 180.867 2
      vertex 94.4 180.867 2.4
      vertex 93.6 180.867 2.4
    endloop
  endfacet
  facet normal 0 -1 -0
    outer loop
      vertex 94.4 180.867 2.4
      vertex 93.6 180.867 2
      vertex 94.4 180.867 2
    endloop
  endfacet
  facet normal -0 0 1
    outer loop
      vertex 43.7028 188.568 2.2
      vertex 47.7028 186.568 2.2
      vertex 47.7028 188.568 2.2
    endloop
  endfacet
  facet normal 0 0 1
    outer loop
      vertex 47.7028 186.568 2.2
      vertex 43.7028 188.568 2.2
      vertex 43.7028 186.568 2.2
    endloop
  endfacet
  facet normal -0 0 1
    outer loop
      vertex 47.7028 188.568 2.2
      vertex 50.7028 187.568 2.2
      vertex 47.7028 189.768 2.2
    endloop
  endfacet
  facet normal 0 0 1
    outer loop
      vertex 47.7028 186.568 2.2
      vertex 50.7028 187.568 2.2
      vertex 47.7028 188.568 2.2
    endloop
  endfacet
  facet normal 0 0 1
    outer loop
      vertex 50.7028 187.568 2.2
      vertex 47.7028 186.568 2.2
      vertex 47.7028 185.368 2.2
    endloop
  endfacet
  facet normal 0.591364 0.806405 -0
    outer loop
      vertex 50.7028 187.568 2
      vertex 47.7028 189.768 2.2
      vertex 50.7028 187.568 2.2
    endloop
  endfacet
  facet normal 0.591364 0.806405 0
    outer loop
      vertex 47.7028 189.768 2.2
      vertex 50.7028 187.568 2
      vertex 47.7028 189.768 2
    endloop
  endfacet
  facet normal -1 0 0
    outer loop
      vertex 47.7028 188.568 2
      vertex 47.7028 189.768 2.2
      vertex 47.7028 189.768 2
    endloop
  endfacet
  facet normal -1 -0 0
    outer loop
      vertex 47.7028 189.768 2.2
      vertex 47.7028 188.568 2
      vertex 47.7028 188.568 2.2
    endloop
  endfacet
  facet normal 0 1 -0
    outer loop
      vertex 47.7028 188.568 2
      vertex 43.7028 188.568 2.2
      vertex 47.7028 188.568 2.2
    endloop
  endfacet
  facet normal 0 1 0
    outer loop
      vertex 43.7028 188.568 2.2
      vertex 47.7028 188.568 2
      vertex 43.7028 188.568 2
    endloop
  endfacet
  facet normal -1 0 0
    outer loop
      vertex 43.7028 186.568 2
      vertex 43.7028 188.568 2.2
      vertex 43.7028 188.568 2
    endloop
  endfacet
  facet normal -1 -0 0
    outer loop
      vertex 43.7028 188.568 2.2
      vertex 43.7028 186.568 2
      vertex 43.7028 186.568 2.2
    endloop
  endfacet
  facet normal 0 -1 0
    outer loop
      vertex 43.7028 186.568 2
      vertex 47.7028 186.568 2.2
      vertex 43.7028 186.568 2.2
    endloop
  endfacet
  facet normal 0 -1 -0
    outer loop
      vertex 47.7028 186.568 2.2
      vertex 43.7028 186.568 2
      vertex 47.7028 186.568 2
    endloop
  endfacet
  facet normal -1 0 0
    outer loop
      vertex 47.7028 185.368 2
      vertex 47.7028 186.568 2.2
      vertex 47.7028 186.568 2
    endloop
  endfacet
  facet normal -1 -0 0
    outer loop
      vertex 47.7028 186.568 2.2
      vertex 47.7028 185.368 2
      vertex 47.7028 185.368 2.2
    endloop
  endfacet
  facet normal 0.591364 -0.806405 0
    outer loop
      vertex 47.7028 185.368 2
      vertex 50.7028 187.568 2.2
      vertex 47.7028 185.368 2.2
    endloop
  endfacet
  facet normal 0.591364 -0.806405 0
    outer loop
      vertex 50.7028 187.568 2.2
      vertex 47.7028 185.368 2
      vertex 50.7028 187.568 2
    endloop
  endfacet
  facet normal -0 0 1
    outer loop
      vertex 138.297 188.568 2.2
      vertex 142.297 186.568 2.2
      vertex 142.297 188.568 2.2
    endloop
  endfacet
  facet normal 0 0 1
    outer loop
      vertex 142.297 186.568 2.2
      vertex 138.297 188.568 2.2
      vertex 138.297 186.568 2.2
    endloop
  endfacet
  facet normal -0 0 1
    outer loop
      vertex 142.297 188.568 2.2
      vertex 145.297 187.568 2.2
      vertex 142.297 189.768 2.2
    endloop
  endfacet
  facet normal 0 0 1
    outer loop
      vertex 142.297 186.568 2.2
      vertex 145.297 187.568 2.2
      vertex 142.297 188.568 2.2
    endloop
  endfacet
  facet normal 0 0 1
    outer loop
      vertex 145.297 187.568 2.2
      vertex 142.297 186.568 2.2
      vertex 142.297 185.368 2.2
    endloop
  endfacet
  facet normal 0.591364 0.806405 -0
    outer loop
      vertex 145.297 187.568 2
      vertex 142.297 189.768 2.2
      vertex 145.297 187.568 2.2
    endloop
  endfacet
  facet normal 0.591364 0.806405 0
    outer loop
      vertex 142.297 189.768 2.2
      vertex 145.297 187.568 2
      vertex 142.297 189.768 2
    endloop
  endfacet
  facet normal -1 0 0
    outer loop
      vertex 142.297 188.568 2
      vertex 142.297 189.768 2.2
      vertex 142.297 189.768 2
    endloop
  endfacet
  facet normal -1 -0 0
    outer loop
      vertex 142.297 189.768 2.2
      vertex 142.297 188.568 2
      vertex 142.297 188.568 2.2
    endloop
  endfacet
  facet normal 0 1 -0
    outer loop
      vertex 142.297 188.568 2
      vertex 138.297 188.568 2.2
      vertex 142.297 188.568 2.2
    endloop
  endfacet
  facet normal 0 1 0
    outer loop
      vertex 138.297 188.568 2.2
      vertex 142.297 188.568 2
      vertex 138.297 188.568 2
    endloop
  endfacet
  facet normal -1 0 0
    outer loop
      vertex 138.297 186.568 2
      vertex 138.297 188.568 2.2
      vertex 138.297 188.568 2
    endloop
  endfacet
  facet normal -1 -0 0
    outer loop
      vertex 138.297 188.568 2.2
      vertex 138.297 186.568 2
      vertex 138.297 186.568 2.2
    endloop
  endfacet
  facet normal 0 -1 0
    outer loop
      vertex 138.297 186.568 2
      vertex 142.297 186.568 2.2
      vertex 138.297 186.568 2.2
    endloop
  endfacet
  facet normal 0 -1 -0
    outer loop
      vertex 142.297 186.568 2.2
      vertex 138.297 186.568 2
      vertex 142.297 186.568 2
    endloop
  endfacet
  facet normal -1 0 0
    outer loop
      vertex 142.297 185.368 2
      vertex 142.297 186.568 2.2
      vertex 142.297 186.568 2
    endloop
  endfacet
  facet normal -1 -0 0
    outer loop
      vertex 142.297 186.568 2.2
      vertex 142.297 185.368 2
      vertex 142.297 185.368 2.2
    endloop
  endfacet
  facet normal 0.591364 -0.806405 0
    outer loop
      vertex 142.297 185.368 2
      vertex 145.297 187.568 2.2
      vertex 142.297 185.368 2.2
    endloop
  endfacet
  facet normal 0.591364 -0.806405 0
    outer loop
      vertex 145.297 187.568 2.2
      vertex 142.297 185.368 2
      vertex 145.297 187.568 2
    endloop
  endfacet
  facet normal 1 -0 0
    outer loop
      vertex 168.324 179.154 2.4
      vertex 168.324 179.954 2
      vertex 168.324 179.954 2.4
    endloop
  endfacet
  facet normal 1 0 0
    outer loop
      vertex 168.324 179.954 2
      vertex 168.324 179.154 2.4
      vertex 168.324 179.154 2
    endloop
  endfacet
  facet normal 0 0 1
    outer loop
      vertex 94.4 180.754 2.4
      vertex 93.6 180.754 2.4
      vertex 94.4 179.954 2.4
    endloop
  endfacet
  facet normal -0 0 1
    outer loop
      vertex 94.4 179.954 2.4
      vertex 168.324 179.154 2.4
      vertex 168.324 179.954 2.4
    endloop
  endfacet
  facet normal 0 0 1
    outer loop
      vertex 93.6 179.954 2.4
      vertex 94.4 179.954 2.4
      vertex 93.6 180.754 2.4
    endloop
  endfacet
  facet normal -0 0 1
    outer loop
      vertex 93.6 179.954 2.4
      vertex 168.324 179.154 2.4
      vertex 94.4 179.954 2.4
    endloop
  endfacet
  facet normal 0 0 1
    outer loop
      vertex 19.6758 179.154 2.4
      vertex 93.6 179.954 2.4
      vertex 19.6758 179.954 2.4
    endloop
  endfacet
  facet normal 0 0 1
    outer loop
      vertex 93.6 179.954 2.4
      vertex 19.6758 179.154 2.4
      vertex 168.324 179.154 2.4
    endloop
  endfacet
  facet normal -1 0 0
    outer loop
      vertex 19.6758 179.154 2
      vertex 19.6758 179.954 2.4
      vertex 19.6758 179.954 2
    endloop
  endfacet
  facet normal -1 -0 0
    outer loop
      vertex 19.6758 179.954 2.4
      vertex 19.6758 179.154 2
      vertex 19.6758 179.154 2.4
    endloop
  endfacet
  facet normal 0 1 -0
    outer loop
      vertex 93.6 179.954 2
      vertex 19.6758 179.954 2.4
      vertex 93.6 179.954 2.4
    endloop
  endfacet
  facet normal 0 1 0
    outer loop
      vertex 19.6758 179.954 2.4
      vertex 93.6 179.954 2
      vertex 19.6758 179.954 2
    endloop
  endfacet
  facet normal 0 1 -0
    outer loop
      vertex 168.324 179.954 2
      vertex 94.4 179.954 2.4
      vertex 168.324 179.954 2.4
    endloop
  endfacet
  facet normal 0 1 0
    outer loop
      vertex 94.4 179.954 2.4
      vertex 168.324 179.954 2
      vertex 94.4 179.954 2
    endloop
  endfacet
  facet normal 0 -1 0
    outer loop
      vertex 19.6758 179.154 2
      vertex 168.324 179.154 2.4
      vertex 19.6758 179.154 2.4
    endloop
  endfacet
  facet normal 0 -1 -0
    outer loop
      vertex 168.324 179.154 2.4
      vertex 19.6758 179.154 2
      vertex 168.324 179.154 2
    endloop
  endfacet
  facet normal 1 -0 0
    outer loop
      vertex 168.324 168.154 2.4
      vertex 168.324 168.954 2
      vertex 168.324 168.954 2.4
    endloop
  endfacet
  facet normal 1 0 0
    outer loop
      vertex 168.324 168.954 2
      vertex 168.324 168.154 2.4
      vertex 168.324 168.154 2
    endloop
  endfacet
  facet normal 0 0 1
    outer loop
      vertex 168.324 168.954 2.4
      vertex 94.4 168.154 2.4
      vertex 168.324 168.154 2.4
    endloop
  endfacet
  facet normal 0 0 1
    outer loop
      vertex 94.4 168.154 2.4
      vertex 93.6 168.154 2.4
      vertex 94.4 167.354 2.4
    endloop
  endfacet
  facet normal 0 0 1
    outer loop
      vertex 168.324 168.954 2.4
      vertex 93.6 168.154 2.4
      vertex 94.4 168.154 2.4
    endloop
  endfacet
  facet normal -0 0 1
    outer loop
      vertex 19.6758 168.954 2.4
      vertex 93.6 168.154 2.4
      vertex 168.324 168.954 2.4
    endloop
  endfacet
  facet normal 0 0 1
    outer loop
      vertex 93.6 168.154 2.4
      vertex 19.6758 168.954 2.4
      vertex 19.6758 168.154 2.4
    endloop
  endfacet
  facet normal 0 0 1
    outer loop
      vertex 94.4 167.354 2.4
      vertex 93.6 168.154 2.4
      vertex 93.6 167.354 2.4
    endloop
  endfacet
  facet normal -1 0 0
    outer loop
      vertex 19.6758 168.154 2
      vertex 19.6758 168.954 2.4
      vertex 19.6758 168.954 2
    endloop
  endfacet
  facet normal -1 -0 0
    outer loop
      vertex 19.6758 168.954 2.4
      vertex 19.6758 168.154 2
      vertex 19.6758 168.154 2.4
    endloop
  endfacet
  facet normal 0 1 -0
    outer loop
      vertex 168.324 168.954 2
      vertex 19.6758 168.954 2.4
      vertex 168.324 168.954 2.4
    endloop
  endfacet
  facet normal 0 1 0
    outer loop
      vertex 19.6758 168.954 2.4
      vertex 168.324 168.954 2
      vertex 19.6758 168.954 2
    endloop
  endfacet
  facet normal 0 -1 0
    outer loop
      vertex 19.6758 168.154 2
      vertex 93.6 168.154 2.4
      vertex 19.6758 168.154 2.4
    endloop
  endfacet
  facet normal 0 -1 -0
    outer loop
      vertex 93.6 168.154 2.4
      vertex 19.6758 168.154 2
      vertex 93.6 168.154 2
    endloop
  endfacet
  facet normal 0 -1 0
    outer loop
      vertex 94.4 168.154 2
      vertex 168.324 168.154 2.4
      vertex 94.4 168.154 2.4
    endloop
  endfacet
  facet normal 0 -1 -0
    outer loop
      vertex 168.324 168.154 2.4
      vertex 94.4 168.154 2
      vertex 168.324 168.154 2
    endloop
  endfacet
  facet normal 1 -0 0
    outer loop
      vertex 94.4 179.954 2.4
      vertex 94.4 180.754 2
      vertex 94.4 180.754 2.4
    endloop
  endfacet
  facet normal 1 0 0
    outer loop
      vertex 94.4 180.754 2
      vertex 94.4 179.954 2.4
      vertex 94.4 179.954 2
    endloop
  endfacet
  facet normal -1 0 0
    outer loop
      vertex 93.6 179.954 2
      vertex 93.6 180.754 2.4
      vertex 93.6 180.754 2
    endloop
  endfacet
  facet normal -1 -0 0
    outer loop
      vertex 93.6 180.754 2.4
      vertex 93.6 179.954 2
      vertex 93.6 179.954 2.4
    endloop
  endfacet
  facet normal 0 1 -0
    outer loop
      vertex 94.4 180.754 2
      vertex 93.6 180.754 2.4
      vertex 94.4 180.754 2.4
    endloop
  endfacet
  facet normal 0 1 0
    outer loop
      vertex 93.6 180.754 2.4
      vertex 94.4 180.754 2
      vertex 93.6 180.754 2
    endloop
  endfacet
  facet normal 1 -0 0
    outer loop
      vertex 94.4 167.354 2.4
      vertex 94.4 168.154 2
      vertex 94.4 168.154 2.4
    endloop
  endfacet
  facet normal 1 0 0
    outer loop
      vertex 94.4 168.154 2
      vertex 94.4 167.354 2.4
      vertex 94.4 167.354 2
    endloop
  endfacet
  facet normal -1 0 0
    outer loop
      vertex 93.6 167.354 2
      vertex 93.6 168.154 2.4
      vertex 93.6 168.154 2
    endloop
  endfacet
  facet normal -1 -0 0
    outer loop
      vertex 93.6 168.154 2.4
      vertex 93.6 167.354 2
      vertex 93.6 167.354 2.4
    endloop
  endfacet
  facet normal 0 -1 0
    outer loop
      vertex 93.6 167.354 2
      vertex 94.4 167.354 2.4
      vertex 93.6 167.354 2.4
    endloop
  endfacet
  facet normal 0 -1 -0
    outer loop
      vertex 94.4 167.354 2.4
      vertex 93.6 167.354 2
      vertex 94.4 167.354 2
    endloop
  endfacet
  facet normal 0 0 1
    outer loop
      vertex 42.7028 174.054 2.2
      vertex 45.7028 175.054 2.2
      vertex 45.7028 176.254 2.2
    endloop
  endfacet
  facet normal 0 0 1
    outer loop
      vertex 45.7028 175.054 2.2
      vertex 42.7028 174.054 2.2
      vertex 45.7028 173.054 2.2
    endloop
  endfacet
  facet normal 0 0 1
    outer loop
      vertex 45.7028 173.054 2.2
      vertex 42.7028 174.054 2.2
      vertex 45.7028 171.854 2.2
    endloop
  endfacet
  facet normal -0 0 1
    outer loop
      vertex 45.7028 175.054 2.2
      vertex 49.7028 173.054 2.2
      vertex 49.7028 175.054 2.2
    endloop
  endfacet
  facet normal 0 0 1
    outer loop
      vertex 49.7028 173.054 2.2
      vertex 45.7028 175.054 2.2
      vertex 45.7028 173.054 2.2
    endloop
  endfacet
  facet normal 0 -1 0
    outer loop
      vertex 45.7028 173.054 2
      vertex 49.7028 173.054 2.2
      vertex 45.7028 173.054 2.2
    endloop
  endfacet
  facet normal 0 -1 -0
    outer loop
      vertex 49.7028 173.054 2.2
      vertex 45.7028 173.054 2
      vertex 49.7028 173.054 2
    endloop
  endfacet
  facet normal 1 -0 0
    outer loop
      vertex 49.7028 173.054 2.2
      vertex 49.7028 175.054 2
      vertex 49.7028 175.054 2.2
    endloop
  endfacet
  facet normal 1 0 0
    outer loop
      vertex 49.7028 175.054 2
      vertex 49.7028 173.054 2.2
      vertex 49.7028 173.054 2
    endloop
  endfacet
  facet normal 0 1 -0
    outer loop
      vertex 49.7028 175.054 2
      vertex 45.7028 175.054 2.2
      vertex 49.7028 175.054 2.2
    endloop
  endfacet
  facet normal 0 1 0
    outer loop
      vertex 45.7028 175.054 2.2
      vertex 49.7028 175.054 2
      vertex 45.7028 175.054 2
    endloop
  endfacet
  facet normal 1 -0 0
    outer loop
      vertex 45.7028 175.054 2.2
      vertex 45.7028 176.254 2
      vertex 45.7028 176.254 2.2
    endloop
  endfacet
  facet normal 1 0 0
    outer loop
      vertex 45.7028 176.254 2
      vertex 45.7028 175.054 2.2
      vertex 45.7028 175.054 2
    endloop
  endfacet
  facet normal -0.591364 0.806405 0
    outer loop
      vertex 45.7028 176.254 2
      vertex 42.7028 174.054 2.2
      vertex 45.7028 176.254 2.2
    endloop
  endfacet
  facet normal -0.591364 0.806405 0
    outer loop
      vertex 42.7028 174.054 2.2
      vertex 45.7028 176.254 2
      vertex 42.7028 174.054 2
    endloop
  endfacet
  facet normal -0.591364 -0.806405 0
    outer loop
      vertex 42.7028 174.054 2
      vertex 45.7028 171.854 2.2
      vertex 42.7028 174.054 2.2
    endloop
  endfacet
  facet normal -0.591364 -0.806405 -0
    outer loop
      vertex 45.7028 171.854 2.2
      vertex 42.7028 174.054 2
      vertex 45.7028 171.854 2
    endloop
  endfacet
  facet normal 1 -0 0
    outer loop
      vertex 45.7028 171.854 2.2
      vertex 45.7028 173.054 2
      vertex 45.7028 173.054 2.2
    endloop
  endfacet
  facet normal 1 0 0
    outer loop
      vertex 45.7028 173.054 2
      vertex 45.7028 171.854 2.2
      vertex 45.7028 171.854 2
    endloop
  endfacet
  facet normal 0 0 1
    outer loop
      vertex 137.297 174.054 2.2
      vertex 140.297 175.054 2.2
      vertex 140.297 176.254 2.2
    endloop
  endfacet
  facet normal 0 0 1
    outer loop
      vertex 140.297 175.054 2.2
      vertex 137.297 174.054 2.2
      vertex 140.297 173.054 2.2
    endloop
  endfacet
  facet normal 0 0 1
    outer loop
      vertex 140.297 173.054 2.2
      vertex 137.297 174.054 2.2
      vertex 140.297 171.854 2.2
    endloop
  endfacet
  facet normal -0 0 1
    outer loop
      vertex 140.297 175.054 2.2
      vertex 144.297 173.054 2.2
      vertex 144.297 175.054 2.2
    endloop
  endfacet
  facet normal 0 0 1
    outer loop
      vertex 144.297 173.054 2.2
      vertex 140.297 175.054 2.2
      vertex 140.297 173.054 2.2
    endloop
  endfacet
  facet normal 0 -1 0
    outer loop
      vertex 140.297 173.054 2
      vertex 144.297 173.054 2.2
      vertex 140.297 173.054 2.2
    endloop
  endfacet
  facet normal 0 -1 -0
    outer loop
      vertex 144.297 173.054 2.2
      vertex 140.297 173.054 2
      vertex 144.297 173.054 2
    endloop
  endfacet
  facet normal 1 -0 0
    outer loop
      vertex 144.297 173.054 2.2
      vertex 144.297 175.054 2
      vertex 144.297 175.054 2.2
    endloop
  endfacet
  facet normal 1 0 0
    outer loop
      vertex 144.297 175.054 2
      vertex 144.297 173.054 2.2
      vertex 144.297 173.054 2
    endloop
  endfacet
  facet normal 0 1 -0
    outer loop
      vertex 144.297 175.054 2
      vertex 140.297 175.054 2.2
      vertex 144.297 175.054 2.2
    endloop
  endfacet
  facet normal 0 1 0
    outer loop
      vertex 140.297 175.054 2.2
      vertex 144.297 175.054 2
      vertex 140.297 175.054 2
    endloop
  endfacet
  facet normal 1 -0 0
    outer loop
      vertex 140.297 175.054 2.2
      vertex 140.297 176.254 2
      vertex 140.297 176.254 2.2
    endloop
  endfacet
  facet normal 1 0 0
    outer loop
      vertex 140.297 176.254 2
      vertex 140.297 175.054 2.2
      vertex 140.297 175.054 2
    endloop
  endfacet
  facet normal -0.591364 0.806405 0
    outer loop
      vertex 140.297 176.254 2
      vertex 137.297 174.054 2.2
      vertex 140.297 176.254 2.2
    endloop
  endfacet
  facet normal -0.591364 0.806405 0
    outer loop
      vertex 137.297 174.054 2.2
      vertex 140.297 176.254 2
      vertex 137.297 174.054 2
    endloop
  endfacet
  facet normal -0.591364 -0.806405 0
    outer loop
      vertex 137.297 174.054 2
      vertex 140.297 171.854 2.2
      vertex 137.297 174.054 2.2
    endloop
  endfacet
  facet normal -0.591364 -0.806405 -0
    outer loop
      vertex 140.297 171.854 2.2
      vertex 137.297 174.054 2
      vertex 140.297 171.854 2
    endloop
  endfacet
  facet normal 1 -0 0
    outer loop
      vertex 140.297 171.854 2.2
      vertex 140.297 173.054 2
      vertex 140.297 173.054 2.2
    endloop
  endfacet
  facet normal 1 0 0
    outer loop
      vertex 140.297 173.054 2
      vertex 140.297 171.854 2.2
      vertex 140.297 171.854 2
    endloop
  endfacet
  facet normal 1 -0 0
    outer loop
      vertex 168.324 165.641 2.4
      vertex 168.324 166.441 2
      vertex 168.324 166.441 2.4
    endloop
  endfacet
  facet normal 1 0 0
    outer loop
      vertex 168.324 166.441 2
      vertex 168.324 165.641 2.4
      vertex 168.324 165.641 2
    endloop
  endfacet
  facet normal 0 0 1
    outer loop
      vertex 94.4 167.24 2.4
      vertex 93.6 167.24 2.4
      vertex 94.4 166.441 2.4
    endloop
  endfacet
  facet normal -0 0 1
    outer loop
      vertex 94.4 166.441 2.4
      vertex 168.324 165.641 2.4
      vertex 168.324 166.441 2.4
    endloop
  endfacet
  facet normal 0 0 1
    outer loop
      vertex 93.6 166.441 2.4
      vertex 94.4 166.441 2.4
      vertex 93.6 167.24 2.4
    endloop
  endfacet
  facet normal -0 0 1
    outer loop
      vertex 93.6 166.441 2.4
      vertex 168.324 165.641 2.4
      vertex 94.4 166.441 2.4
    endloop
  endfacet
  facet normal 0 0 1
    outer loop
      vertex 19.6758 165.641 2.4
      vertex 93.6 166.441 2.4
      vertex 19.6758 166.441 2.4
    endloop
  endfacet
  facet normal 0 0 1
    outer loop
      vertex 93.6 166.441 2.4
      vertex 19.6758 165.641 2.4
      vertex 168.324 165.641 2.4
    endloop
  endfacet
  facet normal -1 0 0
    outer loop
      vertex 19.6758 165.641 2
      vertex 19.6758 166.441 2.4
      vertex 19.6758 166.441 2
    endloop
  endfacet
  facet normal -1 -0 0
    outer loop
      vertex 19.6758 166.441 2.4
      vertex 19.6758 165.641 2
      vertex 19.6758 165.641 2.4
    endloop
  endfacet
  facet normal 0 1 -0
    outer loop
      vertex 93.6 166.441 2
      vertex 19.6758 166.441 2.4
      vertex 93.6 166.441 2.4
    endloop
  endfacet
  facet normal 0 1 0
    outer loop
      vertex 19.6758 166.441 2.4
      vertex 93.6 166.441 2
      vertex 19.6758 166.441 2
    endloop
  endfacet
  facet normal 0 1 -0
    outer loop
      vertex 168.324 166.441 2
      vertex 94.4 166.441 2.4
      vertex 168.324 166.441 2.4
    endloop
  endfacet
  facet normal 0 1 0
    outer loop
      vertex 94.4 166.441 2.4
      vertex 168.324 166.441 2
      vertex 94.4 166.441 2
    endloop
  endfacet
  facet normal 0 -1 0
    outer loop
      vertex 19.6758 165.641 2
      vertex 168.324 165.641 2.4
      vertex 19.6758 165.641 2.4
    endloop
  endfacet
  facet normal 0 -1 -0
    outer loop
      vertex 168.324 165.641 2.4
      vertex 19.6758 165.641 2
      vertex 168.324 165.641 2
    endloop
  endfacet
  facet normal 1 -0 0
    outer loop
      vertex 168.324 154.641 2.4
      vertex 168.324 155.441 2
      vertex 168.324 155.441 2.4
    endloop
  endfacet
  facet normal 1 0 0
    outer loop
      vertex 168.324 155.441 2
      vertex 168.324 154.641 2.4
      vertex 168.324 154.641 2
    endloop
  endfacet
  facet normal 0 0 1
    outer loop
      vertex 168.324 155.441 2.4
      vertex 94.4 154.641 2.4
      vertex 168.324 154.641 2.4
    endloop
  endfacet
  facet normal 0 0 1
    outer loop
      vertex 94.4 154.641 2.4
      vertex 93.6 154.641 2.4
      vertex 94.4 153.84 2.4
    endloop
  endfacet
  facet normal 0 0 1
    outer loop
      vertex 168.324 155.441 2.4
      vertex 93.6 154.641 2.4
      vertex 94.4 154.641 2.4
    endloop
  endfacet
  facet normal -0 0 1
    outer loop
      vertex 19.6758 155.441 2.4
      vertex 93.6 154.641 2.4
      vertex 168.324 155.441 2.4
    endloop
  endfacet
  facet normal 0 0 1
    outer loop
      vertex 93.6 154.641 2.4
      vertex 19.6758 155.441 2.4
      vertex 19.6758 154.641 2.4
    endloop
  endfacet
  facet normal 0 0 1
    outer loop
      vertex 94.4 153.84 2.4
      vertex 93.6 154.641 2.4
      vertex 93.6 153.84 2.4
    endloop
  endfacet
  facet normal -1 0 0
    outer loop
      vertex 19.6758 154.641 2
      vertex 19.6758 155.441 2.4
      vertex 19.6758 155.441 2
    endloop
  endfacet
  facet normal -1 -0 0
    outer loop
      vertex 19.6758 155.441 2.4
      vertex 19.6758 154.641 2
      vertex 19.6758 154.641 2.4
    endloop
  endfacet
  facet normal 0 1 -0
    outer loop
      vertex 168.324 155.441 2
      vertex 19.6758 155.441 2.4
      vertex 168.324 155.441 2.4
    endloop
  endfacet
  facet normal 0 1 0
    outer loop
      vertex 19.6758 155.441 2.4
      vertex 168.324 155.441 2
      vertex 19.6758 155.441 2
    endloop
  endfacet
  facet normal 0 -1 0
    outer loop
      vertex 19.6758 154.641 2
      vertex 93.6 154.641 2.4
      vertex 19.6758 154.641 2.4
    endloop
  endfacet
  facet normal 0 -1 -0
    outer loop
      vertex 93.6 154.641 2.4
      vertex 19.6758 154.641 2
      vertex 93.6 154.641 2
    endloop
  endfacet
  facet normal 0 -1 0
    outer loop
      vertex 94.4 154.641 2
      vertex 168.324 154.641 2.4
      vertex 94.4 154.641 2.4
    endloop
  endfacet
  facet normal 0 -1 -0
    outer loop
      vertex 168.324 154.641 2.4
      vertex 94.4 154.641 2
      vertex 168.324 154.641 2
    endloop
  endfacet
  facet normal 1 -0 0
    outer loop
      vertex 94.4 166.441 2.4
      vertex 94.4 167.24 2
      vertex 94.4 167.24 2.4
    endloop
  endfacet
  facet normal 1 0 0
    outer loop
      vertex 94.4 167.24 2
      vertex 94.4 166.441 2.4
      vertex 94.4 166.441 2
    endloop
  endfacet
  facet normal -1 0 0
    outer loop
      vertex 93.6 166.441 2
      vertex 93.6 167.24 2.4
      vertex 93.6 167.24 2
    endloop
  endfacet
  facet normal -1 -0 0
    outer loop
      vertex 93.6 167.24 2.4
      vertex 93.6 166.441 2
      vertex 93.6 166.441 2.4
    endloop
  endfacet
  facet normal 0 1 -0
    outer loop
      vertex 94.4 167.24 2
      vertex 93.6 167.24 2.4
      vertex 94.4 167.24 2.4
    endloop
  endfacet
  facet normal 0 1 0
    outer loop
      vertex 93.6 167.24 2.4
      vertex 94.4 167.24 2
      vertex 93.6 167.24 2
    endloop
  endfacet
  facet normal 1 -0 0
    outer loop
      vertex 94.4 153.84 2.4
      vertex 94.4 154.641 2
      vertex 94.4 154.641 2.4
    endloop
  endfacet
  facet normal 1 0 0
    outer loop
      vertex 94.4 154.641 2
      vertex 94.4 153.84 2.4
      vertex 94.4 153.84 2
    endloop
  endfacet
  facet normal -1 0 0
    outer loop
      vertex 93.6 153.84 2
      vertex 93.6 154.641 2.4
      vertex 93.6 154.641 2
    endloop
  endfacet
  facet normal -1 -0 0
    outer loop
      vertex 93.6 154.641 2.4
      vertex 93.6 153.84 2
      vertex 93.6 153.84 2.4
    endloop
  endfacet
  facet normal 0 -1 0
    outer loop
      vertex 93.6 153.84 2
      vertex 94.4 153.84 2.4
      vertex 93.6 153.84 2.4
    endloop
  endfacet
  facet normal 0 -1 -0
    outer loop
      vertex 94.4 153.84 2.4
      vertex 93.6 153.84 2
      vertex 94.4 153.84 2
    endloop
  endfacet
  facet normal -0 0 1
    outer loop
      vertex 43.7028 161.54 2.2
      vertex 47.7028 159.54 2.2
      vertex 47.7028 161.54 2.2
    endloop
  endfacet
  facet normal 0 0 1
    outer loop
      vertex 47.7028 159.54 2.2
      vertex 43.7028 161.54 2.2
      vertex 43.7028 159.54 2.2
    endloop
  endfacet
  facet normal -0 0 1
    outer loop
      vertex 47.7028 161.54 2.2
      vertex 50.7028 160.54 2.2
      vertex 47.7028 162.74 2.2
    endloop
  endfacet
  facet normal 0 0 1
    outer loop
      vertex 47.7028 159.54 2.2
      vertex 50.7028 160.54 2.2
      vertex 47.7028 161.54 2.2
    endloop
  endfacet
  facet normal 0 0 1
    outer loop
      vertex 50.7028 160.54 2.2
      vertex 47.7028 159.54 2.2
      vertex 47.7028 158.34 2.2
    endloop
  endfacet
  facet normal 0.591364 0.806405 -0
    outer loop
      vertex 50.7028 160.54 2
      vertex 47.7028 162.74 2.2
      vertex 50.7028 160.54 2.2
    endloop
  endfacet
  facet normal 0.591364 0.806405 0
    outer loop
      vertex 47.7028 162.74 2.2
      vertex 50.7028 160.54 2
      vertex 47.7028 162.74 2
    endloop
  endfacet
  facet normal -1 0 0
    outer loop
      vertex 47.7028 161.54 2
      vertex 47.7028 162.74 2.2
      vertex 47.7028 162.74 2
    endloop
  endfacet
  facet normal -1 -0 0
    outer loop
      vertex 47.7028 162.74 2.2
      vertex 47.7028 161.54 2
      vertex 47.7028 161.54 2.2
    endloop
  endfacet
  facet normal 0 1 -0
    outer loop
      vertex 47.7028 161.54 2
      vertex 43.7028 161.54 2.2
      vertex 47.7028 161.54 2.2
    endloop
  endfacet
  facet normal 0 1 0
    outer loop
      vertex 43.7028 161.54 2.2
      vertex 47.7028 161.54 2
      vertex 43.7028 161.54 2
    endloop
  endfacet
  facet normal -1 0 0
    outer loop
      vertex 43.7028 159.54 2
      vertex 43.7028 161.54 2.2
      vertex 43.7028 161.54 2
    endloop
  endfacet
  facet normal -1 -0 0
    outer loop
      vertex 43.7028 161.54 2.2
      vertex 43.7028 159.54 2
      vertex 43.7028 159.54 2.2
    endloop
  endfacet
  facet normal 0 -1 0
    outer loop
      vertex 43.7028 159.54 2
      vertex 47.7028 159.54 2.2
      vertex 43.7028 159.54 2.2
    endloop
  endfacet
  facet normal 0 -1 -0
    outer loop
      vertex 47.7028 159.54 2.2
      vertex 43.7028 159.54 2
      vertex 47.7028 159.54 2
    endloop
  endfacet
  facet normal -1 0 0
    outer loop
      vertex 47.7028 158.34 2
      vertex 47.7028 159.54 2.2
      vertex 47.7028 159.54 2
    endloop
  endfacet
  facet normal -1 -0 0
    outer loop
      vertex 47.7028 159.54 2.2
      vertex 47.7028 158.34 2
      vertex 47.7028 158.34 2.2
    endloop
  endfacet
  facet normal 0.591364 -0.806405 0
    outer loop
      vertex 47.7028 158.34 2
      vertex 50.7028 160.54 2.2
      vertex 47.7028 158.34 2.2
    endloop
  endfacet
  facet normal 0.591364 -0.806405 0
    outer loop
      vertex 50.7028 160.54 2.2
      vertex 47.7028 158.34 2
      vertex 50.7028 160.54 2
    endloop
  endfacet
  facet normal -0 0 1
    outer loop
      vertex 138.297 161.54 2.2
      vertex 142.297 159.54 2.2
      vertex 142.297 161.54 2.2
    endloop
  endfacet
  facet normal 0 0 1
    outer loop
      vertex 142.297 159.54 2.2
      vertex 138.297 161.54 2.2
      vertex 138.297 159.54 2.2
    endloop
  endfacet
  facet normal -0 0 1
    outer loop
      vertex 142.297 161.54 2.2
      vertex 145.297 160.54 2.2
      vertex 142.297 162.74 2.2
    endloop
  endfacet
  facet normal 0 0 1
    outer loop
      vertex 142.297 159.54 2.2
      vertex 145.297 160.54 2.2
      vertex 142.297 161.54 2.2
    endloop
  endfacet
  facet normal 0 0 1
    outer loop
      vertex 145.297 160.54 2.2
      vertex 142.297 159.54 2.2
      vertex 142.297 158.34 2.2
    endloop
  endfacet
  facet normal 0.591364 0.806405 -0
    outer loop
      vertex 145.297 160.54 2
      vertex 142.297 162.74 2.2
      vertex 145.297 160.54 2.2
    endloop
  endfacet
  facet normal 0.591364 0.806405 0
    outer loop
      vertex 142.297 162.74 2.2
      vertex 145.297 160.54 2
      vertex 142.297 162.74 2
    endloop
  endfacet
  facet normal -1 0 0
    outer loop
      vertex 142.297 161.54 2
      vertex 142.297 162.74 2.2
      vertex 142.297 162.74 2
    endloop
  endfacet
  facet normal -1 -0 0
    outer loop
      vertex 142.297 162.74 2.2
      vertex 142.297 161.54 2
      vertex 142.297 161.54 2.2
    endloop
  endfacet
  facet normal 0 1 -0
    outer loop
      vertex 142.297 161.54 2
      vertex 138.297 161.54 2.2
      vertex 142.297 161.54 2.2
    endloop
  endfacet
  facet normal 0 1 0
    outer loop
      vertex 138.297 161.54 2.2
      vertex 142.297 161.54 2
      vertex 138.297 161.54 2
    endloop
  endfacet
  facet normal -1 0 0
    outer loop
      vertex 138.297 159.54 2
      vertex 138.297 161.54 2.2
      vertex 138.297 161.54 2
    endloop
  endfacet
  facet normal -1 -0 0
    outer loop
      vertex 138.297 161.54 2.2
      vertex 138.297 159.54 2
      vertex 138.297 159.54 2.2
    endloop
  endfacet
  facet normal 0 -1 0
    outer loop
      vertex 138.297 159.54 2
      vertex 142.297 159.54 2.2
      vertex 138.297 159.54 2.2
    endloop
  endfacet
  facet normal 0 -1 -0
    outer loop
      vertex 142.297 159.54 2.2
      vertex 138.297 159.54 2
      vertex 142.297 159.54 2
    endloop
  endfacet
  facet normal -1 0 0
    outer loop
      vertex 142.297 158.34 2
      vertex 142.297 159.54 2.2
      vertex 142.297 159.54 2
    endloop
  endfacet
  facet normal -1 -0 0
    outer loop
      vertex 142.297 159.54 2.2
      vertex 142.297 158.34 2
      vertex 142.297 158.34 2.2
    endloop
  endfacet
  facet normal 0.591364 -0.806405 0
    outer loop
      vertex 142.297 158.34 2
      vertex 145.297 160.54 2.2
      vertex 142.297 158.34 2.2
    endloop
  endfacet
  facet normal 0.591364 -0.806405 0
    outer loop
      vertex 145.297 160.54 2.2
      vertex 142.297 158.34 2
      vertex 145.297 160.54 2
    endloop
  endfacet
  facet normal 1 -0 0
    outer loop
      vertex 168.324 152.127 2.4
      vertex 168.324 152.927 2
      vertex 168.324 152.927 2.4
    endloop
  endfacet
  facet normal 1 0 0
    outer loop
      vertex 168.324 152.927 2
      vertex 168.324 152.127 2.4
      vertex 168.324 152.127 2
    endloop
  endfacet
  facet normal 0 0 1
    outer loop
      vertex 94.4 153.727 2.4
      vertex 93.6 153.727 2.4
      vertex 94.4 152.927 2.4
    endloop
  endfacet
  facet normal -0 0 1
    outer loop
      vertex 94.4 152.927 2.4
      vertex 168.324 152.127 2.4
      vertex 168.324 152.927 2.4
    endloop
  endfacet
  facet normal 0 0 1
    outer loop
      vertex 93.6 152.927 2.4
      vertex 94.4 152.927 2.4
      vertex 93.6 153.727 2.4
    endloop
  endfacet
  facet normal -0 0 1
    outer loop
      vertex 93.6 152.927 2.4
      vertex 168.324 152.127 2.4
      vertex 94.4 152.927 2.4
    endloop
  endfacet
  facet normal 0 0 1
    outer loop
      vertex 19.6758 152.127 2.4
      vertex 93.6 152.927 2.4
      vertex 19.6758 152.927 2.4
    endloop
  endfacet
  facet normal 0 0 1
    outer loop
      vertex 93.6 152.927 2.4
      vertex 19.6758 152.127 2.4
      vertex 168.324 152.127 2.4
    endloop
  endfacet
  facet normal -1 0 0
    outer loop
      vertex 19.6758 152.127 2
      vertex 19.6758 152.927 2.4
      vertex 19.6758 152.927 2
    endloop
  endfacet
  facet normal -1 -0 0
    outer loop
      vertex 19.6758 152.927 2.4
      vertex 19.6758 152.127 2
      vertex 19.6758 152.127 2.4
    endloop
  endfacet
  facet normal 0 1 -0
    outer loop
      vertex 93.6 152.927 2
      vertex 19.6758 152.927 2.4
      vertex 93.6 152.927 2.4
    endloop
  endfacet
  facet normal 0 1 0
    outer loop
      vertex 19.6758 152.927 2.4
      vertex 93.6 152.927 2
      vertex 19.6758 152.927 2
    endloop
  endfacet
  facet normal 0 1 -0
    outer loop
      vertex 168.324 152.927 2
      vertex 94.4 152.927 2.4
      vertex 168.324 152.927 2.4
    endloop
  endfacet
  facet normal 0 1 0
    outer loop
      vertex 94.4 152.927 2.4
      vertex 168.324 152.927 2
      vertex 94.4 152.927 2
    endloop
  endfacet
  facet normal 0 -1 0
    outer loop
      vertex 19.6758 152.127 2
      vertex 168.324 152.127 2.4
      vertex 19.6758 152.127 2.4
    endloop
  endfacet
  facet normal 0 -1 -0
    outer loop
      vertex 168.324 152.127 2.4
      vertex 19.6758 152.127 2
      vertex 168.324 152.127 2
    endloop
  endfacet
  facet normal 1 -0 0
    outer loop
      vertex 168.324 141.127 2.4
      vertex 168.324 141.927 2
      vertex 168.324 141.927 2.4
    endloop
  endfacet
  facet normal 1 0 0
    outer loop
      vertex 168.324 141.927 2
      vertex 168.324 141.127 2.4
      vertex 168.324 141.127 2
    endloop
  endfacet
  facet normal 0 0 1
    outer loop
      vertex 168.324 141.927 2.4
      vertex 94.4 141.127 2.4
      vertex 168.324 141.127 2.4
    endloop
  endfacet
  facet normal 0 0 1
    outer loop
      vertex 94.4 141.127 2.4
      vertex 93.6 141.127 2.4
      vertex 94.4 140.327 2.4
    endloop
  endfacet
  facet normal 0 0 1
    outer loop
      vertex 168.324 141.927 2.4
      vertex 93.6 141.127 2.4
      vertex 94.4 141.127 2.4
    endloop
  endfacet
  facet normal -0 0 1
    outer loop
      vertex 19.6758 141.927 2.4
      vertex 93.6 141.127 2.4
      vertex 168.324 141.927 2.4
    endloop
  endfacet
  facet normal 0 0 1
    outer loop
      vertex 93.6 141.127 2.4
      vertex 19.6758 141.927 2.4
      vertex 19.6758 141.127 2.4
    endloop
  endfacet
  facet normal 0 0 1
    outer loop
      vertex 94.4 140.327 2.4
      vertex 93.6 141.127 2.4
      vertex 93.6 140.327 2.4
    endloop
  endfacet
  facet normal -1 0 0
    outer loop
      vertex 19.6758 141.127 2
      vertex 19.6758 141.927 2.4
      vertex 19.6758 141.927 2
    endloop
  endfacet
  facet normal -1 -0 0
    outer loop
      vertex 19.6758 141.927 2.4
      vertex 19.6758 141.127 2
      vertex 19.6758 141.127 2.4
    endloop
  endfacet
  facet normal 0 1 -0
    outer loop
      vertex 168.324 141.927 2
      vertex 19.6758 141.927 2.4
      vertex 168.324 141.927 2.4
    endloop
  endfacet
  facet normal 0 1 0
    outer loop
      vertex 19.6758 141.927 2.4
      vertex 168.324 141.927 2
      vertex 19.6758 141.927 2
    endloop
  endfacet
  facet normal 0 -1 0
    outer loop
      vertex 19.6758 141.127 2
      vertex 93.6 141.127 2.4
      vertex 19.6758 141.127 2.4
    endloop
  endfacet
  facet normal 0 -1 -0
    outer loop
      vertex 93.6 141.127 2.4
      vertex 19.6758 141.127 2
      vertex 93.6 141.127 2
    endloop
  endfacet
  facet normal 0 -1 0
    outer loop
      vertex 94.4 141.127 2
      vertex 168.324 141.127 2.4
      vertex 94.4 141.127 2.4
    endloop
  endfacet
  facet normal 0 -1 -0
    outer loop
      vertex 168.324 141.127 2.4
      vertex 94.4 141.127 2
      vertex 168.324 141.127 2
    endloop
  endfacet
  facet normal 1 -0 0
    outer loop
      vertex 94.4 152.927 2.4
      vertex 94.4 153.727 2
      vertex 94.4 153.727 2.4
    endloop
  endfacet
  facet normal 1 0 0
    outer loop
      vertex 94.4 153.727 2
      vertex 94.4 152.927 2.4
      vertex 94.4 152.927 2
    endloop
  endfacet
  facet normal -1 0 0
    outer loop
      vertex 93.6 152.927 2
      vertex 93.6 153.727 2.4
      vertex 93.6 153.727 2
    endloop
  endfacet
  facet normal -1 -0 0
    outer loop
      vertex 93.6 153.727 2.4
      vertex 93.6 152.927 2
      vertex 93.6 152.927 2.4
    endloop
  endfacet
  facet normal 0 1 -0
    outer loop
      vertex 94.4 153.727 2
      vertex 93.6 153.727 2.4
      vertex 94.4 153.727 2.4
    endloop
  endfacet
  facet normal 0 1 0
    outer loop
      vertex 93.6 153.727 2.4
      vertex 94.4 153.727 2
      vertex 93.6 153.727 2
    endloop
  endfacet
  facet normal 1 -0 0
    outer loop
      vertex 94.4 140.327 2.4
      vertex 94.4 141.127 2
      vertex 94.4 141.127 2.4
    endloop
  endfacet
  facet normal 1 0 0
    outer loop
      vertex 94.4 141.127 2
      vertex 94.4 140.327 2.4
      vertex 94.4 140.327 2
    endloop
  endfacet
  facet normal -1 0 0
    outer loop
      vertex 93.6 140.327 2
      vertex 93.6 141.127 2.4
      vertex 93.6 141.127 2
    endloop
  endfacet
  facet normal -1 -0 0
    outer loop
      vertex 93.6 141.127 2.4
      vertex 93.6 140.327 2
      vertex 93.6 140.327 2.4
    endloop
  endfacet
  facet normal 0 -1 0
    outer loop
      vertex 93.6 140.327 2
      vertex 94.4 140.327 2.4
      vertex 93.6 140.327 2.4
    endloop
  endfacet
  facet normal 0 -1 -0
    outer loop
      vertex 94.4 140.327 2.4
      vertex 93.6 140.327 2
      vertex 94.4 140.327 2
    endloop
  endfacet
  facet normal 0 0 1
    outer loop
      vertex 42.7028 147.027 2.2
      vertex 45.7028 148.027 2.2
      vertex 45.7028 149.227 2.2
    endloop
  endfacet
  facet normal 0 0 1
    outer loop
      vertex 45.7028 148.027 2.2
      vertex 42.7028 147.027 2.2
      vertex 45.7028 146.027 2.2
    endloop
  endfacet
  facet normal 0 0 1
    outer loop
      vertex 45.7028 146.027 2.2
      vertex 42.7028 147.027 2.2
      vertex 45.7028 144.827 2.2
    endloop
  endfacet
  facet normal -0 0 1
    outer loop
      vertex 45.7028 148.027 2.2
      vertex 49.7028 146.027 2.2
      vertex 49.7028 148.027 2.2
    endloop
  endfacet
  facet normal 0 0 1
    outer loop
      vertex 49.7028 146.027 2.2
      vertex 45.7028 148.027 2.2
      vertex 45.7028 146.027 2.2
    endloop
  endfacet
  facet normal 0 -1 0
    outer loop
      vertex 45.7028 146.027 2
      vertex 49.7028 146.027 2.2
      vertex 45.7028 146.027 2.2
    endloop
  endfacet
  facet normal 0 -1 -0
    outer loop
      vertex 49.7028 146.027 2.2
      vertex 45.7028 146.027 2
      vertex 49.7028 146.027 2
    endloop
  endfacet
  facet normal 1 -0 0
    outer loop
      vertex 49.7028 146.027 2.2
      vertex 49.7028 148.027 2
      vertex 49.7028 148.027 2.2
    endloop
  endfacet
  facet normal 1 0 0
    outer loop
      vertex 49.7028 148.027 2
      vertex 49.7028 146.027 2.2
      vertex 49.7028 146.027 2
    endloop
  endfacet
  facet normal 0 1 -0
    outer loop
      vertex 49.7028 148.027 2
      vertex 45.7028 148.027 2.2
      vertex 49.7028 148.027 2.2
    endloop
  endfacet
  facet normal 0 1 0
    outer loop
      vertex 45.7028 148.027 2.2
      vertex 49.7028 148.027 2
      vertex 45.7028 148.027 2
    endloop
  endfacet
  facet normal 1 -0 0
    outer loop
      vertex 45.7028 148.027 2.2
      vertex 45.7028 149.227 2
      vertex 45.7028 149.227 2.2
    endloop
  endfacet
  facet normal 1 0 0
    outer loop
      vertex 45.7028 149.227 2
      vertex 45.7028 148.027 2.2
      vertex 45.7028 148.027 2
    endloop
  endfacet
  facet normal -0.591364 0.806405 0
    outer loop
      vertex 45.7028 149.227 2
      vertex 42.7028 147.027 2.2
      vertex 45.7028 149.227 2.2
    endloop
  endfacet
  facet normal -0.591364 0.806405 0
    outer loop
      vertex 42.7028 147.027 2.2
      vertex 45.7028 149.227 2
      vertex 42.7028 147.027 2
    endloop
  endfacet
  facet normal -0.591364 -0.806405 0
    outer loop
      vertex 42.7028 147.027 2
      vertex 45.7028 144.827 2.2
      vertex 42.7028 147.027 2.2
    endloop
  endfacet
  facet normal -0.591364 -0.806405 -0
    outer loop
      vertex 45.7028 144.827 2.2
      vertex 42.7028 147.027 2
      vertex 45.7028 144.827 2
    endloop
  endfacet
  facet normal 1 -0 0
    outer loop
      vertex 45.7028 144.827 2.2
      vertex 45.7028 146.027 2
      vertex 45.7028 146.027 2.2
    endloop
  endfacet
  facet normal 1 0 0
    outer loop
      vertex 45.7028 146.027 2
      vertex 45.7028 144.827 2.2
      vertex 45.7028 144.827 2
    endloop
  endfacet
  facet normal 0 0 1
    outer loop
      vertex 137.297 147.027 2.2
      vertex 140.297 148.027 2.2
      vertex 140.297 149.227 2.2
    endloop
  endfacet
  facet normal 0 0 1
    outer loop
      vertex 140.297 148.027 2.2
      vertex 137.297 147.027 2.2
      vertex 140.297 146.027 2.2
    endloop
  endfacet
  facet normal 0 0 1
    outer loop
      vertex 140.297 146.027 2.2
      vertex 137.297 147.027 2.2
      vertex 140.297 144.827 2.2
    endloop
  endfacet
  facet normal -0 0 1
    outer loop
      vertex 140.297 148.027 2.2
      vertex 144.297 146.027 2.2
      vertex 144.297 148.027 2.2
    endloop
  endfacet
  facet normal 0 0 1
    outer loop
      vertex 144.297 146.027 2.2
      vertex 140.297 148.027 2.2
      vertex 140.297 146.027 2.2
    endloop
  endfacet
  facet normal 0 -1 0
    outer loop
      vertex 140.297 146.027 2
      vertex 144.297 146.027 2.2
      vertex 140.297 146.027 2.2
    endloop
  endfacet
  facet normal 0 -1 -0
    outer loop
      vertex 144.297 146.027 2.2
      vertex 140.297 146.027 2
      vertex 144.297 146.027 2
    endloop
  endfacet
  facet normal 1 -0 0
    outer loop
      vertex 144.297 146.027 2.2
      vertex 144.297 148.027 2
      vertex 144.297 148.027 2.2
    endloop
  endfacet
  facet normal 1 0 0
    outer loop
      vertex 144.297 148.027 2
      vertex 144.297 146.027 2.2
      vertex 144.297 146.027 2
    endloop
  endfacet
  facet normal 0 1 -0
    outer loop
      vertex 144.297 148.027 2
      vertex 140.297 148.027 2.2
      vertex 144.297 148.027 2.2
    endloop
  endfacet
  facet normal 0 1 0
    outer loop
      vertex 140.297 148.027 2.2
      vertex 144.297 148.027 2
      vertex 140.297 148.027 2
    endloop
  endfacet
  facet normal 1 -0 0
    outer loop
      vertex 140.297 148.027 2.2
      vertex 140.297 149.227 2
      vertex 140.297 149.227 2.2
    endloop
  endfacet
  facet normal 1 0 0
    outer loop
      vertex 140.297 149.227 2
      vertex 140.297 148.027 2.2
      vertex 140.297 148.027 2
    endloop
  endfacet
  facet normal -0.591364 0.806405 0
    outer loop
      vertex 140.297 149.227 2
      vertex 137.297 147.027 2.2
      vertex 140.297 149.227 2.2
    endloop
  endfacet
  facet normal -0.591364 0.806405 0
    outer loop
      vertex 137.297 147.027 2.2
      vertex 140.297 149.227 2
      vertex 137.297 147.027 2
    endloop
  endfacet
  facet normal -0.591364 -0.806405 0
    outer loop
      vertex 137.297 147.027 2
      vertex 140.297 144.827 2.2
      vertex 137.297 147.027 2.2
    endloop
  endfacet
  facet normal -0.591364 -0.806405 -0
    outer loop
      vertex 140.297 144.827 2.2
      vertex 137.297 147.027 2
      vertex 140.297 144.827 2
    endloop
  endfacet
  facet normal 1 -0 0
    outer loop
      vertex 140.297 144.827 2.2
      vertex 140.297 146.027 2
      vertex 140.297 146.027 2.2
    endloop
  endfacet
  facet normal 1 0 0
    outer loop
      vertex 140.297 146.027 2
      vertex 140.297 144.827 2.2
      vertex 140.297 144.827 2
    endloop
  endfacet
  facet normal 1 -0 0
    outer loop
      vertex 168.324 138.613 2.4
      vertex 168.324 139.413 2
      vertex 168.324 139.413 2.4
    endloop
  endfacet
  facet normal 1 0 0
    outer loop
      vertex 168.324 139.413 2
      vertex 168.324 138.613 2.4
      vertex 168.324 138.613 2
    endloop
  endfacet
  facet normal 0 0 1
    outer loop
      vertex 94.4 140.214 2.4
      vertex 93.6 140.214 2.4
      vertex 94.4 139.413 2.4
    endloop
  endfacet
  facet normal -0 0 1
    outer loop
      vertex 94.4 139.413 2.4
      vertex 168.324 138.613 2.4
      vertex 168.324 139.413 2.4
    endloop
  endfacet
  facet normal 0 0 1
    outer loop
      vertex 93.6 139.413 2.4
      vertex 94.4 139.413 2.4
      vertex 93.6 140.214 2.4
    endloop
  endfacet
  facet normal -0 0 1
    outer loop
      vertex 93.6 139.413 2.4
      vertex 168.324 138.613 2.4
      vertex 94.4 139.413 2.4
    endloop
  endfacet
  facet normal 0 0 1
    outer loop
      vertex 19.6758 138.613 2.4
      vertex 93.6 139.413 2.4
      vertex 19.6758 139.413 2.4
    endloop
  endfacet
  facet normal 0 0 1
    outer loop
      vertex 93.6 139.413 2.4
      vertex 19.6758 138.613 2.4
      vertex 168.324 138.613 2.4
    endloop
  endfacet
  facet normal -1 0 0
    outer loop
      vertex 19.6758 138.613 2
      vertex 19.6758 139.413 2.4
      vertex 19.6758 139.413 2
    endloop
  endfacet
  facet normal -1 -0 0
    outer loop
      vertex 19.6758 139.413 2.4
      vertex 19.6758 138.613 2
      vertex 19.6758 138.613 2.4
    endloop
  endfacet
  facet normal 0 1 -0
    outer loop
      vertex 93.6 139.413 2
      vertex 19.6758 139.413 2.4
      vertex 93.6 139.413 2.4
    endloop
  endfacet
  facet normal 0 1 0
    outer loop
      vertex 19.6758 139.413 2.4
      vertex 93.6 139.413 2
      vertex 19.6758 139.413 2
    endloop
  endfacet
  facet normal 0 1 -0
    outer loop
      vertex 168.324 139.413 2
      vertex 94.4 139.413 2.4
      vertex 168.324 139.413 2.4
    endloop
  endfacet
  facet normal 0 1 0
    outer loop
      vertex 94.4 139.413 2.4
      vertex 168.324 139.413 2
      vertex 94.4 139.413 2
    endloop
  endfacet
  facet normal 0 -1 0
    outer loop
      vertex 19.6758 138.613 2
      vertex 168.324 138.613 2.4
      vertex 19.6758 138.613 2.4
    endloop
  endfacet
  facet normal 0 -1 -0
    outer loop
      vertex 168.324 138.613 2.4
      vertex 19.6758 138.613 2
      vertex 168.324 138.613 2
    endloop
  endfacet
  facet normal 1 -0 0
    outer loop
      vertex 168.324 127.614 2.4
      vertex 168.324 128.413 2
      vertex 168.324 128.413 2.4
    endloop
  endfacet
  facet normal 1 0 0
    outer loop
      vertex 168.324 128.413 2
      vertex 168.324 127.614 2.4
      vertex 168.324 127.614 2
    endloop
  endfacet
  facet normal 0 0 1
    outer loop
      vertex 168.324 128.413 2.4
      vertex 94.4 127.614 2.4
      vertex 168.324 127.614 2.4
    endloop
  endfacet
  facet normal 0 0 1
    outer loop
      vertex 94.4 127.614 2.4
      vertex 93.6 127.614 2.4
      vertex 94.4 126.813 2.4
    endloop
  endfacet
  facet normal 0 0 1
    outer loop
      vertex 168.324 128.413 2.4
      vertex 93.6 127.614 2.4
      vertex 94.4 127.614 2.4
    endloop
  endfacet
  facet normal -0 0 1
    outer loop
      vertex 19.6758 128.413 2.4
      vertex 93.6 127.614 2.4
      vertex 168.324 128.413 2.4
    endloop
  endfacet
  facet normal 0 0 1
    outer loop
      vertex 93.6 127.614 2.4
      vertex 19.6758 128.413 2.4
      vertex 19.6758 127.614 2.4
    endloop
  endfacet
  facet normal 0 0 1
    outer loop
      vertex 94.4 126.813 2.4
      vertex 93.6 127.614 2.4
      vertex 93.6 126.813 2.4
    endloop
  endfacet
  facet normal -1 0 0
    outer loop
      vertex 19.6758 127.614 2
      vertex 19.6758 128.413 2.4
      vertex 19.6758 128.413 2
    endloop
  endfacet
  facet normal -1 -0 0
    outer loop
      vertex 19.6758 128.413 2.4
      vertex 19.6758 127.614 2
      vertex 19.6758 127.614 2.4
    endloop
  endfacet
  facet normal 0 1 -0
    outer loop
      vertex 168.324 128.413 2
      vertex 19.6758 128.413 2.4
      vertex 168.324 128.413 2.4
    endloop
  endfacet
  facet normal 0 1 0
    outer loop
      vertex 19.6758 128.413 2.4
      vertex 168.324 128.413 2
      vertex 19.6758 128.413 2
    endloop
  endfacet
  facet normal 0 -1 0
    outer loop
      vertex 19.6758 127.614 2
      vertex 93.6 127.614 2.4
      vertex 19.6758 127.614 2.4
    endloop
  endfacet
  facet normal 0 -1 -0
    outer loop
      vertex 93.6 127.614 2.4
      vertex 19.6758 127.614 2
      vertex 93.6 127.614 2
    endloop
  endfacet
  facet normal 0 -1 0
    outer loop
      vertex 94.4 127.614 2
      vertex 168.324 127.614 2.4
      vertex 94.4 127.614 2.4
    endloop
  endfacet
  facet normal 0 -1 -0
    outer loop
      vertex 168.324 127.614 2.4
      vertex 94.4 127.614 2
      vertex 168.324 127.614 2
    endloop
  endfacet
  facet normal 1 -0 0
    outer loop
      vertex 94.4 139.413 2.4
      vertex 94.4 140.214 2
      vertex 94.4 140.214 2.4
    endloop
  endfacet
  facet normal 1 0 0
    outer loop
      vertex 94.4 140.214 2
      vertex 94.4 139.413 2.4
      vertex 94.4 139.413 2
    endloop
  endfacet
  facet normal -1 0 0
    outer loop
      vertex 93.6 139.413 2
      vertex 93.6 140.214 2.4
      vertex 93.6 140.214 2
    endloop
  endfacet
  facet normal -1 -0 0
    outer loop
      vertex 93.6 140.214 2.4
      vertex 93.6 139.413 2
      vertex 93.6 139.413 2.4
    endloop
  endfacet
  facet normal 0 1 -0
    outer loop
      vertex 94.4 140.214 2
      vertex 93.6 140.214 2.4
      vertex 94.4 140.214 2.4
    endloop
  endfacet
  facet normal 0 1 0
    outer loop
      vertex 93.6 140.214 2.4
      vertex 94.4 140.214 2
      vertex 93.6 140.214 2
    endloop
  endfacet
  facet normal 1 -0 0
    outer loop
      vertex 94.4 126.813 2.4
      vertex 94.4 127.614 2
      vertex 94.4 127.614 2.4
    endloop
  endfacet
  facet normal 1 0 0
    outer loop
      vertex 94.4 127.614 2
      vertex 94.4 126.813 2.4
      vertex 94.4 126.813 2
    endloop
  endfacet
  facet normal -1 0 0
    outer loop
      vertex 93.6 126.813 2
      vertex 93.6 127.614 2.4
      vertex 93.6 127.614 2
    endloop
  endfacet
  facet normal -1 -0 0
    outer loop
      vertex 93.6 127.614 2.4
      vertex 93.6 126.813 2
      vertex 93.6 126.813 2.4
    endloop
  endfacet
  facet normal 0 -1 0
    outer loop
      vertex 93.6 126.813 2
      vertex 94.4 126.813 2.4
      vertex 93.6 126.813 2.4
    endloop
  endfacet
  facet normal 0 -1 -0
    outer loop
      vertex 94.4 126.813 2.4
      vertex 93.6 126.813 2
      vertex 94.4 126.813 2
    endloop
  endfacet
  facet normal -0 0 1
    outer loop
      vertex 43.7028 134.514 2.2
      vertex 47.7028 132.514 2.2
      vertex 47.7028 134.514 2.2
    endloop
  endfacet
  facet normal 0 0 1
    outer loop
      vertex 47.7028 132.514 2.2
      vertex 43.7028 134.514 2.2
      vertex 43.7028 132.514 2.2
    endloop
  endfacet
  facet normal -0 0 1
    outer loop
      vertex 47.7028 134.514 2.2
      vertex 50.7028 133.514 2.2
      vertex 47.7028 135.714 2.2
    endloop
  endfacet
  facet normal 0 0 1
    outer loop
      vertex 47.7028 132.514 2.2
      vertex 50.7028 133.514 2.2
      vertex 47.7028 134.514 2.2
    endloop
  endfacet
  facet normal 0 0 1
    outer loop
      vertex 50.7028 133.514 2.2
      vertex 47.7028 132.514 2.2
      vertex 47.7028 131.314 2.2
    endloop
  endfacet
  facet normal 0.591364 0.806405 -0
    outer loop
      vertex 50.7028 133.514 2
      vertex 47.7028 135.714 2.2
      vertex 50.7028 133.514 2.2
    endloop
  endfacet
  facet normal 0.591364 0.806405 0
    outer loop
      vertex 47.7028 135.714 2.2
      vertex 50.7028 133.514 2
      vertex 47.7028 135.714 2
    endloop
  endfacet
  facet normal -1 0 0
    outer loop
      vertex 47.7028 134.514 2
      vertex 47.7028 135.714 2.2
      vertex 47.7028 135.714 2
    endloop
  endfacet
  facet normal -1 -0 0
    outer loop
      vertex 47.7028 135.714 2.2
      vertex 47.7028 134.514 2
      vertex 47.7028 134.514 2.2
    endloop
  endfacet
  facet normal 0 1 -0
    outer loop
      vertex 47.7028 134.514 2
      vertex 43.7028 134.514 2.2
      vertex 47.7028 134.514 2.2
    endloop
  endfacet
  facet normal 0 1 0
    outer loop
      vertex 43.7028 134.514 2.2
      vertex 47.7028 134.514 2
      vertex 43.7028 134.514 2
    endloop
  endfacet
  facet normal -1 0 0
    outer loop
      vertex 43.7028 132.514 2
      vertex 43.7028 134.514 2.2
      vertex 43.7028 134.514 2
    endloop
  endfacet
  facet normal -1 -0 0
    outer loop
      vertex 43.7028 134.514 2.2
      vertex 43.7028 132.514 2
      vertex 43.7028 132.514 2.2
    endloop
  endfacet
  facet normal 0 -1 0
    outer loop
      vertex 43.7028 132.514 2
      vertex 47.7028 132.514 2.2
      vertex 43.7028 132.514 2.2
    endloop
  endfacet
  facet normal 0 -1 -0
    outer loop
      vertex 47.7028 132.514 2.2
      vertex 43.7028 132.514 2
      vertex 47.7028 132.514 2
    endloop
  endfacet
  facet normal -1 0 0
    outer loop
      vertex 47.7028 131.314 2
      vertex 47.7028 132.514 2.2
      vertex 47.7028 132.514 2
    endloop
  endfacet
  facet normal -1 -0 0
    outer loop
      vertex 47.7028 132.514 2.2
      vertex 47.7028 131.314 2
      vertex 47.7028 131.314 2.2
    endloop
  endfacet
  facet normal 0.591364 -0.806405 0
    outer loop
      vertex 47.7028 131.314 2
      vertex 50.7028 133.514 2.2
      vertex 47.7028 131.314 2.2
    endloop
  endfacet
  facet normal 0.591364 -0.806405 0
    outer loop
      vertex 50.7028 133.514 2.2
      vertex 47.7028 131.314 2
      vertex 50.7028 133.514 2
    endloop
  endfacet
  facet normal -0 0 1
    outer loop
      vertex 138.297 134.514 2.2
      vertex 142.297 132.514 2.2
      vertex 142.297 134.514 2.2
    endloop
  endfacet
  facet normal 0 0 1
    outer loop
      vertex 142.297 132.514 2.2
      vertex 138.297 134.514 2.2
      vertex 138.297 132.514 2.2
    endloop
  endfacet
  facet normal -0 0 1
    outer loop
      vertex 142.297 134.514 2.2
      vertex 145.297 133.514 2.2
      vertex 142.297 135.714 2.2
    endloop
  endfacet
  facet normal 0 0 1
    outer loop
      vertex 142.297 132.514 2.2
      vertex 145.297 133.514 2.2
      vertex 142.297 134.514 2.2
    endloop
  endfacet
  facet normal 0 0 1
    outer loop
      vertex 145.297 133.514 2.2
      vertex 142.297 132.514 2.2
      vertex 142.297 131.314 2.2
    endloop
  endfacet
  facet normal 0.591364 0.806405 -0
    outer loop
      vertex 145.297 133.514 2
      vertex 142.297 135.714 2.2
      vertex 145.297 133.514 2.2
    endloop
  endfacet
  facet normal 0.591364 0.806405 0
    outer loop
      vertex 142.297 135.714 2.2
      vertex 145.297 133.514 2
      vertex 142.297 135.714 2
    endloop
  endfacet
  facet normal -1 0 0
    outer loop
      vertex 142.297 134.514 2
      vertex 142.297 135.714 2.2
      vertex 142.297 135.714 2
    endloop
  endfacet
  facet normal -1 -0 0
    outer loop
      vertex 142.297 135.714 2.2
      vertex 142.297 134.514 2
      vertex 142.297 134.514 2.2
    endloop
  endfacet
  facet normal 0 1 -0
    outer loop
      vertex 142.297 134.514 2
      vertex 138.297 134.514 2.2
      vertex 142.297 134.514 2.2
    endloop
  endfacet
  facet normal 0 1 0
    outer loop
      vertex 138.297 134.514 2.2
      vertex 142.297 134.514 2
      vertex 138.297 134.514 2
    endloop
  endfacet
  facet normal -1 0 0
    outer loop
      vertex 138.297 132.514 2
      vertex 138.297 134.514 2.2
      vertex 138.297 134.514 2
    endloop
  endfacet
  facet normal -1 -0 0
    outer loop
      vertex 138.297 134.514 2.2
      vertex 138.297 132.514 2
      vertex 138.297 132.514 2.2
    endloop
  endfacet
  facet normal 0 -1 0
    outer loop
      vertex 138.297 132.514 2
      vertex 142.297 132.514 2.2
      vertex 138.297 132.514 2.2
    endloop
  endfacet
  facet normal 0 -1 -0
    outer loop
      vertex 142.297 132.514 2.2
      vertex 138.297 132.514 2
      vertex 142.297 132.514 2
    endloop
  endfacet
  facet normal -1 0 0
    outer loop
      vertex 142.297 131.314 2
      vertex 142.297 132.514 2.2
      vertex 142.297 132.514 2
    endloop
  endfacet
  facet normal -1 -0 0
    outer loop
      vertex 142.297 132.514 2.2
      vertex 142.297 131.314 2
      vertex 142.297 131.314 2.2
    endloop
  endfacet
  facet normal 0.591364 -0.806405 0
    outer loop
      vertex 142.297 131.314 2
      vertex 145.297 133.514 2.2
      vertex 142.297 131.314 2.2
    endloop
  endfacet
  facet normal 0.591364 -0.806405 0
    outer loop
      vertex 145.297 133.514 2.2
      vertex 142.297 131.314 2
      vertex 145.297 133.514 2
    endloop
  endfacet
  facet normal 1 -0 0
    outer loop
      vertex 168.324 125.1 2.4
      vertex 168.324 125.9 2
      vertex 168.324 125.9 2.4
    endloop
  endfacet
  facet normal 1 0 0
    outer loop
      vertex 168.324 125.9 2
      vertex 168.324 125.1 2.4
      vertex 168.324 125.1 2
    endloop
  endfacet
  facet normal 0 0 1
    outer loop
      vertex 94.4 126.7 2.4
      vertex 93.6 126.7 2.4
      vertex 94.4 125.9 2.4
    endloop
  endfacet
  facet normal -0 0 1
    outer loop
      vertex 94.4 125.9 2.4
      vertex 168.324 125.1 2.4
      vertex 168.324 125.9 2.4
    endloop
  endfacet
  facet normal 0 0 1
    outer loop
      vertex 93.6 125.9 2.4
      vertex 94.4 125.9 2.4
      vertex 93.6 126.7 2.4
    endloop
  endfacet
  facet normal -0 0 1
    outer loop
      vertex 93.6 125.9 2.4
      vertex 168.324 125.1 2.4
      vertex 94.4 125.9 2.4
    endloop
  endfacet
  facet normal 0 0 1
    outer loop
      vertex 19.6758 125.1 2.4
      vertex 93.6 125.9 2.4
      vertex 19.6758 125.9 2.4
    endloop
  endfacet
  facet normal 0 0 1
    outer loop
      vertex 93.6 125.9 2.4
      vertex 19.6758 125.1 2.4
      vertex 168.324 125.1 2.4
    endloop
  endfacet
  facet normal -1 0 0
    outer loop
      vertex 19.6758 125.1 2
      vertex 19.6758 125.9 2.4
      vertex 19.6758 125.9 2
    endloop
  endfacet
  facet normal -1 -0 0
    outer loop
      vertex 19.6758 125.9 2.4
      vertex 19.6758 125.1 2
      vertex 19.6758 125.1 2.4
    endloop
  endfacet
  facet normal 0 1 -0
    outer loop
      vertex 93.6 125.9 2
      vertex 19.6758 125.9 2.4
      vertex 93.6 125.9 2.4
    endloop
  endfacet
  facet normal 0 1 0
    outer loop
      vertex 19.6758 125.9 2.4
      vertex 93.6 125.9 2
      vertex 19.6758 125.9 2
    endloop
  endfacet
  facet normal 0 1 -0
    outer loop
      vertex 168.324 125.9 2
      vertex 94.4 125.9 2.4
      vertex 168.324 125.9 2.4
    endloop
  endfacet
  facet normal 0 1 0
    outer loop
      vertex 94.4 125.9 2.4
      vertex 168.324 125.9 2
      vertex 94.4 125.9 2
    endloop
  endfacet
  facet normal 0 -1 0
    outer loop
      vertex 19.6758 125.1 2
      vertex 168.324 125.1 2.4
      vertex 19.6758 125.1 2.4
    endloop
  endfacet
  facet normal 0 -1 -0
    outer loop
      vertex 168.324 125.1 2.4
      vertex 19.6758 125.1 2
      vertex 168.324 125.1 2
    endloop
  endfacet
  facet normal 1 -0 0
    outer loop
      vertex 168.324 114.1 2.4
      vertex 168.324 114.9 2
      vertex 168.324 114.9 2.4
    endloop
  endfacet
  facet normal 1 0 0
    outer loop
      vertex 168.324 114.9 2
      vertex 168.324 114.1 2.4
      vertex 168.324 114.1 2
    endloop
  endfacet
  facet normal 0 0 1
    outer loop
      vertex 168.324 114.9 2.4
      vertex 94.4 114.1 2.4
      vertex 168.324 114.1 2.4
    endloop
  endfacet
  facet normal 0 0 1
    outer loop
      vertex 94.4 114.1 2.4
      vertex 93.6 114.1 2.4
      vertex 94.4 113.3 2.4
    endloop
  endfacet
  facet normal 0 0 1
    outer loop
      vertex 168.324 114.9 2.4
      vertex 93.6 114.1 2.4
      vertex 94.4 114.1 2.4
    endloop
  endfacet
  facet normal -0 0 1
    outer loop
      vertex 19.6758 114.9 2.4
      vertex 93.6 114.1 2.4
      vertex 168.324 114.9 2.4
    endloop
  endfacet
  facet normal 0 0 1
    outer loop
      vertex 93.6 114.1 2.4
      vertex 19.6758 114.9 2.4
      vertex 19.6758 114.1 2.4
    endloop
  endfacet
  facet normal 0 0 1
    outer loop
      vertex 94.4 113.3 2.4
      vertex 93.6 114.1 2.4
      vertex 93.6 113.3 2.4
    endloop
  endfacet
  facet normal -1 0 0
    outer loop
      vertex 19.6758 114.1 2
      vertex 19.6758 114.9 2.4
      vertex 19.6758 114.9 2
    endloop
  endfacet
  facet normal -1 -0 0
    outer loop
      vertex 19.6758 114.9 2.4
      vertex 19.6758 114.1 2
      vertex 19.6758 114.1 2.4
    endloop
  endfacet
  facet normal 0 1 -0
    outer loop
      vertex 168.324 114.9 2
      vertex 19.6758 114.9 2.4
      vertex 168.324 114.9 2.4
    endloop
  endfacet
  facet normal 0 1 0
    outer loop
      vertex 19.6758 114.9 2.4
      vertex 168.324 114.9 2
      vertex 19.6758 114.9 2
    endloop
  endfacet
  facet normal 0 -1 0
    outer loop
      vertex 19.6758 114.1 2
      vertex 93.6 114.1 2.4
      vertex 19.6758 114.1 2.4
    endloop
  endfacet
  facet normal 0 -1 -0
    outer loop
      vertex 93.6 114.1 2.4
      vertex 19.6758 114.1 2
      vertex 93.6 114.1 2
    endloop
  endfacet
  facet normal 0 -1 0
    outer loop
      vertex 94.4 114.1 2
      vertex 168.324 114.1 2.4
      vertex 94.4 114.1 2.4
    endloop
  endfacet
  facet normal 0 -1 -0
    outer loop
      vertex 168.324 114.1 2.4
      vertex 94.4 114.1 2
      vertex 168.324 114.1 2
    endloop
  endfacet
  facet normal 1 -0 0
    outer loop
      vertex 94.4 125.9 2.4
      vertex 94.4 126.7 2
      vertex 94.4 126.7 2.4
    endloop
  endfacet
  facet normal 1 0 0
    outer loop
      vertex 94.4 126.7 2
      vertex 94.4 125.9 2.4
      vertex 94.4 125.9 2
    endloop
  endfacet
  facet normal -1 0 0
    outer loop
      vertex 93.6 125.9 2
      vertex 93.6 126.7 2.4
      vertex 93.6 126.7 2
    endloop
  endfacet
  facet normal -1 -0 0
    outer loop
      vertex 93.6 126.7 2.4
      vertex 93.6 125.9 2
      vertex 93.6 125.9 2.4
    endloop
  endfacet
  facet normal 0 1 -0
    outer loop
      vertex 94.4 126.7 2
      vertex 93.6 126.7 2.4
      vertex 94.4 126.7 2.4
    endloop
  endfacet
  facet normal 0 1 0
    outer loop
      vertex 93.6 126.7 2.4
      vertex 94.4 126.7 2
      vertex 93.6 126.7 2
    endloop
  endfacet
  facet normal 1 -0 0
    outer loop
      vertex 94.4 113.3 2.4
      vertex 94.4 114.1 2
      vertex 94.4 114.1 2.4
    endloop
  endfacet
  facet normal 1 0 0
    outer loop
      vertex 94.4 114.1 2
      vertex 94.4 113.3 2.4
      vertex 94.4 113.3 2
    endloop
  endfacet
  facet normal -1 0 0
    outer loop
      vertex 93.6 113.3 2
      vertex 93.6 114.1 2.4
      vertex 93.6 114.1 2
    endloop
  endfacet
  facet normal -1 -0 0
    outer loop
      vertex 93.6 114.1 2.4
      vertex 93.6 113.3 2
      vertex 93.6 113.3 2.4
    endloop
  endfacet
  facet normal 0 -1 0
    outer loop
      vertex 93.6 113.3 2
      vertex 94.4 113.3 2.4
      vertex 93.6 113.3 2.4
    endloop
  endfacet
  facet normal 0 -1 -0
    outer loop
      vertex 94.4 113.3 2.4
      vertex 93.6 113.3 2
      vertex 94.4 113.3 2
    endloop
  endfacet
  facet normal 0 0 1
    outer loop
      vertex 42.7028 120 2.2
      vertex 45.7028 121 2.2
      vertex 45.7028 122.2 2.2
    endloop
  endfacet
  facet normal 0 0 1
    outer loop
      vertex 45.7028 121 2.2
      vertex 42.7028 120 2.2
      vertex 45.7028 119 2.2
    endloop
  endfacet
  facet normal 0 0 1
    outer loop
      vertex 45.7028 119 2.2
      vertex 42.7028 120 2.2
      vertex 45.7028 117.8 2.2
    endloop
  endfacet
  facet normal -0 0 1
    outer loop
      vertex 45.7028 121 2.2
      vertex 49.7028 119 2.2
      vertex 49.7028 121 2.2
    endloop
  endfacet
  facet normal 0 0 1
    outer loop
      vertex 49.7028 119 2.2
      vertex 45.7028 121 2.2
      vertex 45.7028 119 2.2
    endloop
  endfacet
  facet normal 0 -1 0
    outer loop
      vertex 45.7028 119 2
      vertex 49.7028 119 2.2
      vertex 45.7028 119 2.2
    endloop
  endfacet
  facet normal 0 -1 -0
    outer loop
      vertex 49.7028 119 2.2
      vertex 45.7028 119 2
      vertex 49.7028 119 2
    endloop
  endfacet
  facet normal 1 -0 0
    outer loop
      vertex 49.7028 119 2.2
      vertex 49.7028 121 2
      vertex 49.7028 121 2.2
    endloop
  endfacet
  facet normal 1 0 0
    outer loop
      vertex 49.7028 121 2
      vertex 49.7028 119 2.2
      vertex 49.7028 119 2
    endloop
  endfacet
  facet normal 0 1 -0
    outer loop
      vertex 49.7028 121 2
      vertex 45.7028 121 2.2
      vertex 49.7028 121 2.2
    endloop
  endfacet
  facet normal 0 1 0
    outer loop
      vertex 45.7028 121 2.2
      vertex 49.7028 121 2
      vertex 45.7028 121 2
    endloop
  endfacet
  facet normal 1 -0 0
    outer loop
      vertex 45.7028 121 2.2
      vertex 45.7028 122.2 2
      vertex 45.7028 122.2 2.2
    endloop
  endfacet
  facet normal 1 0 0
    outer loop
      vertex 45.7028 122.2 2
      vertex 45.7028 121 2.2
      vertex 45.7028 121 2
    endloop
  endfacet
  facet normal -0.591364 0.806405 0
    outer loop
      vertex 45.7028 122.2 2
      vertex 42.7028 120 2.2
      vertex 45.7028 122.2 2.2
    endloop
  endfacet
  facet normal -0.591364 0.806405 0
    outer loop
      vertex 42.7028 120 2.2
      vertex 45.7028 122.2 2
      vertex 42.7028 120 2
    endloop
  endfacet
  facet normal -0.591364 -0.806405 0
    outer loop
      vertex 42.7028 120 2
      vertex 45.7028 117.8 2.2
      vertex 42.7028 120 2.2
    endloop
  endfacet
  facet normal -0.591364 -0.806405 -0
    outer loop
      vertex 45.7028 117.8 2.2
      vertex 42.7028 120 2
      vertex 45.7028 117.8 2
    endloop
  endfacet
  facet normal 1 -0 0
    outer loop
      vertex 45.7028 117.8 2.2
      vertex 45.7028 119 2
      vertex 45.7028 119 2.2
    endloop
  endfacet
  facet normal 1 0 0
    outer loop
      vertex 45.7028 119 2
      vertex 45.7028 117.8 2.2
      vertex 45.7028 117.8 2
    endloop
  endfacet
  facet normal 0 0 1
    outer loop
      vertex 137.297 120 2.2
      vertex 140.297 121 2.2
      vertex 140.297 122.2 2.2
    endloop
  endfacet
  facet normal 0 0 1
    outer loop
      vertex 140.297 121 2.2
      vertex 137.297 120 2.2
      vertex 140.297 119 2.2
    endloop
  endfacet
  facet normal 0 0 1
    outer loop
      vertex 140.297 119 2.2
      vertex 137.297 120 2.2
      vertex 140.297 117.8 2.2
    endloop
  endfacet
  facet normal -0 0 1
    outer loop
      vertex 140.297 121 2.2
      vertex 144.297 119 2.2
      vertex 144.297 121 2.2
    endloop
  endfacet
  facet normal 0 0 1
    outer loop
      vertex 144.297 119 2.2
      vertex 140.297 121 2.2
      vertex 140.297 119 2.2
    endloop
  endfacet
  facet normal 0 -1 0
    outer loop
      vertex 140.297 119 2
      vertex 144.297 119 2.2
      vertex 140.297 119 2.2
    endloop
  endfacet
  facet normal 0 -1 -0
    outer loop
      vertex 144.297 119 2.2
      vertex 140.297 119 2
      vertex 144.297 119 2
    endloop
  endfacet
  facet normal 1 -0 0
    outer loop
      vertex 144.297 119 2.2
      vertex 144.297 121 2
      vertex 144.297 121 2.2
    endloop
  endfacet
  facet normal 1 0 0
    outer loop
      vertex 144.297 121 2
      vertex 144.297 119 2.2
      vertex 144.297 119 2
    endloop
  endfacet
  facet normal 0 1 -0
    outer loop
      vertex 144.297 121 2
      vertex 140.297 121 2.2
      vertex 144.297 121 2.2
    endloop
  endfacet
  facet normal 0 1 0
    outer loop
      vertex 140.297 121 2.2
      vertex 144.297 121 2
      vertex 140.297 121 2
    endloop
  endfacet
  facet normal 1 -0 0
    outer loop
      vertex 140.297 121 2.2
      vertex 140.297 122.2 2
      vertex 140.297 122.2 2.2
    endloop
  endfacet
  facet normal 1 0 0
    outer loop
      vertex 140.297 122.2 2
      vertex 140.297 121 2.2
      vertex 140.297 121 2
    endloop
  endfacet
  facet normal -0.591364 0.806405 0
    outer loop
      vertex 140.297 122.2 2
      vertex 137.297 120 2.2
      vertex 140.297 122.2 2.2
    endloop
  endfacet
  facet normal -0.591364 0.806405 0
    outer loop
      vertex 137.297 120 2.2
      vertex 140.297 122.2 2
      vertex 137.297 120 2
    endloop
  endfacet
  facet normal -0.591364 -0.806405 0
    outer loop
      vertex 137.297 120 2
      vertex 140.297 117.8 2.2
      vertex 137.297 120 2.2
    endloop
  endfacet
  facet normal -0.591364 -0.806405 -0
    outer loop
      vertex 140.297 117.8 2.2
      vertex 137.297 120 2
      vertex 140.297 117.8 2
    endloop
  endfacet
  facet normal 1 -0 0
    outer loop
      vertex 140.297 117.8 2.2
      vertex 140.297 119 2
      vertex 140.297 119 2.2
    endloop
  endfacet
  facet normal 1 0 0
    outer loop
      vertex 140.297 119 2
      vertex 140.297 117.8 2.2
      vertex 140.297 117.8 2
    endloop
  endfacet
  facet normal 1 -0 0
    outer loop
      vertex 168.324 111.587 2.4
      vertex 168.324 112.386 2
      vertex 168.324 112.386 2.4
    endloop
  endfacet
  facet normal 1 0 0
    outer loop
      vertex 168.324 112.386 2
      vertex 168.324 111.587 2.4
      vertex 168.324 111.587 2
    endloop
  endfacet
  facet normal 0 0 1
    outer loop
      vertex 94.4 113.187 2.4
      vertex 93.6 113.187 2.4
      vertex 94.4 112.386 2.4
    endloop
  endfacet
  facet normal -0 0 1
    outer loop
      vertex 94.4 112.386 2.4
      vertex 168.324 111.587 2.4
      vertex 168.324 112.386 2.4
    endloop
  endfacet
  facet normal 0 0 1
    outer loop
      vertex 93.6 112.386 2.4
      vertex 94.4 112.386 2.4
      vertex 93.6 113.187 2.4
    endloop
  endfacet
  facet normal -0 0 1
    outer loop
      vertex 93.6 112.386 2.4
      vertex 168.324 111.587 2.4
      vertex 94.4 112.386 2.4
    endloop
  endfacet
  facet normal 0 0 1
    outer loop
      vertex 19.6758 111.587 2.4
      vertex 93.6 112.386 2.4
      vertex 19.6758 112.386 2.4
    endloop
  endfacet
  facet normal 0 0 1
    outer loop
      vertex 93.6 112.386 2.4
      vertex 19.6758 111.587 2.4
      vertex 168.324 111.587 2.4
    endloop
  endfacet
  facet normal -1 0 0
    outer loop
      vertex 19.6758 111.587 2
      vertex 19.6758 112.386 2.4
      vertex 19.6758 112.386 2
    endloop
  endfacet
  facet normal -1 -0 0
    outer loop
      vertex 19.6758 112.386 2.4
      vertex 19.6758 111.587 2
      vertex 19.6758 111.587 2.4
    endloop
  endfacet
  facet normal 0 1 -0
    outer loop
      vertex 93.6 112.386 2
      vertex 19.6758 112.386 2.4
      vertex 93.6 112.386 2.4
    endloop
  endfacet
  facet normal 0 1 0
    outer loop
      vertex 19.6758 112.386 2.4
      vertex 93.6 112.386 2
      vertex 19.6758 112.386 2
    endloop
  endfacet
  facet normal 0 1 -0
    outer loop
      vertex 168.324 112.386 2
      vertex 94.4 112.386 2.4
      vertex 168.324 112.386 2.4
    endloop
  endfacet
  facet normal 0 1 0
    outer loop
      vertex 94.4 112.386 2.4
      vertex 168.324 112.386 2
      vertex 94.4 112.386 2
    endloop
  endfacet
  facet normal 0 -1 0
    outer loop
      vertex 19.6758 111.587 2
      vertex 168.324 111.587 2.4
      vertex 19.6758 111.587 2.4
    endloop
  endfacet
  facet normal 0 -1 -0
    outer loop
      vertex 168.324 111.587 2.4
      vertex 19.6758 111.587 2
      vertex 168.324 111.587 2
    endloop
  endfacet
  facet normal 1 -0 0
    outer loop
      vertex 168.324 100.587 2.4
      vertex 168.324 101.386 2
      vertex 168.324 101.386 2.4
    endloop
  endfacet
  facet normal 1 0 0
    outer loop
      vertex 168.324 101.386 2
      vertex 168.324 100.587 2.4
      vertex 168.324 100.587 2
    endloop
  endfacet
  facet normal 0 0 1
    outer loop
      vertex 168.324 101.386 2.4
      vertex 94.4 100.587 2.4
      vertex 168.324 100.587 2.4
    endloop
  endfacet
  facet normal 0 0 1
    outer loop
      vertex 94.4 100.587 2.4
      vertex 93.6 100.587 2.4
      vertex 94.4 99.7865 2.4
    endloop
  endfacet
  facet normal 0 0 1
    outer loop
      vertex 168.324 101.386 2.4
      vertex 93.6 100.587 2.4
      vertex 94.4 100.587 2.4
    endloop
  endfacet
  facet normal -0 0 1
    outer loop
      vertex 19.6758 101.386 2.4
      vertex 93.6 100.587 2.4
      vertex 168.324 101.386 2.4
    endloop
  endfacet
  facet normal 0 0 1
    outer loop
      vertex 93.6 100.587 2.4
      vertex 19.6758 101.386 2.4
      vertex 19.6758 100.587 2.4
    endloop
  endfacet
  facet normal 0 0 1
    outer loop
      vertex 94.4 99.7865 2.4
      vertex 93.6 100.587 2.4
      vertex 93.6 99.7865 2.4
    endloop
  endfacet
  facet normal -1 0 0
    outer loop
      vertex 19.6758 100.587 2
      vertex 19.6758 101.386 2.4
      vertex 19.6758 101.386 2
    endloop
  endfacet
  facet normal -1 -0 0
    outer loop
      vertex 19.6758 101.386 2.4
      vertex 19.6758 100.587 2
      vertex 19.6758 100.587 2.4
    endloop
  endfacet
  facet normal 0 1 -0
    outer loop
      vertex 168.324 101.386 2
      vertex 19.6758 101.386 2.4
      vertex 168.324 101.386 2.4
    endloop
  endfacet
  facet normal 0 1 0
    outer loop
      vertex 19.6758 101.386 2.4
      vertex 168.324 101.386 2
      vertex 19.6758 101.386 2
    endloop
  endfacet
  facet normal 0 -1 0
    outer loop
      vertex 19.6758 100.587 2
      vertex 93.6 100.587 2.4
      vertex 19.6758 100.587 2.4
    endloop
  endfacet
  facet normal 0 -1 -0
    outer loop
      vertex 93.6 100.587 2.4
      vertex 19.6758 100.587 2
      vertex 93.6 100.587 2
    endloop
  endfacet
  facet normal 0 -1 0
    outer loop
      vertex 94.4 100.587 2
      vertex 168.324 100.587 2.4
      vertex 94.4 100.587 2.4
    endloop
  endfacet
  facet normal 0 -1 -0
    outer loop
      vertex 168.324 100.587 2.4
      vertex 94.4 100.587 2
      vertex 168.324 100.587 2
    endloop
  endfacet
  facet normal 1 -0 0
    outer loop
      vertex 94.4 112.386 2.4
      vertex 94.4 113.187 2
      vertex 94.4 113.187 2.4
    endloop
  endfacet
  facet normal 1 0 0
    outer loop
      vertex 94.4 113.187 2
      vertex 94.4 112.386 2.4
      vertex 94.4 112.386 2
    endloop
  endfacet
  facet normal -1 0 0
    outer loop
      vertex 93.6 112.386 2
      vertex 93.6 113.187 2.4
      vertex 93.6 113.187 2
    endloop
  endfacet
  facet normal -1 -0 0
    outer loop
      vertex 93.6 113.187 2.4
      vertex 93.6 112.386 2
      vertex 93.6 112.386 2.4
    endloop
  endfacet
  facet normal 0 1 -0
    outer loop
      vertex 94.4 113.187 2
      vertex 93.6 113.187 2.4
      vertex 94.4 113.187 2.4
    endloop
  endfacet
  facet normal 0 1 0
    outer loop
      vertex 93.6 113.187 2.4
      vertex 94.4 113.187 2
      vertex 93.6 113.187 2
    endloop
  endfacet
  facet normal 1 -0 0
    outer loop
      vertex 94.4 99.7865 2.4
      vertex 94.4 100.587 2
      vertex 94.4 100.587 2.4
    endloop
  endfacet
  facet normal 1 0 0
    outer loop
      vertex 94.4 100.587 2
      vertex 94.4 99.7865 2.4
      vertex 94.4 99.7865 2
    endloop
  endfacet
  facet normal -1 0 0
    outer loop
      vertex 93.6 99.7865 2
      vertex 93.6 100.587 2.4
      vertex 93.6 100.587 2
    endloop
  endfacet
  facet normal -1 -0 0
    outer loop
      vertex 93.6 100.587 2.4
      vertex 93.6 99.7865 2
      vertex 93.6 99.7865 2.4
    endloop
  endfacet
  facet normal 0 -1 0
    outer loop
      vertex 93.6 99.7865 2
      vertex 94.4 99.7865 2.4
      vertex 93.6 99.7865 2.4
    endloop
  endfacet
  facet normal 0 -1 -0
    outer loop
      vertex 94.4 99.7865 2.4
      vertex 93.6 99.7865 2
      vertex 94.4 99.7865 2
    endloop
  endfacet
  facet normal -0 0 1
    outer loop
      vertex 43.7028 107.486 2.2
      vertex 47.7028 105.486 2.2
      vertex 47.7028 107.486 2.2
    endloop
  endfacet
  facet normal 0 0 1
    outer loop
      vertex 47.7028 105.486 2.2
      vertex 43.7028 107.486 2.2
      vertex 43.7028 105.486 2.2
    endloop
  endfacet
  facet normal -0 0 1
    outer loop
      vertex 47.7028 107.486 2.2
      vertex 50.7028 106.486 2.2
      vertex 47.7028 108.686 2.2
    endloop
  endfacet
  facet normal 0 0 1
    outer loop
      vertex 47.7028 105.486 2.2
      vertex 50.7028 106.486 2.2
      vertex 47.7028 107.486 2.2
    endloop
  endfacet
  facet normal 0 0 1
    outer loop
      vertex 50.7028 106.486 2.2
      vertex 47.7028 105.486 2.2
      vertex 47.7028 104.286 2.2
    endloop
  endfacet
  facet normal 0.591364 0.806405 -0
    outer loop
      vertex 50.7028 106.486 2
      vertex 47.7028 108.686 2.2
      vertex 50.7028 106.486 2.2
    endloop
  endfacet
  facet normal 0.591364 0.806405 0
    outer loop
      vertex 47.7028 108.686 2.2
      vertex 50.7028 106.486 2
      vertex 47.7028 108.686 2
    endloop
  endfacet
  facet normal -1 0 0
    outer loop
      vertex 47.7028 107.486 2
      vertex 47.7028 108.686 2.2
      vertex 47.7028 108.686 2
    endloop
  endfacet
  facet normal -1 -0 0
    outer loop
      vertex 47.7028 108.686 2.2
      vertex 47.7028 107.486 2
      vertex 47.7028 107.486 2.2
    endloop
  endfacet
  facet normal 0 1 -0
    outer loop
      vertex 47.7028 107.486 2
      vertex 43.7028 107.486 2.2
      vertex 47.7028 107.486 2.2
    endloop
  endfacet
  facet normal 0 1 0
    outer loop
      vertex 43.7028 107.486 2.2
      vertex 47.7028 107.486 2
      vertex 43.7028 107.486 2
    endloop
  endfacet
  facet normal -1 0 0
    outer loop
      vertex 43.7028 105.486 2
      vertex 43.7028 107.486 2.2
      vertex 43.7028 107.486 2
    endloop
  endfacet
  facet normal -1 -0 0
    outer loop
      vertex 43.7028 107.486 2.2
      vertex 43.7028 105.486 2
      vertex 43.7028 105.486 2.2
    endloop
  endfacet
  facet normal 0 -1 0
    outer loop
      vertex 43.7028 105.486 2
      vertex 47.7028 105.486 2.2
      vertex 43.7028 105.486 2.2
    endloop
  endfacet
  facet normal 0 -1 -0
    outer loop
      vertex 47.7028 105.486 2.2
      vertex 43.7028 105.486 2
      vertex 47.7028 105.486 2
    endloop
  endfacet
  facet normal -1 0 0
    outer loop
      vertex 47.7028 104.286 2
      vertex 47.7028 105.486 2.2
      vertex 47.7028 105.486 2
    endloop
  endfacet
  facet normal -1 -0 0
    outer loop
      vertex 47.7028 105.486 2.2
      vertex 47.7028 104.286 2
      vertex 47.7028 104.286 2.2
    endloop
  endfacet
  facet normal 0.591364 -0.806405 0
    outer loop
      vertex 47.7028 104.286 2
      vertex 50.7028 106.486 2.2
      vertex 47.7028 104.286 2.2
    endloop
  endfacet
  facet normal 0.591364 -0.806405 0
    outer loop
      vertex 50.7028 106.486 2.2
      vertex 47.7028 104.286 2
      vertex 50.7028 106.486 2
    endloop
  endfacet
  facet normal -0 0 1
    outer loop
      vertex 138.297 107.486 2.2
      vertex 142.297 105.486 2.2
      vertex 142.297 107.486 2.2
    endloop
  endfacet
  facet normal 0 0 1
    outer loop
      vertex 142.297 105.486 2.2
      vertex 138.297 107.486 2.2
      vertex 138.297 105.486 2.2
    endloop
  endfacet
  facet normal -0 0 1
    outer loop
      vertex 142.297 107.486 2.2
      vertex 145.297 106.486 2.2
      vertex 142.297 108.686 2.2
    endloop
  endfacet
  facet normal 0 0 1
    outer loop
      vertex 142.297 105.486 2.2
      vertex 145.297 106.486 2.2
      vertex 142.297 107.486 2.2
    endloop
  endfacet
  facet normal 0 0 1
    outer loop
      vertex 145.297 106.486 2.2
      vertex 142.297 105.486 2.2
      vertex 142.297 104.286 2.2
    endloop
  endfacet
  facet normal 0.591364 0.806405 -0
    outer loop
      vertex 145.297 106.486 2
      vertex 142.297 108.686 2.2
      vertex 145.297 106.486 2.2
    endloop
  endfacet
  facet normal 0.591364 0.806405 0
    outer loop
      vertex 142.297 108.686 2.2
      vertex 145.297 106.486 2
      vertex 142.297 108.686 2
    endloop
  endfacet
  facet normal -1 0 0
    outer loop
      vertex 142.297 107.486 2
      vertex 142.297 108.686 2.2
      vertex 142.297 108.686 2
    endloop
  endfacet
  facet normal -1 -0 0
    outer loop
      vertex 142.297 108.686 2.2
      vertex 142.297 107.486 2
      vertex 142.297 107.486 2.2
    endloop
  endfacet
  facet normal 0 1 -0
    outer loop
      vertex 142.297 107.486 2
      vertex 138.297 107.486 2.2
      vertex 142.297 107.486 2.2
    endloop
  endfacet
  facet normal 0 1 0
    outer loop
      vertex 138.297 107.486 2.2
      vertex 142.297 107.486 2
      vertex 138.297 107.486 2
    endloop
  endfacet
  facet normal -1 0 0
    outer loop
      vertex 138.297 105.486 2
      vertex 138.297 107.486 2.2
      vertex 138.297 107.486 2
    endloop
  endfacet
  facet normal -1 -0 0
    outer loop
      vertex 138.297 107.486 2.2
      vertex 138.297 105.486 2
      vertex 138.297 105.486 2.2
    endloop
  endfacet
  facet normal 0 -1 0
    outer loop
      vertex 138.297 105.486 2
      vertex 142.297 105.486 2.2
      vertex 138.297 105.486 2.2
    endloop
  endfacet
  facet normal 0 -1 -0
    outer loop
      vertex 142.297 105.486 2.2
      vertex 138.297 105.486 2
      vertex 142.297 105.486 2
    endloop
  endfacet
  facet normal -1 0 0
    outer loop
      vertex 142.297 104.286 2
      vertex 142.297 105.486 2.2
      vertex 142.297 105.486 2
    endloop
  endfacet
  facet normal -1 -0 0
    outer loop
      vertex 142.297 105.486 2.2
      vertex 142.297 104.286 2
      vertex 142.297 104.286 2.2
    endloop
  endfacet
  facet normal 0.591364 -0.806405 0
    outer loop
      vertex 142.297 104.286 2
      vertex 145.297 106.486 2.2
      vertex 142.297 104.286 2.2
    endloop
  endfacet
  facet normal 0.591364 -0.806405 0
    outer loop
      vertex 145.297 106.486 2.2
      vertex 142.297 104.286 2
      vertex 145.297 106.486 2
    endloop
  endfacet
  facet normal 1 -0 0
    outer loop
      vertex 168.324 98.073 2.4
      vertex 168.324 98.873 2
      vertex 168.324 98.873 2.4
    endloop
  endfacet
  facet normal 1 0 0
    outer loop
      vertex 168.324 98.873 2
      vertex 168.324 98.073 2.4
      vertex 168.324 98.073 2
    endloop
  endfacet
  facet normal 0 0 1
    outer loop
      vertex 94.4 99.673 2.4
      vertex 93.6 99.673 2.4
      vertex 94.4 98.873 2.4
    endloop
  endfacet
  facet normal -0 0 1
    outer loop
      vertex 94.4 98.873 2.4
      vertex 168.324 98.073 2.4
      vertex 168.324 98.873 2.4
    endloop
  endfacet
  facet normal 0 0 1
    outer loop
      vertex 93.6 98.873 2.4
      vertex 94.4 98.873 2.4
      vertex 93.6 99.673 2.4
    endloop
  endfacet
  facet normal -0 0 1
    outer loop
      vertex 93.6 98.873 2.4
      vertex 168.324 98.073 2.4
      vertex 94.4 98.873 2.4
    endloop
  endfacet
  facet normal 0 0 1
    outer loop
      vertex 19.6758 98.073 2.4
      vertex 93.6 98.873 2.4
      vertex 19.6758 98.873 2.4
    endloop
  endfacet
  facet normal 0 0 1
    outer loop
      vertex 93.6 98.873 2.4
      vertex 19.6758 98.073 2.4
      vertex 168.324 98.073 2.4
    endloop
  endfacet
  facet normal -1 0 0
    outer loop
      vertex 19.6758 98.073 2
      vertex 19.6758 98.873 2.4
      vertex 19.6758 98.873 2
    endloop
  endfacet
  facet normal -1 -0 0
    outer loop
      vertex 19.6758 98.873 2.4
      vertex 19.6758 98.073 2
      vertex 19.6758 98.073 2.4
    endloop
  endfacet
  facet normal 0 1 -0
    outer loop
      vertex 93.6 98.873 2
      vertex 19.6758 98.873 2.4
      vertex 93.6 98.873 2.4
    endloop
  endfacet
  facet normal 0 1 0
    outer loop
      vertex 19.6758 98.873 2.4
      vertex 93.6 98.873 2
      vertex 19.6758 98.873 2
    endloop
  endfacet
  facet normal 0 1 -0
    outer loop
      vertex 168.324 98.873 2
      vertex 94.4 98.873 2.4
      vertex 168.324 98.873 2.4
    endloop
  endfacet
  facet normal 0 1 0
    outer loop
      vertex 94.4 98.873 2.4
      vertex 168.324 98.873 2
      vertex 94.4 98.873 2
    endloop
  endfacet
  facet normal 0 -1 0
    outer loop
      vertex 19.6758 98.073 2
      vertex 168.324 98.073 2.4
      vertex 19.6758 98.073 2.4
    endloop
  endfacet
  facet normal 0 -1 -0
    outer loop
      vertex 168.324 98.073 2.4
      vertex 19.6758 98.073 2
      vertex 168.324 98.073 2
    endloop
  endfacet
  facet normal 1 -0 0
    outer loop
      vertex 168.324 87.073 2.4
      vertex 168.324 87.873 2
      vertex 168.324 87.873 2.4
    endloop
  endfacet
  facet normal 1 0 0
    outer loop
      vertex 168.324 87.873 2
      vertex 168.324 87.073 2.4
      vertex 168.324 87.073 2
    endloop
  endfacet
  facet normal 0 0 1
    outer loop
      vertex 168.324 87.873 2.4
      vertex 94.4 87.073 2.4
      vertex 168.324 87.073 2.4
    endloop
  endfacet
  facet normal 0 0 1
    outer loop
      vertex 94.4 87.073 2.4
      vertex 93.6 87.073 2.4
      vertex 94.4 86.273 2.4
    endloop
  endfacet
  facet normal 0 0 1
    outer loop
      vertex 168.324 87.873 2.4
      vertex 93.6 87.073 2.4
      vertex 94.4 87.073 2.4
    endloop
  endfacet
  facet normal -0 0 1
    outer loop
      vertex 19.6758 87.873 2.4
      vertex 93.6 87.073 2.4
      vertex 168.324 87.873 2.4
    endloop
  endfacet
  facet normal 0 0 1
    outer loop
      vertex 93.6 87.073 2.4
      vertex 19.6758 87.873 2.4
      vertex 19.6758 87.073 2.4
    endloop
  endfacet
  facet normal 0 0 1
    outer loop
      vertex 94.4 86.273 2.4
      vertex 93.6 87.073 2.4
      vertex 93.6 86.273 2.4
    endloop
  endfacet
  facet normal -1 0 0
    outer loop
      vertex 19.6758 87.073 2
      vertex 19.6758 87.873 2.4
      vertex 19.6758 87.873 2
    endloop
  endfacet
  facet normal -1 -0 0
    outer loop
      vertex 19.6758 87.873 2.4
      vertex 19.6758 87.073 2
      vertex 19.6758 87.073 2.4
    endloop
  endfacet
  facet normal 0 1 -0
    outer loop
      vertex 168.324 87.873 2
      vertex 19.6758 87.873 2.4
      vertex 168.324 87.873 2.4
    endloop
  endfacet
  facet normal 0 1 0
    outer loop
      vertex 19.6758 87.873 2.4
      vertex 168.324 87.873 2
      vertex 19.6758 87.873 2
    endloop
  endfacet
  facet normal 0 -1 0
    outer loop
      vertex 19.6758 87.073 2
      vertex 93.6 87.073 2.4
      vertex 19.6758 87.073 2.4
    endloop
  endfacet
  facet normal 0 -1 -0
    outer loop
      vertex 93.6 87.073 2.4
      vertex 19.6758 87.073 2
      vertex 93.6 87.073 2
    endloop
  endfacet
  facet normal 0 -1 0
    outer loop
      vertex 94.4 87.073 2
      vertex 168.324 87.073 2.4
      vertex 94.4 87.073 2.4
    endloop
  endfacet
  facet normal 0 -1 -0
    outer loop
      vertex 168.324 87.073 2.4
      vertex 94.4 87.073 2
      vertex 168.324 87.073 2
    endloop
  endfacet
  facet normal 1 -0 0
    outer loop
      vertex 94.4 98.873 2.4
      vertex 94.4 99.673 2
      vertex 94.4 99.673 2.4
    endloop
  endfacet
  facet normal 1 0 0
    outer loop
      vertex 94.4 99.673 2
      vertex 94.4 98.873 2.4
      vertex 94.4 98.873 2
    endloop
  endfacet
  facet normal -1 0 0
    outer loop
      vertex 93.6 98.873 2
      vertex 93.6 99.673 2.4
      vertex 93.6 99.673 2
    endloop
  endfacet
  facet normal -1 -0 0
    outer loop
      vertex 93.6 99.673 2.4
      vertex 93.6 98.873 2
      vertex 93.6 98.873 2.4
    endloop
  endfacet
  facet normal 0 1 -0
    outer loop
      vertex 94.4 99.673 2
      vertex 93.6 99.673 2.4
      vertex 94.4 99.673 2.4
    endloop
  endfacet
  facet normal 0 1 0
    outer loop
      vertex 93.6 99.673 2.4
      vertex 94.4 99.673 2
      vertex 93.6 99.673 2
    endloop
  endfacet
  facet normal 1 -0 0
    outer loop
      vertex 94.4 86.273 2.4
      vertex 94.4 87.073 2
      vertex 94.4 87.073 2.4
    endloop
  endfacet
  facet normal 1 0 0
    outer loop
      vertex 94.4 87.073 2
      vertex 94.4 86.273 2.4
      vertex 94.4 86.273 2
    endloop
  endfacet
  facet normal -1 0 0
    outer loop
      vertex 93.6 86.273 2
      vertex 93.6 87.073 2.4
      vertex 93.6 87.073 2
    endloop
  endfacet
  facet normal -1 -0 0
    outer loop
      vertex 93.6 87.073 2.4
      vertex 93.6 86.273 2
      vertex 93.6 86.273 2.4
    endloop
  endfacet
  facet normal 0 -1 0
    outer loop
      vertex 93.6 86.273 2
      vertex 94.4 86.273 2.4
      vertex 93.6 86.273 2.4
    endloop
  endfacet
  facet normal 0 -1 -0
    outer loop
      vertex 94.4 86.273 2.4
      vertex 93.6 86.273 2
      vertex 94.4 86.273 2
    endloop
  endfacet
  facet normal 0 0 1
    outer loop
      vertex 42.7028 92.973 2.2
      vertex 45.7028 93.973 2.2
      vertex 45.7028 95.173 2.2
    endloop
  endfacet
  facet normal 0 0 1
    outer loop
      vertex 45.7028 93.973 2.2
      vertex 42.7028 92.973 2.2
      vertex 45.7028 91.973 2.2
    endloop
  endfacet
  facet normal 0 0 1
    outer loop
      vertex 45.7028 91.973 2.2
      vertex 42.7028 92.973 2.2
      vertex 45.7028 90.773 2.2
    endloop
  endfacet
  facet normal -0 0 1
    outer loop
      vertex 45.7028 93.973 2.2
      vertex 49.7028 91.973 2.2
      vertex 49.7028 93.973 2.2
    endloop
  endfacet
  facet normal 0 0 1
    outer loop
      vertex 49.7028 91.973 2.2
      vertex 45.7028 93.973 2.2
      vertex 45.7028 91.973 2.2
    endloop
  endfacet
  facet normal 0 -1 0
    outer loop
      vertex 45.7028 91.973 2
      vertex 49.7028 91.973 2.2
      vertex 45.7028 91.973 2.2
    endloop
  endfacet
  facet normal 0 -1 -0
    outer loop
      vertex 49.7028 91.973 2.2
      vertex 45.7028 91.973 2
      vertex 49.7028 91.973 2
    endloop
  endfacet
  facet normal 1 -0 0
    outer loop
      vertex 49.7028 91.973 2.2
      vertex 49.7028 93.973 2
      vertex 49.7028 93.973 2.2
    endloop
  endfacet
  facet normal 1 0 0
    outer loop
      vertex 49.7028 93.973 2
      vertex 49.7028 91.973 2.2
      vertex 49.7028 91.973 2
    endloop
  endfacet
  facet normal 0 1 -0
    outer loop
      vertex 49.7028 93.973 2
      vertex 45.7028 93.973 2.2
      vertex 49.7028 93.973 2.2
    endloop
  endfacet
  facet normal 0 1 0
    outer loop
      vertex 45.7028 93.973 2.2
      vertex 49.7028 93.973 2
      vertex 45.7028 93.973 2
    endloop
  endfacet
  facet normal 1 -0 0
    outer loop
      vertex 45.7028 93.973 2.2
      vertex 45.7028 95.173 2
      vertex 45.7028 95.173 2.2
    endloop
  endfacet
  facet normal 1 0 0
    outer loop
      vertex 45.7028 95.173 2
      vertex 45.7028 93.973 2.2
      vertex 45.7028 93.973 2
    endloop
  endfacet
  facet normal -0.591364 0.806405 0
    outer loop
      vertex 45.7028 95.173 2
      vertex 42.7028 92.973 2.2
      vertex 45.7028 95.173 2.2
    endloop
  endfacet
  facet normal -0.591364 0.806405 0
    outer loop
      vertex 42.7028 92.973 2.2
      vertex 45.7028 95.173 2
      vertex 42.7028 92.973 2
    endloop
  endfacet
  facet normal -0.591364 -0.806405 0
    outer loop
      vertex 42.7028 92.973 2
      vertex 45.7028 90.773 2.2
      vertex 42.7028 92.973 2.2
    endloop
  endfacet
  facet normal -0.591364 -0.806405 -0
    outer loop
      vertex 45.7028 90.773 2.2
      vertex 42.7028 92.973 2
      vertex 45.7028 90.773 2
    endloop
  endfacet
  facet normal 1 -0 0
    outer loop
      vertex 45.7028 90.773 2.2
      vertex 45.7028 91.973 2
      vertex 45.7028 91.973 2.2
    endloop
  endfacet
  facet normal 1 0 0
    outer loop
      vertex 45.7028 91.973 2
      vertex 45.7028 90.773 2.2
      vertex 45.7028 90.773 2
    endloop
  endfacet
  facet normal 0 0 1
    outer loop
      vertex 137.297 92.973 2.2
      vertex 140.297 93.973 2.2
      vertex 140.297 95.173 2.2
    endloop
  endfacet
  facet normal 0 0 1
    outer loop
      vertex 140.297 93.973 2.2
      vertex 137.297 92.973 2.2
      vertex 140.297 91.973 2.2
    endloop
  endfacet
  facet normal 0 0 1
    outer loop
      vertex 140.297 91.973 2.2
      vertex 137.297 92.973 2.2
      vertex 140.297 90.773 2.2
    endloop
  endfacet
  facet normal -0 0 1
    outer loop
      vertex 140.297 93.973 2.2
      vertex 144.297 91.973 2.2
      vertex 144.297 93.973 2.2
    endloop
  endfacet
  facet normal 0 0 1
    outer loop
      vertex 144.297 91.973 2.2
      vertex 140.297 93.973 2.2
      vertex 140.297 91.973 2.2
    endloop
  endfacet
  facet normal 0 -1 0
    outer loop
      vertex 140.297 91.973 2
      vertex 144.297 91.973 2.2
      vertex 140.297 91.973 2.2
    endloop
  endfacet
  facet normal 0 -1 -0
    outer loop
      vertex 144.297 91.973 2.2
      vertex 140.297 91.973 2
      vertex 144.297 91.973 2
    endloop
  endfacet
  facet normal 1 -0 0
    outer loop
      vertex 144.297 91.973 2.2
      vertex 144.297 93.973 2
      vertex 144.297 93.973 2.2
    endloop
  endfacet
  facet normal 1 0 0
    outer loop
      vertex 144.297 93.973 2
      vertex 144.297 91.973 2.2
      vertex 144.297 91.973 2
    endloop
  endfacet
  facet normal 0 1 -0
    outer loop
      vertex 144.297 93.973 2
      vertex 140.297 93.973 2.2
      vertex 144.297 93.973 2.2
    endloop
  endfacet
  facet normal 0 1 0
    outer loop
      vertex 140.297 93.973 2.2
      vertex 144.297 93.973 2
      vertex 140.297 93.973 2
    endloop
  endfacet
  facet normal 1 -0 0
    outer loop
      vertex 140.297 93.973 2.2
      vertex 140.297 95.173 2
      vertex 140.297 95.173 2.2
    endloop
  endfacet
  facet normal 1 0 0
    outer loop
      vertex 140.297 95.173 2
      vertex 140.297 93.973 2.2
      vertex 140.297 93.973 2
    endloop
  endfacet
  facet normal -0.591364 0.806405 0
    outer loop
      vertex 140.297 95.173 2
      vertex 137.297 92.973 2.2
      vertex 140.297 95.173 2.2
    endloop
  endfacet
  facet normal -0.591364 0.806405 0
    outer loop
      vertex 137.297 92.973 2.2
      vertex 140.297 95.173 2
      vertex 137.297 92.973 2
    endloop
  endfacet
  facet normal -0.591364 -0.806405 0
    outer loop
      vertex 137.297 92.973 2
      vertex 140.297 90.773 2.2
      vertex 137.297 92.973 2.2
    endloop
  endfacet
  facet normal -0.591364 -0.806405 -0
    outer loop
      vertex 140.297 90.773 2.2
      vertex 137.297 92.973 2
      vertex 140.297 90.773 2
    endloop
  endfacet
  facet normal 1 -0 0
    outer loop
      vertex 140.297 90.773 2.2
      vertex 140.297 91.973 2
      vertex 140.297 91.973 2.2
    endloop
  endfacet
  facet normal 1 0 0
    outer loop
      vertex 140.297 91.973 2
      vertex 140.297 90.773 2.2
      vertex 140.297 90.773 2
    endloop
  endfacet
  facet normal 1 -0 0
    outer loop
      vertex 168.324 84.5595 2.4
      vertex 168.324 85.3595 2
      vertex 168.324 85.3595 2.4
    endloop
  endfacet
  facet normal 1 0 0
    outer loop
      vertex 168.324 85.3595 2
      vertex 168.324 84.5595 2.4
      vertex 168.324 84.5595 2
    endloop
  endfacet
  facet normal 0 0 1
    outer loop
      vertex 94.4 86.1595 2.4
      vertex 93.6 86.1595 2.4
      vertex 94.4 85.3595 2.4
    endloop
  endfacet
  facet normal -0 0 1
    outer loop
      vertex 94.4 85.3595 2.4
      vertex 168.324 84.5595 2.4
      vertex 168.324 85.3595 2.4
    endloop
  endfacet
  facet normal 0 0 1
    outer loop
      vertex 93.6 85.3595 2.4
      vertex 94.4 85.3595 2.4
      vertex 93.6 86.1595 2.4
    endloop
  endfacet
  facet normal -0 0 1
    outer loop
      vertex 93.6 85.3595 2.4
      vertex 168.324 84.5595 2.4
      vertex 94.4 85.3595 2.4
    endloop
  endfacet
  facet normal 0 0 1
    outer loop
      vertex 19.6758 84.5595 2.4
      vertex 93.6 85.3595 2.4
      vertex 19.6758 85.3595 2.4
    endloop
  endfacet
  facet normal 0 0 1
    outer loop
      vertex 93.6 85.3595 2.4
      vertex 19.6758 84.5595 2.4
      vertex 168.324 84.5595 2.4
    endloop
  endfacet
  facet normal -1 0 0
    outer loop
      vertex 19.6758 84.5595 2
      vertex 19.6758 85.3595 2.4
      vertex 19.6758 85.3595 2
    endloop
  endfacet
  facet normal -1 -0 0
    outer loop
      vertex 19.6758 85.3595 2.4
      vertex 19.6758 84.5595 2
      vertex 19.6758 84.5595 2.4
    endloop
  endfacet
  facet normal 0 1 -0
    outer loop
      vertex 93.6 85.3595 2
      vertex 19.6758 85.3595 2.4
      vertex 93.6 85.3595 2.4
    endloop
  endfacet
  facet normal 0 1 0
    outer loop
      vertex 19.6758 85.3595 2.4
      vertex 93.6 85.3595 2
      vertex 19.6758 85.3595 2
    endloop
  endfacet
  facet normal 0 1 -0
    outer loop
      vertex 168.324 85.3595 2
      vertex 94.4 85.3595 2.4
      vertex 168.324 85.3595 2.4
    endloop
  endfacet
  facet normal 0 1 0
    outer loop
      vertex 94.4 85.3595 2.4
      vertex 168.324 85.3595 2
      vertex 94.4 85.3595 2
    endloop
  endfacet
  facet normal 0 -1 0
    outer loop
      vertex 19.6758 84.5595 2
      vertex 168.324 84.5595 2.4
      vertex 19.6758 84.5595 2.4
    endloop
  endfacet
  facet normal 0 -1 -0
    outer loop
      vertex 168.324 84.5595 2.4
      vertex 19.6758 84.5595 2
      vertex 168.324 84.5595 2
    endloop
  endfacet
  facet normal 1 -0 0
    outer loop
      vertex 168.324 73.5595 2.4
      vertex 168.324 74.3595 2
      vertex 168.324 74.3595 2.4
    endloop
  endfacet
  facet normal 1 0 0
    outer loop
      vertex 168.324 74.3595 2
      vertex 168.324 73.5595 2.4
      vertex 168.324 73.5595 2
    endloop
  endfacet
  facet normal 0 0 1
    outer loop
      vertex 168.324 74.3595 2.4
      vertex 94.4 73.5595 2.4
      vertex 168.324 73.5595 2.4
    endloop
  endfacet
  facet normal 0 0 1
    outer loop
      vertex 94.4 73.5595 2.4
      vertex 93.6 73.5595 2.4
      vertex 94.4 72.7595 2.4
    endloop
  endfacet
  facet normal 0 0 1
    outer loop
      vertex 168.324 74.3595 2.4
      vertex 93.6 73.5595 2.4
      vertex 94.4 73.5595 2.4
    endloop
  endfacet
  facet normal -0 0 1
    outer loop
      vertex 19.6758 74.3595 2.4
      vertex 93.6 73.5595 2.4
      vertex 168.324 74.3595 2.4
    endloop
  endfacet
  facet normal 0 0 1
    outer loop
      vertex 93.6 73.5595 2.4
      vertex 19.6758 74.3595 2.4
      vertex 19.6758 73.5595 2.4
    endloop
  endfacet
  facet normal 0 0 1
    outer loop
      vertex 94.4 72.7595 2.4
      vertex 93.6 73.5595 2.4
      vertex 93.6 72.7595 2.4
    endloop
  endfacet
  facet normal -1 0 0
    outer loop
      vertex 19.6758 73.5595 2
      vertex 19.6758 74.3595 2.4
      vertex 19.6758 74.3595 2
    endloop
  endfacet
  facet normal -1 -0 0
    outer loop
      vertex 19.6758 74.3595 2.4
      vertex 19.6758 73.5595 2
      vertex 19.6758 73.5595 2.4
    endloop
  endfacet
  facet normal 0 1 -0
    outer loop
      vertex 168.324 74.3595 2
      vertex 19.6758 74.3595 2.4
      vertex 168.324 74.3595 2.4
    endloop
  endfacet
  facet normal 0 1 0
    outer loop
      vertex 19.6758 74.3595 2.4
      vertex 168.324 74.3595 2
      vertex 19.6758 74.3595 2
    endloop
  endfacet
  facet normal 0 -1 0
    outer loop
      vertex 19.6758 73.5595 2
      vertex 93.6 73.5595 2.4
      vertex 19.6758 73.5595 2.4
    endloop
  endfacet
  facet normal 0 -1 -0
    outer loop
      vertex 93.6 73.5595 2.4
      vertex 19.6758 73.5595 2
      vertex 93.6 73.5595 2
    endloop
  endfacet
  facet normal 0 -1 0
    outer loop
      vertex 94.4 73.5595 2
      vertex 168.324 73.5595 2.4
      vertex 94.4 73.5595 2.4
    endloop
  endfacet
  facet normal 0 -1 -0
    outer loop
      vertex 168.324 73.5595 2.4
      vertex 94.4 73.5595 2
      vertex 168.324 73.5595 2
    endloop
  endfacet
  facet normal 1 -0 0
    outer loop
      vertex 94.4 85.3595 2.4
      vertex 94.4 86.1595 2
      vertex 94.4 86.1595 2.4
    endloop
  endfacet
  facet normal 1 0 0
    outer loop
      vertex 94.4 86.1595 2
      vertex 94.4 85.3595 2.4
      vertex 94.4 85.3595 2
    endloop
  endfacet
  facet normal -1 0 0
    outer loop
      vertex 93.6 85.3595 2
      vertex 93.6 86.1595 2.4
      vertex 93.6 86.1595 2
    endloop
  endfacet
  facet normal -1 -0 0
    outer loop
      vertex 93.6 86.1595 2.4
      vertex 93.6 85.3595 2
      vertex 93.6 85.3595 2.4
    endloop
  endfacet
  facet normal 0 1 -0
    outer loop
      vertex 94.4 86.1595 2
      vertex 93.6 86.1595 2.4
      vertex 94.4 86.1595 2.4
    endloop
  endfacet
  facet normal 0 1 0
    outer loop
      vertex 93.6 86.1595 2.4
      vertex 94.4 86.1595 2
      vertex 93.6 86.1595 2
    endloop
  endfacet
  facet normal 1 -0 0
    outer loop
      vertex 94.4 72.7595 2.4
      vertex 94.4 73.5595 2
      vertex 94.4 73.5595 2.4
    endloop
  endfacet
  facet normal 1 0 0
    outer loop
      vertex 94.4 73.5595 2
      vertex 94.4 72.7595 2.4
      vertex 94.4 72.7595 2
    endloop
  endfacet
  facet normal -1 0 0
    outer loop
      vertex 93.6 72.7595 2
      vertex 93.6 73.5595 2.4
      vertex 93.6 73.5595 2
    endloop
  endfacet
  facet normal -1 -0 0
    outer loop
      vertex 93.6 73.5595 2.4
      vertex 93.6 72.7595 2
      vertex 93.6 72.7595 2.4
    endloop
  endfacet
  facet normal 0 -1 0
    outer loop
      vertex 93.6 72.7595 2
      vertex 94.4 72.7595 2.4
      vertex 93.6 72.7595 2.4
    endloop
  endfacet
  facet normal 0 -1 -0
    outer loop
      vertex 94.4 72.7595 2.4
      vertex 93.6 72.7595 2
      vertex 94.4 72.7595 2
    endloop
  endfacet
  facet normal -0 0 1
    outer loop
      vertex 43.7028 80.4595 2.2
      vertex 47.7028 78.4595 2.2
      vertex 47.7028 80.4595 2.2
    endloop
  endfacet
  facet normal 0 0 1
    outer loop
      vertex 47.7028 78.4595 2.2
      vertex 43.7028 80.4595 2.2
      vertex 43.7028 78.4595 2.2
    endloop
  endfacet
  facet normal -0 0 1
    outer loop
      vertex 47.7028 80.4595 2.2
      vertex 50.7028 79.4595 2.2
      vertex 47.7028 81.6595 2.2
    endloop
  endfacet
  facet normal 0 0 1
    outer loop
      vertex 47.7028 78.4595 2.2
      vertex 50.7028 79.4595 2.2
      vertex 47.7028 80.4595 2.2
    endloop
  endfacet
  facet normal 0 0 1
    outer loop
      vertex 50.7028 79.4595 2.2
      vertex 47.7028 78.4595 2.2
      vertex 47.7028 77.2595 2.2
    endloop
  endfacet
  facet normal 0.591364 0.806405 -0
    outer loop
      vertex 50.7028 79.4595 2
      vertex 47.7028 81.6595 2.2
      vertex 50.7028 79.4595 2.2
    endloop
  endfacet
  facet normal 0.591364 0.806405 0
    outer loop
      vertex 47.7028 81.6595 2.2
      vertex 50.7028 79.4595 2
      vertex 47.7028 81.6595 2
    endloop
  endfacet
  facet normal -1 0 0
    outer loop
      vertex 47.7028 80.4595 2
      vertex 47.7028 81.6595 2.2
      vertex 47.7028 81.6595 2
    endloop
  endfacet
  facet normal -1 -0 0
    outer loop
      vertex 47.7028 81.6595 2.2
      vertex 47.7028 80.4595 2
      vertex 47.7028 80.4595 2.2
    endloop
  endfacet
  facet normal 0 1 -0
    outer loop
      vertex 47.7028 80.4595 2
      vertex 43.7028 80.4595 2.2
      vertex 47.7028 80.4595 2.2
    endloop
  endfacet
  facet normal 0 1 0
    outer loop
      vertex 43.7028 80.4595 2.2
      vertex 47.7028 80.4595 2
      vertex 43.7028 80.4595 2
    endloop
  endfacet
  facet normal -1 0 0
    outer loop
      vertex 43.7028 78.4595 2
      vertex 43.7028 80.4595 2.2
      vertex 43.7028 80.4595 2
    endloop
  endfacet
  facet normal -1 -0 0
    outer loop
      vertex 43.7028 80.4595 2.2
      vertex 43.7028 78.4595 2
      vertex 43.7028 78.4595 2.2
    endloop
  endfacet
  facet normal 0 -1 0
    outer loop
      vertex 43.7028 78.4595 2
      vertex 47.7028 78.4595 2.2
      vertex 43.7028 78.4595 2.2
    endloop
  endfacet
  facet normal 0 -1 -0
    outer loop
      vertex 47.7028 78.4595 2.2
      vertex 43.7028 78.4595 2
      vertex 47.7028 78.4595 2
    endloop
  endfacet
  facet normal -1 0 0
    outer loop
      vertex 47.7028 77.2595 2
      vertex 47.7028 78.4595 2.2
      vertex 47.7028 78.4595 2
    endloop
  endfacet
  facet normal -1 -0 0
    outer loop
      vertex 47.7028 78.4595 2.2
      vertex 47.7028 77.2595 2
      vertex 47.7028 77.2595 2.2
    endloop
  endfacet
  facet normal 0.591364 -0.806405 0
    outer loop
      vertex 47.7028 77.2595 2
      vertex 50.7028 79.4595 2.2
      vertex 47.7028 77.2595 2.2
    endloop
  endfacet
  facet normal 0.591364 -0.806405 0
    outer loop
      vertex 50.7028 79.4595 2.2
      vertex 47.7028 77.2595 2
      vertex 50.7028 79.4595 2
    endloop
  endfacet
  facet normal -0 0 1
    outer loop
      vertex 138.297 80.4595 2.2
      vertex 142.297 78.4595 2.2
      vertex 142.297 80.4595 2.2
    endloop
  endfacet
  facet normal 0 0 1
    outer loop
      vertex 142.297 78.4595 2.2
      vertex 138.297 80.4595 2.2
      vertex 138.297 78.4595 2.2
    endloop
  endfacet
  facet normal -0 0 1
    outer loop
      vertex 142.297 80.4595 2.2
      vertex 145.297 79.4595 2.2
      vertex 142.297 81.6595 2.2
    endloop
  endfacet
  facet normal 0 0 1
    outer loop
      vertex 142.297 78.4595 2.2
      vertex 145.297 79.4595 2.2
      vertex 142.297 80.4595 2.2
    endloop
  endfacet
  facet normal 0 0 1
    outer loop
      vertex 145.297 79.4595 2.2
      vertex 142.297 78.4595 2.2
      vertex 142.297 77.2595 2.2
    endloop
  endfacet
  facet normal 0.591364 0.806405 -0
    outer loop
      vertex 145.297 79.4595 2
      vertex 142.297 81.6595 2.2
      vertex 145.297 79.4595 2.2
    endloop
  endfacet
  facet normal 0.591364 0.806405 0
    outer loop
      vertex 142.297 81.6595 2.2
      vertex 145.297 79.4595 2
      vertex 142.297 81.6595 2
    endloop
  endfacet
  facet normal -1 0 0
    outer loop
      vertex 142.297 80.4595 2
      vertex 142.297 81.6595 2.2
      vertex 142.297 81.6595 2
    endloop
  endfacet
  facet normal -1 -0 0
    outer loop
      vertex 142.297 81.6595 2.2
      vertex 142.297 80.4595 2
      vertex 142.297 80.4595 2.2
    endloop
  endfacet
  facet normal 0 1 -0
    outer loop
      vertex 142.297 80.4595 2
      vertex 138.297 80.4595 2.2
      vertex 142.297 80.4595 2.2
    endloop
  endfacet
  facet normal 0 1 0
    outer loop
      vertex 138.297 80.4595 2.2
      vertex 142.297 80.4595 2
      vertex 138.297 80.4595 2
    endloop
  endfacet
  facet normal -1 0 0
    outer loop
      vertex 138.297 78.4595 2
      vertex 138.297 80.4595 2.2
      vertex 138.297 80.4595 2
    endloop
  endfacet
  facet normal -1 -0 0
    outer loop
      vertex 138.297 80.4595 2.2
      vertex 138.297 78.4595 2
      vertex 138.297 78.4595 2.2
    endloop
  endfacet
  facet normal 0 -1 0
    outer loop
      vertex 138.297 78.4595 2
      vertex 142.297 78.4595 2.2
      vertex 138.297 78.4595 2.2
    endloop
  endfacet
  facet normal 0 -1 -0
    outer loop
      vertex 142.297 78.4595 2.2
      vertex 138.297 78.4595 2
      vertex 142.297 78.4595 2
    endloop
  endfacet
  facet normal -1 0 0
    outer loop
      vertex 142.297 77.2595 2
      vertex 142.297 78.4595 2.2
      vertex 142.297 78.4595 2
    endloop
  endfacet
  facet normal -1 -0 0
    outer loop
      vertex 142.297 78.4595 2.2
      vertex 142.297 77.2595 2
      vertex 142.297 77.2595 2.2
    endloop
  endfacet
  facet normal 0.591364 -0.806405 0
    outer loop
      vertex 142.297 77.2595 2
      vertex 145.297 79.4595 2.2
      vertex 142.297 77.2595 2.2
    endloop
  endfacet
  facet normal 0.591364 -0.806405 0
    outer loop
      vertex 145.297 79.4595 2.2
      vertex 142.297 77.2595 2
      vertex 145.297 79.4595 2
    endloop
  endfacet
  facet normal 1 -0 0
    outer loop
      vertex 168.324 71.046 2.4
      vertex 168.324 71.846 2
      vertex 168.324 71.846 2.4
    endloop
  endfacet
  facet normal 1 0 0
    outer loop
      vertex 168.324 71.846 2
      vertex 168.324 71.046 2.4
      vertex 168.324 71.046 2
    endloop
  endfacet
  facet normal 0 0 1
    outer loop
      vertex 94.4 72.646 2.4
      vertex 93.6 72.646 2.4
      vertex 94.4 71.846 2.4
    endloop
  endfacet
  facet normal -0 0 1
    outer loop
      vertex 94.4 71.846 2.4
      vertex 168.324 71.046 2.4
      vertex 168.324 71.846 2.4
    endloop
  endfacet
  facet normal 0 0 1
    outer loop
      vertex 93.6 71.846 2.4
      vertex 94.4 71.846 2.4
      vertex 93.6 72.646 2.4
    endloop
  endfacet
  facet normal -0 0 1
    outer loop
      vertex 93.6 71.846 2.4
      vertex 168.324 71.046 2.4
      vertex 94.4 71.846 2.4
    endloop
  endfacet
  facet normal 0 0 1
    outer loop
      vertex 19.6758 71.046 2.4
      vertex 93.6 71.846 2.4
      vertex 19.6758 71.846 2.4
    endloop
  endfacet
  facet normal 0 0 1
    outer loop
      vertex 93.6 71.846 2.4
      vertex 19.6758 71.046 2.4
      vertex 168.324 71.046 2.4
    endloop
  endfacet
  facet normal -1 0 0
    outer loop
      vertex 19.6758 71.046 2
      vertex 19.6758 71.846 2.4
      vertex 19.6758 71.846 2
    endloop
  endfacet
  facet normal -1 -0 0
    outer loop
      vertex 19.6758 71.846 2.4
      vertex 19.6758 71.046 2
      vertex 19.6758 71.046 2.4
    endloop
  endfacet
  facet normal 0 1 -0
    outer loop
      vertex 93.6 71.846 2
      vertex 19.6758 71.846 2.4
      vertex 93.6 71.846 2.4
    endloop
  endfacet
  facet normal 0 1 0
    outer loop
      vertex 19.6758 71.846 2.4
      vertex 93.6 71.846 2
      vertex 19.6758 71.846 2
    endloop
  endfacet
  facet normal 0 1 -0
    outer loop
      vertex 168.324 71.846 2
      vertex 94.4 71.846 2.4
      vertex 168.324 71.846 2.4
    endloop
  endfacet
  facet normal 0 1 0
    outer loop
      vertex 94.4 71.846 2.4
      vertex 168.324 71.846 2
      vertex 94.4 71.846 2
    endloop
  endfacet
  facet normal 0 -1 0
    outer loop
      vertex 19.6758 71.046 2
      vertex 168.324 71.046 2.4
      vertex 19.6758 71.046 2.4
    endloop
  endfacet
  facet normal 0 -1 -0
    outer loop
      vertex 168.324 71.046 2.4
      vertex 19.6758 71.046 2
      vertex 168.324 71.046 2
    endloop
  endfacet
  facet normal 1 -0 0
    outer loop
      vertex 168.324 60.046 2.4
      vertex 168.324 60.846 2
      vertex 168.324 60.846 2.4
    endloop
  endfacet
  facet normal 1 0 0
    outer loop
      vertex 168.324 60.846 2
      vertex 168.324 60.046 2.4
      vertex 168.324 60.046 2
    endloop
  endfacet
  facet normal 0 0 1
    outer loop
      vertex 168.324 60.846 2.4
      vertex 94.4 60.046 2.4
      vertex 168.324 60.046 2.4
    endloop
  endfacet
  facet normal 0 0 1
    outer loop
      vertex 94.4 60.046 2.4
      vertex 93.6 60.046 2.4
      vertex 94.4 59.246 2.4
    endloop
  endfacet
  facet normal 0 0 1
    outer loop
      vertex 168.324 60.846 2.4
      vertex 93.6 60.046 2.4
      vertex 94.4 60.046 2.4
    endloop
  endfacet
  facet normal -0 0 1
    outer loop
      vertex 19.6758 60.846 2.4
      vertex 93.6 60.046 2.4
      vertex 168.324 60.846 2.4
    endloop
  endfacet
  facet normal 0 0 1
    outer loop
      vertex 93.6 60.046 2.4
      vertex 19.6758 60.846 2.4
      vertex 19.6758 60.046 2.4
    endloop
  endfacet
  facet normal 0 0 1
    outer loop
      vertex 94.4 59.246 2.4
      vertex 93.6 60.046 2.4
      vertex 93.6 59.246 2.4
    endloop
  endfacet
  facet normal -1 0 0
    outer loop
      vertex 19.6758 60.046 2
      vertex 19.6758 60.846 2.4
      vertex 19.6758 60.846 2
    endloop
  endfacet
  facet normal -1 -0 0
    outer loop
      vertex 19.6758 60.846 2.4
      vertex 19.6758 60.046 2
      vertex 19.6758 60.046 2.4
    endloop
  endfacet
  facet normal 0 1 -0
    outer loop
      vertex 168.324 60.846 2
      vertex 19.6758 60.846 2.4
      vertex 168.324 60.846 2.4
    endloop
  endfacet
  facet normal 0 1 0
    outer loop
      vertex 19.6758 60.846 2.4
      vertex 168.324 60.846 2
      vertex 19.6758 60.846 2
    endloop
  endfacet
  facet normal 0 -1 0
    outer loop
      vertex 19.6758 60.046 2
      vertex 93.6 60.046 2.4
      vertex 19.6758 60.046 2.4
    endloop
  endfacet
  facet normal 0 -1 -0
    outer loop
      vertex 93.6 60.046 2.4
      vertex 19.6758 60.046 2
      vertex 93.6 60.046 2
    endloop
  endfacet
  facet normal 0 -1 0
    outer loop
      vertex 94.4 60.046 2
      vertex 168.324 60.046 2.4
      vertex 94.4 60.046 2.4
    endloop
  endfacet
  facet normal 0 -1 -0
    outer loop
      vertex 168.324 60.046 2.4
      vertex 94.4 60.046 2
      vertex 168.324 60.046 2
    endloop
  endfacet
  facet normal 1 -0 0
    outer loop
      vertex 94.4 71.846 2.4
      vertex 94.4 72.646 2
      vertex 94.4 72.646 2.4
    endloop
  endfacet
  facet normal 1 0 0
    outer loop
      vertex 94.4 72.646 2
      vertex 94.4 71.846 2.4
      vertex 94.4 71.846 2
    endloop
  endfacet
  facet normal -1 0 0
    outer loop
      vertex 93.6 71.846 2
      vertex 93.6 72.646 2.4
      vertex 93.6 72.646 2
    endloop
  endfacet
  facet normal -1 -0 0
    outer loop
      vertex 93.6 72.646 2.4
      vertex 93.6 71.846 2
      vertex 93.6 71.846 2.4
    endloop
  endfacet
  facet normal 0 1 -0
    outer loop
      vertex 94.4 72.646 2
      vertex 93.6 72.646 2.4
      vertex 94.4 72.646 2.4
    endloop
  endfacet
  facet normal 0 1 0
    outer loop
      vertex 93.6 72.646 2.4
      vertex 94.4 72.646 2
      vertex 93.6 72.646 2
    endloop
  endfacet
  facet normal 1 -0 0
    outer loop
      vertex 94.4 59.246 2.4
      vertex 94.4 60.046 2
      vertex 94.4 60.046 2.4
    endloop
  endfacet
  facet normal 1 0 0
    outer loop
      vertex 94.4 60.046 2
      vertex 94.4 59.246 2.4
      vertex 94.4 59.246 2
    endloop
  endfacet
  facet normal -1 0 0
    outer loop
      vertex 93.6 59.246 2
      vertex 93.6 60.046 2.4
      vertex 93.6 60.046 2
    endloop
  endfacet
  facet normal -1 -0 0
    outer loop
      vertex 93.6 60.046 2.4
      vertex 93.6 59.246 2
      vertex 93.6 59.246 2.4
    endloop
  endfacet
  facet normal 0 -1 0
    outer loop
      vertex 93.6 59.246 2
      vertex 94.4 59.246 2.4
      vertex 93.6 59.246 2.4
    endloop
  endfacet
  facet normal 0 -1 -0
    outer loop
      vertex 94.4 59.246 2.4
      vertex 93.6 59.246 2
      vertex 94.4 59.246 2
    endloop
  endfacet
  facet normal 0 0 1
    outer loop
      vertex 42.7028 65.946 2.2
      vertex 45.7028 66.946 2.2
      vertex 45.7028 68.146 2.2
    endloop
  endfacet
  facet normal 0 0 1
    outer loop
      vertex 45.7028 66.946 2.2
      vertex 42.7028 65.946 2.2
      vertex 45.7028 64.946 2.2
    endloop
  endfacet
  facet normal 0 0 1
    outer loop
      vertex 45.7028 64.946 2.2
      vertex 42.7028 65.946 2.2
      vertex 45.7028 63.746 2.2
    endloop
  endfacet
  facet normal -0 0 1
    outer loop
      vertex 45.7028 66.946 2.2
      vertex 49.7028 64.946 2.2
      vertex 49.7028 66.946 2.2
    endloop
  endfacet
  facet normal 0 0 1
    outer loop
      vertex 49.7028 64.946 2.2
      vertex 45.7028 66.946 2.2
      vertex 45.7028 64.946 2.2
    endloop
  endfacet
  facet normal 0 -1 0
    outer loop
      vertex 45.7028 64.946 2
      vertex 49.7028 64.946 2.2
      vertex 45.7028 64.946 2.2
    endloop
  endfacet
  facet normal 0 -1 -0
    outer loop
      vertex 49.7028 64.946 2.2
      vertex 45.7028 64.946 2
      vertex 49.7028 64.946 2
    endloop
  endfacet
  facet normal 1 -0 0
    outer loop
      vertex 49.7028 64.946 2.2
      vertex 49.7028 66.946 2
      vertex 49.7028 66.946 2.2
    endloop
  endfacet
  facet normal 1 0 0
    outer loop
      vertex 49.7028 66.946 2
      vertex 49.7028 64.946 2.2
      vertex 49.7028 64.946 2
    endloop
  endfacet
  facet normal 0 1 -0
    outer loop
      vertex 49.7028 66.946 2
      vertex 45.7028 66.946 2.2
      vertex 49.7028 66.946 2.2
    endloop
  endfacet
  facet normal 0 1 0
    outer loop
      vertex 45.7028 66.946 2.2
      vertex 49.7028 66.946 2
      vertex 45.7028 66.946 2
    endloop
  endfacet
  facet normal 1 -0 0
    outer loop
      vertex 45.7028 66.946 2.2
      vertex 45.7028 68.146 2
      vertex 45.7028 68.146 2.2
    endloop
  endfacet
  facet normal 1 0 0
    outer loop
      vertex 45.7028 68.146 2
      vertex 45.7028 66.946 2.2
      vertex 45.7028 66.946 2
    endloop
  endfacet
  facet normal -0.591364 0.806405 0
    outer loop
      vertex 45.7028 68.146 2
      vertex 42.7028 65.946 2.2
      vertex 45.7028 68.146 2.2
    endloop
  endfacet
  facet normal -0.591364 0.806405 0
    outer loop
      vertex 42.7028 65.946 2.2
      vertex 45.7028 68.146 2
      vertex 42.7028 65.946 2
    endloop
  endfacet
  facet normal -0.591364 -0.806405 0
    outer loop
      vertex 42.7028 65.946 2
      vertex 45.7028 63.746 2.2
      vertex 42.7028 65.946 2.2
    endloop
  endfacet
  facet normal -0.591364 -0.806405 -0
    outer loop
      vertex 45.7028 63.746 2.2
      vertex 42.7028 65.946 2
      vertex 45.7028 63.746 2
    endloop
  endfacet
  facet normal 1 -0 0
    outer loop
      vertex 45.7028 63.746 2.2
      vertex 45.7028 64.946 2
      vertex 45.7028 64.946 2.2
    endloop
  endfacet
  facet normal 1 0 0
    outer loop
      vertex 45.7028 64.946 2
      vertex 45.7028 63.746 2.2
      vertex 45.7028 63.746 2
    endloop
  endfacet
  facet normal 0 0 1
    outer loop
      vertex 137.297 65.946 2.2
      vertex 140.297 66.946 2.2
      vertex 140.297 68.146 2.2
    endloop
  endfacet
  facet normal 0 0 1
    outer loop
      vertex 140.297 66.946 2.2
      vertex 137.297 65.946 2.2
      vertex 140.297 64.946 2.2
    endloop
  endfacet
  facet normal 0 0 1
    outer loop
      vertex 140.297 64.946 2.2
      vertex 137.297 65.946 2.2
      vertex 140.297 63.746 2.2
    endloop
  endfacet
  facet normal -0 0 1
    outer loop
      vertex 140.297 66.946 2.2
      vertex 144.297 64.946 2.2
      vertex 144.297 66.946 2.2
    endloop
  endfacet
  facet normal 0 0 1
    outer loop
      vertex 144.297 64.946 2.2
      vertex 140.297 66.946 2.2
      vertex 140.297 64.946 2.2
    endloop
  endfacet
  facet normal 0 -1 0
    outer loop
      vertex 140.297 64.946 2
      vertex 144.297 64.946 2.2
      vertex 140.297 64.946 2.2
    endloop
  endfacet
  facet normal 0 -1 -0
    outer loop
      vertex 144.297 64.946 2.2
      vertex 140.297 64.946 2
      vertex 144.297 64.946 2
    endloop
  endfacet
  facet normal 1 -0 0
    outer loop
      vertex 144.297 64.946 2.2
      vertex 144.297 66.946 2
      vertex 144.297 66.946 2.2
    endloop
  endfacet
  facet normal 1 0 0
    outer loop
      vertex 144.297 66.946 2
      vertex 144.297 64.946 2.2
      vertex 144.297 64.946 2
    endloop
  endfacet
  facet normal 0 1 -0
    outer loop
      vertex 144.297 66.946 2
      vertex 140.297 66.946 2.2
      vertex 144.297 66.946 2.2
    endloop
  endfacet
  facet normal 0 1 0
    outer loop
      vertex 140.297 66.946 2.2
      vertex 144.297 66.946 2
      vertex 140.297 66.946 2
    endloop
  endfacet
  facet normal 1 -0 0
    outer loop
      vertex 140.297 66.946 2.2
      vertex 140.297 68.146 2
      vertex 140.297 68.146 2.2
    endloop
  endfacet
  facet normal 1 0 0
    outer loop
      vertex 140.297 68.146 2
      vertex 140.297 66.946 2.2
      vertex 140.297 66.946 2
    endloop
  endfacet
  facet normal -0.591364 0.806405 0
    outer loop
      vertex 140.297 68.146 2
      vertex 137.297 65.946 2.2
      vertex 140.297 68.146 2.2
    endloop
  endfacet
  facet normal -0.591364 0.806405 0
    outer loop
      vertex 137.297 65.946 2.2
      vertex 140.297 68.146 2
      vertex 137.297 65.946 2
    endloop
  endfacet
  facet normal -0.591364 -0.806405 0
    outer loop
      vertex 137.297 65.946 2
      vertex 140.297 63.746 2.2
      vertex 137.297 65.946 2.2
    endloop
  endfacet
  facet normal -0.591364 -0.806405 -0
    outer loop
      vertex 140.297 63.746 2.2
      vertex 137.297 65.946 2
      vertex 140.297 63.746 2
    endloop
  endfacet
  facet normal 1 -0 0
    outer loop
      vertex 140.297 63.746 2.2
      vertex 140.297 64.946 2
      vertex 140.297 64.946 2.2
    endloop
  endfacet
  facet normal 1 0 0
    outer loop
      vertex 140.297 64.946 2
      vertex 140.297 63.746 2.2
      vertex 140.297 63.746 2
    endloop
  endfacet
  facet normal 1 -0 0
    outer loop
      vertex 168.324 57.5325 2.4
      vertex 168.324 58.3325 2
      vertex 168.324 58.3325 2.4
    endloop
  endfacet
  facet normal 1 0 0
    outer loop
      vertex 168.324 58.3325 2
      vertex 168.324 57.5325 2.4
      vertex 168.324 57.5325 2
    endloop
  endfacet
  facet normal 0 0 1
    outer loop
      vertex 94.4 59.1325 2.4
      vertex 93.6 59.1325 2.4
      vertex 94.4 58.3325 2.4
    endloop
  endfacet
  facet normal -0 0 1
    outer loop
      vertex 94.4 58.3325 2.4
      vertex 168.324 57.5325 2.4
      vertex 168.324 58.3325 2.4
    endloop
  endfacet
  facet normal 0 0 1
    outer loop
      vertex 93.6 58.3325 2.4
      vertex 94.4 58.3325 2.4
      vertex 93.6 59.1325 2.4
    endloop
  endfacet
  facet normal -0 0 1
    outer loop
      vertex 93.6 58.3325 2.4
      vertex 168.324 57.5325 2.4
      vertex 94.4 58.3325 2.4
    endloop
  endfacet
  facet normal 0 0 1
    outer loop
      vertex 19.6758 57.5325 2.4
      vertex 93.6 58.3325 2.4
      vertex 19.6758 58.3325 2.4
    endloop
  endfacet
  facet normal 0 0 1
    outer loop
      vertex 93.6 58.3325 2.4
      vertex 19.6758 57.5325 2.4
      vertex 168.324 57.5325 2.4
    endloop
  endfacet
  facet normal -1 0 0
    outer loop
      vertex 19.6758 57.5325 2
      vertex 19.6758 58.3325 2.4
      vertex 19.6758 58.3325 2
    endloop
  endfacet
  facet normal -1 -0 0
    outer loop
      vertex 19.6758 58.3325 2.4
      vertex 19.6758 57.5325 2
      vertex 19.6758 57.5325 2.4
    endloop
  endfacet
  facet normal 0 1 -0
    outer loop
      vertex 93.6 58.3325 2
      vertex 19.6758 58.3325 2.4
      vertex 93.6 58.3325 2.4
    endloop
  endfacet
  facet normal 0 1 0
    outer loop
      vertex 19.6758 58.3325 2.4
      vertex 93.6 58.3325 2
      vertex 19.6758 58.3325 2
    endloop
  endfacet
  facet normal 0 1 -0
    outer loop
      vertex 168.324 58.3325 2
      vertex 94.4 58.3325 2.4
      vertex 168.324 58.3325 2.4
    endloop
  endfacet
  facet normal 0 1 0
    outer loop
      vertex 94.4 58.3325 2.4
      vertex 168.324 58.3325 2
      vertex 94.4 58.3325 2
    endloop
  endfacet
  facet normal 0 -1 0
    outer loop
      vertex 19.6758 57.5325 2
      vertex 168.324 57.5325 2.4
      vertex 19.6758 57.5325 2.4
    endloop
  endfacet
  facet normal 0 -1 -0
    outer loop
      vertex 168.324 57.5325 2.4
      vertex 19.6758 57.5325 2
      vertex 168.324 57.5325 2
    endloop
  endfacet
  facet normal 1 -0 0
    outer loop
      vertex 168.324 46.5325 2.4
      vertex 168.324 47.3325 2
      vertex 168.324 47.3325 2.4
    endloop
  endfacet
  facet normal 1 0 0
    outer loop
      vertex 168.324 47.3325 2
      vertex 168.324 46.5325 2.4
      vertex 168.324 46.5325 2
    endloop
  endfacet
  facet normal 0 0 1
    outer loop
      vertex 168.324 47.3325 2.4
      vertex 94.4 46.5325 2.4
      vertex 168.324 46.5325 2.4
    endloop
  endfacet
  facet normal 0 0 1
    outer loop
      vertex 94.4 46.5325 2.4
      vertex 93.6 46.5325 2.4
      vertex 94.4 45.7325 2.4
    endloop
  endfacet
  facet normal 0 0 1
    outer loop
      vertex 168.324 47.3325 2.4
      vertex 93.6 46.5325 2.4
      vertex 94.4 46.5325 2.4
    endloop
  endfacet
  facet normal -0 0 1
    outer loop
      vertex 19.6758 47.3325 2.4
      vertex 93.6 46.5325 2.4
      vertex 168.324 47.3325 2.4
    endloop
  endfacet
  facet normal 0 0 1
    outer loop
      vertex 93.6 46.5325 2.4
      vertex 19.6758 47.3325 2.4
      vertex 19.6758 46.5325 2.4
    endloop
  endfacet
  facet normal 0 0 1
    outer loop
      vertex 94.4 45.7325 2.4
      vertex 93.6 46.5325 2.4
      vertex 93.6 45.7325 2.4
    endloop
  endfacet
  facet normal -1 0 0
    outer loop
      vertex 19.6758 46.5325 2
      vertex 19.6758 47.3325 2.4
      vertex 19.6758 47.3325 2
    endloop
  endfacet
  facet normal -1 -0 0
    outer loop
      vertex 19.6758 47.3325 2.4
      vertex 19.6758 46.5325 2
      vertex 19.6758 46.5325 2.4
    endloop
  endfacet
  facet normal 0 1 -0
    outer loop
      vertex 168.324 47.3325 2
      vertex 19.6758 47.3325 2.4
      vertex 168.324 47.3325 2.4
    endloop
  endfacet
  facet normal 0 1 0
    outer loop
      vertex 19.6758 47.3325 2.4
      vertex 168.324 47.3325 2
      vertex 19.6758 47.3325 2
    endloop
  endfacet
  facet normal 0 -1 0
    outer loop
      vertex 19.6758 46.5325 2
      vertex 93.6 46.5325 2.4
      vertex 19.6758 46.5325 2.4
    endloop
  endfacet
  facet normal 0 -1 -0
    outer loop
      vertex 93.6 46.5325 2.4
      vertex 19.6758 46.5325 2
      vertex 93.6 46.5325 2
    endloop
  endfacet
  facet normal 0 -1 0
    outer loop
      vertex 94.4 46.5325 2
      vertex 168.324 46.5325 2.4
      vertex 94.4 46.5325 2.4
    endloop
  endfacet
  facet normal 0 -1 -0
    outer loop
      vertex 168.324 46.5325 2.4
      vertex 94.4 46.5325 2
      vertex 168.324 46.5325 2
    endloop
  endfacet
  facet normal 1 -0 0
    outer loop
      vertex 94.4 58.3325 2.4
      vertex 94.4 59.1325 2
      vertex 94.4 59.1325 2.4
    endloop
  endfacet
  facet normal 1 0 0
    outer loop
      vertex 94.4 59.1325 2
      vertex 94.4 58.3325 2.4
      vertex 94.4 58.3325 2
    endloop
  endfacet
  facet normal -1 0 0
    outer loop
      vertex 93.6 58.3325 2
      vertex 93.6 59.1325 2.4
      vertex 93.6 59.1325 2
    endloop
  endfacet
  facet normal -1 -0 0
    outer loop
      vertex 93.6 59.1325 2.4
      vertex 93.6 58.3325 2
      vertex 93.6 58.3325 2.4
    endloop
  endfacet
  facet normal 0 1 -0
    outer loop
      vertex 94.4 59.1325 2
      vertex 93.6 59.1325 2.4
      vertex 94.4 59.1325 2.4
    endloop
  endfacet
  facet normal 0 1 0
    outer loop
      vertex 93.6 59.1325 2.4
      vertex 94.4 59.1325 2
      vertex 93.6 59.1325 2
    endloop
  endfacet
  facet normal 1 -0 0
    outer loop
      vertex 94.4 45.7325 2.4
      vertex 94.4 46.5325 2
      vertex 94.4 46.5325 2.4
    endloop
  endfacet
  facet normal 1 0 0
    outer loop
      vertex 94.4 46.5325 2
      vertex 94.4 45.7325 2.4
      vertex 94.4 45.7325 2
    endloop
  endfacet
  facet normal -1 0 0
    outer loop
      vertex 93.6 45.7325 2
      vertex 93.6 46.5325 2.4
      vertex 93.6 46.5325 2
    endloop
  endfacet
  facet normal -1 -0 0
    outer loop
      vertex 93.6 46.5325 2.4
      vertex 93.6 45.7325 2
      vertex 93.6 45.7325 2.4
    endloop
  endfacet
  facet normal 0 -1 0
    outer loop
      vertex 93.6 45.7325 2
      vertex 94.4 45.7325 2.4
      vertex 93.6 45.7325 2.4
    endloop
  endfacet
  facet normal 0 -1 -0
    outer loop
      vertex 94.4 45.7325 2.4
      vertex 93.6 45.7325 2
      vertex 94.4 45.7325 2
    endloop
  endfacet
  facet normal -0 0 1
    outer loop
      vertex 43.7028 53.4325 2.2
      vertex 47.7028 51.4325 2.2
      vertex 47.7028 53.4325 2.2
    endloop
  endfacet
  facet normal 0 0 1
    outer loop
      vertex 47.7028 51.4325 2.2
      vertex 43.7028 53.4325 2.2
      vertex 43.7028 51.4325 2.2
    endloop
  endfacet
  facet normal -0 0 1
    outer loop
      vertex 47.7028 53.4325 2.2
      vertex 50.7028 52.4325 2.2
      vertex 47.7028 54.6325 2.2
    endloop
  endfacet
  facet normal 0 0 1
    outer loop
      vertex 47.7028 51.4325 2.2
      vertex 50.7028 52.4325 2.2
      vertex 47.7028 53.4325 2.2
    endloop
  endfacet
  facet normal 0 0 1
    outer loop
      vertex 50.7028 52.4325 2.2
      vertex 47.7028 51.4325 2.2
      vertex 47.7028 50.2325 2.2
    endloop
  endfacet
  facet normal 0.591364 0.806405 -0
    outer loop
      vertex 50.7028 52.4325 2
      vertex 47.7028 54.6325 2.2
      vertex 50.7028 52.4325 2.2
    endloop
  endfacet
  facet normal 0.591364 0.806405 0
    outer loop
      vertex 47.7028 54.6325 2.2
      vertex 50.7028 52.4325 2
      vertex 47.7028 54.6325 2
    endloop
  endfacet
  facet normal -1 0 0
    outer loop
      vertex 47.7028 53.4325 2
      vertex 47.7028 54.6325 2.2
      vertex 47.7028 54.6325 2
    endloop
  endfacet
  facet normal -1 -0 0
    outer loop
      vertex 47.7028 54.6325 2.2
      vertex 47.7028 53.4325 2
      vertex 47.7028 53.4325 2.2
    endloop
  endfacet
  facet normal 0 1 -0
    outer loop
      vertex 47.7028 53.4325 2
      vertex 43.7028 53.4325 2.2
      vertex 47.7028 53.4325 2.2
    endloop
  endfacet
  facet normal 0 1 0
    outer loop
      vertex 43.7028 53.4325 2.2
      vertex 47.7028 53.4325 2
      vertex 43.7028 53.4325 2
    endloop
  endfacet
  facet normal -1 0 0
    outer loop
      vertex 43.7028 51.4325 2
      vertex 43.7028 53.4325 2.2
      vertex 43.7028 53.4325 2
    endloop
  endfacet
  facet normal -1 -0 0
    outer loop
      vertex 43.7028 53.4325 2.2
      vertex 43.7028 51.4325 2
      vertex 43.7028 51.4325 2.2
    endloop
  endfacet
  facet normal 0 -1 0
    outer loop
      vertex 43.7028 51.4325 2
      vertex 47.7028 51.4325 2.2
      vertex 43.7028 51.4325 2.2
    endloop
  endfacet
  facet normal 0 -1 -0
    outer loop
      vertex 47.7028 51.4325 2.2
      vertex 43.7028 51.4325 2
      vertex 47.7028 51.4325 2
    endloop
  endfacet
  facet normal -1 0 0
    outer loop
      vertex 47.7028 50.2325 2
      vertex 47.7028 51.4325 2.2
      vertex 47.7028 51.4325 2
    endloop
  endfacet
  facet normal -1 -0 0
    outer loop
      vertex 47.7028 51.4325 2.2
      vertex 47.7028 50.2325 2
      vertex 47.7028 50.2325 2.2
    endloop
  endfacet
  facet normal 0.591364 -0.806405 0
    outer loop
      vertex 47.7028 50.2325 2
      vertex 50.7028 52.4325 2.2
      vertex 47.7028 50.2325 2.2
    endloop
  endfacet
  facet normal 0.591364 -0.806405 0
    outer loop
      vertex 50.7028 52.4325 2.2
      vertex 47.7028 50.2325 2
      vertex 50.7028 52.4325 2
    endloop
  endfacet
  facet normal -0 0 1
    outer loop
      vertex 138.297 53.4325 2.2
      vertex 142.297 51.4325 2.2
      vertex 142.297 53.4325 2.2
    endloop
  endfacet
  facet normal 0 0 1
    outer loop
      vertex 142.297 51.4325 2.2
      vertex 138.297 53.4325 2.2
      vertex 138.297 51.4325 2.2
    endloop
  endfacet
  facet normal -0 0 1
    outer loop
      vertex 142.297 53.4325 2.2
      vertex 145.297 52.4325 2.2
      vertex 142.297 54.6325 2.2
    endloop
  endfacet
  facet normal 0 0 1
    outer loop
      vertex 142.297 51.4325 2.2
      vertex 145.297 52.4325 2.2
      vertex 142.297 53.4325 2.2
    endloop
  endfacet
  facet normal 0 0 1
    outer loop
      vertex 145.297 52.4325 2.2
      vertex 142.297 51.4325 2.2
      vertex 142.297 50.2325 2.2
    endloop
  endfacet
  facet normal 0.591364 0.806405 -0
    outer loop
      vertex 145.297 52.4325 2
      vertex 142.297 54.6325 2.2
      vertex 145.297 52.4325 2.2
    endloop
  endfacet
  facet normal 0.591364 0.806405 0
    outer loop
      vertex 142.297 54.6325 2.2
      vertex 145.297 52.4325 2
      vertex 142.297 54.6325 2
    endloop
  endfacet
  facet normal -1 0 0
    outer loop
      vertex 142.297 53.4325 2
      vertex 142.297 54.6325 2.2
      vertex 142.297 54.6325 2
    endloop
  endfacet
  facet normal -1 -0 0
    outer loop
      vertex 142.297 54.6325 2.2
      vertex 142.297 53.4325 2
      vertex 142.297 53.4325 2.2
    endloop
  endfacet
  facet normal 0 1 -0
    outer loop
      vertex 142.297 53.4325 2
      vertex 138.297 53.4325 2.2
      vertex 142.297 53.4325 2.2
    endloop
  endfacet
  facet normal 0 1 0
    outer loop
      vertex 138.297 53.4325 2.2
      vertex 142.297 53.4325 2
      vertex 138.297 53.4325 2
    endloop
  endfacet
  facet normal -1 0 0
    outer loop
      vertex 138.297 51.4325 2
      vertex 138.297 53.4325 2.2
      vertex 138.297 53.4325 2
    endloop
  endfacet
  facet normal -1 -0 0
    outer loop
      vertex 138.297 53.4325 2.2
      vertex 138.297 51.4325 2
      vertex 138.297 51.4325 2.2
    endloop
  endfacet
  facet normal 0 -1 0
    outer loop
      vertex 138.297 51.4325 2
      vertex 142.297 51.4325 2.2
      vertex 138.297 51.4325 2.2
    endloop
  endfacet
  facet normal 0 -1 -0
    outer loop
      vertex 142.297 51.4325 2.2
      vertex 138.297 51.4325 2
      vertex 142.297 51.4325 2
    endloop
  endfacet
  facet normal -1 0 0
    outer loop
      vertex 142.297 50.2325 2
      vertex 142.297 51.4325 2.2
      vertex 142.297 51.4325 2
    endloop
  endfacet
  facet normal -1 -0 0
    outer loop
      vertex 142.297 51.4325 2.2
      vertex 142.297 50.2325 2
      vertex 142.297 50.2325 2.2
    endloop
  endfacet
  facet normal 0.591364 -0.806405 0
    outer loop
      vertex 142.297 50.2325 2
      vertex 145.297 52.4325 2.2
      vertex 142.297 50.2325 2.2
    endloop
  endfacet
  facet normal 0.591364 -0.806405 0
    outer loop
      vertex 145.297 52.4325 2.2
      vertex 142.297 50.2325 2
      vertex 145.297 52.4325 2
    endloop
  endfacet
  facet normal 1 -0 0
    outer loop
      vertex 168.324 44.019 2.4
      vertex 168.324 44.819 2
      vertex 168.324 44.819 2.4
    endloop
  endfacet
  facet normal 1 0 0
    outer loop
      vertex 168.324 44.819 2
      vertex 168.324 44.019 2.4
      vertex 168.324 44.019 2
    endloop
  endfacet
  facet normal 0 0 1
    outer loop
      vertex 94.4 45.619 2.4
      vertex 93.6 45.619 2.4
      vertex 94.4 44.819 2.4
    endloop
  endfacet
  facet normal -0 0 1
    outer loop
      vertex 94.4 44.819 2.4
      vertex 168.324 44.019 2.4
      vertex 168.324 44.819 2.4
    endloop
  endfacet
  facet normal 0 0 1
    outer loop
      vertex 93.6 44.819 2.4
      vertex 94.4 44.819 2.4
      vertex 93.6 45.619 2.4
    endloop
  endfacet
  facet normal -0 0 1
    outer loop
      vertex 93.6 44.819 2.4
      vertex 168.324 44.019 2.4
      vertex 94.4 44.819 2.4
    endloop
  endfacet
  facet normal 0 0 1
    outer loop
      vertex 19.6758 44.019 2.4
      vertex 93.6 44.819 2.4
      vertex 19.6758 44.819 2.4
    endloop
  endfacet
  facet normal 0 0 1
    outer loop
      vertex 93.6 44.819 2.4
      vertex 19.6758 44.019 2.4
      vertex 168.324 44.019 2.4
    endloop
  endfacet
  facet normal -1 0 0
    outer loop
      vertex 19.6758 44.019 2
      vertex 19.6758 44.819 2.4
      vertex 19.6758 44.819 2
    endloop
  endfacet
  facet normal -1 -0 0
    outer loop
      vertex 19.6758 44.819 2.4
      vertex 19.6758 44.019 2
      vertex 19.6758 44.019 2.4
    endloop
  endfacet
  facet normal 0 1 -0
    outer loop
      vertex 93.6 44.819 2
      vertex 19.6758 44.819 2.4
      vertex 93.6 44.819 2.4
    endloop
  endfacet
  facet normal 0 1 0
    outer loop
      vertex 19.6758 44.819 2.4
      vertex 93.6 44.819 2
      vertex 19.6758 44.819 2
    endloop
  endfacet
  facet normal 0 1 -0
    outer loop
      vertex 168.324 44.819 2
      vertex 94.4 44.819 2.4
      vertex 168.324 44.819 2.4
    endloop
  endfacet
  facet normal 0 1 0
    outer loop
      vertex 94.4 44.819 2.4
      vertex 168.324 44.819 2
      vertex 94.4 44.819 2
    endloop
  endfacet
  facet normal 0 -1 0
    outer loop
      vertex 19.6758 44.019 2
      vertex 168.324 44.019 2.4
      vertex 19.6758 44.019 2.4
    endloop
  endfacet
  facet normal 0 -1 -0
    outer loop
      vertex 168.324 44.019 2.4
      vertex 19.6758 44.019 2
      vertex 168.324 44.019 2
    endloop
  endfacet
  facet normal 0 1 -0
    outer loop
      vertex 166.936 33.819 2
      vertex 21.0636 33.819 2.4
      vertex 166.936 33.819 2.4
    endloop
  endfacet
  facet normal 0 1 0
    outer loop
      vertex 21.0636 33.819 2.4
      vertex 166.936 33.819 2
      vertex 21.0636 33.819 2
    endloop
  endfacet
  facet normal 0 -1 0
    outer loop
      vertex 21.7683 33.019 2
      vertex 93.6 33.019 2.4
      vertex 21.7683 33.019 2.4
    endloop
  endfacet
  facet normal 0 -1 -0
    outer loop
      vertex 93.6 33.019 2.4
      vertex 21.7683 33.019 2
      vertex 93.6 33.019 2
    endloop
  endfacet
  facet normal 0 -1 0
    outer loop
      vertex 94.4 33.019 2
      vertex 166.232 33.019 2.4
      vertex 94.4 33.019 2.4
    endloop
  endfacet
  facet normal 0 -1 -0
    outer loop
      vertex 166.232 33.019 2.4
      vertex 94.4 33.019 2
      vertex 166.232 33.019 2
    endloop
  endfacet
  facet normal 1 -0 0
    outer loop
      vertex 94.4 44.819 2.4
      vertex 94.4 45.619 2
      vertex 94.4 45.619 2.4
    endloop
  endfacet
  facet normal 1 0 0
    outer loop
      vertex 94.4 45.619 2
      vertex 94.4 44.819 2.4
      vertex 94.4 44.819 2
    endloop
  endfacet
  facet normal -1 0 0
    outer loop
      vertex 93.6 44.819 2
      vertex 93.6 45.619 2.4
      vertex 93.6 45.619 2
    endloop
  endfacet
  facet normal -1 -0 0
    outer loop
      vertex 93.6 45.619 2.4
      vertex 93.6 44.819 2
      vertex 93.6 44.819 2.4
    endloop
  endfacet
  facet normal 0 1 -0
    outer loop
      vertex 94.4 45.619 2
      vertex 93.6 45.619 2.4
      vertex 94.4 45.619 2.4
    endloop
  endfacet
  facet normal 0 1 0
    outer loop
      vertex 93.6 45.619 2.4
      vertex 94.4 45.619 2
      vertex 93.6 45.619 2
    endloop
  endfacet
  facet normal 1 -0 0
    outer loop
      vertex 94.4 32.219 2.4
      vertex 94.4 33.019 2
      vertex 94.4 33.019 2.4
    endloop
  endfacet
  facet normal 1 0 0
    outer loop
      vertex 94.4 33.019 2
      vertex 94.4 32.219 2.4
      vertex 94.4 32.219 2
    endloop
  endfacet
  facet normal -1 0 0
    outer loop
      vertex 93.6 32.219 2
      vertex 93.6 33.019 2.4
      vertex 93.6 33.019 2
    endloop
  endfacet
  facet normal -1 -0 0
    outer loop
      vertex 93.6 33.019 2.4
      vertex 93.6 32.219 2
      vertex 93.6 32.219 2.4
    endloop
  endfacet
  facet normal 0 -1 0
    outer loop
      vertex 93.6 32.219 2
      vertex 94.4 32.219 2.4
      vertex 93.6 32.219 2.4
    endloop
  endfacet
  facet normal 0 -1 -0
    outer loop
      vertex 94.4 32.219 2.4
      vertex 93.6 32.219 2
      vertex 94.4 32.219 2
    endloop
  endfacet
  facet normal 0 0 1
    outer loop
      vertex 42.7028 38.919 2.2
      vertex 45.7028 39.919 2.2
      vertex 45.7028 41.119 2.2
    endloop
  endfacet
  facet normal 0 0 1
    outer loop
      vertex 45.7028 39.919 2.2
      vertex 42.7028 38.919 2.2
      vertex 45.7028 37.919 2.2
    endloop
  endfacet
  facet normal 0 0 1
    outer loop
      vertex 45.7028 37.919 2.2
      vertex 42.7028 38.919 2.2
      vertex 45.7028 36.719 2.2
    endloop
  endfacet
  facet normal -0 0 1
    outer loop
      vertex 45.7028 39.919 2.2
      vertex 49.7028 37.919 2.2
      vertex 49.7028 39.919 2.2
    endloop
  endfacet
  facet normal 0 0 1
    outer loop
      vertex 49.7028 37.919 2.2
      vertex 45.7028 39.919 2.2
      vertex 45.7028 37.919 2.2
    endloop
  endfacet
  facet normal 0 -1 0
    outer loop
      vertex 45.7028 37.919 2
      vertex 49.7028 37.919 2.2
      vertex 45.7028 37.919 2.2
    endloop
  endfacet
  facet normal 0 -1 -0
    outer loop
      vertex 49.7028 37.919 2.2
      vertex 45.7028 37.919 2
      vertex 49.7028 37.919 2
    endloop
  endfacet
  facet normal 1 -0 0
    outer loop
      vertex 49.7028 37.919 2.2
      vertex 49.7028 39.919 2
      vertex 49.7028 39.919 2.2
    endloop
  endfacet
  facet normal 1 0 0
    outer loop
      vertex 49.7028 39.919 2
      vertex 49.7028 37.919 2.2
      vertex 49.7028 37.919 2
    endloop
  endfacet
  facet normal 0 1 -0
    outer loop
      vertex 49.7028 39.919 2
      vertex 45.7028 39.919 2.2
      vertex 49.7028 39.919 2.2
    endloop
  endfacet
  facet normal 0 1 0
    outer loop
      vertex 45.7028 39.919 2.2
      vertex 49.7028 39.919 2
      vertex 45.7028 39.919 2
    endloop
  endfacet
  facet normal 1 -0 0
    outer loop
      vertex 45.7028 39.919 2.2
      vertex 45.7028 41.119 2
      vertex 45.7028 41.119 2.2
    endloop
  endfacet
  facet normal 1 0 0
    outer loop
      vertex 45.7028 41.119 2
      vertex 45.7028 39.919 2.2
      vertex 45.7028 39.919 2
    endloop
  endfacet
  facet normal -0.591364 0.806405 0
    outer loop
      vertex 45.7028 41.119 2
      vertex 42.7028 38.919 2.2
      vertex 45.7028 41.119 2.2
    endloop
  endfacet
  facet normal -0.591364 0.806405 0
    outer loop
      vertex 42.7028 38.919 2.2
      vertex 45.7028 41.119 2
      vertex 42.7028 38.919 2
    endloop
  endfacet
  facet normal -0.591364 -0.806405 0
    outer loop
      vertex 42.7028 38.919 2
      vertex 45.7028 36.719 2.2
      vertex 42.7028 38.919 2.2
    endloop
  endfacet
  facet normal -0.591364 -0.806405 -0
    outer loop
      vertex 45.7028 36.719 2.2
      vertex 42.7028 38.919 2
      vertex 45.7028 36.719 2
    endloop
  endfacet
  facet normal 1 -0 0
    outer loop
      vertex 45.7028 36.719 2.2
      vertex 45.7028 37.919 2
      vertex 45.7028 37.919 2.2
    endloop
  endfacet
  facet normal 1 0 0
    outer loop
      vertex 45.7028 37.919 2
      vertex 45.7028 36.719 2.2
      vertex 45.7028 36.719 2
    endloop
  endfacet
  facet normal 0 0 1
    outer loop
      vertex 137.297 38.919 2.2
      vertex 140.297 39.919 2.2
      vertex 140.297 41.119 2.2
    endloop
  endfacet
  facet normal 0 0 1
    outer loop
      vertex 140.297 39.919 2.2
      vertex 137.297 38.919 2.2
      vertex 140.297 37.919 2.2
    endloop
  endfacet
  facet normal 0 0 1
    outer loop
      vertex 140.297 37.919 2.2
      vertex 137.297 38.919 2.2
      vertex 140.297 36.719 2.2
    endloop
  endfacet
  facet normal -0 0 1
    outer loop
      vertex 140.297 39.919 2.2
      vertex 144.297 37.919 2.2
      vertex 144.297 39.919 2.2
    endloop
  endfacet
  facet normal 0 0 1
    outer loop
      vertex 144.297 37.919 2.2
      vertex 140.297 39.919 2.2
      vertex 140.297 37.919 2.2
    endloop
  endfacet
  facet normal 0 -1 0
    outer loop
      vertex 140.297 37.919 2
      vertex 144.297 37.919 2.2
      vertex 140.297 37.919 2.2
    endloop
  endfacet
  facet normal 0 -1 -0
    outer loop
      vertex 144.297 37.919 2.2
      vertex 140.297 37.919 2
      vertex 144.297 37.919 2
    endloop
  endfacet
  facet normal 1 -0 0
    outer loop
      vertex 144.297 37.919 2.2
      vertex 144.297 39.919 2
      vertex 144.297 39.919 2.2
    endloop
  endfacet
  facet normal 1 0 0
    outer loop
      vertex 144.297 39.919 2
      vertex 144.297 37.919 2.2
      vertex 144.297 37.919 2
    endloop
  endfacet
  facet normal 0 1 -0
    outer loop
      vertex 144.297 39.919 2
      vertex 140.297 39.919 2.2
      vertex 144.297 39.919 2.2
    endloop
  endfacet
  facet normal 0 1 0
    outer loop
      vertex 140.297 39.919 2.2
      vertex 144.297 39.919 2
      vertex 140.297 39.919 2
    endloop
  endfacet
  facet normal 1 -0 0
    outer loop
      vertex 140.297 39.919 2.2
      vertex 140.297 41.119 2
      vertex 140.297 41.119 2.2
    endloop
  endfacet
  facet normal 1 0 0
    outer loop
      vertex 140.297 41.119 2
      vertex 140.297 39.919 2.2
      vertex 140.297 39.919 2
    endloop
  endfacet
  facet normal -0.591364 0.806405 0
    outer loop
      vertex 140.297 41.119 2
      vertex 137.297 38.919 2.2
      vertex 140.297 41.119 2.2
    endloop
  endfacet
  facet normal -0.591364 0.806405 0
    outer loop
      vertex 137.297 38.919 2.2
      vertex 140.297 41.119 2
      vertex 137.297 38.919 2
    endloop
  endfacet
  facet normal -0.591364 -0.806405 0
    outer loop
      vertex 137.297 38.919 2
      vertex 140.297 36.719 2.2
      vertex 137.297 38.919 2.2
    endloop
  endfacet
  facet normal -0.591364 -0.806405 -0
    outer loop
      vertex 140.297 36.719 2.2
      vertex 137.297 38.919 2
      vertex 140.297 36.719 2
    endloop
  endfacet
  facet normal 1 -0 0
    outer loop
      vertex 140.297 36.719 2.2
      vertex 140.297 37.919 2
      vertex 140.297 37.919 2.2
    endloop
  endfacet
  facet normal 1 0 0
    outer loop
      vertex 140.297 37.919 2
      vertex 140.297 36.719 2.2
      vertex 140.297 36.719 2
    endloop
  endfacet
  facet normal 1 -0 0
    outer loop
      vertex 120.927 30.5055 2.4
      vertex 120.927 31.3055 2
      vertex 120.927 31.3055 2.4
    endloop
  endfacet
  facet normal 1 0 0
    outer loop
      vertex 120.927 31.3055 2
      vertex 120.927 30.5055 2.4
      vertex 120.927 30.5055 2
    endloop
  endfacet
  facet normal 0 0 1
    outer loop
      vertex 94.4 32.1055 2.4
      vertex 93.6 32.1055 2.4
      vertex 94.4 31.3055 2.4
    endloop
  endfacet
  facet normal -0 0 1
    outer loop
      vertex 94.4 31.3055 2.4
      vertex 120.927 30.5055 2.4
      vertex 120.927 31.3055 2.4
    endloop
  endfacet
  facet normal 0 0 1
    outer loop
      vertex 93.6 31.3055 2.4
      vertex 94.4 31.3055 2.4
      vertex 93.6 32.1055 2.4
    endloop
  endfacet
  facet normal -0 0 1
    outer loop
      vertex 93.6 31.3055 2.4
      vertex 120.927 30.5055 2.4
      vertex 94.4 31.3055 2.4
    endloop
  endfacet
  facet normal 0 0 1
    outer loop
      vertex 67.073 30.5055 2.4
      vertex 93.6 31.3055 2.4
      vertex 67.073 31.3055 2.4
    endloop
  endfacet
  facet normal 0 0 1
    outer loop
      vertex 93.6 31.3055 2.4
      vertex 67.073 30.5055 2.4
      vertex 120.927 30.5055 2.4
    endloop
  endfacet
  facet normal -1 0 0
    outer loop
      vertex 67.073 30.5055 2
      vertex 67.073 31.3055 2.4
      vertex 67.073 31.3055 2
    endloop
  endfacet
  facet normal -1 -0 0
    outer loop
      vertex 67.073 31.3055 2.4
      vertex 67.073 30.5055 2
      vertex 67.073 30.5055 2.4
    endloop
  endfacet
  facet normal 0 1 -0
    outer loop
      vertex 93.6 31.3055 2
      vertex 67.073 31.3055 2.4
      vertex 93.6 31.3055 2.4
    endloop
  endfacet
  facet normal 0 1 0
    outer loop
      vertex 67.073 31.3055 2.4
      vertex 93.6 31.3055 2
      vertex 67.073 31.3055 2
    endloop
  endfacet
  facet normal 0 1 -0
    outer loop
      vertex 120.927 31.3055 2
      vertex 94.4 31.3055 2.4
      vertex 120.927 31.3055 2.4
    endloop
  endfacet
  facet normal 0 1 0
    outer loop
      vertex 94.4 31.3055 2.4
      vertex 120.927 31.3055 2
      vertex 94.4 31.3055 2
    endloop
  endfacet
  facet normal 0 -1 0
    outer loop
      vertex 67.073 30.5055 2
      vertex 120.927 30.5055 2.4
      vertex 67.073 30.5055 2.4
    endloop
  endfacet
  facet normal 0 -1 -0
    outer loop
      vertex 120.927 30.5055 2.4
      vertex 67.073 30.5055 2
      vertex 120.927 30.5055 2
    endloop
  endfacet
  facet normal 1 -0 0
    outer loop
      vertex 120.927 19.5055 2.4
      vertex 120.927 20.3055 2
      vertex 120.927 20.3055 2.4
    endloop
  endfacet
  facet normal 1 0 0
    outer loop
      vertex 120.927 20.3055 2
      vertex 120.927 19.5055 2.4
      vertex 120.927 19.5055 2
    endloop
  endfacet
  facet normal 0 0 1
    outer loop
      vertex 120.927 20.3055 2.4
      vertex 94.4 19.5055 2.4
      vertex 120.927 19.5055 2.4
    endloop
  endfacet
  facet normal 0 0 1
    outer loop
      vertex 94.4 19.5055 2.4
      vertex 93.6 19.5055 2.4
      vertex 94.4 18.7055 2.4
    endloop
  endfacet
  facet normal 0 0 1
    outer loop
      vertex 120.927 20.3055 2.4
      vertex 93.6 19.5055 2.4
      vertex 94.4 19.5055 2.4
    endloop
  endfacet
  facet normal -0 0 1
    outer loop
      vertex 67.073 20.3055 2.4
      vertex 93.6 19.5055 2.4
      vertex 120.927 20.3055 2.4
    endloop
  endfacet
  facet normal 0 0 1
    outer loop
      vertex 93.6 19.5055 2.4
      vertex 67.073 20.3055 2.4
      vertex 67.073 19.5055 2.4
    endloop
  endfacet
  facet normal 0 0 1
    outer loop
      vertex 94.4 18.7055 2.4
      vertex 93.6 19.5055 2.4
      vertex 93.6 18.7055 2.4
    endloop
  endfacet
  facet normal -1 0 0
    outer loop
      vertex 67.073 19.5055 2
      vertex 67.073 20.3055 2.4
      vertex 67.073 20.3055 2
    endloop
  endfacet
  facet normal -1 -0 0
    outer loop
      vertex 67.073 20.3055 2.4
      vertex 67.073 19.5055 2
      vertex 67.073 19.5055 2.4
    endloop
  endfacet
  facet normal 0 1 -0
    outer loop
      vertex 120.927 20.3055 2
      vertex 67.073 20.3055 2.4
      vertex 120.927 20.3055 2.4
    endloop
  endfacet
  facet normal 0 1 0
    outer loop
      vertex 67.073 20.3055 2.4
      vertex 120.927 20.3055 2
      vertex 67.073 20.3055 2
    endloop
  endfacet
  facet normal 0 -1 0
    outer loop
      vertex 67.073 19.5055 2
      vertex 93.6 19.5055 2.4
      vertex 67.073 19.5055 2.4
    endloop
  endfacet
  facet normal 0 -1 -0
    outer loop
      vertex 93.6 19.5055 2.4
      vertex 67.073 19.5055 2
      vertex 93.6 19.5055 2
    endloop
  endfacet
  facet normal 0 -1 0
    outer loop
      vertex 94.4 19.5055 2
      vertex 120.927 19.5055 2.4
      vertex 94.4 19.5055 2.4
    endloop
  endfacet
  facet normal 0 -1 -0
    outer loop
      vertex 120.927 19.5055 2.4
      vertex 94.4 19.5055 2
      vertex 120.927 19.5055 2
    endloop
  endfacet
  facet normal 1 -0 0
    outer loop
      vertex 94.4 31.3055 2.4
      vertex 94.4 32.1055 2
      vertex 94.4 32.1055 2.4
    endloop
  endfacet
  facet normal 1 0 0
    outer loop
      vertex 94.4 32.1055 2
      vertex 94.4 31.3055 2.4
      vertex 94.4 31.3055 2
    endloop
  endfacet
  facet normal -1 0 0
    outer loop
      vertex 93.6 31.3055 2
      vertex 93.6 32.1055 2.4
      vertex 93.6 32.1055 2
    endloop
  endfacet
  facet normal -1 -0 0
    outer loop
      vertex 93.6 32.1055 2.4
      vertex 93.6 31.3055 2
      vertex 93.6 31.3055 2.4
    endloop
  endfacet
  facet normal 0 1 -0
    outer loop
      vertex 94.4 32.1055 2
      vertex 93.6 32.1055 2.4
      vertex 94.4 32.1055 2.4
    endloop
  endfacet
  facet normal 0 1 0
    outer loop
      vertex 93.6 32.1055 2.4
      vertex 94.4 32.1055 2
      vertex 93.6 32.1055 2
    endloop
  endfacet
  facet normal 1 -0 0
    outer loop
      vertex 94.4 18.7055 2.4
      vertex 94.4 19.5055 2
      vertex 94.4 19.5055 2.4
    endloop
  endfacet
  facet normal 1 0 0
    outer loop
      vertex 94.4 19.5055 2
      vertex 94.4 18.7055 2.4
      vertex 94.4 18.7055 2
    endloop
  endfacet
  facet normal -1 0 0
    outer loop
      vertex 93.6 18.7055 2
      vertex 93.6 19.5055 2.4
      vertex 93.6 19.5055 2
    endloop
  endfacet
  facet normal -1 -0 0
    outer loop
      vertex 93.6 19.5055 2.4
      vertex 93.6 18.7055 2
      vertex 93.6 18.7055 2.4
    endloop
  endfacet
  facet normal 0 -1 0
    outer loop
      vertex 93.6 18.7055 2
      vertex 94.4 18.7055 2.4
      vertex 93.6 18.7055 2.4
    endloop
  endfacet
  facet normal 0 -1 -0
    outer loop
      vertex 94.4 18.7055 2.4
      vertex 93.6 18.7055 2
      vertex 94.4 18.7055 2
    endloop
  endfacet
  facet normal -0 0 1
    outer loop
      vertex 74.8838 26.4055 2.2
      vertex 78.8838 24.4055 2.2
      vertex 78.8838 26.4055 2.2
    endloop
  endfacet
  facet normal 0 0 1
    outer loop
      vertex 78.8838 24.4055 2.2
      vertex 74.8838 26.4055 2.2
      vertex 74.8838 24.4055 2.2
    endloop
  endfacet
  facet normal -0 0 1
    outer loop
      vertex 78.8838 26.4055 2.2
      vertex 81.8838 25.4055 2.2
      vertex 78.8838 27.6055 2.2
    endloop
  endfacet
  facet normal 0 0 1
    outer loop
      vertex 78.8838 24.4055 2.2
      vertex 81.8838 25.4055 2.2
      vertex 78.8838 26.4055 2.2
    endloop
  endfacet
  facet normal 0 0 1
    outer loop
      vertex 81.8838 25.4055 2.2
      vertex 78.8838 24.4055 2.2
      vertex 78.8838 23.2055 2.2
    endloop
  endfacet
  facet normal 0.591364 0.806405 -0
    outer loop
      vertex 81.8838 25.4055 2
      vertex 78.8838 27.6055 2.2
      vertex 81.8838 25.4055 2.2
    endloop
  endfacet
  facet normal 0.591364 0.806405 0
    outer loop
      vertex 78.8838 27.6055 2.2
      vertex 81.8838 25.4055 2
      vertex 78.8838 27.6055 2
    endloop
  endfacet
  facet normal -1 0 0
    outer loop
      vertex 78.8838 26.4055 2
      vertex 78.8838 27.6055 2.2
      vertex 78.8838 27.6055 2
    endloop
  endfacet
  facet normal -1 -0 0
    outer loop
      vertex 78.8838 27.6055 2.2
      vertex 78.8838 26.4055 2
      vertex 78.8838 26.4055 2.2
    endloop
  endfacet
  facet normal 0 1 -0
    outer loop
      vertex 78.8838 26.4055 2
      vertex 74.8838 26.4055 2.2
      vertex 78.8838 26.4055 2.2
    endloop
  endfacet
  facet normal 0 1 0
    outer loop
      vertex 74.8838 26.4055 2.2
      vertex 78.8838 26.4055 2
      vertex 74.8838 26.4055 2
    endloop
  endfacet
  facet normal -1 0 0
    outer loop
      vertex 74.8838 24.4055 2
      vertex 74.8838 26.4055 2.2
      vertex 74.8838 26.4055 2
    endloop
  endfacet
  facet normal -1 -0 0
    outer loop
      vertex 74.8838 26.4055 2.2
      vertex 74.8838 24.4055 2
      vertex 74.8838 24.4055 2.2
    endloop
  endfacet
  facet normal 0 -1 0
    outer loop
      vertex 74.8838 24.4055 2
      vertex 78.8838 24.4055 2.2
      vertex 74.8838 24.4055 2.2
    endloop
  endfacet
  facet normal 0 -1 -0
    outer loop
      vertex 78.8838 24.4055 2.2
      vertex 74.8838 24.4055 2
      vertex 78.8838 24.4055 2
    endloop
  endfacet
  facet normal -1 0 0
    outer loop
      vertex 78.8838 23.2055 2
      vertex 78.8838 24.4055 2.2
      vertex 78.8838 24.4055 2
    endloop
  endfacet
  facet normal -1 -0 0
    outer loop
      vertex 78.8838 24.4055 2.2
      vertex 78.8838 23.2055 2
      vertex 78.8838 23.2055 2.2
    endloop
  endfacet
  facet normal 0.591364 -0.806405 0
    outer loop
      vertex 78.8838 23.2055 2
      vertex 81.8838 25.4055 2.2
      vertex 78.8838 23.2055 2.2
    endloop
  endfacet
  facet normal 0.591364 -0.806405 0
    outer loop
      vertex 81.8838 25.4055 2.2
      vertex 78.8838 23.2055 2
      vertex 81.8838 25.4055 2
    endloop
  endfacet
  facet normal -0 0 1
    outer loop
      vertex 107.116 26.4055 2.2
      vertex 111.116 24.4055 2.2
      vertex 111.116 26.4055 2.2
    endloop
  endfacet
  facet normal 0 0 1
    outer loop
      vertex 111.116 24.4055 2.2
      vertex 107.116 26.4055 2.2
      vertex 107.116 24.4055 2.2
    endloop
  endfacet
  facet normal -0 0 1
    outer loop
      vertex 111.116 26.4055 2.2
      vertex 114.116 25.4055 2.2
      vertex 111.116 27.6055 2.2
    endloop
  endfacet
  facet normal 0 0 1
    outer loop
      vertex 111.116 24.4055 2.2
      vertex 114.116 25.4055 2.2
      vertex 111.116 26.4055 2.2
    endloop
  endfacet
  facet normal 0 0 1
    outer loop
      vertex 114.116 25.4055 2.2
      vertex 111.116 24.4055 2.2
      vertex 111.116 23.2055 2.2
    endloop
  endfacet
  facet normal 0.591364 0.806405 -0
    outer loop
      vertex 114.116 25.4055 2
      vertex 111.116 27.6055 2.2
      vertex 114.116 25.4055 2.2
    endloop
  endfacet
  facet normal 0.591364 0.806405 0
    outer loop
      vertex 111.116 27.6055 2.2
      vertex 114.116 25.4055 2
      vertex 111.116 27.6055 2
    endloop
  endfacet
  facet normal -1 0 0
    outer loop
      vertex 111.116 26.4055 2
      vertex 111.116 27.6055 2.2
      vertex 111.116 27.6055 2
    endloop
  endfacet
  facet normal -1 -0 0
    outer loop
      vertex 111.116 27.6055 2.2
      vertex 111.116 26.4055 2
      vertex 111.116 26.4055 2.2
    endloop
  endfacet
  facet normal 0 1 -0
    outer loop
      vertex 111.116 26.4055 2
      vertex 107.116 26.4055 2.2
      vertex 111.116 26.4055 2.2
    endloop
  endfacet
  facet normal 0 1 0
    outer loop
      vertex 107.116 26.4055 2.2
      vertex 111.116 26.4055 2
      vertex 107.116 26.4055 2
    endloop
  endfacet
  facet normal -1 0 0
    outer loop
      vertex 107.116 24.4055 2
      vertex 107.116 26.4055 2.2
      vertex 107.116 26.4055 2
    endloop
  endfacet
  facet normal -1 -0 0
    outer loop
      vertex 107.116 26.4055 2.2
      vertex 107.116 24.4055 2
      vertex 107.116 24.4055 2.2
    endloop
  endfacet
  facet normal 0 -1 0
    outer loop
      vertex 107.116 24.4055 2
      vertex 111.116 24.4055 2.2
      vertex 107.116 24.4055 2.2
    endloop
  endfacet
  facet normal 0 -1 -0
    outer loop
      vertex 111.116 24.4055 2.2
      vertex 107.116 24.4055 2
      vertex 111.116 24.4055 2
    endloop
  endfacet
  facet normal -1 0 0
    outer loop
      vertex 111.116 23.2055 2
      vertex 111.116 24.4055 2.2
      vertex 111.116 24.4055 2
    endloop
  endfacet
  facet normal -1 -0 0
    outer loop
      vertex 111.116 24.4055 2.2
      vertex 111.116 23.2055 2
      vertex 111.116 23.2055 2.2
    endloop
  endfacet
  facet normal 0.591364 -0.806405 0
    outer loop
      vertex 111.116 23.2055 2
      vertex 114.116 25.4055 2.2
      vertex 111.116 23.2055 2.2
    endloop
  endfacet
  facet normal 0.591364 -0.806405 0
    outer loop
      vertex 114.116 25.4055 2.2
      vertex 111.116 23.2055 2
      vertex 114.116 25.4055 2
    endloop
  endfacet
endsolid OpenSCAD_Model
