solid OpenSCAD_Model
  facet normal 1 -0 0
    outer loop
      vertex 90 0 2
      vertex 90 65 0
      vertex 90 65 2
    endloop
  endfacet
  facet normal 1 0 0
    outer loop
      vertex 90 65 0
      vertex 90 0 2
      vertex 90 0 0
    endloop
  endfacet
  facet normal 0 0 -1
    outer loop
      vertex 78.9689 18.25 2
      vertex 80 17.1607 2
      vertex 79.5251 17.5251 2
    endloop
  endfacet
  facet normal 0 0 -1
    outer loop
      vertex 78.6193 19.0941 2
      vertex 80 17.1607 2
      vertex 78.9689 18.25 2
    endloop
  endfacet
  facet normal 0 0 -1
    outer loop
      vertex 80 17.1607 2
      vertex 78.6193 19.0941 2
      vertex 80 22.8393 2
    endloop
  endfacet
  facet normal 0 0 -1
    outer loop
      vertex 80 22.8393 2
      vertex 78.9689 21.75 2
      vertex 79.5251 22.4749 2
    endloop
  endfacet
  facet normal 0 0 -1
    outer loop
      vertex 78.6193 20.9059 2
      vertex 80 22.8393 2
      vertex 78.6193 19.0941 2
    endloop
  endfacet
  facet normal 0 0 -1
    outer loop
      vertex 80 22.8393 2
      vertex 78.6193 20.9059 2
      vertex 78.9689 21.75 2
    endloop
  endfacet
  facet normal 0 -0 -1
    outer loop
      vertex 78.6193 20.9059 2
      vertex 78.6193 19.0941 2
      vertex 78.5 20 2
    endloop
  endfacet
  facet normal 0 0 1
    outer loop
      vertex 83.3523 20.3623 2
      vertex 83.3523 19.6377 2
      vertex 83.4 20 2
    endloop
  endfacet
  facet normal 0 0 1
    outer loop
      vertex 83.2124 20.7 2
      vertex 83.3523 19.6377 2
      vertex 83.3523 20.3623 2
    endloop
  endfacet
  facet normal 0 0 1
    outer loop
      vertex 83.2124 20.7 2
      vertex 83.2124 19.3 2
      vertex 83.3523 19.6377 2
    endloop
  endfacet
  facet normal 0 0 1
    outer loop
      vertex 82.99 20.9899 2
      vertex 83.2124 19.3 2
      vertex 83.2124 20.7 2
    endloop
  endfacet
  facet normal 0 0 1
    outer loop
      vertex 82.99 20.9899 2
      vertex 82.99 19.0101 2
      vertex 83.2124 19.3 2
    endloop
  endfacet
  facet normal 0 0 1
    outer loop
      vertex 82.7 21.2124 2
      vertex 82.99 19.0101 2
      vertex 82.99 20.9899 2
    endloop
  endfacet
  facet normal 0 0 1
    outer loop
      vertex 82.7 21.2124 2
      vertex 82.7 18.7876 2
      vertex 82.99 19.0101 2
    endloop
  endfacet
  facet normal 0 0 1
    outer loop
      vertex 82.3624 21.3523 2
      vertex 82.7 18.7876 2
      vertex 82.7 21.2124 2
    endloop
  endfacet
  facet normal 0 0 1
    outer loop
      vertex 82.3624 21.3523 2
      vertex 82.3624 18.6477 2
      vertex 82.7 18.7876 2
    endloop
  endfacet
  facet normal 0 0 1
    outer loop
      vertex 82 21.4 2
      vertex 82.3624 18.6477 2
      vertex 82.3624 21.3523 2
    endloop
  endfacet
  facet normal 0 0 1
    outer loop
      vertex 82 21.4 2
      vertex 82 18.6 2
      vertex 82.3624 18.6477 2
    endloop
  endfacet
  facet normal -0 0 1
    outer loop
      vertex 81.6376 21.3523 2
      vertex 82 18.6 2
      vertex 82 21.4 2
    endloop
  endfacet
  facet normal 0 0 1
    outer loop
      vertex 81.6376 21.3523 2
      vertex 81.6376 18.6477 2
      vertex 82 18.6 2
    endloop
  endfacet
  facet normal -0 0 1
    outer loop
      vertex 81.3 21.2124 2
      vertex 81.6376 18.6477 2
      vertex 81.6376 21.3523 2
    endloop
  endfacet
  facet normal 0 0 1
    outer loop
      vertex 81.3 21.2124 2
      vertex 81.3 18.7876 2
      vertex 81.6376 18.6477 2
    endloop
  endfacet
  facet normal -0 0 1
    outer loop
      vertex 81.01 20.9899 2
      vertex 81.3 18.7876 2
      vertex 81.3 21.2124 2
    endloop
  endfacet
  facet normal 0 0 1
    outer loop
      vertex 81.01 20.9899 2
      vertex 81.01 19.0101 2
      vertex 81.3 18.7876 2
    endloop
  endfacet
  facet normal -0 0 1
    outer loop
      vertex 80.7876 20.7 2
      vertex 81.01 19.0101 2
      vertex 81.01 20.9899 2
    endloop
  endfacet
  facet normal 0 0 1
    outer loop
      vertex 80.7876 20.7 2
      vertex 80.7876 19.3 2
      vertex 81.01 19.0101 2
    endloop
  endfacet
  facet normal -0 0 1
    outer loop
      vertex 80.6477 20.3623 2
      vertex 80.7876 19.3 2
      vertex 80.7876 20.7 2
    endloop
  endfacet
  facet normal 0 0 1
    outer loop
      vertex 80.6477 20.3623 2
      vertex 80.6477 19.6377 2
      vertex 80.7876 19.3 2
    endloop
  endfacet
  facet normal 0 -0 1
    outer loop
      vertex 80.6477 19.6377 2
      vertex 80.6477 20.3623 2
      vertex 80.6 20 2
    endloop
  endfacet
  facet normal 0 0 -1
    outer loop
      vertex 78.9689 40.25 2
      vertex 80 39.1607 2
      vertex 79.5251 39.5251 2
    endloop
  endfacet
  facet normal 0 0 -1
    outer loop
      vertex 78.6193 41.0941 2
      vertex 80 39.1607 2
      vertex 78.9689 40.25 2
    endloop
  endfacet
  facet normal 0 0 -1
    outer loop
      vertex 80 39.1607 2
      vertex 78.6193 41.0941 2
      vertex 80 44.8393 2
    endloop
  endfacet
  facet normal 0 0 -1
    outer loop
      vertex 80 44.8393 2
      vertex 78.9689 43.75 2
      vertex 79.5251 44.4749 2
    endloop
  endfacet
  facet normal 0 0 -1
    outer loop
      vertex 78.6193 42.9059 2
      vertex 80 44.8393 2
      vertex 78.6193 41.0941 2
    endloop
  endfacet
  facet normal 0 0 -1
    outer loop
      vertex 80 44.8393 2
      vertex 78.6193 42.9059 2
      vertex 78.9689 43.75 2
    endloop
  endfacet
  facet normal 0 -0 -1
    outer loop
      vertex 78.6193 42.9059 2
      vertex 78.6193 41.0941 2
      vertex 78.5 42 2
    endloop
  endfacet
  facet normal 0 0 1
    outer loop
      vertex 83.3523 42.3623 2
      vertex 83.3523 41.6377 2
      vertex 83.4 42 2
    endloop
  endfacet
  facet normal 0 0 1
    outer loop
      vertex 83.2124 42.7 2
      vertex 83.3523 41.6377 2
      vertex 83.3523 42.3623 2
    endloop
  endfacet
  facet normal 0 0 1
    outer loop
      vertex 83.2124 42.7 2
      vertex 83.2124 41.3 2
      vertex 83.3523 41.6377 2
    endloop
  endfacet
  facet normal 0 0 1
    outer loop
      vertex 82.99 42.9899 2
      vertex 83.2124 41.3 2
      vertex 83.2124 42.7 2
    endloop
  endfacet
  facet normal 0 0 1
    outer loop
      vertex 82.99 42.9899 2
      vertex 82.99 41.0101 2
      vertex 83.2124 41.3 2
    endloop
  endfacet
  facet normal 0 0 1
    outer loop
      vertex 82.7 43.2124 2
      vertex 82.99 41.0101 2
      vertex 82.99 42.9899 2
    endloop
  endfacet
  facet normal 0 0 1
    outer loop
      vertex 82.7 43.2124 2
      vertex 82.7 40.7876 2
      vertex 82.99 41.0101 2
    endloop
  endfacet
  facet normal 0 0 1
    outer loop
      vertex 82.3624 43.3523 2
      vertex 82.7 40.7876 2
      vertex 82.7 43.2124 2
    endloop
  endfacet
  facet normal 0 0 1
    outer loop
      vertex 82.3624 43.3523 2
      vertex 82.3624 40.6477 2
      vertex 82.7 40.7876 2
    endloop
  endfacet
  facet normal 0 0 1
    outer loop
      vertex 82 43.4 2
      vertex 82.3624 40.6477 2
      vertex 82.3624 43.3523 2
    endloop
  endfacet
  facet normal 0 0 1
    outer loop
      vertex 82 43.4 2
      vertex 82 40.6 2
      vertex 82.3624 40.6477 2
    endloop
  endfacet
  facet normal -0 0 1
    outer loop
      vertex 81.6376 43.3523 2
      vertex 82 40.6 2
      vertex 82 43.4 2
    endloop
  endfacet
  facet normal 0 0 1
    outer loop
      vertex 81.6376 43.3523 2
      vertex 81.6376 40.6477 2
      vertex 82 40.6 2
    endloop
  endfacet
  facet normal -0 0 1
    outer loop
      vertex 81.3 43.2124 2
      vertex 81.6376 40.6477 2
      vertex 81.6376 43.3523 2
    endloop
  endfacet
  facet normal 0 0 1
    outer loop
      vertex 81.3 43.2124 2
      vertex 81.3 40.7876 2
      vertex 81.6376 40.6477 2
    endloop
  endfacet
  facet normal -0 0 1
    outer loop
      vertex 81.01 42.9899 2
      vertex 81.3 40.7876 2
      vertex 81.3 43.2124 2
    endloop
  endfacet
  facet normal 0 0 1
    outer loop
      vertex 81.01 42.9899 2
      vertex 81.01 41.0101 2
      vertex 81.3 40.7876 2
    endloop
  endfacet
  facet normal -0 0 1
    outer loop
      vertex 80.7876 42.7 2
      vertex 81.01 41.0101 2
      vertex 81.01 42.9899 2
    endloop
  endfacet
  facet normal 0 0 1
    outer loop
      vertex 80.7876 42.7 2
      vertex 80.7876 41.3 2
      vertex 81.01 41.0101 2
    endloop
  endfacet
  facet normal -0 0 1
    outer loop
      vertex 80.6477 42.3623 2
      vertex 80.7876 41.3 2
      vertex 80.7876 42.7 2
    endloop
  endfacet
  facet normal 0 0 1
    outer loop
      vertex 80.6477 42.3623 2
      vertex 80.6477 41.6377 2
      vertex 80.7876 41.3 2
    endloop
  endfacet
  facet normal 0 -0 1
    outer loop
      vertex 80.6477 41.6377 2
      vertex 80.6477 42.3623 2
      vertex 80.6 42 2
    endloop
  endfacet
  facet normal 0 0 1
    outer loop
      vertex 3.61436 59.2 2
      vertex 4.61926 57.0941 2
      vertex 3.86863 58.8686 2
    endloop
  endfacet
  facet normal 0 0 1
    outer loop
      vertex 4.2 58.6144 2
      vertex 4.5 58 2
      vertex 4.56119 58.4648 2
    endloop
  endfacet
  facet normal 0 0 1
    outer loop
      vertex 4.5 7 2
      vertex 4.2 6.38564 2
      vertex 4.56119 6.53525 2
    endloop
  endfacet
  facet normal 0 0 1
    outer loop
      vertex 0 65 2
      vertex 4.61926 57.0941 2
      vertex 3.61436 59.2 2
    endloop
  endfacet
  facet normal 0 0 1
    outer loop
      vertex 4.61926 7.90587 2
      vertex 3.86863 6.13137 2
      vertex 4.5 7 2
    endloop
  endfacet
  facet normal 0 0 1
    outer loop
      vertex 4.5 7 2
      vertex 3.86863 6.13137 2
      vertex 4.2 6.38564 2
    endloop
  endfacet
  facet normal 0 0 1
    outer loop
      vertex 4.61926 57.0941 2
      vertex 0 65 2
      vertex 4.61926 7.90587 2
    endloop
  endfacet
  facet normal 0 0 1
    outer loop
      vertex 4.61926 7.90587 2
      vertex 3.61436 5.8 2
      vertex 3.86863 6.13137 2
    endloop
  endfacet
  facet normal 0 0 1
    outer loop
      vertex 0 65 2
      vertex 3.61436 59.2 2
      vertex 3.45452 59.5859 2
    endloop
  endfacet
  facet normal 0 0 1
    outer loop
      vertex 0 0 2
      vertex 4.61926 7.90587 2
      vertex 0 65 2
    endloop
  endfacet
  facet normal 0 0 1
    outer loop
      vertex 0 65 2
      vertex 3.45452 59.5859 2
      vertex 3.4 60 2
    endloop
  endfacet
  facet normal 0 0 1
    outer loop
      vertex 4.61926 7.90587 2
      vertex 0 0 2
      vertex 3.61436 5.8 2
    endloop
  endfacet
  facet normal 0 0 1
    outer loop
      vertex 32.6193 7.90587 2
      vertex 11.5 7 2
      vertex 32.5 7 2
    endloop
  endfacet
  facet normal 0 0 1
    outer loop
      vertex 11.3807 7.90587 2
      vertex 32.6193 7.90587 2
      vertex 32.9689 8.75 2
    endloop
  endfacet
  facet normal 0 0 1
    outer loop
      vertex 11.0311 8.75 2
      vertex 32.9689 8.75 2
      vertex 33.5251 9.47487 2
    endloop
  endfacet
  facet normal -0 0 1
    outer loop
      vertex 10 10 2
      vertex 33.5251 9.47487 2
      vertex 34.2095 10 2
    endloop
  endfacet
  facet normal 0 0 1
    outer loop
      vertex 32.6193 7.90587 2
      vertex 11.3807 7.90587 2
      vertex 11.5 7 2
    endloop
  endfacet
  facet normal 0 0 1
    outer loop
      vertex 32.9689 8.75 2
      vertex 11.0311 8.75 2
      vertex 11.3807 7.90587 2
    endloop
  endfacet
  facet normal 0 0 1
    outer loop
      vertex 33.5251 9.47487 2
      vertex 10.4749 9.47487 2
      vertex 11.0311 8.75 2
    endloop
  endfacet
  facet normal 0 0 1
    outer loop
      vertex 33.5251 9.47487 2
      vertex 10 10 2
      vertex 10.4749 9.47487 2
    endloop
  endfacet
  facet normal 0 0 1
    outer loop
      vertex 10 10 2
      vertex 9.75 10.0311 2
      vertex 10.4749 9.47487 2
    endloop
  endfacet
  facet normal 0 0 1
    outer loop
      vertex 10 55 2
      vertex 8.90587 54.6193 2
      vertex 10 10 2
    endloop
  endfacet
  facet normal -0 0 1
    outer loop
      vertex 8.90587 10.3807 2
      vertex 10 10 2
      vertex 8.90587 54.6193 2
    endloop
  endfacet
  facet normal 0 0 1
    outer loop
      vertex 10 10 2
      vertex 8.90587 10.3807 2
      vertex 9.75 10.0311 2
    endloop
  endfacet
  facet normal -0 0 1
    outer loop
      vertex 8 54.5 2
      vertex 8.90587 10.3807 2
      vertex 8.90587 54.6193 2
    endloop
  endfacet
  facet normal 0 0 1
    outer loop
      vertex 8 54.5 2
      vertex 8 10.5 2
      vertex 8.90587 10.3807 2
    endloop
  endfacet
  facet normal 0 0 1
    outer loop
      vertex 7.09413 54.6193 2
      vertex 8 10.5 2
      vertex 8 54.5 2
    endloop
  endfacet
  facet normal 0 0 1
    outer loop
      vertex 7.09413 54.6193 2
      vertex 7.09413 10.3807 2
      vertex 8 10.5 2
    endloop
  endfacet
  facet normal 0 0 1
    outer loop
      vertex 6.25 54.9689 2
      vertex 7.09413 10.3807 2
      vertex 7.09413 54.6193 2
    endloop
  endfacet
  facet normal 0 0 1
    outer loop
      vertex 6.25 54.9689 2
      vertex 6.25 10.0311 2
      vertex 7.09413 10.3807 2
    endloop
  endfacet
  facet normal 0 0 1
    outer loop
      vertex 5.52513 55.5251 2
      vertex 6.25 10.0311 2
      vertex 6.25 54.9689 2
    endloop
  endfacet
  facet normal 0 0 1
    outer loop
      vertex 5.52513 55.5251 2
      vertex 5.52513 9.47487 2
      vertex 6.25 10.0311 2
    endloop
  endfacet
  facet normal 0 0 1
    outer loop
      vertex 4.96891 56.25 2
      vertex 5.52513 9.47487 2
      vertex 5.52513 55.5251 2
    endloop
  endfacet
  facet normal 0 0 1
    outer loop
      vertex 4.96891 56.25 2
      vertex 4.96891 8.75 2
      vertex 5.52513 9.47487 2
    endloop
  endfacet
  facet normal 0 0 1
    outer loop
      vertex 4.61926 57.0941 2
      vertex 4.96891 8.75 2
      vertex 4.96891 56.25 2
    endloop
  endfacet
  facet normal 0 0 1
    outer loop
      vertex 4.61926 57.0941 2
      vertex 4.61926 7.90587 2
      vertex 4.96891 8.75 2
    endloop
  endfacet
  facet normal 0 0 1
    outer loop
      vertex 3.86863 58.8686 2
      vertex 4.5 58 2
      vertex 4.2 58.6144 2
    endloop
  endfacet
  facet normal 0 0 1
    outer loop
      vertex 4.5 58 2
      vertex 3.86863 58.8686 2
      vertex 4.61926 57.0941 2
    endloop
  endfacet
  facet normal 0 0 1
    outer loop
      vertex 80 10 2
      vertex 39.3807 7.90587 2
      vertex 39.5 7 2
    endloop
  endfacet
  facet normal 0 0 1
    outer loop
      vertex 80 10 2
      vertex 39.0311 8.75 2
      vertex 39.3807 7.90587 2
    endloop
  endfacet
  facet normal 0 0 1
    outer loop
      vertex 80 10 2
      vertex 38.4749 9.47487 2
      vertex 39.0311 8.75 2
    endloop
  endfacet
  facet normal 0 -0 1
    outer loop
      vertex 38.4749 9.47487 2
      vertex 80 10 2
      vertex 37.7905 10 2
    endloop
  endfacet
  facet normal 0 0 1
    outer loop
      vertex 80.25 45.0311 2
      vertex 80 55 2
      vertex 80 44.8393 2
    endloop
  endfacet
  facet normal -0 0 1
    outer loop
      vertex 39.3807 57.0941 2
      vertex 80 55 2
      vertex 39.5 58 2
    endloop
  endfacet
  facet normal -0 0 1
    outer loop
      vertex 39.0311 56.25 2
      vertex 80 55 2
      vertex 39.3807 57.0941 2
    endloop
  endfacet
  facet normal -0 0 1
    outer loop
      vertex 38.4749 55.5251 2
      vertex 80 55 2
      vertex 39.0311 56.25 2
    endloop
  endfacet
  facet normal 0 0 1
    outer loop
      vertex 80 55 2
      vertex 38.4749 55.5251 2
      vertex 37.7905 55 2
    endloop
  endfacet
  facet normal -0 0 1
    outer loop
      vertex 11.5 58 2
      vertex 32.6193 57.0941 2
      vertex 32.5 58 2
    endloop
  endfacet
  facet normal 0 0 1
    outer loop
      vertex 11.3807 57.0941 2
      vertex 32.6193 57.0941 2
      vertex 11.5 58 2
    endloop
  endfacet
  facet normal 0 0 1
    outer loop
      vertex 32.6193 57.0941 2
      vertex 11.3807 57.0941 2
      vertex 32.9689 56.25 2
    endloop
  endfacet
  facet normal 0 0 1
    outer loop
      vertex 11.0311 56.25 2
      vertex 32.9689 56.25 2
      vertex 11.3807 57.0941 2
    endloop
  endfacet
  facet normal 0 0 1
    outer loop
      vertex 32.9689 56.25 2
      vertex 11.0311 56.25 2
      vertex 33.5251 55.5251 2
    endloop
  endfacet
  facet normal 0 0 1
    outer loop
      vertex 10.4749 55.5251 2
      vertex 33.5251 55.5251 2
      vertex 11.0311 56.25 2
    endloop
  endfacet
  facet normal 0 0 1
    outer loop
      vertex 10 55 2
      vertex 33.5251 55.5251 2
      vertex 10.4749 55.5251 2
    endloop
  endfacet
  facet normal 0 0 1
    outer loop
      vertex 33.5251 55.5251 2
      vertex 10 55 2
      vertex 34.2095 55 2
    endloop
  endfacet
  facet normal 0 0 1
    outer loop
      vertex 8.90587 54.6193 2
      vertex 10 55 2
      vertex 9.75 54.9689 2
    endloop
  endfacet
  facet normal 0 0 1
    outer loop
      vertex 9.75 54.9689 2
      vertex 10 55 2
      vertex 10.4749 55.5251 2
    endloop
  endfacet
  facet normal -0 0 1
    outer loop
      vertex 85.3807 41.0941 2
      vertex 85.5 20 2
      vertex 85.5 42 2
    endloop
  endfacet
  facet normal 0 0 1
    outer loop
      vertex 85.3807 41.0941 2
      vertex 85.3807 20.9059 2
      vertex 85.5 20 2
    endloop
  endfacet
  facet normal -0 0 1
    outer loop
      vertex 85.0311 40.25 2
      vertex 85.3807 20.9059 2
      vertex 85.3807 41.0941 2
    endloop
  endfacet
  facet normal 0 0 1
    outer loop
      vertex 85.0311 40.25 2
      vertex 85.0311 21.75 2
      vertex 85.3807 20.9059 2
    endloop
  endfacet
  facet normal -0 0 1
    outer loop
      vertex 84.4749 39.5251 2
      vertex 85.0311 21.75 2
      vertex 85.0311 40.25 2
    endloop
  endfacet
  facet normal 0 0 1
    outer loop
      vertex 84.4749 39.5251 2
      vertex 84.4749 22.4749 2
      vertex 85.0311 21.75 2
    endloop
  endfacet
  facet normal -0 0 1
    outer loop
      vertex 83.75 38.9689 2
      vertex 84.4749 22.4749 2
      vertex 84.4749 39.5251 2
    endloop
  endfacet
  facet normal 0 0 1
    outer loop
      vertex 83.75 38.9689 2
      vertex 83.75 23.0311 2
      vertex 84.4749 22.4749 2
    endloop
  endfacet
  facet normal -0 0 1
    outer loop
      vertex 82.9059 38.6193 2
      vertex 83.75 23.0311 2
      vertex 83.75 38.9689 2
    endloop
  endfacet
  facet normal 0 0 1
    outer loop
      vertex 82.9059 38.6193 2
      vertex 82.9059 23.3807 2
      vertex 83.75 23.0311 2
    endloop
  endfacet
  facet normal -0 0 1
    outer loop
      vertex 82 38.5 2
      vertex 82.9059 23.3807 2
      vertex 82.9059 38.6193 2
    endloop
  endfacet
  facet normal 0 0 1
    outer loop
      vertex 82 38.5 2
      vertex 82 23.5 2
      vertex 82.9059 23.3807 2
    endloop
  endfacet
  facet normal 0 0 1
    outer loop
      vertex 81.0941 38.6193 2
      vertex 82 23.5 2
      vertex 82 38.5 2
    endloop
  endfacet
  facet normal 0 0 1
    outer loop
      vertex 81.0941 38.6193 2
      vertex 81.0941 23.3807 2
      vertex 82 23.5 2
    endloop
  endfacet
  facet normal 0 0 1
    outer loop
      vertex 80.25 38.9689 2
      vertex 81.0941 23.3807 2
      vertex 81.0941 38.6193 2
    endloop
  endfacet
  facet normal 0 0 1
    outer loop
      vertex 80.25 38.9689 2
      vertex 80.25 23.0311 2
      vertex 81.0941 23.3807 2
    endloop
  endfacet
  facet normal 0 0 1
    outer loop
      vertex 80 39.1607 2
      vertex 80.25 23.0311 2
      vertex 80.25 38.9689 2
    endloop
  endfacet
  facet normal 0 0 1
    outer loop
      vertex 80.25 23.0311 2
      vertex 80 39.1607 2
      vertex 80 22.8393 2
    endloop
  endfacet
  facet normal 0 0 1
    outer loop
      vertex 90 65 2
      vertex 85.5 42 2
      vertex 90 0 2
    endloop
  endfacet
  facet normal -0 0 1
    outer loop
      vertex 85.5 20 2
      vertex 90 0 2
      vertex 85.5 42 2
    endloop
  endfacet
  facet normal 0 0 1
    outer loop
      vertex 85.3807 42.9059 2
      vertex 86.5455 59.5859 2
      vertex 86.3856 59.2 2
    endloop
  endfacet
  facet normal -0 0 1
    outer loop
      vertex 85.3807 19.0941 2
      vertex 90 0 2
      vertex 85.5 20 2
    endloop
  endfacet
  facet normal 0 0 1
    outer loop
      vertex 85.0311 43.75 2
      vertex 86.3856 59.2 2
      vertex 86.1314 58.8686 2
    endloop
  endfacet
  facet normal 0 0 1
    outer loop
      vertex 90 0 2
      vertex 86.5455 5.41411 2
      vertex 86.6 5 2
    endloop
  endfacet
  facet normal 0 0 1
    outer loop
      vertex 84.4749 44.4749 2
      vertex 86.1314 58.8686 2
      vertex 85.8 58.6144 2
    endloop
  endfacet
  facet normal -0 -0 1
    outer loop
      vertex 86.3856 5.8 2
      vertex 90 0 2
      vertex 85.3807 19.0941 2
    endloop
  endfacet
  facet normal 0 0 1
    outer loop
      vertex 90 0 2
      vertex 86.3856 5.8 2
      vertex 86.5455 5.41411 2
    endloop
  endfacet
  facet normal 0 0 1
    outer loop
      vertex 83.75 45.0311 2
      vertex 85.8 58.6144 2
      vertex 85.4141 58.4545 2
    endloop
  endfacet
  facet normal 0 0 1
    outer loop
      vertex 86.5455 59.5859 2
      vertex 85.3807 42.9059 2
      vertex 85.5 42 2
    endloop
  endfacet
  facet normal 0 0 1
    outer loop
      vertex 86.3856 59.2 2
      vertex 85.0311 43.75 2
      vertex 85.3807 42.9059 2
    endloop
  endfacet
  facet normal 0 0 1
    outer loop
      vertex 83.75 45.0311 2
      vertex 85.4141 58.4545 2
      vertex 85 58.4 2
    endloop
  endfacet
  facet normal 0 0 1
    outer loop
      vertex 80 55 2
      vertex 85 58.4 2
      vertex 84.5859 58.4545 2
    endloop
  endfacet
  facet normal 0 0 1
    outer loop
      vertex 86.1314 58.8686 2
      vertex 84.4749 44.4749 2
      vertex 85.0311 43.75 2
    endloop
  endfacet
  facet normal 0 0 1
    outer loop
      vertex 80 55 2
      vertex 84.5859 58.4545 2
      vertex 84.2 58.6144 2
    endloop
  endfacet
  facet normal 0 0 1
    outer loop
      vertex 80 55 2
      vertex 84.2 58.6144 2
      vertex 83.8686 58.8686 2
    endloop
  endfacet
  facet normal 0 0 1
    outer loop
      vertex 85.8 58.6144 2
      vertex 83.75 45.0311 2
      vertex 84.4749 44.4749 2
    endloop
  endfacet
  facet normal 0 0 1
    outer loop
      vertex 80 55 2
      vertex 83.8686 58.8686 2
      vertex 83.6144 59.2 2
    endloop
  endfacet
  facet normal 0 0 1
    outer loop
      vertex 80 55 2
      vertex 83.6144 59.2 2
      vertex 83.4545 59.5859 2
    endloop
  endfacet
  facet normal 0 0 1
    outer loop
      vertex 80 55 2
      vertex 83.4545 59.5859 2
      vertex 83.4 60 2
    endloop
  endfacet
  facet normal 0 0 1
    outer loop
      vertex 85 58.4 2
      vertex 80 55 2
      vertex 83.75 45.0311 2
    endloop
  endfacet
  facet normal 0 0 1
    outer loop
      vertex 86.5455 59.5859 2
      vertex 90 65 2
      vertex 86.6 60 2
    endloop
  endfacet
  facet normal 0 0 1
    outer loop
      vertex 90 65 2
      vertex 86.5455 60.4141 2
      vertex 86.6 60 2
    endloop
  endfacet
  facet normal 0 0 1
    outer loop
      vertex 90 65 2
      vertex 86.3856 60.8 2
      vertex 86.5455 60.4141 2
    endloop
  endfacet
  facet normal 0 0 1
    outer loop
      vertex 90 65 2
      vertex 86.1314 61.1314 2
      vertex 86.3856 60.8 2
    endloop
  endfacet
  facet normal 0 0 1
    outer loop
      vertex 90 65 2
      vertex 85.8 61.3856 2
      vertex 86.1314 61.1314 2
    endloop
  endfacet
  facet normal 0 0 1
    outer loop
      vertex 90 65 2
      vertex 85.4141 61.5455 2
      vertex 85.8 61.3856 2
    endloop
  endfacet
  facet normal 0 0 1
    outer loop
      vertex 90 65 2
      vertex 85 61.6 2
      vertex 85.4141 61.5455 2
    endloop
  endfacet
  facet normal 0 0 1
    outer loop
      vertex 90 65 2
      vertex 84.5859 61.5455 2
      vertex 85 61.6 2
    endloop
  endfacet
  facet normal 0 0 1
    outer loop
      vertex 90 65 2
      vertex 84.2 61.3856 2
      vertex 84.5859 61.5455 2
    endloop
  endfacet
  facet normal 0 0 1
    outer loop
      vertex 83.75 45.0311 2
      vertex 80 55 2
      vertex 82.9059 45.3807 2
    endloop
  endfacet
  facet normal 0 0 1
    outer loop
      vertex 82.9059 45.3807 2
      vertex 80 55 2
      vertex 82 45.5 2
    endloop
  endfacet
  facet normal 0 0 1
    outer loop
      vertex 80 55 2
      vertex 83.4 60 2
      vertex 83.4545 60.4141 2
    endloop
  endfacet
  facet normal 0 0 1
    outer loop
      vertex 82 45.5 2
      vertex 80 55 2
      vertex 81.0941 45.3807 2
    endloop
  endfacet
  facet normal 0 0 1
    outer loop
      vertex 81.0941 45.3807 2
      vertex 80 55 2
      vertex 80.25 45.0311 2
    endloop
  endfacet
  facet normal 0 0 1
    outer loop
      vertex 83.6144 60.8 2
      vertex 80 55 2
      vertex 83.4545 60.4141 2
    endloop
  endfacet
  facet normal -0 0 1
    outer loop
      vertex 39.0311 59.75 2
      vertex 80 55 2
      vertex 83.6144 60.8 2
    endloop
  endfacet
  facet normal 0 0 1
    outer loop
      vertex 38.4749 60.4749 2
      vertex 83.6144 60.8 2
      vertex 83.8686 61.1314 2
    endloop
  endfacet
  facet normal 0 0 1
    outer loop
      vertex 37.75 61.0311 2
      vertex 83.8686 61.1314 2
      vertex 84.2 61.3856 2
    endloop
  endfacet
  facet normal 0 0 1
    outer loop
      vertex 37.75 61.0311 2
      vertex 84.2 61.3856 2
      vertex 90 65 2
    endloop
  endfacet
  facet normal 0 0 1
    outer loop
      vertex 80 55 2
      vertex 39.3807 58.9059 2
      vertex 39.5 58 2
    endloop
  endfacet
  facet normal 0 0 1
    outer loop
      vertex 80 55 2
      vertex 39.0311 59.75 2
      vertex 39.3807 58.9059 2
    endloop
  endfacet
  facet normal 0 0 1
    outer loop
      vertex 83.6144 60.8 2
      vertex 38.4749 60.4749 2
      vertex 39.0311 59.75 2
    endloop
  endfacet
  facet normal 0 0 1
    outer loop
      vertex 83.8686 61.1314 2
      vertex 37.75 61.0311 2
      vertex 38.4749 60.4749 2
    endloop
  endfacet
  facet normal 0 0 1
    outer loop
      vertex 90 65 2
      vertex 36.9059 61.3807 2
      vertex 37.75 61.0311 2
    endloop
  endfacet
  facet normal 0 0 1
    outer loop
      vertex 90 65 2
      vertex 36 61.5 2
      vertex 36.9059 61.3807 2
    endloop
  endfacet
  facet normal 0 0 1
    outer loop
      vertex 32.6193 58.9059 2
      vertex 11.5 58 2
      vertex 32.5 58 2
    endloop
  endfacet
  facet normal 0 0 1
    outer loop
      vertex 11.3807 58.9059 2
      vertex 32.6193 58.9059 2
      vertex 32.9689 59.75 2
    endloop
  endfacet
  facet normal 0 0 1
    outer loop
      vertex 11.0311 59.75 2
      vertex 32.9689 59.75 2
      vertex 33.5251 60.4749 2
    endloop
  endfacet
  facet normal 0 0 1
    outer loop
      vertex 10.4749 60.4749 2
      vertex 33.5251 60.4749 2
      vertex 34.25 61.0311 2
    endloop
  endfacet
  facet normal 0 0 1
    outer loop
      vertex 9.75 61.0311 2
      vertex 34.25 61.0311 2
      vertex 35.0941 61.3807 2
    endloop
  endfacet
  facet normal 0 0 1
    outer loop
      vertex 32.6193 58.9059 2
      vertex 11.3807 58.9059 2
      vertex 11.5 58 2
    endloop
  endfacet
  facet normal 0 0 1
    outer loop
      vertex 0 65 2
      vertex 35.0941 61.3807 2
      vertex 36 61.5 2
    endloop
  endfacet
  facet normal 0 0 1
    outer loop
      vertex 32.9689 59.75 2
      vertex 11.0311 59.75 2
      vertex 11.3807 58.9059 2
    endloop
  endfacet
  facet normal 0 0 1
    outer loop
      vertex 33.5251 60.4749 2
      vertex 10.4749 60.4749 2
      vertex 11.0311 59.75 2
    endloop
  endfacet
  facet normal -0 0 1
    outer loop
      vertex 0 65 2
      vertex 36 61.5 2
      vertex 90 65 2
    endloop
  endfacet
  facet normal 0 0 1
    outer loop
      vertex 34.25 61.0311 2
      vertex 9.75 61.0311 2
      vertex 10.4749 60.4749 2
    endloop
  endfacet
  facet normal 0 0 1
    outer loop
      vertex 35.0941 61.3807 2
      vertex 8.90587 61.3807 2
      vertex 9.75 61.0311 2
    endloop
  endfacet
  facet normal 0 0 1
    outer loop
      vertex 35.0941 61.3807 2
      vertex 0 65 2
      vertex 8.90587 61.3807 2
    endloop
  endfacet
  facet normal 0 0 1
    outer loop
      vertex 6.25 61.0311 2
      vertex 6.13137 61.1314 2
      vertex 6.22377 61.011 2
    endloop
  endfacet
  facet normal 0 0 1
    outer loop
      vertex 7.09413 61.3807 2
      vertex 6.13137 61.1314 2
      vertex 6.25 61.0311 2
    endloop
  endfacet
  facet normal 0 0 1
    outer loop
      vertex 7.09413 61.3807 2
      vertex 5.8 61.3856 2
      vertex 6.13137 61.1314 2
    endloop
  endfacet
  facet normal 0 0 1
    outer loop
      vertex 5.41411 61.5455 2
      vertex 7.09413 61.3807 2
      vertex 8 61.5 2
    endloop
  endfacet
  facet normal 0 0 1
    outer loop
      vertex 7.09413 61.3807 2
      vertex 5.41411 61.5455 2
      vertex 5.8 61.3856 2
    endloop
  endfacet
  facet normal 0 0 1
    outer loop
      vertex 8.90587 61.3807 2
      vertex 0 65 2
      vertex 8 61.5 2
    endloop
  endfacet
  facet normal 0 0 1
    outer loop
      vertex 8 61.5 2
      vertex 0 65 2
      vertex 5.41411 61.5455 2
    endloop
  endfacet
  facet normal 0 0 1
    outer loop
      vertex 3.61436 5.8 2
      vertex 0 0 2
      vertex 3.45452 5.41411 2
    endloop
  endfacet
  facet normal 0 0 1
    outer loop
      vertex 3.45452 60.4141 2
      vertex 0 65 2
      vertex 3.4 60 2
    endloop
  endfacet
  facet normal 0 0 1
    outer loop
      vertex 3.61436 60.8 2
      vertex 0 65 2
      vertex 3.45452 60.4141 2
    endloop
  endfacet
  facet normal 0 0 1
    outer loop
      vertex 3.86863 61.1314 2
      vertex 0 65 2
      vertex 3.61436 60.8 2
    endloop
  endfacet
  facet normal 0 0 1
    outer loop
      vertex 4.2 61.3856 2
      vertex 0 65 2
      vertex 3.86863 61.1314 2
    endloop
  endfacet
  facet normal 0 0 1
    outer loop
      vertex 4.58589 61.5455 2
      vertex 0 65 2
      vertex 4.2 61.3856 2
    endloop
  endfacet
  facet normal 0 0 1
    outer loop
      vertex 5 61.6 2
      vertex 0 65 2
      vertex 4.58589 61.5455 2
    endloop
  endfacet
  facet normal 0 0 1
    outer loop
      vertex 5.41411 61.5455 2
      vertex 0 65 2
      vertex 5 61.6 2
    endloop
  endfacet
  facet normal 0 0 1
    outer loop
      vertex 85.5 42 2
      vertex 90 65 2
      vertex 86.5455 59.5859 2
    endloop
  endfacet
  facet normal -0 0 1
    outer loop
      vertex 86.5455 4.58589 2
      vertex 90 0 2
      vertex 86.6 5 2
    endloop
  endfacet
  facet normal -0 0 1
    outer loop
      vertex 86.3856 4.2 2
      vertex 90 0 2
      vertex 86.5455 4.58589 2
    endloop
  endfacet
  facet normal -0 0 1
    outer loop
      vertex 86.1314 3.86863 2
      vertex 90 0 2
      vertex 86.3856 4.2 2
    endloop
  endfacet
  facet normal -0 0 1
    outer loop
      vertex 85.8 3.61436 2
      vertex 90 0 2
      vertex 86.1314 3.86863 2
    endloop
  endfacet
  facet normal -0 0 1
    outer loop
      vertex 85.4141 3.45452 2
      vertex 90 0 2
      vertex 85.8 3.61436 2
    endloop
  endfacet
  facet normal -0 0 1
    outer loop
      vertex 85 3.4 2
      vertex 90 0 2
      vertex 85.4141 3.45452 2
    endloop
  endfacet
  facet normal 0 0 1
    outer loop
      vertex 84.5859 3.45452 2
      vertex 90 0 2
      vertex 85 3.4 2
    endloop
  endfacet
  facet normal 0 0 1
    outer loop
      vertex 84.2 3.61436 2
      vertex 90 0 2
      vertex 84.5859 3.45452 2
    endloop
  endfacet
  facet normal 0 0 1
    outer loop
      vertex 83.6144 5.8 2
      vertex 80 10 2
      vertex 83.4545 5.41411 2
    endloop
  endfacet
  facet normal 0 0 1
    outer loop
      vertex 80 10 2
      vertex 82 16.5 2
      vertex 81.0941 16.6193 2
    endloop
  endfacet
  facet normal 0 0 1
    outer loop
      vertex 83.4545 5.41411 2
      vertex 80 10 2
      vertex 83.4 5 2
    endloop
  endfacet
  facet normal 0 0 1
    outer loop
      vertex 80 10 2
      vertex 81.0941 16.6193 2
      vertex 80.25 16.9689 2
    endloop
  endfacet
  facet normal 0 0 1
    outer loop
      vertex 80 10 2
      vertex 80.25 16.9689 2
      vertex 80 17.1607 2
    endloop
  endfacet
  facet normal 0 0 1
    outer loop
      vertex 83.4 5 2
      vertex 80 10 2
      vertex 83.4545 4.58589 2
    endloop
  endfacet
  facet normal 0 0 1
    outer loop
      vertex 80 10 2
      vertex 83.6144 4.2 2
      vertex 83.4545 4.58589 2
    endloop
  endfacet
  facet normal 0 0 1
    outer loop
      vertex 39.3807 6.09413 2
      vertex 80 10 2
      vertex 39.5 7 2
    endloop
  endfacet
  facet normal 0 0 1
    outer loop
      vertex 39.0311 5.25 2
      vertex 80 10 2
      vertex 39.3807 6.09413 2
    endloop
  endfacet
  facet normal 0 0 1
    outer loop
      vertex 80 10 2
      vertex 39.0311 5.25 2
      vertex 83.6144 4.2 2
    endloop
  endfacet
  facet normal -0 0 1
    outer loop
      vertex 38.4749 4.52513 2
      vertex 83.6144 4.2 2
      vertex 39.0311 5.25 2
    endloop
  endfacet
  facet normal 0 0 1
    outer loop
      vertex 83.6144 4.2 2
      vertex 38.4749 4.52513 2
      vertex 83.8686 3.86863 2
    endloop
  endfacet
  facet normal -0 0 1
    outer loop
      vertex 37.75 3.96891 2
      vertex 83.8686 3.86863 2
      vertex 38.4749 4.52513 2
    endloop
  endfacet
  facet normal 0 0 1
    outer loop
      vertex 83.8686 3.86863 2
      vertex 37.75 3.96891 2
      vertex 84.2 3.61436 2
    endloop
  endfacet
  facet normal 0 0 1
    outer loop
      vertex 84.2 3.61436 2
      vertex 37.75 3.96891 2
      vertex 90 0 2
    endloop
  endfacet
  facet normal -0 0 1
    outer loop
      vertex 36.9059 3.61926 2
      vertex 90 0 2
      vertex 37.75 3.96891 2
    endloop
  endfacet
  facet normal -0 0 1
    outer loop
      vertex 36 3.5 2
      vertex 90 0 2
      vertex 36.9059 3.61926 2
    endloop
  endfacet
  facet normal -0 0 1
    outer loop
      vertex 11.5 7 2
      vertex 32.6193 6.09413 2
      vertex 32.5 7 2
    endloop
  endfacet
  facet normal 0 0 1
    outer loop
      vertex 11.3807 6.09413 2
      vertex 32.6193 6.09413 2
      vertex 11.5 7 2
    endloop
  endfacet
  facet normal 0 0 1
    outer loop
      vertex 32.6193 6.09413 2
      vertex 11.3807 6.09413 2
      vertex 32.9689 5.25 2
    endloop
  endfacet
  facet normal 0 0 1
    outer loop
      vertex 11.0311 5.25 2
      vertex 32.9689 5.25 2
      vertex 11.3807 6.09413 2
    endloop
  endfacet
  facet normal 0 0 1
    outer loop
      vertex 32.9689 5.25 2
      vertex 11.0311 5.25 2
      vertex 33.5251 4.52513 2
    endloop
  endfacet
  facet normal 0 0 1
    outer loop
      vertex 10.4749 4.52513 2
      vertex 33.5251 4.52513 2
      vertex 11.0311 5.25 2
    endloop
  endfacet
  facet normal 0 0 1
    outer loop
      vertex 33.5251 4.52513 2
      vertex 10.4749 4.52513 2
      vertex 34.25 3.96891 2
    endloop
  endfacet
  facet normal 0 0 1
    outer loop
      vertex 9.75 3.96891 2
      vertex 34.25 3.96891 2
      vertex 10.4749 4.52513 2
    endloop
  endfacet
  facet normal 0 0 1
    outer loop
      vertex 34.25 3.96891 2
      vertex 9.75 3.96891 2
      vertex 35.0941 3.61926 2
    endloop
  endfacet
  facet normal 0 0 1
    outer loop
      vertex 8.90587 3.61926 2
      vertex 35.0941 3.61926 2
      vertex 9.75 3.96891 2
    endloop
  endfacet
  facet normal 0 0 1
    outer loop
      vertex 0 0 2
      vertex 35.0941 3.61926 2
      vertex 8.90587 3.61926 2
    endloop
  endfacet
  facet normal 0 0 1
    outer loop
      vertex 35.0941 3.61926 2
      vertex 0 0 2
      vertex 36 3.5 2
    endloop
  endfacet
  facet normal 0 0 1
    outer loop
      vertex 0 0 2
      vertex 8.90587 3.61926 2
      vertex 8 3.5 2
    endloop
  endfacet
  facet normal 0 0 1
    outer loop
      vertex 6.13137 3.86863 2
      vertex 6.25 3.96891 2
      vertex 6.22377 3.98904 2
    endloop
  endfacet
  facet normal -0 0 1
    outer loop
      vertex 6.13137 3.86863 2
      vertex 7.09413 3.61926 2
      vertex 6.25 3.96891 2
    endloop
  endfacet
  facet normal 0 0 1
    outer loop
      vertex 5.8 3.61436 2
      vertex 7.09413 3.61926 2
      vertex 6.13137 3.86863 2
    endloop
  endfacet
  facet normal 0 0 1
    outer loop
      vertex 5.41411 3.45452 2
      vertex 7.09413 3.61926 2
      vertex 5.8 3.61436 2
    endloop
  endfacet
  facet normal 0 0 1
    outer loop
      vertex 7.09413 3.61926 2
      vertex 5.41411 3.45452 2
      vertex 8 3.5 2
    endloop
  endfacet
  facet normal 0 0 1
    outer loop
      vertex 0 0 2
      vertex 8 3.5 2
      vertex 5.41411 3.45452 2
    endloop
  endfacet
  facet normal 0 0 1
    outer loop
      vertex 0 0 2
      vertex 5.41411 3.45452 2
      vertex 5 3.4 2
    endloop
  endfacet
  facet normal 0 0 1
    outer loop
      vertex 36 3.5 2
      vertex 0 0 2
      vertex 90 0 2
    endloop
  endfacet
  facet normal 0 0 1
    outer loop
      vertex 4.58589 3.45452 2
      vertex 0 0 2
      vertex 5 3.4 2
    endloop
  endfacet
  facet normal 0 0 1
    outer loop
      vertex 4.2 3.61436 2
      vertex 0 0 2
      vertex 4.58589 3.45452 2
    endloop
  endfacet
  facet normal 0 0 1
    outer loop
      vertex 3.86863 3.86863 2
      vertex 0 0 2
      vertex 4.2 3.61436 2
    endloop
  endfacet
  facet normal 0 0 1
    outer loop
      vertex 3.61436 4.2 2
      vertex 0 0 2
      vertex 3.86863 3.86863 2
    endloop
  endfacet
  facet normal 0 0 1
    outer loop
      vertex 3.45452 4.58589 2
      vertex 0 0 2
      vertex 3.61436 4.2 2
    endloop
  endfacet
  facet normal 0 0 1
    outer loop
      vertex 3.4 5 2
      vertex 0 0 2
      vertex 3.45452 4.58589 2
    endloop
  endfacet
  facet normal 0 0 1
    outer loop
      vertex 3.45452 5.41411 2
      vertex 0 0 2
      vertex 3.4 5 2
    endloop
  endfacet
  facet normal -0 0 1
    outer loop
      vertex 85.0311 18.25 2
      vertex 86.3856 5.8 2
      vertex 85.3807 19.0941 2
    endloop
  endfacet
  facet normal 0 0 1
    outer loop
      vertex 86.3856 5.8 2
      vertex 85.0311 18.25 2
      vertex 86.1314 6.13137 2
    endloop
  endfacet
  facet normal -0 0 1
    outer loop
      vertex 84.4749 17.5251 2
      vertex 86.1314 6.13137 2
      vertex 85.0311 18.25 2
    endloop
  endfacet
  facet normal 0 0 1
    outer loop
      vertex 86.1314 6.13137 2
      vertex 84.4749 17.5251 2
      vertex 85.8 6.38564 2
    endloop
  endfacet
  facet normal 0 0 1
    outer loop
      vertex 85.8 6.38564 2
      vertex 84.4749 17.5251 2
      vertex 85.4141 6.54548 2
    endloop
  endfacet
  facet normal -0 0 1
    outer loop
      vertex 83.75 16.9689 2
      vertex 85.4141 6.54548 2
      vertex 84.4749 17.5251 2
    endloop
  endfacet
  facet normal 0 0 1
    outer loop
      vertex 85.4141 6.54548 2
      vertex 83.75 16.9689 2
      vertex 85 6.6 2
    endloop
  endfacet
  facet normal -0 0 1
    outer loop
      vertex 82.9059 16.6193 2
      vertex 85 6.6 2
      vertex 83.75 16.9689 2
    endloop
  endfacet
  facet normal -0 0 1
    outer loop
      vertex 80 10 2
      vertex 85 6.6 2
      vertex 82.9059 16.6193 2
    endloop
  endfacet
  facet normal 0 0 1
    outer loop
      vertex 80 10 2
      vertex 82.9059 16.6193 2
      vertex 82 16.5 2
    endloop
  endfacet
  facet normal 0 0 1
    outer loop
      vertex 85 6.6 2
      vertex 80 10 2
      vertex 84.5859 6.54548 2
    endloop
  endfacet
  facet normal 0 0 1
    outer loop
      vertex 84.5859 6.54548 2
      vertex 80 10 2
      vertex 84.2 6.38564 2
    endloop
  endfacet
  facet normal 0 0 1
    outer loop
      vertex 84.2 6.38564 2
      vertex 80 10 2
      vertex 83.8686 6.13137 2
    endloop
  endfacet
  facet normal 0 0 1
    outer loop
      vertex 83.8686 6.13137 2
      vertex 80 10 2
      vertex 83.6144 5.8 2
    endloop
  endfacet
  facet normal 0 0 -1
    outer loop
      vertex 5.52513 4.52513 2
      vertex 6.6 5 2
      vertex 6.54548 4.58589 2
    endloop
  endfacet
  facet normal 0 0 -1
    outer loop
      vertex 5.52513 4.52513 2
      vertex 6.54548 4.58589 2
      vertex 6.38564 4.2 2
    endloop
  endfacet
  facet normal -0 0 -1
    outer loop
      vertex 6.6 5 2
      vertex 5.52513 4.52513 2
      vertex 6.54548 5.41411 2
    endloop
  endfacet
  facet normal 0 0 -1
    outer loop
      vertex 5.52513 4.52513 2
      vertex 6.38564 4.2 2
      vertex 6.22377 3.98904 2
    endloop
  endfacet
  facet normal 0 0 -1
    outer loop
      vertex 4.96891 5.25 2
      vertex 6.54548 5.41411 2
      vertex 5.52513 4.52513 2
    endloop
  endfacet
  facet normal -0 0 -1
    outer loop
      vertex 6.54548 5.41411 2
      vertex 4.96891 5.25 2
      vertex 6.38564 5.8 2
    endloop
  endfacet
  facet normal -0 0 -1
    outer loop
      vertex 6.38564 5.8 2
      vertex 4.96891 5.25 2
      vertex 6.13137 6.13137 2
    endloop
  endfacet
  facet normal -0 0 -1
    outer loop
      vertex 6.13137 6.13137 2
      vertex 4.96891 5.25 2
      vertex 5.8 6.38564 2
    endloop
  endfacet
  facet normal -0 0 -1
    outer loop
      vertex 5.8 6.38564 2
      vertex 4.96891 5.25 2
      vertex 5.41411 6.54548 2
    endloop
  endfacet
  facet normal 0 0 -1
    outer loop
      vertex 4.61926 6.09413 2
      vertex 5.41411 6.54548 2
      vertex 4.96891 5.25 2
    endloop
  endfacet
  facet normal -0 0 -1
    outer loop
      vertex 5.41411 6.54548 2
      vertex 4.61926 6.09413 2
      vertex 5 6.6 2
    endloop
  endfacet
  facet normal 0 0 -1
    outer loop
      vertex 4.61926 6.09413 2
      vertex 4.58589 6.54548 2
      vertex 5 6.6 2
    endloop
  endfacet
  facet normal 0 -0 -1
    outer loop
      vertex 4.58589 6.54548 2
      vertex 4.61926 6.09413 2
      vertex 4.56119 6.53525 2
    endloop
  endfacet
  facet normal 0 0 -1
    outer loop
      vertex 5.52513 60.4749 2
      vertex 6.6 60 2
      vertex 6.54548 59.5859 2
    endloop
  endfacet
  facet normal 0 0 -1
    outer loop
      vertex 4.96891 59.75 2
      vertex 6.54548 59.5859 2
      vertex 6.38564 59.2 2
    endloop
  endfacet
  facet normal 0 0 -1
    outer loop
      vertex 6.6 60 2
      vertex 5.52513 60.4749 2
      vertex 6.54548 60.4141 2
    endloop
  endfacet
  facet normal 0 0 -1
    outer loop
      vertex 6.54548 60.4141 2
      vertex 5.52513 60.4749 2
      vertex 6.38564 60.8 2
    endloop
  endfacet
  facet normal 0 0 -1
    outer loop
      vertex 4.96891 59.75 2
      vertex 6.38564 59.2 2
      vertex 6.13137 58.8686 2
    endloop
  endfacet
  facet normal 0 0 -1
    outer loop
      vertex 4.96891 59.75 2
      vertex 6.13137 58.8686 2
      vertex 5.8 58.6144 2
    endloop
  endfacet
  facet normal -0 0 -1
    outer loop
      vertex 6.38564 60.8 2
      vertex 5.52513 60.4749 2
      vertex 6.22377 61.011 2
    endloop
  endfacet
  facet normal 0 0 -1
    outer loop
      vertex 4.96891 59.75 2
      vertex 5.8 58.6144 2
      vertex 5.41411 58.4545 2
    endloop
  endfacet
  facet normal 0 0 -1
    outer loop
      vertex 4.61926 58.9059 2
      vertex 5.41411 58.4545 2
      vertex 5 58.4 2
    endloop
  endfacet
  facet normal 0 0 -1
    outer loop
      vertex 6.54548 59.5859 2
      vertex 4.96891 59.75 2
      vertex 5.52513 60.4749 2
    endloop
  endfacet
  facet normal 0 0 -1
    outer loop
      vertex 5.41411 58.4545 2
      vertex 4.61926 58.9059 2
      vertex 4.96891 59.75 2
    endloop
  endfacet
  facet normal 0 0 -1
    outer loop
      vertex 4.58589 58.4545 2
      vertex 4.61926 58.9059 2
      vertex 5 58.4 2
    endloop
  endfacet
  facet normal 0 0 -1
    outer loop
      vertex 4.61926 58.9059 2
      vertex 4.58589 58.4545 2
      vertex 4.56119 58.4648 2
    endloop
  endfacet
  facet normal 0 0 1
    outer loop
      vertex 9.3523 7.36235 2
      vertex 9.3523 6.63765 2
      vertex 9.4 7 2
    endloop
  endfacet
  facet normal 0 0 1
    outer loop
      vertex 9.21243 7.7 2
      vertex 9.3523 6.63765 2
      vertex 9.3523 7.36235 2
    endloop
  endfacet
  facet normal 0 0 1
    outer loop
      vertex 9.21243 7.7 2
      vertex 9.21243 6.3 2
      vertex 9.3523 6.63765 2
    endloop
  endfacet
  facet normal 0 0 1
    outer loop
      vertex 8.98995 7.98995 2
      vertex 9.21243 6.3 2
      vertex 9.21243 7.7 2
    endloop
  endfacet
  facet normal 0 0 1
    outer loop
      vertex 8.98995 7.98995 2
      vertex 8.98995 6.01005 2
      vertex 9.21243 6.3 2
    endloop
  endfacet
  facet normal 0 0 1
    outer loop
      vertex 8.7 8.21243 2
      vertex 8.98995 6.01005 2
      vertex 8.98995 7.98995 2
    endloop
  endfacet
  facet normal 0 0 1
    outer loop
      vertex 8.7 8.21243 2
      vertex 8.7 5.78757 2
      vertex 8.98995 6.01005 2
    endloop
  endfacet
  facet normal 0 0 1
    outer loop
      vertex 8.36235 8.3523 2
      vertex 8.7 5.78757 2
      vertex 8.7 8.21243 2
    endloop
  endfacet
  facet normal 0 0 1
    outer loop
      vertex 8.36235 8.3523 2
      vertex 8.36235 5.6477 2
      vertex 8.7 5.78757 2
    endloop
  endfacet
  facet normal 0 0 1
    outer loop
      vertex 8 8.4 2
      vertex 8.36235 5.6477 2
      vertex 8.36235 8.3523 2
    endloop
  endfacet
  facet normal 0 0 1
    outer loop
      vertex 8 8.4 2
      vertex 8 5.6 2
      vertex 8.36235 5.6477 2
    endloop
  endfacet
  facet normal -0 0 1
    outer loop
      vertex 7.63765 8.3523 2
      vertex 8 5.6 2
      vertex 8 8.4 2
    endloop
  endfacet
  facet normal 0 0 1
    outer loop
      vertex 7.63765 8.3523 2
      vertex 7.63765 5.6477 2
      vertex 8 5.6 2
    endloop
  endfacet
  facet normal -0 0 1
    outer loop
      vertex 7.3 8.21243 2
      vertex 7.63765 5.6477 2
      vertex 7.63765 8.3523 2
    endloop
  endfacet
  facet normal 0 0 1
    outer loop
      vertex 7.3 8.21243 2
      vertex 7.3 5.78757 2
      vertex 7.63765 5.6477 2
    endloop
  endfacet
  facet normal -0 0 1
    outer loop
      vertex 7.01005 7.98995 2
      vertex 7.3 5.78757 2
      vertex 7.3 8.21243 2
    endloop
  endfacet
  facet normal 0 0 1
    outer loop
      vertex 7.01005 7.98995 2
      vertex 7.01005 6.01005 2
      vertex 7.3 5.78757 2
    endloop
  endfacet
  facet normal -0 0 1
    outer loop
      vertex 6.78757 7.7 2
      vertex 7.01005 6.01005 2
      vertex 7.01005 7.98995 2
    endloop
  endfacet
  facet normal 0 0 1
    outer loop
      vertex 6.78757 7.7 2
      vertex 6.78757 6.3 2
      vertex 7.01005 6.01005 2
    endloop
  endfacet
  facet normal -0 0 1
    outer loop
      vertex 6.6477 7.36235 2
      vertex 6.78757 6.3 2
      vertex 6.78757 7.7 2
    endloop
  endfacet
  facet normal 0 0 1
    outer loop
      vertex 6.6477 7.36235 2
      vertex 6.6477 6.63765 2
      vertex 6.78757 6.3 2
    endloop
  endfacet
  facet normal 0 -0 1
    outer loop
      vertex 6.6477 6.63765 2
      vertex 6.6477 7.36235 2
      vertex 6.6 7 2
    endloop
  endfacet
  facet normal 0 0 -1
    outer loop
      vertex 37.7905 10 2
      vertex 36.9059 10.3807 2
      vertex 37.75 10.0311 2
    endloop
  endfacet
  facet normal 0 0 -1
    outer loop
      vertex 37.7905 10 2
      vertex 36 10.5 2
      vertex 36.9059 10.3807 2
    endloop
  endfacet
  facet normal 0 0 -1
    outer loop
      vertex 37.7905 10 2
      vertex 35.0941 10.3807 2
      vertex 36 10.5 2
    endloop
  endfacet
  facet normal 0 0 -1
    outer loop
      vertex 34.2095 10 2
      vertex 35.0941 10.3807 2
      vertex 37.7905 10 2
    endloop
  endfacet
  facet normal 0 0 -1
    outer loop
      vertex 35.0941 10.3807 2
      vertex 34.2095 10 2
      vertex 34.25 10.0311 2
    endloop
  endfacet
  facet normal 0 0 1
    outer loop
      vertex 37.3523 7.36235 2
      vertex 37.3523 6.63765 2
      vertex 37.4 7 2
    endloop
  endfacet
  facet normal 0 0 1
    outer loop
      vertex 37.2124 7.7 2
      vertex 37.3523 6.63765 2
      vertex 37.3523 7.36235 2
    endloop
  endfacet
  facet normal 0 0 1
    outer loop
      vertex 37.2124 7.7 2
      vertex 37.2124 6.3 2
      vertex 37.3523 6.63765 2
    endloop
  endfacet
  facet normal 0 0 1
    outer loop
      vertex 36.9899 7.98995 2
      vertex 37.2124 6.3 2
      vertex 37.2124 7.7 2
    endloop
  endfacet
  facet normal 0 0 1
    outer loop
      vertex 36.9899 7.98995 2
      vertex 36.9899 6.01005 2
      vertex 37.2124 6.3 2
    endloop
  endfacet
  facet normal 0 0 1
    outer loop
      vertex 36.7 8.21243 2
      vertex 36.9899 6.01005 2
      vertex 36.9899 7.98995 2
    endloop
  endfacet
  facet normal 0 0 1
    outer loop
      vertex 36.7 8.21243 2
      vertex 36.7 5.78757 2
      vertex 36.9899 6.01005 2
    endloop
  endfacet
  facet normal 0 0 1
    outer loop
      vertex 36.3623 8.3523 2
      vertex 36.7 5.78757 2
      vertex 36.7 8.21243 2
    endloop
  endfacet
  facet normal 0 0 1
    outer loop
      vertex 36.3623 8.3523 2
      vertex 36.3623 5.6477 2
      vertex 36.7 5.78757 2
    endloop
  endfacet
  facet normal 0 0 1
    outer loop
      vertex 36 8.4 2
      vertex 36.3623 5.6477 2
      vertex 36.3623 8.3523 2
    endloop
  endfacet
  facet normal 0 0 1
    outer loop
      vertex 36 8.4 2
      vertex 36 5.6 2
      vertex 36.3623 5.6477 2
    endloop
  endfacet
  facet normal -0 0 1
    outer loop
      vertex 35.6377 8.3523 2
      vertex 36 5.6 2
      vertex 36 8.4 2
    endloop
  endfacet
  facet normal 0 0 1
    outer loop
      vertex 35.6377 8.3523 2
      vertex 35.6377 5.6477 2
      vertex 36 5.6 2
    endloop
  endfacet
  facet normal -0 0 1
    outer loop
      vertex 35.3 8.21243 2
      vertex 35.6377 5.6477 2
      vertex 35.6377 8.3523 2
    endloop
  endfacet
  facet normal 0 0 1
    outer loop
      vertex 35.3 8.21243 2
      vertex 35.3 5.78757 2
      vertex 35.6377 5.6477 2
    endloop
  endfacet
  facet normal -0 0 1
    outer loop
      vertex 35.0101 7.98995 2
      vertex 35.3 5.78757 2
      vertex 35.3 8.21243 2
    endloop
  endfacet
  facet normal 0 0 1
    outer loop
      vertex 35.0101 7.98995 2
      vertex 35.0101 6.01005 2
      vertex 35.3 5.78757 2
    endloop
  endfacet
  facet normal -0 0 1
    outer loop
      vertex 34.7876 7.7 2
      vertex 35.0101 6.01005 2
      vertex 35.0101 7.98995 2
    endloop
  endfacet
  facet normal 0 0 1
    outer loop
      vertex 34.7876 7.7 2
      vertex 34.7876 6.3 2
      vertex 35.0101 6.01005 2
    endloop
  endfacet
  facet normal -0 0 1
    outer loop
      vertex 34.6477 7.36235 2
      vertex 34.7876 6.3 2
      vertex 34.7876 7.7 2
    endloop
  endfacet
  facet normal 0 0 1
    outer loop
      vertex 34.6477 7.36235 2
      vertex 34.6477 6.63765 2
      vertex 34.7876 6.3 2
    endloop
  endfacet
  facet normal 0 -0 1
    outer loop
      vertex 34.6477 6.63765 2
      vertex 34.6477 7.36235 2
      vertex 34.6 7 2
    endloop
  endfacet
  facet normal 0 0 -1
    outer loop
      vertex 36.9059 54.6193 2
      vertex 37.7905 55 2
      vertex 37.75 54.9689 2
    endloop
  endfacet
  facet normal 0 0 -1
    outer loop
      vertex 36 54.5 2
      vertex 37.7905 55 2
      vertex 36.9059 54.6193 2
    endloop
  endfacet
  facet normal 0 0 -1
    outer loop
      vertex 35.0941 54.6193 2
      vertex 37.7905 55 2
      vertex 36 54.5 2
    endloop
  endfacet
  facet normal 0 0 -1
    outer loop
      vertex 34.2095 55 2
      vertex 35.0941 54.6193 2
      vertex 34.25 54.9689 2
    endloop
  endfacet
  facet normal 0 0 -1
    outer loop
      vertex 35.0941 54.6193 2
      vertex 34.2095 55 2
      vertex 37.7905 55 2
    endloop
  endfacet
  facet normal 0 0 1
    outer loop
      vertex 37.3523 58.3623 2
      vertex 37.3523 57.6377 2
      vertex 37.4 58 2
    endloop
  endfacet
  facet normal 0 0 1
    outer loop
      vertex 37.2124 58.7 2
      vertex 37.3523 57.6377 2
      vertex 37.3523 58.3623 2
    endloop
  endfacet
  facet normal 0 0 1
    outer loop
      vertex 37.2124 58.7 2
      vertex 37.2124 57.3 2
      vertex 37.3523 57.6377 2
    endloop
  endfacet
  facet normal 0 0 1
    outer loop
      vertex 36.9899 58.9899 2
      vertex 37.2124 57.3 2
      vertex 37.2124 58.7 2
    endloop
  endfacet
  facet normal 0 0 1
    outer loop
      vertex 36.9899 58.9899 2
      vertex 36.9899 57.0101 2
      vertex 37.2124 57.3 2
    endloop
  endfacet
  facet normal 0 0 1
    outer loop
      vertex 36.7 59.2124 2
      vertex 36.9899 57.0101 2
      vertex 36.9899 58.9899 2
    endloop
  endfacet
  facet normal 0 0 1
    outer loop
      vertex 36.7 59.2124 2
      vertex 36.7 56.7876 2
      vertex 36.9899 57.0101 2
    endloop
  endfacet
  facet normal 0 0 1
    outer loop
      vertex 36.3623 59.3523 2
      vertex 36.7 56.7876 2
      vertex 36.7 59.2124 2
    endloop
  endfacet
  facet normal 0 0 1
    outer loop
      vertex 36.3623 59.3523 2
      vertex 36.3623 56.6477 2
      vertex 36.7 56.7876 2
    endloop
  endfacet
  facet normal 0 0 1
    outer loop
      vertex 36 59.4 2
      vertex 36.3623 56.6477 2
      vertex 36.3623 59.3523 2
    endloop
  endfacet
  facet normal 0 0 1
    outer loop
      vertex 36 59.4 2
      vertex 36 56.6 2
      vertex 36.3623 56.6477 2
    endloop
  endfacet
  facet normal -0 0 1
    outer loop
      vertex 35.6377 59.3523 2
      vertex 36 56.6 2
      vertex 36 59.4 2
    endloop
  endfacet
  facet normal 0 0 1
    outer loop
      vertex 35.6377 59.3523 2
      vertex 35.6377 56.6477 2
      vertex 36 56.6 2
    endloop
  endfacet
  facet normal -0 0 1
    outer loop
      vertex 35.3 59.2124 2
      vertex 35.6377 56.6477 2
      vertex 35.6377 59.3523 2
    endloop
  endfacet
  facet normal 0 0 1
    outer loop
      vertex 35.3 59.2124 2
      vertex 35.3 56.7876 2
      vertex 35.6377 56.6477 2
    endloop
  endfacet
  facet normal -0 0 1
    outer loop
      vertex 35.0101 58.9899 2
      vertex 35.3 56.7876 2
      vertex 35.3 59.2124 2
    endloop
  endfacet
  facet normal 0 0 1
    outer loop
      vertex 35.0101 58.9899 2
      vertex 35.0101 57.0101 2
      vertex 35.3 56.7876 2
    endloop
  endfacet
  facet normal -0 0 1
    outer loop
      vertex 34.7876 58.7 2
      vertex 35.0101 57.0101 2
      vertex 35.0101 58.9899 2
    endloop
  endfacet
  facet normal 0 0 1
    outer loop
      vertex 34.7876 58.7 2
      vertex 34.7876 57.3 2
      vertex 35.0101 57.0101 2
    endloop
  endfacet
  facet normal -0 0 1
    outer loop
      vertex 34.6477 58.3623 2
      vertex 34.7876 57.3 2
      vertex 34.7876 58.7 2
    endloop
  endfacet
  facet normal 0 0 1
    outer loop
      vertex 34.6477 58.3623 2
      vertex 34.6477 57.6377 2
      vertex 34.7876 57.3 2
    endloop
  endfacet
  facet normal 0 -0 1
    outer loop
      vertex 34.6477 57.6377 2
      vertex 34.6477 58.3623 2
      vertex 34.6 58 2
    endloop
  endfacet
  facet normal 0 0 1
    outer loop
      vertex 9.3523 58.3623 2
      vertex 9.3523 57.6377 2
      vertex 9.4 58 2
    endloop
  endfacet
  facet normal 0 0 1
    outer loop
      vertex 9.21243 58.7 2
      vertex 9.3523 57.6377 2
      vertex 9.3523 58.3623 2
    endloop
  endfacet
  facet normal 0 0 1
    outer loop
      vertex 9.21243 58.7 2
      vertex 9.21243 57.3 2
      vertex 9.3523 57.6377 2
    endloop
  endfacet
  facet normal 0 0 1
    outer loop
      vertex 8.98995 58.9899 2
      vertex 9.21243 57.3 2
      vertex 9.21243 58.7 2
    endloop
  endfacet
  facet normal 0 0 1
    outer loop
      vertex 8.98995 58.9899 2
      vertex 8.98995 57.0101 2
      vertex 9.21243 57.3 2
    endloop
  endfacet
  facet normal 0 0 1
    outer loop
      vertex 8.7 59.2124 2
      vertex 8.98995 57.0101 2
      vertex 8.98995 58.9899 2
    endloop
  endfacet
  facet normal 0 0 1
    outer loop
      vertex 8.7 59.2124 2
      vertex 8.7 56.7876 2
      vertex 8.98995 57.0101 2
    endloop
  endfacet
  facet normal 0 0 1
    outer loop
      vertex 8.36235 59.3523 2
      vertex 8.7 56.7876 2
      vertex 8.7 59.2124 2
    endloop
  endfacet
  facet normal 0 0 1
    outer loop
      vertex 8.36235 59.3523 2
      vertex 8.36235 56.6477 2
      vertex 8.7 56.7876 2
    endloop
  endfacet
  facet normal 0 0 1
    outer loop
      vertex 8 59.4 2
      vertex 8.36235 56.6477 2
      vertex 8.36235 59.3523 2
    endloop
  endfacet
  facet normal 0 0 1
    outer loop
      vertex 8 59.4 2
      vertex 8 56.6 2
      vertex 8.36235 56.6477 2
    endloop
  endfacet
  facet normal -0 0 1
    outer loop
      vertex 7.63765 59.3523 2
      vertex 8 56.6 2
      vertex 8 59.4 2
    endloop
  endfacet
  facet normal 0 0 1
    outer loop
      vertex 7.63765 59.3523 2
      vertex 7.63765 56.6477 2
      vertex 8 56.6 2
    endloop
  endfacet
  facet normal -0 0 1
    outer loop
      vertex 7.3 59.2124 2
      vertex 7.63765 56.6477 2
      vertex 7.63765 59.3523 2
    endloop
  endfacet
  facet normal 0 0 1
    outer loop
      vertex 7.3 59.2124 2
      vertex 7.3 56.7876 2
      vertex 7.63765 56.6477 2
    endloop
  endfacet
  facet normal -0 0 1
    outer loop
      vertex 7.01005 58.9899 2
      vertex 7.3 56.7876 2
      vertex 7.3 59.2124 2
    endloop
  endfacet
  facet normal 0 0 1
    outer loop
      vertex 7.01005 58.9899 2
      vertex 7.01005 57.0101 2
      vertex 7.3 56.7876 2
    endloop
  endfacet
  facet normal -0 0 1
    outer loop
      vertex 6.78757 58.7 2
      vertex 7.01005 57.0101 2
      vertex 7.01005 58.9899 2
    endloop
  endfacet
  facet normal 0 0 1
    outer loop
      vertex 6.78757 58.7 2
      vertex 6.78757 57.3 2
      vertex 7.01005 57.0101 2
    endloop
  endfacet
  facet normal -0 0 1
    outer loop
      vertex 6.6477 58.3623 2
      vertex 6.78757 57.3 2
      vertex 6.78757 58.7 2
    endloop
  endfacet
  facet normal 0 0 1
    outer loop
      vertex 6.6477 58.3623 2
      vertex 6.6477 57.6377 2
      vertex 6.78757 57.3 2
    endloop
  endfacet
  facet normal 0 -0 1
    outer loop
      vertex 6.6477 57.6377 2
      vertex 6.6477 58.3623 2
      vertex 6.6 58 2
    endloop
  endfacet
  facet normal 0 0 -1
    outer loop
      vertex 6.13137 6.13137 0
      vertex 10 10 0
      vertex 6.38564 5.8 0
    endloop
  endfacet
  facet normal 0 0 -1
    outer loop
      vertex 10 55 0
      vertex 6.54548 59.5859 0
      vertex 6.6 60 0
    endloop
  endfacet
  facet normal 0 0 -1
    outer loop
      vertex 5.8 6.38564 0
      vertex 10 10 0
      vertex 6.13137 6.13137 0
    endloop
  endfacet
  facet normal 0 0 -1
    outer loop
      vertex 10 55 0
      vertex 6.38564 59.2 0
      vertex 6.54548 59.5859 0
    endloop
  endfacet
  facet normal 0 0 -1
    outer loop
      vertex 5.41411 6.54548 0
      vertex 10 10 0
      vertex 5.8 6.38564 0
    endloop
  endfacet
  facet normal 0 0 -1
    outer loop
      vertex 10 55 0
      vertex 6.13137 58.8686 0
      vertex 6.38564 59.2 0
    endloop
  endfacet
  facet normal 0 0 -1
    outer loop
      vertex 5 6.6 0
      vertex 10 10 0
      vertex 5.41411 6.54548 0
    endloop
  endfacet
  facet normal 0 0 -1
    outer loop
      vertex 10 55 0
      vertex 5.8 58.6144 0
      vertex 6.13137 58.8686 0
    endloop
  endfacet
  facet normal 0 0 -1
    outer loop
      vertex 4.58589 6.54548 0
      vertex 10 10 0
      vertex 5 6.6 0
    endloop
  endfacet
  facet normal 0 0 -1
    outer loop
      vertex 10 55 0
      vertex 5.41411 58.4545 0
      vertex 5.8 58.6144 0
    endloop
  endfacet
  facet normal 0 0 -1
    outer loop
      vertex 4.2 6.38564 0
      vertex 10 10 0
      vertex 4.58589 6.54548 0
    endloop
  endfacet
  facet normal 0 0 -1
    outer loop
      vertex 10 55 0
      vertex 5 58.4 0
      vertex 5.41411 58.4545 0
    endloop
  endfacet
  facet normal -0 0 -1
    outer loop
      vertex 10 10 0
      vertex 4.2 6.38564 0
      vertex 10 55 0
    endloop
  endfacet
  facet normal 0 0 -1
    outer loop
      vertex 10 55 0
      vertex 4.58589 58.4545 0
      vertex 5 58.4 0
    endloop
  endfacet
  facet normal 0 0 -1
    outer loop
      vertex 4.2 58.6144 0
      vertex 10 55 0
      vertex 4.2 6.38564 0
    endloop
  endfacet
  facet normal 0 0 -1
    outer loop
      vertex 10 55 0
      vertex 4.2 58.6144 0
      vertex 4.58589 58.4545 0
    endloop
  endfacet
  facet normal 0 0 -1
    outer loop
      vertex 3.86863 6.13137 0
      vertex 4.2 58.6144 0
      vertex 4.2 6.38564 0
    endloop
  endfacet
  facet normal 0 0 -1
    outer loop
      vertex 3.86863 6.13137 0
      vertex 3.86863 58.8686 0
      vertex 4.2 58.6144 0
    endloop
  endfacet
  facet normal 0 0 -1
    outer loop
      vertex 3.61436 5.8 0
      vertex 3.86863 58.8686 0
      vertex 3.86863 6.13137 0
    endloop
  endfacet
  facet normal 0 0 -1
    outer loop
      vertex 3.61436 5.8 0
      vertex 3.61436 59.2 0
      vertex 3.86863 58.8686 0
    endloop
  endfacet
  facet normal 0 0 -1
    outer loop
      vertex 0 0 0
      vertex 3.61436 5.8 0
      vertex 3.45452 5.41411 0
    endloop
  endfacet
  facet normal -0 0 -1
    outer loop
      vertex 3.61436 5.8 0
      vertex 0 0 0
      vertex 3.61436 59.2 0
    endloop
  endfacet
  facet normal 0 0 -1
    outer loop
      vertex 0 0 0
      vertex 3.45452 5.41411 0
      vertex 3.4 5 0
    endloop
  endfacet
  facet normal 0 0 -1
    outer loop
      vertex 0 65 0
      vertex 3.61436 59.2 0
      vertex 0 0 0
    endloop
  endfacet
  facet normal 0 0 -1
    outer loop
      vertex 90 0 0
      vertex 86.3856 5.8 0
      vertex 90 65 0
    endloop
  endfacet
  facet normal 0 0 -1
    outer loop
      vertex 90 65 0
      vertex 86.5455 59.5859 0
      vertex 86.6 60 0
    endloop
  endfacet
  facet normal 0 0 -1
    outer loop
      vertex 86.3856 59.2 0
      vertex 90 65 0
      vertex 86.3856 5.8 0
    endloop
  endfacet
  facet normal 0 0 -1
    outer loop
      vertex 90 65 0
      vertex 86.3856 59.2 0
      vertex 86.5455 59.5859 0
    endloop
  endfacet
  facet normal 0 0 -1
    outer loop
      vertex 86.1314 6.13137 0
      vertex 86.3856 59.2 0
      vertex 86.3856 5.8 0
    endloop
  endfacet
  facet normal 0 0 -1
    outer loop
      vertex 86.1314 6.13137 0
      vertex 86.1314 58.8686 0
      vertex 86.3856 59.2 0
    endloop
  endfacet
  facet normal 0 0 -1
    outer loop
      vertex 85.8 6.38564 0
      vertex 86.1314 58.8686 0
      vertex 86.1314 6.13137 0
    endloop
  endfacet
  facet normal 0 0 -1
    outer loop
      vertex 85.8 6.38564 0
      vertex 85.8 58.6144 0
      vertex 86.1314 58.8686 0
    endloop
  endfacet
  facet normal 0 0 -1
    outer loop
      vertex 80 10 0
      vertex 85.8 6.38564 0
      vertex 85.4141 6.54548 0
    endloop
  endfacet
  facet normal 0 0 -1
    outer loop
      vertex 85.8 6.38564 0
      vertex 80 10 0
      vertex 85.8 58.6144 0
    endloop
  endfacet
  facet normal 0 0 -1
    outer loop
      vertex 80 10 0
      vertex 85.4141 6.54548 0
      vertex 85 6.6 0
    endloop
  endfacet
  facet normal 0 0 -1
    outer loop
      vertex 80 55 0
      vertex 85.8 58.6144 0
      vertex 80 10 0
    endloop
  endfacet
  facet normal 0 0 -1
    outer loop
      vertex 80 10 0
      vertex 85 6.6 0
      vertex 84.5859 6.54548 0
    endloop
  endfacet
  facet normal 0 0 -1
    outer loop
      vertex 85.8 58.6144 0
      vertex 80 55 0
      vertex 85.4141 58.4545 0
    endloop
  endfacet
  facet normal 0 0 -1
    outer loop
      vertex 80 10 0
      vertex 84.5859 6.54548 0
      vertex 84.2 6.38564 0
    endloop
  endfacet
  facet normal 0 0 -1
    outer loop
      vertex 85.4141 58.4545 0
      vertex 80 55 0
      vertex 85 58.4 0
    endloop
  endfacet
  facet normal 0 0 -1
    outer loop
      vertex 80 10 0
      vertex 84.2 6.38564 0
      vertex 83.8686 6.13137 0
    endloop
  endfacet
  facet normal -0 0 -1
    outer loop
      vertex 85 58.4 0
      vertex 80 55 0
      vertex 84.5859 58.4545 0
    endloop
  endfacet
  facet normal 0 0 -1
    outer loop
      vertex 80 10 0
      vertex 83.8686 6.13137 0
      vertex 83.6144 5.8 0
    endloop
  endfacet
  facet normal -0 0 -1
    outer loop
      vertex 84.5859 58.4545 0
      vertex 80 55 0
      vertex 84.2 58.6144 0
    endloop
  endfacet
  facet normal 0 0 -1
    outer loop
      vertex 80 10 0
      vertex 83.6144 5.8 0
      vertex 83.4545 5.41411 0
    endloop
  endfacet
  facet normal -0 0 -1
    outer loop
      vertex 84.2 58.6144 0
      vertex 80 55 0
      vertex 83.8686 58.8686 0
    endloop
  endfacet
  facet normal 0 0 -1
    outer loop
      vertex 80 10 0
      vertex 83.4545 5.41411 0
      vertex 83.4 5 0
    endloop
  endfacet
  facet normal -0 0 -1
    outer loop
      vertex 83.8686 58.8686 0
      vertex 80 55 0
      vertex 83.6144 59.2 0
    endloop
  endfacet
  facet normal 0 0 -1
    outer loop
      vertex 86.5455 5.41411 0
      vertex 90 0 0
      vertex 86.6 5 0
    endloop
  endfacet
  facet normal 0 0 -1
    outer loop
      vertex 90 0 0
      vertex 86.5455 4.58589 0
      vertex 86.6 5 0
    endloop
  endfacet
  facet normal 0 0 -1
    outer loop
      vertex 90 0 0
      vertex 86.3856 4.2 0
      vertex 86.5455 4.58589 0
    endloop
  endfacet
  facet normal 0 0 -1
    outer loop
      vertex 90 0 0
      vertex 86.1314 3.86863 0
      vertex 86.3856 4.2 0
    endloop
  endfacet
  facet normal 0 0 -1
    outer loop
      vertex 90 0 0
      vertex 85.8 3.61436 0
      vertex 86.1314 3.86863 0
    endloop
  endfacet
  facet normal 0 0 -1
    outer loop
      vertex 90 0 0
      vertex 85.4141 3.45452 0
      vertex 85.8 3.61436 0
    endloop
  endfacet
  facet normal 0 0 -1
    outer loop
      vertex 90 0 0
      vertex 85 3.4 0
      vertex 85.4141 3.45452 0
    endloop
  endfacet
  facet normal 0 0 -1
    outer loop
      vertex 90 0 0
      vertex 84.5859 3.45452 0
      vertex 85 3.4 0
    endloop
  endfacet
  facet normal 0 0 -1
    outer loop
      vertex 90 0 0
      vertex 84.2 3.61436 0
      vertex 84.5859 3.45452 0
    endloop
  endfacet
  facet normal -0 0 -1
    outer loop
      vertex 83.6144 59.2 0
      vertex 80 55 0
      vertex 83.4545 59.5859 0
    endloop
  endfacet
  facet normal 0 0 -1
    outer loop
      vertex 83.4545 4.58589 0
      vertex 80 10 0
      vertex 83.4 5 0
    endloop
  endfacet
  facet normal 0 0 -1
    outer loop
      vertex 83.6144 4.2 0
      vertex 80 10 0
      vertex 83.4545 4.58589 0
    endloop
  endfacet
  facet normal 0 0 -1
    outer loop
      vertex 83.6144 4.2 0
      vertex 10 10 0
      vertex 80 10 0
    endloop
  endfacet
  facet normal 0 0 -1
    outer loop
      vertex 6.38564 4.2 0
      vertex 83.6144 4.2 0
      vertex 83.8686 3.86863 0
    endloop
  endfacet
  facet normal 0 0 -1
    outer loop
      vertex 6.13137 3.86863 0
      vertex 83.8686 3.86863 0
      vertex 84.2 3.61436 0
    endloop
  endfacet
  facet normal 0 0 -1
    outer loop
      vertex 5.8 3.61436 0
      vertex 84.2 3.61436 0
      vertex 90 0 0
    endloop
  endfacet
  facet normal 0 0 -1
    outer loop
      vertex 6.54548 5.41411 0
      vertex 10 10 0
      vertex 6.6 5 0
    endloop
  endfacet
  facet normal 0 0 -1
    outer loop
      vertex 83.6144 4.2 0
      vertex 6.38564 4.2 0
      vertex 10 10 0
    endloop
  endfacet
  facet normal 0 0 -1
    outer loop
      vertex 10 10 0
      vertex 6.54548 4.58589 0
      vertex 6.6 5 0
    endloop
  endfacet
  facet normal 0 0 -1
    outer loop
      vertex 10 10 0
      vertex 6.38564 4.2 0
      vertex 6.54548 4.58589 0
    endloop
  endfacet
  facet normal 0 0 -1
    outer loop
      vertex 83.8686 3.86863 0
      vertex 6.13137 3.86863 0
      vertex 6.38564 4.2 0
    endloop
  endfacet
  facet normal 0 0 -1
    outer loop
      vertex 84.2 3.61436 0
      vertex 5.8 3.61436 0
      vertex 6.13137 3.86863 0
    endloop
  endfacet
  facet normal 0 0 -1
    outer loop
      vertex 0 0 0
      vertex 5.8 3.61436 0
      vertex 90 0 0
    endloop
  endfacet
  facet normal 0 0 -1
    outer loop
      vertex 5.8 3.61436 0
      vertex 0 0 0
      vertex 5.41411 3.45452 0
    endloop
  endfacet
  facet normal 0 0 -1
    outer loop
      vertex 3.61436 59.2 0
      vertex 0 65 0
      vertex 3.45452 59.5859 0
    endloop
  endfacet
  facet normal -0 0 -1
    outer loop
      vertex 3.45452 4.58589 0
      vertex 0 0 0
      vertex 3.4 5 0
    endloop
  endfacet
  facet normal -0 0 -1
    outer loop
      vertex 3.61436 4.2 0
      vertex 0 0 0
      vertex 3.45452 4.58589 0
    endloop
  endfacet
  facet normal -0 0 -1
    outer loop
      vertex 3.86863 3.86863 0
      vertex 0 0 0
      vertex 3.61436 4.2 0
    endloop
  endfacet
  facet normal -0 0 -1
    outer loop
      vertex 4.2 3.61436 0
      vertex 0 0 0
      vertex 3.86863 3.86863 0
    endloop
  endfacet
  facet normal -0 0 -1
    outer loop
      vertex 4.58589 3.45452 0
      vertex 0 0 0
      vertex 4.2 3.61436 0
    endloop
  endfacet
  facet normal -0 0 -1
    outer loop
      vertex 5 3.4 0
      vertex 0 0 0
      vertex 4.58589 3.45452 0
    endloop
  endfacet
  facet normal 0 0 -1
    outer loop
      vertex 5.41411 3.45452 0
      vertex 0 0 0
      vertex 5 3.4 0
    endloop
  endfacet
  facet normal 0 0 -1
    outer loop
      vertex 86.3856 5.8 0
      vertex 90 0 0
      vertex 86.5455 5.41411 0
    endloop
  endfacet
  facet normal 0 0 -1
    outer loop
      vertex 86.5455 60.4141 0
      vertex 90 65 0
      vertex 86.6 60 0
    endloop
  endfacet
  facet normal 0 0 -1
    outer loop
      vertex 86.3856 60.8 0
      vertex 90 65 0
      vertex 86.5455 60.4141 0
    endloop
  endfacet
  facet normal 0 0 -1
    outer loop
      vertex 86.1314 61.1314 0
      vertex 90 65 0
      vertex 86.3856 60.8 0
    endloop
  endfacet
  facet normal 0 0 -1
    outer loop
      vertex 85.8 61.3856 0
      vertex 90 65 0
      vertex 86.1314 61.1314 0
    endloop
  endfacet
  facet normal 0 0 -1
    outer loop
      vertex 85.4141 61.5455 0
      vertex 90 65 0
      vertex 85.8 61.3856 0
    endloop
  endfacet
  facet normal 0 0 -1
    outer loop
      vertex 85 61.6 0
      vertex 90 65 0
      vertex 85.4141 61.5455 0
    endloop
  endfacet
  facet normal 0 0 -1
    outer loop
      vertex 84.5859 61.5455 0
      vertex 90 65 0
      vertex 85 61.6 0
    endloop
  endfacet
  facet normal 0 0 -1
    outer loop
      vertex 84.2 61.3856 0
      vertex 90 65 0
      vertex 84.5859 61.5455 0
    endloop
  endfacet
  facet normal -0 0 -1
    outer loop
      vertex 83.4545 59.5859 0
      vertex 80 55 0
      vertex 83.4 60 0
    endloop
  endfacet
  facet normal 0 0 -1
    outer loop
      vertex 80 55 0
      vertex 83.4545 60.4141 0
      vertex 83.4 60 0
    endloop
  endfacet
  facet normal 0 0 -1
    outer loop
      vertex 80 55 0
      vertex 83.6144 60.8 0
      vertex 83.4545 60.4141 0
    endloop
  endfacet
  facet normal 0 0 -1
    outer loop
      vertex 10 55 0
      vertex 83.6144 60.8 0
      vertex 80 55 0
    endloop
  endfacet
  facet normal 0 0 -1
    outer loop
      vertex 6.38564 60.8 0
      vertex 83.6144 60.8 0
      vertex 10 55 0
    endloop
  endfacet
  facet normal 0 0 -1
    outer loop
      vertex 83.6144 60.8 0
      vertex 6.38564 60.8 0
      vertex 83.8686 61.1314 0
    endloop
  endfacet
  facet normal 0 0 -1
    outer loop
      vertex 6.13137 61.1314 0
      vertex 83.8686 61.1314 0
      vertex 6.38564 60.8 0
    endloop
  endfacet
  facet normal 0 0 -1
    outer loop
      vertex 6.38564 5.8 0
      vertex 10 10 0
      vertex 6.54548 5.41411 0
    endloop
  endfacet
  facet normal 0 0 -1
    outer loop
      vertex 6.54548 60.4141 0
      vertex 10 55 0
      vertex 6.6 60 0
    endloop
  endfacet
  facet normal 0 0 -1
    outer loop
      vertex 6.38564 60.8 0
      vertex 10 55 0
      vertex 6.54548 60.4141 0
    endloop
  endfacet
  facet normal 0 0 -1
    outer loop
      vertex 83.8686 61.1314 0
      vertex 6.13137 61.1314 0
      vertex 84.2 61.3856 0
    endloop
  endfacet
  facet normal 0 0 -1
    outer loop
      vertex 5.8 61.3856 0
      vertex 84.2 61.3856 0
      vertex 6.13137 61.1314 0
    endloop
  endfacet
  facet normal 0 0 -1
    outer loop
      vertex 84.2 61.3856 0
      vertex 5.8 61.3856 0
      vertex 90 65 0
    endloop
  endfacet
  facet normal 0 0 -1
    outer loop
      vertex 0 65 0
      vertex 5.8 61.3856 0
      vertex 5.41411 61.5455 0
    endloop
  endfacet
  facet normal 0 0 -1
    outer loop
      vertex 0 65 0
      vertex 5.41411 61.5455 0
      vertex 5 61.6 0
    endloop
  endfacet
  facet normal 0 0 -1
    outer loop
      vertex 5.8 61.3856 0
      vertex 0 65 0
      vertex 90 65 0
    endloop
  endfacet
  facet normal 0 0 -1
    outer loop
      vertex 4.58589 61.5455 0
      vertex 0 65 0
      vertex 5 61.6 0
    endloop
  endfacet
  facet normal 0 0 -1
    outer loop
      vertex 4.2 61.3856 0
      vertex 0 65 0
      vertex 4.58589 61.5455 0
    endloop
  endfacet
  facet normal 0 0 -1
    outer loop
      vertex 3.86863 61.1314 0
      vertex 0 65 0
      vertex 4.2 61.3856 0
    endloop
  endfacet
  facet normal 0 0 -1
    outer loop
      vertex 3.61436 60.8 0
      vertex 0 65 0
      vertex 3.86863 61.1314 0
    endloop
  endfacet
  facet normal 0 0 -1
    outer loop
      vertex 3.45452 60.4141 0
      vertex 0 65 0
      vertex 3.61436 60.8 0
    endloop
  endfacet
  facet normal 0 0 -1
    outer loop
      vertex 3.4 60 0
      vertex 0 65 0
      vertex 3.45452 60.4141 0
    endloop
  endfacet
  facet normal 0 0 -1
    outer loop
      vertex 3.45452 59.5859 0
      vertex 0 65 0
      vertex 3.4 60 0
    endloop
  endfacet
  facet normal -1 0 0
    outer loop
      vertex 0 0 0
      vertex 0 65 2
      vertex 0 65 0
    endloop
  endfacet
  facet normal -1 -0 0
    outer loop
      vertex 0 65 2
      vertex 0 0 0
      vertex 0 0 2
    endloop
  endfacet
  facet normal 0 1 -0
    outer loop
      vertex 90 65 0
      vertex 0 65 2
      vertex 90 65 2
    endloop
  endfacet
  facet normal 0 1 0
    outer loop
      vertex 0 65 2
      vertex 90 65 0
      vertex 0 65 0
    endloop
  endfacet
  facet normal 0 -1 0
    outer loop
      vertex 0 0 0
      vertex 90 0 2
      vertex 0 0 2
    endloop
  endfacet
  facet normal 0 -1 -0
    outer loop
      vertex 90 0 2
      vertex 0 0 0
      vertex 90 0 0
    endloop
  endfacet
  facet normal -1 0 0
    outer loop
      vertex 80 55 0
      vertex 80 44.8393 2
      vertex 80 55 2
    endloop
  endfacet
  facet normal -1 0 0
    outer loop
      vertex 80 55 0
      vertex 80 39.1607 2
      vertex 80 44.8393 2
    endloop
  endfacet
  facet normal -1 0 0
    outer loop
      vertex 80 10 0
      vertex 80 39.1607 2
      vertex 80 55 0
    endloop
  endfacet
  facet normal -1 -0 0
    outer loop
      vertex 80 39.1607 2
      vertex 80 10 0
      vertex 80 22.8393 2
    endloop
  endfacet
  facet normal -1 -0 0
    outer loop
      vertex 80 22.8393 2
      vertex 80 10 0
      vertex 80 17.1607 2
    endloop
  endfacet
  facet normal -1 -0 0
    outer loop
      vertex 80 17.1607 2
      vertex 80 10 0
      vertex 80 10 2
    endloop
  endfacet
  facet normal 1 -0 0
    outer loop
      vertex 10 10 2
      vertex 10 55 0
      vertex 10 55 2
    endloop
  endfacet
  facet normal 1 0 0
    outer loop
      vertex 10 55 0
      vertex 10 10 2
      vertex 10 10 0
    endloop
  endfacet
  facet normal 0 -1 0
    outer loop
      vertex 10 55 0
      vertex 34.2095 55 2
      vertex 10 55 2
    endloop
  endfacet
  facet normal 0 -1 -0
    outer loop
      vertex 34.2095 55 2
      vertex 10 55 0
      vertex 37.7905 55 2
    endloop
  endfacet
  facet normal 0 -1 0
    outer loop
      vertex 80 55 0
      vertex 37.7905 55 2
      vertex 10 55 0
    endloop
  endfacet
  facet normal 0 -1 0
    outer loop
      vertex 37.7905 55 2
      vertex 80 55 0
      vertex 80 55 2
    endloop
  endfacet
  facet normal 0 1 -0
    outer loop
      vertex 80 10 0
      vertex 37.7905 10 2
      vertex 80 10 2
    endloop
  endfacet
  facet normal 0 1 0
    outer loop
      vertex 10 10 0
      vertex 37.7905 10 2
      vertex 80 10 0
    endloop
  endfacet
  facet normal 0 1 0
    outer loop
      vertex 37.7905 10 2
      vertex 10 10 0
      vertex 34.2095 10 2
    endloop
  endfacet
  facet normal 0 1 0
    outer loop
      vertex 34.2095 10 2
      vertex 10 10 0
      vertex 10 10 2
    endloop
  endfacet
  facet normal -0.382682 0.92388 0
    outer loop
      vertex 5.8 3.61436 0
      vertex 5.41411 3.45452 2
      vertex 5.8 3.61436 2
    endloop
  endfacet
  facet normal -0.382682 0.92388 0
    outer loop
      vertex 5.41411 3.45452 2
      vertex 5.8 3.61436 0
      vertex 5.41411 3.45452 0
    endloop
  endfacet
  facet normal -0.92388 -0.382682 0
    outer loop
      vertex 6.54548 5.41411 0
      vertex 6.38564 5.8 2
      vertex 6.38564 5.8 0
    endloop
  endfacet
  facet normal -0.92388 -0.382682 0
    outer loop
      vertex 6.38564 5.8 2
      vertex 6.54548 5.41411 0
      vertex 6.54548 5.41411 2
    endloop
  endfacet
  facet normal -0.991444 -0.130529 0
    outer loop
      vertex 6.6 5 0
      vertex 6.54548 5.41411 2
      vertex 6.54548 5.41411 0
    endloop
  endfacet
  facet normal -0.991444 -0.130529 0
    outer loop
      vertex 6.54548 5.41411 2
      vertex 6.6 5 0
      vertex 6.6 5 2
    endloop
  endfacet
  facet normal -0.793352 -0.608763 0
    outer loop
      vertex 6.38564 5.8 0
      vertex 6.13137 6.13137 2
      vertex 6.13137 6.13137 0
    endloop
  endfacet
  facet normal -0.793352 -0.608763 0
    outer loop
      vertex 6.13137 6.13137 2
      vertex 6.38564 5.8 0
      vertex 6.38564 5.8 2
    endloop
  endfacet
  facet normal -0.608763 -0.793352 0
    outer loop
      vertex 5.8 6.38564 0
      vertex 6.13137 6.13137 2
      vertex 5.8 6.38564 2
    endloop
  endfacet
  facet normal -0.608763 -0.793352 -0
    outer loop
      vertex 6.13137 6.13137 2
      vertex 5.8 6.38564 0
      vertex 6.13137 6.13137 0
    endloop
  endfacet
  facet normal -0.130529 0.991444 0
    outer loop
      vertex 5.41411 3.45452 0
      vertex 5 3.4 2
      vertex 5.41411 3.45452 2
    endloop
  endfacet
  facet normal -0.130529 0.991444 0
    outer loop
      vertex 5 3.4 2
      vertex 5.41411 3.45452 0
      vertex 5 3.4 0
    endloop
  endfacet
  facet normal 0.130529 -0.991444 0
    outer loop
      vertex 4.58589 6.54548 0
      vertex 5 6.6 2
      vertex 4.58589 6.54548 2
    endloop
  endfacet
  facet normal 0.130529 -0.991444 0
    outer loop
      vertex 5 6.6 2
      vertex 4.58589 6.54548 0
      vertex 5 6.6 0
    endloop
  endfacet
  facet normal 0.793352 -0.608763 0
    outer loop
      vertex 3.61436 5.8 2
      vertex 3.86863 6.13137 0
      vertex 3.86863 6.13137 2
    endloop
  endfacet
  facet normal 0.793352 -0.608763 0
    outer loop
      vertex 3.86863 6.13137 0
      vertex 3.61436 5.8 2
      vertex 3.61436 5.8 0
    endloop
  endfacet
  facet normal -0.608763 0.793352 0
    outer loop
      vertex 6.13137 3.86863 0
      vertex 5.8 3.61436 2
      vertex 6.13137 3.86863 2
    endloop
  endfacet
  facet normal -0.608763 0.793352 0
    outer loop
      vertex 5.8 3.61436 2
      vertex 6.13137 3.86863 0
      vertex 5.8 3.61436 0
    endloop
  endfacet
  facet normal 0.991444 0.130529 0
    outer loop
      vertex 3.45452 4.58589 2
      vertex 3.4 5 0
      vertex 3.4 5 2
    endloop
  endfacet
  facet normal 0.991444 0.130529 0
    outer loop
      vertex 3.4 5 0
      vertex 3.45452 4.58589 2
      vertex 3.45452 4.58589 0
    endloop
  endfacet
  facet normal -0.793363 0.608749 0
    outer loop
      vertex 6.38564 4.2 0
      vertex 6.22377 3.98904 2
      vertex 6.38564 4.2 2
    endloop
  endfacet
  facet normal -0.793352 0.608763 2.3191e-06
    outer loop
      vertex 6.13137 3.86863 0
      vertex 6.22377 3.98904 2
      vertex 6.38564 4.2 0
    endloop
  endfacet
  facet normal -0.793334 0.608787 0
    outer loop
      vertex 6.22377 3.98904 2
      vertex 6.13137 3.86863 0
      vertex 6.13137 3.86863 2
    endloop
  endfacet
  facet normal -0.92388 0.382682 0
    outer loop
      vertex 6.38564 4.2 0
      vertex 6.54548 4.58589 2
      vertex 6.54548 4.58589 0
    endloop
  endfacet
  facet normal -0.92388 0.382682 0
    outer loop
      vertex 6.54548 4.58589 2
      vertex 6.38564 4.2 0
      vertex 6.38564 4.2 2
    endloop
  endfacet
  facet normal -0.991444 0.130529 0
    outer loop
      vertex 6.54548 4.58589 0
      vertex 6.6 5 2
      vertex 6.6 5 0
    endloop
  endfacet
  facet normal -0.991444 0.130529 0
    outer loop
      vertex 6.6 5 2
      vertex 6.54548 4.58589 0
      vertex 6.54548 4.58589 2
    endloop
  endfacet
  facet normal 0.608763 0.793352 -0
    outer loop
      vertex 4.2 3.61436 0
      vertex 3.86863 3.86863 2
      vertex 4.2 3.61436 2
    endloop
  endfacet
  facet normal 0.608763 0.793352 0
    outer loop
      vertex 3.86863 3.86863 2
      vertex 4.2 3.61436 0
      vertex 3.86863 3.86863 0
    endloop
  endfacet
  facet normal -0.130529 -0.991444 0
    outer loop
      vertex 5 6.6 0
      vertex 5.41411 6.54548 2
      vertex 5 6.6 2
    endloop
  endfacet
  facet normal -0.130529 -0.991444 -0
    outer loop
      vertex 5.41411 6.54548 2
      vertex 5 6.6 0
      vertex 5.41411 6.54548 0
    endloop
  endfacet
  facet normal 0.92388 -0.382682 0
    outer loop
      vertex 3.45452 5.41411 2
      vertex 3.61436 5.8 0
      vertex 3.61436 5.8 2
    endloop
  endfacet
  facet normal 0.92388 -0.382682 0
    outer loop
      vertex 3.61436 5.8 0
      vertex 3.45452 5.41411 2
      vertex 3.45452 5.41411 0
    endloop
  endfacet
  facet normal 0.130529 0.991444 -0
    outer loop
      vertex 5 3.4 0
      vertex 4.58589 3.45452 2
      vertex 5 3.4 2
    endloop
  endfacet
  facet normal 0.130529 0.991444 0
    outer loop
      vertex 4.58589 3.45452 2
      vertex 5 3.4 0
      vertex 4.58589 3.45452 0
    endloop
  endfacet
  facet normal 0.382684 -0.923879 0
    outer loop
      vertex 4.2 6.38564 0
      vertex 4.56119 6.53525 2
      vertex 4.2 6.38564 2
    endloop
  endfacet
  facet normal 0.382682 -0.92388 4.7081e-07
    outer loop
      vertex 4.58589 6.54548 0
      vertex 4.56119 6.53525 2
      vertex 4.2 6.38564 0
    endloop
  endfacet
  facet normal 0.382649 -0.923894 0
    outer loop
      vertex 4.56119 6.53525 2
      vertex 4.58589 6.54548 0
      vertex 4.58589 6.54548 2
    endloop
  endfacet
  facet normal 0.608763 -0.793352 0
    outer loop
      vertex 3.86863 6.13137 0
      vertex 4.2 6.38564 2
      vertex 3.86863 6.13137 2
    endloop
  endfacet
  facet normal 0.608763 -0.793352 0
    outer loop
      vertex 4.2 6.38564 2
      vertex 3.86863 6.13137 0
      vertex 4.2 6.38564 0
    endloop
  endfacet
  facet normal -0.382682 -0.92388 0
    outer loop
      vertex 5.41411 6.54548 0
      vertex 5.8 6.38564 2
      vertex 5.41411 6.54548 2
    endloop
  endfacet
  facet normal -0.382682 -0.92388 -0
    outer loop
      vertex 5.8 6.38564 2
      vertex 5.41411 6.54548 0
      vertex 5.8 6.38564 0
    endloop
  endfacet
  facet normal 0.92388 0.382682 0
    outer loop
      vertex 3.61436 4.2 2
      vertex 3.45452 4.58589 0
      vertex 3.45452 4.58589 2
    endloop
  endfacet
  facet normal 0.92388 0.382682 0
    outer loop
      vertex 3.45452 4.58589 0
      vertex 3.61436 4.2 2
      vertex 3.61436 4.2 0
    endloop
  endfacet
  facet normal 0.793352 0.608763 0
    outer loop
      vertex 3.86863 3.86863 2
      vertex 3.61436 4.2 0
      vertex 3.61436 4.2 2
    endloop
  endfacet
  facet normal 0.793352 0.608763 0
    outer loop
      vertex 3.61436 4.2 0
      vertex 3.86863 3.86863 2
      vertex 3.86863 3.86863 0
    endloop
  endfacet
  facet normal 0.382682 0.92388 -0
    outer loop
      vertex 4.58589 3.45452 0
      vertex 4.2 3.61436 2
      vertex 4.58589 3.45452 2
    endloop
  endfacet
  facet normal 0.382682 0.92388 0
    outer loop
      vertex 4.2 3.61436 2
      vertex 4.58589 3.45452 0
      vertex 4.2 3.61436 0
    endloop
  endfacet
  facet normal 0.991444 -0.130529 0
    outer loop
      vertex 3.4 5 2
      vertex 3.45452 5.41411 0
      vertex 3.45452 5.41411 2
    endloop
  endfacet
  facet normal 0.991444 -0.130529 0
    outer loop
      vertex 3.45452 5.41411 0
      vertex 3.4 5 2
      vertex 3.4 5 0
    endloop
  endfacet
  facet normal -0.382673 0.923884 0
    outer loop
      vertex 85.8 3.61436 0
      vertex 85.4141 3.45452 2
      vertex 85.8 3.61436 2
    endloop
  endfacet
  facet normal -0.382673 0.923884 0
    outer loop
      vertex 85.4141 3.45452 2
      vertex 85.8 3.61436 0
      vertex 85.4141 3.45452 0
    endloop
  endfacet
  facet normal -0.923829 -0.382804 0
    outer loop
      vertex 86.5455 5.41411 0
      vertex 86.3856 5.8 2
      vertex 86.3856 5.8 0
    endloop
  endfacet
  facet normal -0.923829 -0.382804 0
    outer loop
      vertex 86.3856 5.8 2
      vertex 86.5455 5.41411 0
      vertex 86.5455 5.41411 2
    endloop
  endfacet
  facet normal -0.991451 -0.130482 0
    outer loop
      vertex 86.6 5 0
      vertex 86.5455 5.41411 2
      vertex 86.5455 5.41411 0
    endloop
  endfacet
  facet normal -0.991451 -0.130482 0
    outer loop
      vertex 86.5455 5.41411 2
      vertex 86.6 5 0
      vertex 86.6 5 2
    endloop
  endfacet
  facet normal -0.793433 -0.608657 0
    outer loop
      vertex 86.3856 5.8 0
      vertex 86.1314 6.13137 2
      vertex 86.1314 6.13137 0
    endloop
  endfacet
  facet normal -0.793433 -0.608657 0
    outer loop
      vertex 86.1314 6.13137 2
      vertex 86.3856 5.8 0
      vertex 86.3856 5.8 2
    endloop
  endfacet
  facet normal -0.608728 -0.793379 0
    outer loop
      vertex 85.8 6.38564 0
      vertex 86.1314 6.13137 2
      vertex 85.8 6.38564 2
    endloop
  endfacet
  facet normal -0.608728 -0.793379 -0
    outer loop
      vertex 86.1314 6.13137 2
      vertex 85.8 6.38564 0
      vertex 86.1314 6.13137 0
    endloop
  endfacet
  facet normal -0.130533 0.991444 0
    outer loop
      vertex 85.4141 3.45452 0
      vertex 85 3.4 2
      vertex 85.4141 3.45452 2
    endloop
  endfacet
  facet normal -0.130533 0.991444 0
    outer loop
      vertex 85 3.4 2
      vertex 85.4141 3.45452 0
      vertex 85 3.4 0
    endloop
  endfacet
  facet normal 0.130533 -0.991444 0
    outer loop
      vertex 84.5859 6.54548 0
      vertex 85 6.6 2
      vertex 84.5859 6.54548 2
    endloop
  endfacet
  facet normal 0.130533 -0.991444 0
    outer loop
      vertex 85 6.6 2
      vertex 84.5859 6.54548 0
      vertex 85 6.6 0
    endloop
  endfacet
  facet normal 0.793433 -0.608657 0
    outer loop
      vertex 83.6144 5.8 2
      vertex 83.8686 6.13137 0
      vertex 83.8686 6.13137 2
    endloop
  endfacet
  facet normal 0.793433 -0.608657 0
    outer loop
      vertex 83.8686 6.13137 0
      vertex 83.6144 5.8 2
      vertex 83.6144 5.8 0
    endloop
  endfacet
  facet normal -0.608728 0.793379 0
    outer loop
      vertex 86.1314 3.86863 0
      vertex 85.8 3.61436 2
      vertex 86.1314 3.86863 2
    endloop
  endfacet
  facet normal -0.608728 0.793379 0
    outer loop
      vertex 85.8 3.61436 2
      vertex 86.1314 3.86863 0
      vertex 85.8 3.61436 0
    endloop
  endfacet
  facet normal 0.991451 0.130482 0
    outer loop
      vertex 83.4545 4.58589 2
      vertex 83.4 5 0
      vertex 83.4 5 2
    endloop
  endfacet
  facet normal 0.991451 0.130482 0
    outer loop
      vertex 83.4 5 0
      vertex 83.4545 4.58589 2
      vertex 83.4545 4.58589 0
    endloop
  endfacet
  facet normal -0.793433 0.608657 0
    outer loop
      vertex 86.1314 3.86863 0
      vertex 86.3856 4.2 2
      vertex 86.3856 4.2 0
    endloop
  endfacet
  facet normal -0.793433 0.608657 0
    outer loop
      vertex 86.3856 4.2 2
      vertex 86.1314 3.86863 0
      vertex 86.1314 3.86863 2
    endloop
  endfacet
  facet normal -0.923829 0.382804 0
    outer loop
      vertex 86.3856 4.2 0
      vertex 86.5455 4.58589 2
      vertex 86.5455 4.58589 0
    endloop
  endfacet
  facet normal -0.923829 0.382804 0
    outer loop
      vertex 86.5455 4.58589 2
      vertex 86.3856 4.2 0
      vertex 86.3856 4.2 2
    endloop
  endfacet
  facet normal -0.991451 0.130482 0
    outer loop
      vertex 86.5455 4.58589 0
      vertex 86.6 5 2
      vertex 86.6 5 0
    endloop
  endfacet
  facet normal -0.991451 0.130482 0
    outer loop
      vertex 86.6 5 2
      vertex 86.5455 4.58589 0
      vertex 86.5455 4.58589 2
    endloop
  endfacet
  facet normal 0.608728 0.793379 -0
    outer loop
      vertex 84.2 3.61436 0
      vertex 83.8686 3.86863 2
      vertex 84.2 3.61436 2
    endloop
  endfacet
  facet normal 0.608728 0.793379 0
    outer loop
      vertex 83.8686 3.86863 2
      vertex 84.2 3.61436 0
      vertex 83.8686 3.86863 0
    endloop
  endfacet
  facet normal -0.130533 -0.991444 0
    outer loop
      vertex 85 6.6 0
      vertex 85.4141 6.54548 2
      vertex 85 6.6 2
    endloop
  endfacet
  facet normal -0.130533 -0.991444 -0
    outer loop
      vertex 85.4141 6.54548 2
      vertex 85 6.6 0
      vertex 85.4141 6.54548 0
    endloop
  endfacet
  facet normal 0.923829 -0.382804 0
    outer loop
      vertex 83.4545 5.41411 2
      vertex 83.6144 5.8 0
      vertex 83.6144 5.8 2
    endloop
  endfacet
  facet normal 0.923829 -0.382804 0
    outer loop
      vertex 83.6144 5.8 0
      vertex 83.4545 5.41411 2
      vertex 83.4545 5.41411 0
    endloop
  endfacet
  facet normal 0.130533 0.991444 -0
    outer loop
      vertex 85 3.4 0
      vertex 84.5859 3.45452 2
      vertex 85 3.4 2
    endloop
  endfacet
  facet normal 0.130533 0.991444 0
    outer loop
      vertex 84.5859 3.45452 2
      vertex 85 3.4 0
      vertex 84.5859 3.45452 0
    endloop
  endfacet
  facet normal 0.382673 -0.923884 0
    outer loop
      vertex 84.2 6.38564 0
      vertex 84.5859 6.54548 2
      vertex 84.2 6.38564 2
    endloop
  endfacet
  facet normal 0.382673 -0.923884 0
    outer loop
      vertex 84.5859 6.54548 2
      vertex 84.2 6.38564 0
      vertex 84.5859 6.54548 0
    endloop
  endfacet
  facet normal 0.608728 -0.793379 0
    outer loop
      vertex 83.8686 6.13137 0
      vertex 84.2 6.38564 2
      vertex 83.8686 6.13137 2
    endloop
  endfacet
  facet normal 0.608728 -0.793379 0
    outer loop
      vertex 84.2 6.38564 2
      vertex 83.8686 6.13137 0
      vertex 84.2 6.38564 0
    endloop
  endfacet
  facet normal 0.793433 0.608657 0
    outer loop
      vertex 83.8686 3.86863 2
      vertex 83.6144 4.2 0
      vertex 83.6144 4.2 2
    endloop
  endfacet
  facet normal 0.793433 0.608657 0
    outer loop
      vertex 83.6144 4.2 0
      vertex 83.8686 3.86863 2
      vertex 83.8686 3.86863 0
    endloop
  endfacet
  facet normal -0.382673 -0.923884 0
    outer loop
      vertex 85.4141 6.54548 0
      vertex 85.8 6.38564 2
      vertex 85.4141 6.54548 2
    endloop
  endfacet
  facet normal -0.382673 -0.923884 -0
    outer loop
      vertex 85.8 6.38564 2
      vertex 85.4141 6.54548 0
      vertex 85.8 6.38564 0
    endloop
  endfacet
  facet normal 0.923829 0.382804 0
    outer loop
      vertex 83.6144 4.2 2
      vertex 83.4545 4.58589 0
      vertex 83.4545 4.58589 2
    endloop
  endfacet
  facet normal 0.923829 0.382804 0
    outer loop
      vertex 83.4545 4.58589 0
      vertex 83.6144 4.2 2
      vertex 83.6144 4.2 0
    endloop
  endfacet
  facet normal 0.382673 0.923884 -0
    outer loop
      vertex 84.5859 3.45452 0
      vertex 84.2 3.61436 2
      vertex 84.5859 3.45452 2
    endloop
  endfacet
  facet normal 0.382673 0.923884 0
    outer loop
      vertex 84.2 3.61436 2
      vertex 84.5859 3.45452 0
      vertex 84.2 3.61436 0
    endloop
  endfacet
  facet normal 0.991451 -0.130482 0
    outer loop
      vertex 83.4 5 2
      vertex 83.4545 5.41411 0
      vertex 83.4545 5.41411 2
    endloop
  endfacet
  facet normal 0.991451 -0.130482 0
    outer loop
      vertex 83.4545 5.41411 0
      vertex 83.4 5 2
      vertex 83.4 5 0
    endloop
  endfacet
  facet normal -0.382804 0.923829 0
    outer loop
      vertex 5.8 58.6144 0
      vertex 5.41411 58.4545 2
      vertex 5.8 58.6144 2
    endloop
  endfacet
  facet normal -0.382804 0.923829 0
    outer loop
      vertex 5.41411 58.4545 2
      vertex 5.8 58.6144 0
      vertex 5.41411 58.4545 0
    endloop
  endfacet
  facet normal -0.923884 -0.382673 0
    outer loop
      vertex 6.54548 60.4141 0
      vertex 6.38564 60.8 2
      vertex 6.38564 60.8 0
    endloop
  endfacet
  facet normal -0.923884 -0.382673 0
    outer loop
      vertex 6.38564 60.8 2
      vertex 6.54548 60.4141 0
      vertex 6.54548 60.4141 2
    endloop
  endfacet
  facet normal -0.991444 -0.130533 0
    outer loop
      vertex 6.6 60 0
      vertex 6.54548 60.4141 2
      vertex 6.54548 60.4141 0
    endloop
  endfacet
  facet normal -0.991444 -0.130533 0
    outer loop
      vertex 6.54548 60.4141 2
      vertex 6.6 60 0
      vertex 6.6 60 2
    endloop
  endfacet
  facet normal -0.793309 -0.608819 0
    outer loop
      vertex 6.13137 61.1314 0
      vertex 6.22377 61.011 2
      vertex 6.13137 61.1314 2
    endloop
  endfacet
  facet normal -0.793379 -0.608728 8.68072e-06
    outer loop
      vertex 6.38564 60.8 0
      vertex 6.22377 61.011 2
      vertex 6.13137 61.1314 0
    endloop
  endfacet
  facet normal -0.793419 -0.608676 0
    outer loop
      vertex 6.22377 61.011 2
      vertex 6.38564 60.8 0
      vertex 6.38564 60.8 2
    endloop
  endfacet
  facet normal -0.608657 -0.793433 0
    outer loop
      vertex 5.8 61.3856 0
      vertex 6.13137 61.1314 2
      vertex 5.8 61.3856 2
    endloop
  endfacet
  facet normal -0.608657 -0.793433 -0
    outer loop
      vertex 6.13137 61.1314 2
      vertex 5.8 61.3856 0
      vertex 6.13137 61.1314 0
    endloop
  endfacet
  facet normal -0.130482 0.991451 0
    outer loop
      vertex 5.41411 58.4545 0
      vertex 5 58.4 2
      vertex 5.41411 58.4545 2
    endloop
  endfacet
  facet normal -0.130482 0.991451 0
    outer loop
      vertex 5 58.4 2
      vertex 5.41411 58.4545 0
      vertex 5 58.4 0
    endloop
  endfacet
  facet normal 0.130482 -0.991451 0
    outer loop
      vertex 4.58589 61.5455 0
      vertex 5 61.6 2
      vertex 4.58589 61.5455 2
    endloop
  endfacet
  facet normal 0.130482 -0.991451 0
    outer loop
      vertex 5 61.6 2
      vertex 4.58589 61.5455 0
      vertex 5 61.6 0
    endloop
  endfacet
  facet normal 0.793379 -0.608728 0
    outer loop
      vertex 3.61436 60.8 2
      vertex 3.86863 61.1314 0
      vertex 3.86863 61.1314 2
    endloop
  endfacet
  facet normal 0.793379 -0.608728 0
    outer loop
      vertex 3.86863 61.1314 0
      vertex 3.61436 60.8 2
      vertex 3.61436 60.8 0
    endloop
  endfacet
  facet normal -0.608657 0.793433 0
    outer loop
      vertex 6.13137 58.8686 0
      vertex 5.8 58.6144 2
      vertex 6.13137 58.8686 2
    endloop
  endfacet
  facet normal -0.608657 0.793433 0
    outer loop
      vertex 5.8 58.6144 2
      vertex 6.13137 58.8686 0
      vertex 5.8 58.6144 0
    endloop
  endfacet
  facet normal 0.991444 0.130533 0
    outer loop
      vertex 3.45452 59.5859 2
      vertex 3.4 60 0
      vertex 3.4 60 2
    endloop
  endfacet
  facet normal 0.991444 0.130533 0
    outer loop
      vertex 3.4 60 0
      vertex 3.45452 59.5859 2
      vertex 3.45452 59.5859 0
    endloop
  endfacet
  facet normal -0.923884 0.382673 0
    outer loop
      vertex 6.38564 59.2 0
      vertex 6.54548 59.5859 2
      vertex 6.54548 59.5859 0
    endloop
  endfacet
  facet normal -0.923884 0.382673 0
    outer loop
      vertex 6.54548 59.5859 2
      vertex 6.38564 59.2 0
      vertex 6.38564 59.2 2
    endloop
  endfacet
  facet normal -0.991444 0.130533 0
    outer loop
      vertex 6.54548 59.5859 0
      vertex 6.6 60 2
      vertex 6.6 60 0
    endloop
  endfacet
  facet normal -0.991444 0.130533 0
    outer loop
      vertex 6.6 60 2
      vertex 6.54548 59.5859 0
      vertex 6.54548 59.5859 2
    endloop
  endfacet
  facet normal 0.608657 0.793433 -0
    outer loop
      vertex 4.2 58.6144 0
      vertex 3.86863 58.8686 2
      vertex 4.2 58.6144 2
    endloop
  endfacet
  facet normal 0.608657 0.793433 0
    outer loop
      vertex 3.86863 58.8686 2
      vertex 4.2 58.6144 0
      vertex 3.86863 58.8686 0
    endloop
  endfacet
  facet normal -0.130482 -0.991451 0
    outer loop
      vertex 5 61.6 0
      vertex 5.41411 61.5455 2
      vertex 5 61.6 2
    endloop
  endfacet
  facet normal -0.130482 -0.991451 -0
    outer loop
      vertex 5.41411 61.5455 2
      vertex 5 61.6 0
      vertex 5.41411 61.5455 0
    endloop
  endfacet
  facet normal 0.923884 -0.382673 0
    outer loop
      vertex 3.45452 60.4141 2
      vertex 3.61436 60.8 0
      vertex 3.61436 60.8 2
    endloop
  endfacet
  facet normal 0.923884 -0.382673 0
    outer loop
      vertex 3.61436 60.8 0
      vertex 3.45452 60.4141 2
      vertex 3.45452 60.4141 0
    endloop
  endfacet
  facet normal 0.130482 0.991451 -0
    outer loop
      vertex 5 58.4 0
      vertex 4.58589 58.4545 2
      vertex 5 58.4 2
    endloop
  endfacet
  facet normal 0.130482 0.991451 0
    outer loop
      vertex 4.58589 58.4545 2
      vertex 5 58.4 0
      vertex 4.58589 58.4545 0
    endloop
  endfacet
  facet normal 0.382804 -0.923829 0
    outer loop
      vertex 4.2 61.3856 0
      vertex 4.58589 61.5455 2
      vertex 4.2 61.3856 2
    endloop
  endfacet
  facet normal 0.382804 -0.923829 0
    outer loop
      vertex 4.58589 61.5455 2
      vertex 4.2 61.3856 0
      vertex 4.58589 61.5455 0
    endloop
  endfacet
  facet normal 0.608657 -0.793433 0
    outer loop
      vertex 3.86863 61.1314 0
      vertex 4.2 61.3856 2
      vertex 3.86863 61.1314 2
    endloop
  endfacet
  facet normal 0.608657 -0.793433 0
    outer loop
      vertex 4.2 61.3856 2
      vertex 3.86863 61.1314 0
      vertex 4.2 61.3856 0
    endloop
  endfacet
  facet normal 0.793379 0.608728 0
    outer loop
      vertex 3.86863 58.8686 2
      vertex 3.61436 59.2 0
      vertex 3.61436 59.2 2
    endloop
  endfacet
  facet normal 0.793379 0.608728 0
    outer loop
      vertex 3.61436 59.2 0
      vertex 3.86863 58.8686 2
      vertex 3.86863 58.8686 0
    endloop
  endfacet
  facet normal -0.382804 -0.923829 0
    outer loop
      vertex 5.41411 61.5455 0
      vertex 5.8 61.3856 2
      vertex 5.41411 61.5455 2
    endloop
  endfacet
  facet normal -0.382804 -0.923829 -0
    outer loop
      vertex 5.8 61.3856 2
      vertex 5.41411 61.5455 0
      vertex 5.8 61.3856 0
    endloop
  endfacet
  facet normal -0.793379 0.608728 0
    outer loop
      vertex 6.13137 58.8686 0
      vertex 6.38564 59.2 2
      vertex 6.38564 59.2 0
    endloop
  endfacet
  facet normal -0.793379 0.608728 0
    outer loop
      vertex 6.38564 59.2 2
      vertex 6.13137 58.8686 0
      vertex 6.13137 58.8686 2
    endloop
  endfacet
  facet normal 0.923884 0.382673 0
    outer loop
      vertex 3.61436 59.2 2
      vertex 3.45452 59.5859 0
      vertex 3.45452 59.5859 2
    endloop
  endfacet
  facet normal 0.923884 0.382673 0
    outer loop
      vertex 3.45452 59.5859 0
      vertex 3.61436 59.2 2
      vertex 3.61436 59.2 0
    endloop
  endfacet
  facet normal 0.384881 0.922966 -0
    outer loop
      vertex 4.58589 58.4545 0
      vertex 4.56119 58.4648 2
      vertex 4.58589 58.4545 2
    endloop
  endfacet
  facet normal 0.382804 0.923829 -3.00893e-05
    outer loop
      vertex 4.2 58.6144 0
      vertex 4.56119 58.4648 2
      vertex 4.58589 58.4545 0
    endloop
  endfacet
  facet normal 0.382662 0.923888 0
    outer loop
      vertex 4.56119 58.4648 2
      vertex 4.2 58.6144 0
      vertex 4.2 58.6144 2
    endloop
  endfacet
  facet normal 0.991444 -0.130533 0
    outer loop
      vertex 3.4 60 2
      vertex 3.45452 60.4141 0
      vertex 3.45452 60.4141 2
    endloop
  endfacet
  facet normal 0.991444 -0.130533 0
    outer loop
      vertex 3.45452 60.4141 0
      vertex 3.4 60 2
      vertex 3.4 60 0
    endloop
  endfacet
  facet normal -0.382796 -0.923833 0
    outer loop
      vertex 85.4141 61.5455 0
      vertex 85.8 61.3856 2
      vertex 85.4141 61.5455 2
    endloop
  endfacet
  facet normal -0.382796 -0.923833 -0
    outer loop
      vertex 85.8 61.3856 2
      vertex 85.4141 61.5455 0
      vertex 85.8 61.3856 0
    endloop
  endfacet
  facet normal -0.79346 -0.608623 0
    outer loop
      vertex 86.3856 60.8 0
      vertex 86.1314 61.1314 2
      vertex 86.1314 61.1314 0
    endloop
  endfacet
  facet normal -0.79346 -0.608623 0
    outer loop
      vertex 86.1314 61.1314 2
      vertex 86.3856 60.8 0
      vertex 86.3856 60.8 2
    endloop
  endfacet
  facet normal -0.923833 -0.382796 0
    outer loop
      vertex 86.5455 60.4141 0
      vertex 86.3856 60.8 2
      vertex 86.3856 60.8 0
    endloop
  endfacet
  facet normal -0.923833 -0.382796 0
    outer loop
      vertex 86.3856 60.8 2
      vertex 86.5455 60.4141 0
      vertex 86.5455 60.4141 2
    endloop
  endfacet
  facet normal -0.608623 0.79346 0
    outer loop
      vertex 86.1314 58.8686 0
      vertex 85.8 58.6144 2
      vertex 86.1314 58.8686 2
    endloop
  endfacet
  facet normal -0.608623 0.79346 0
    outer loop
      vertex 85.8 58.6144 2
      vertex 86.1314 58.8686 0
      vertex 85.8 58.6144 0
    endloop
  endfacet
  facet normal -0.99145 0.130485 0
    outer loop
      vertex 86.5455 59.5859 0
      vertex 86.6 60 2
      vertex 86.6 60 0
    endloop
  endfacet
  facet normal -0.99145 0.130485 0
    outer loop
      vertex 86.6 60 2
      vertex 86.5455 59.5859 0
      vertex 86.5455 59.5859 2
    endloop
  endfacet
  facet normal -0.382796 0.923833 0
    outer loop
      vertex 85.8 58.6144 0
      vertex 85.4141 58.4545 2
      vertex 85.8 58.6144 2
    endloop
  endfacet
  facet normal -0.382796 0.923833 0
    outer loop
      vertex 85.4141 58.4545 2
      vertex 85.8 58.6144 0
      vertex 85.4141 58.4545 0
    endloop
  endfacet
  facet normal -0.130485 -0.99145 0
    outer loop
      vertex 85 61.6 0
      vertex 85.4141 61.5455 2
      vertex 85 61.6 2
    endloop
  endfacet
  facet normal -0.130485 -0.99145 -0
    outer loop
      vertex 85.4141 61.5455 2
      vertex 85 61.6 0
      vertex 85.4141 61.5455 0
    endloop
  endfacet
  facet normal 0.382796 -0.923833 0
    outer loop
      vertex 84.2 61.3856 0
      vertex 84.5859 61.5455 2
      vertex 84.2 61.3856 2
    endloop
  endfacet
  facet normal 0.382796 -0.923833 0
    outer loop
      vertex 84.5859 61.5455 2
      vertex 84.2 61.3856 0
      vertex 84.5859 61.5455 0
    endloop
  endfacet
  facet normal -0.130485 0.99145 0
    outer loop
      vertex 85.4141 58.4545 0
      vertex 85 58.4 2
      vertex 85.4141 58.4545 2
    endloop
  endfacet
  facet normal -0.130485 0.99145 0
    outer loop
      vertex 85 58.4 2
      vertex 85.4141 58.4545 0
      vertex 85 58.4 0
    endloop
  endfacet
  facet normal -0.608623 -0.79346 0
    outer loop
      vertex 85.8 61.3856 0
      vertex 86.1314 61.1314 2
      vertex 85.8 61.3856 2
    endloop
  endfacet
  facet normal -0.608623 -0.79346 -0
    outer loop
      vertex 86.1314 61.1314 2
      vertex 85.8 61.3856 0
      vertex 86.1314 61.1314 0
    endloop
  endfacet
  facet normal -0.99145 -0.130485 0
    outer loop
      vertex 86.6 60 0
      vertex 86.5455 60.4141 2
      vertex 86.5455 60.4141 0
    endloop
  endfacet
  facet normal -0.99145 -0.130485 0
    outer loop
      vertex 86.5455 60.4141 2
      vertex 86.6 60 0
      vertex 86.6 60 2
    endloop
  endfacet
  facet normal 0.608623 -0.79346 0
    outer loop
      vertex 83.8686 61.1314 0
      vertex 84.2 61.3856 2
      vertex 83.8686 61.1314 2
    endloop
  endfacet
  facet normal 0.608623 -0.79346 0
    outer loop
      vertex 84.2 61.3856 2
      vertex 83.8686 61.1314 0
      vertex 84.2 61.3856 0
    endloop
  endfacet
  facet normal 0.130485 -0.99145 0
    outer loop
      vertex 84.5859 61.5455 0
      vertex 85 61.6 2
      vertex 84.5859 61.5455 2
    endloop
  endfacet
  facet normal 0.130485 -0.99145 0
    outer loop
      vertex 85 61.6 2
      vertex 84.5859 61.5455 0
      vertex 85 61.6 0
    endloop
  endfacet
  facet normal 0.382796 0.923833 -0
    outer loop
      vertex 84.5859 58.4545 0
      vertex 84.2 58.6144 2
      vertex 84.5859 58.4545 2
    endloop
  endfacet
  facet normal 0.382796 0.923833 0
    outer loop
      vertex 84.2 58.6144 2
      vertex 84.5859 58.4545 0
      vertex 84.2 58.6144 0
    endloop
  endfacet
  facet normal 0.79346 -0.608623 0
    outer loop
      vertex 83.6144 60.8 2
      vertex 83.8686 61.1314 0
      vertex 83.8686 61.1314 2
    endloop
  endfacet
  facet normal 0.79346 -0.608623 0
    outer loop
      vertex 83.8686 61.1314 0
      vertex 83.6144 60.8 2
      vertex 83.6144 60.8 0
    endloop
  endfacet
  facet normal 0.608623 0.79346 -0
    outer loop
      vertex 84.2 58.6144 0
      vertex 83.8686 58.8686 2
      vertex 84.2 58.6144 2
    endloop
  endfacet
  facet normal 0.608623 0.79346 0
    outer loop
      vertex 83.8686 58.8686 2
      vertex 84.2 58.6144 0
      vertex 83.8686 58.8686 0
    endloop
  endfacet
  facet normal 0.99145 0.130485 0
    outer loop
      vertex 83.4545 59.5859 2
      vertex 83.4 60 0
      vertex 83.4 60 2
    endloop
  endfacet
  facet normal 0.99145 0.130485 0
    outer loop
      vertex 83.4 60 0
      vertex 83.4545 59.5859 2
      vertex 83.4545 59.5859 0
    endloop
  endfacet
  facet normal 0.130485 0.99145 -0
    outer loop
      vertex 85 58.4 0
      vertex 84.5859 58.4545 2
      vertex 85 58.4 2
    endloop
  endfacet
  facet normal 0.130485 0.99145 0
    outer loop
      vertex 84.5859 58.4545 2
      vertex 85 58.4 0
      vertex 84.5859 58.4545 0
    endloop
  endfacet
  facet normal 0.923833 0.382796 0
    outer loop
      vertex 83.6144 59.2 2
      vertex 83.4545 59.5859 0
      vertex 83.4545 59.5859 2
    endloop
  endfacet
  facet normal 0.923833 0.382796 0
    outer loop
      vertex 83.4545 59.5859 0
      vertex 83.6144 59.2 2
      vertex 83.6144 59.2 0
    endloop
  endfacet
  facet normal 0.79346 0.608623 0
    outer loop
      vertex 83.8686 58.8686 2
      vertex 83.6144 59.2 0
      vertex 83.6144 59.2 2
    endloop
  endfacet
  facet normal 0.79346 0.608623 0
    outer loop
      vertex 83.6144 59.2 0
      vertex 83.8686 58.8686 2
      vertex 83.8686 58.8686 0
    endloop
  endfacet
  facet normal 0.99145 -0.130485 0
    outer loop
      vertex 83.4 60 2
      vertex 83.4545 60.4141 0
      vertex 83.4545 60.4141 2
    endloop
  endfacet
  facet normal 0.99145 -0.130485 0
    outer loop
      vertex 83.4545 60.4141 0
      vertex 83.4 60 2
      vertex 83.4 60 0
    endloop
  endfacet
  facet normal -0.79346 0.608623 0
    outer loop
      vertex 86.1314 58.8686 0
      vertex 86.3856 59.2 2
      vertex 86.3856 59.2 0
    endloop
  endfacet
  facet normal -0.79346 0.608623 0
    outer loop
      vertex 86.3856 59.2 2
      vertex 86.1314 58.8686 0
      vertex 86.1314 58.8686 2
    endloop
  endfacet
  facet normal -0.923833 0.382796 0
    outer loop
      vertex 86.3856 59.2 0
      vertex 86.5455 59.5859 2
      vertex 86.5455 59.5859 0
    endloop
  endfacet
  facet normal -0.923833 0.382796 0
    outer loop
      vertex 86.5455 59.5859 2
      vertex 86.3856 59.2 0
      vertex 86.3856 59.2 2
    endloop
  endfacet
  facet normal 0.923833 -0.382796 0
    outer loop
      vertex 83.4545 60.4141 2
      vertex 83.6144 60.8 0
      vertex 83.6144 60.8 2
    endloop
  endfacet
  facet normal 0.923833 -0.382796 0
    outer loop
      vertex 83.6144 60.8 0
      vertex 83.4545 60.4141 2
      vertex 83.4545 60.4141 0
    endloop
  endfacet
  facet normal 0.923899 0.382637 0
    outer loop
      vertex 11.3807 7.90587 7
      vertex 11.0311 8.75 2
      vertex 11.0311 8.75 7
    endloop
  endfacet
  facet normal 0.923899 0.382637 0
    outer loop
      vertex 11.0311 8.75 2
      vertex 11.3807 7.90587 7
      vertex 11.3807 7.90587 2
    endloop
  endfacet
  facet normal 0.991439 0.130569 0
    outer loop
      vertex 11.5 7 7
      vertex 11.3807 7.90587 2
      vertex 11.3807 7.90587 7
    endloop
  endfacet
  facet normal 0.991439 0.130569 0
    outer loop
      vertex 11.3807 7.90587 2
      vertex 11.5 7 7
      vertex 11.5 7 2
    endloop
  endfacet
  facet normal -0.608774 0.793344 0
    outer loop
      vertex 6.25 10.0311 2
      vertex 5.52513 9.47487 7
      vertex 6.25 10.0311 7
    endloop
  endfacet
  facet normal -0.608774 0.793344 0
    outer loop
      vertex 5.52513 9.47487 7
      vertex 6.25 10.0311 2
      vertex 5.52513 9.47487 2
    endloop
  endfacet
  facet normal -0.382637 0.923899 0
    outer loop
      vertex 7.09413 10.3807 2
      vertex 6.25 10.0311 7
      vertex 7.09413 10.3807 7
    endloop
  endfacet
  facet normal -0.382637 0.923899 0
    outer loop
      vertex 6.25 10.0311 7
      vertex 7.09413 10.3807 2
      vertex 6.25 10.0311 2
    endloop
  endfacet
  facet normal 0.608751 -0.793361 0
    outer loop
      vertex 9.75 3.96891 2
      vertex 10.4749 4.52513 7
      vertex 9.75 3.96891 7
    endloop
  endfacet
  facet normal 0.608751 -0.793361 0
    outer loop
      vertex 10.4749 4.52513 7
      vertex 9.75 3.96891 2
      vertex 10.4749 4.52513 2
    endloop
  endfacet
  facet normal 0.608758 0.793356 -0
    outer loop
      vertex 10.4749 9.47487 2
      vertex 9.75 10.0311 7
      vertex 10.4749 9.47487 7
    endloop
  endfacet
  facet normal 0.608758 0.793356 0
    outer loop
      vertex 9.75 10.0311 7
      vertex 10.4749 9.47487 2
      vertex 9.75 10.0311 2
    endloop
  endfacet
  facet normal -0.991445 0.130526 0
    outer loop
      vertex 4.5 7 2
      vertex 4.61926 7.90587 7
      vertex 4.61926 7.90587 2
    endloop
  endfacet
  facet normal -0.991445 0.130526 0
    outer loop
      vertex 4.61926 7.90587 7
      vertex 4.5 7 2
      vertex 4.5 7 7
    endloop
  endfacet
  facet normal -0.130526 -0.991445 0
    outer loop
      vertex 7.09413 3.61926 2
      vertex 8 3.5 7
      vertex 7.09413 3.61926 7
    endloop
  endfacet
  facet normal -0.130526 -0.991445 -0
    outer loop
      vertex 8 3.5 7
      vertex 7.09413 3.61926 2
      vertex 8 3.5 2
    endloop
  endfacet
  facet normal 0.130569 0.991439 -0
    outer loop
      vertex 8.90587 10.3807 2
      vertex 8 10.5 7
      vertex 8.90587 10.3807 7
    endloop
  endfacet
  facet normal 0.130569 0.991439 0
    outer loop
      vertex 8 10.5 7
      vertex 8.90587 10.3807 2
      vertex 8 10.5 2
    endloop
  endfacet
  facet normal 0.382637 0.923899 -0
    outer loop
      vertex 9.75 10.0311 2
      vertex 8.90587 10.3807 7
      vertex 9.75 10.0311 7
    endloop
  endfacet
  facet normal 0.382637 0.923899 0
    outer loop
      vertex 8.90587 10.3807 7
      vertex 9.75 10.0311 2
      vertex 8.90587 10.3807 2
    endloop
  endfacet
  facet normal -0.608767 -0.793349 0
    outer loop
      vertex 5.52513 4.52513 2
      vertex 6.25 3.96891 7
      vertex 5.52513 4.52513 7
    endloop
  endfacet
  facet normal -0.608765 -0.793351 -4.50251e-07
    outer loop
      vertex 6.22377 3.98904 2
      vertex 6.25 3.96891 7
      vertex 5.52513 4.52513 2
    endloop
  endfacet
  facet normal -0.608819 -0.793309 -0
    outer loop
      vertex 6.25 3.96891 7
      vertex 6.22377 3.98904 2
      vertex 6.25 3.96891 2
    endloop
  endfacet
  facet normal 0.79336 0.608753 0
    outer loop
      vertex 11.0311 8.75 7
      vertex 10.4749 9.47487 2
      vertex 10.4749 9.47487 7
    endloop
  endfacet
  facet normal 0.79336 0.608753 0
    outer loop
      vertex 10.4749 9.47487 2
      vertex 11.0311 8.75 7
      vertex 11.0311 8.75 2
    endloop
  endfacet
  facet normal 0.130526 -0.991445 0
    outer loop
      vertex 8 3.5 2
      vertex 8.90587 3.61926 7
      vertex 8 3.5 7
    endloop
  endfacet
  facet normal 0.130526 -0.991445 0
    outer loop
      vertex 8.90587 3.61926 7
      vertex 8 3.5 2
      vertex 8.90587 3.61926 2
    endloop
  endfacet
  facet normal 0.79336 -0.608753 0
    outer loop
      vertex 10.4749 4.52513 7
      vertex 11.0311 5.25 2
      vertex 11.0311 5.25 7
    endloop
  endfacet
  facet normal 0.79336 -0.608753 0
    outer loop
      vertex 11.0311 5.25 2
      vertex 10.4749 4.52513 7
      vertex 10.4749 4.52513 2
    endloop
  endfacet
  facet normal 0.382683 -0.92388 0
    outer loop
      vertex 8.90587 3.61926 2
      vertex 9.75 3.96891 7
      vertex 8.90587 3.61926 7
    endloop
  endfacet
  facet normal 0.382683 -0.92388 0
    outer loop
      vertex 9.75 3.96891 7
      vertex 8.90587 3.61926 2
      vertex 9.75 3.96891 2
    endloop
  endfacet
  facet normal -0.793349 0.608767 0
    outer loop
      vertex 4.96891 8.75 2
      vertex 5.52513 9.47487 7
      vertex 5.52513 9.47487 2
    endloop
  endfacet
  facet normal -0.793349 0.608767 0
    outer loop
      vertex 5.52513 9.47487 7
      vertex 4.96891 8.75 2
      vertex 4.96891 8.75 7
    endloop
  endfacet
  facet normal -0.793349 -0.608767 0
    outer loop
      vertex 5.52513 4.52513 2
      vertex 4.96891 5.25 7
      vertex 4.96891 5.25 2
    endloop
  endfacet
  facet normal -0.793349 -0.608767 0
    outer loop
      vertex 4.96891 5.25 7
      vertex 5.52513 4.52513 2
      vertex 5.52513 4.52513 7
    endloop
  endfacet
  facet normal 0.991439 -0.130569 0
    outer loop
      vertex 11.3807 6.09413 7
      vertex 11.5 7 2
      vertex 11.5 7 7
    endloop
  endfacet
  facet normal 0.991439 -0.130569 0
    outer loop
      vertex 11.5 7 2
      vertex 11.3807 6.09413 7
      vertex 11.3807 6.09413 2
    endloop
  endfacet
  facet normal -0.130569 0.991439 0
    outer loop
      vertex 8 10.5 2
      vertex 7.09413 10.3807 7
      vertex 8 10.5 7
    endloop
  endfacet
  facet normal -0.130569 0.991439 0
    outer loop
      vertex 7.09413 10.3807 7
      vertex 8 10.5 2
      vertex 7.09413 10.3807 2
    endloop
  endfacet
  facet normal -0.92388 -0.382683 0
    outer loop
      vertex 4.96891 5.25 2
      vertex 4.61926 6.09413 7
      vertex 4.61926 6.09413 2
    endloop
  endfacet
  facet normal -0.92388 -0.382683 0
    outer loop
      vertex 4.61926 6.09413 7
      vertex 4.96891 5.25 2
      vertex 4.96891 5.25 7
    endloop
  endfacet
  facet normal -0.991444 -0.130536 0
    outer loop
      vertex 4.56119 6.53525 2
      vertex 4.5 7 7
      vertex 4.5 7 2
    endloop
  endfacet
  facet normal -0.991446 -0.130516 -0
    outer loop
      vertex 4.61926 6.09413 7
      vertex 4.56119 6.53525 2
      vertex 4.61926 6.09413 2
    endloop
  endfacet
  facet normal -0.991445 -0.130526 -8.97529e-07
    outer loop
      vertex 4.56119 6.53525 2
      vertex 4.61926 6.09413 7
      vertex 4.5 7 7
    endloop
  endfacet
  facet normal 0.923899 -0.382637 0
    outer loop
      vertex 11.0311 5.25 7
      vertex 11.3807 6.09413 2
      vertex 11.3807 6.09413 7
    endloop
  endfacet
  facet normal 0.923899 -0.382637 0
    outer loop
      vertex 11.3807 6.09413 2
      vertex 11.0311 5.25 7
      vertex 11.0311 5.25 2
    endloop
  endfacet
  facet normal -0.382683 -0.92388 0
    outer loop
      vertex 6.25 3.96891 2
      vertex 7.09413 3.61926 7
      vertex 6.25 3.96891 7
    endloop
  endfacet
  facet normal -0.382683 -0.92388 -0
    outer loop
      vertex 7.09413 3.61926 7
      vertex 6.25 3.96891 2
      vertex 7.09413 3.61926 2
    endloop
  endfacet
  facet normal 0 0 1
    outer loop
      vertex 9.4 7 7
      vertex 11.5 7 7
      vertex 11.3807 7.90587 7
    endloop
  endfacet
  facet normal 0 0 1
    outer loop
      vertex 9.3523 7.36235 7
      vertex 11.3807 7.90587 7
      vertex 11.0311 8.75 7
    endloop
  endfacet
  facet normal 0 0 1
    outer loop
      vertex 11.5 7 7
      vertex 9.4 7 7
      vertex 11.3807 6.09413 7
    endloop
  endfacet
  facet normal 0 0 1
    outer loop
      vertex 9.21243 7.7 7
      vertex 11.0311 8.75 7
      vertex 10.4749 9.47487 7
    endloop
  endfacet
  facet normal -0 0 1
    outer loop
      vertex 9.3523 6.63765 7
      vertex 11.3807 6.09413 7
      vertex 9.4 7 7
    endloop
  endfacet
  facet normal 0 0 1
    outer loop
      vertex 8.98995 7.98995 7
      vertex 10.4749 9.47487 7
      vertex 9.75 10.0311 7
    endloop
  endfacet
  facet normal 0 0 1
    outer loop
      vertex 11.3807 6.09413 7
      vertex 9.3523 6.63765 7
      vertex 11.0311 5.25 7
    endloop
  endfacet
  facet normal -0 0 1
    outer loop
      vertex 9.21243 6.3 7
      vertex 11.0311 5.25 7
      vertex 9.3523 6.63765 7
    endloop
  endfacet
  facet normal 0 0 1
    outer loop
      vertex 11.3807 7.90587 7
      vertex 9.3523 7.36235 7
      vertex 9.4 7 7
    endloop
  endfacet
  facet normal 0 0 1
    outer loop
      vertex 11.0311 8.75 7
      vertex 9.21243 7.7 7
      vertex 9.3523 7.36235 7
    endloop
  endfacet
  facet normal 0 0 1
    outer loop
      vertex 10.4749 9.47487 7
      vertex 8.98995 7.98995 7
      vertex 9.21243 7.7 7
    endloop
  endfacet
  facet normal 0 0 1
    outer loop
      vertex 8.7 8.21243 7
      vertex 9.75 10.0311 7
      vertex 8.90587 10.3807 7
    endloop
  endfacet
  facet normal 0 0 1
    outer loop
      vertex 9.75 10.0311 7
      vertex 8.7 8.21243 7
      vertex 8.98995 7.98995 7
    endloop
  endfacet
  facet normal 0 0 1
    outer loop
      vertex 8.90587 10.3807 7
      vertex 8.36235 8.3523 7
      vertex 8.7 8.21243 7
    endloop
  endfacet
  facet normal 0 0 1
    outer loop
      vertex 8 10.5 7
      vertex 8.36235 8.3523 7
      vertex 8.90587 10.3807 7
    endloop
  endfacet
  facet normal 0 0 1
    outer loop
      vertex 8 10.5 7
      vertex 8 8.4 7
      vertex 8.36235 8.3523 7
    endloop
  endfacet
  facet normal 0 0 1
    outer loop
      vertex 8 10.5 7
      vertex 7.63765 8.3523 7
      vertex 8 8.4 7
    endloop
  endfacet
  facet normal -0 0 1
    outer loop
      vertex 7.09413 10.3807 7
      vertex 7.63765 8.3523 7
      vertex 8 10.5 7
    endloop
  endfacet
  facet normal 0 0 1
    outer loop
      vertex 7.63765 8.3523 7
      vertex 7.09413 10.3807 7
      vertex 7.3 8.21243 7
    endloop
  endfacet
  facet normal -0 0 1
    outer loop
      vertex 6.25 10.0311 7
      vertex 7.3 8.21243 7
      vertex 7.09413 10.3807 7
    endloop
  endfacet
  facet normal 0 0 1
    outer loop
      vertex 7.3 8.21243 7
      vertex 6.25 10.0311 7
      vertex 7.01005 7.98995 7
    endloop
  endfacet
  facet normal -0 0 1
    outer loop
      vertex 5.52513 9.47487 7
      vertex 7.01005 7.98995 7
      vertex 6.25 10.0311 7
    endloop
  endfacet
  facet normal -0 0 1
    outer loop
      vertex 4.96891 8.75 7
      vertex 6.78757 7.7 7
      vertex 5.52513 9.47487 7
    endloop
  endfacet
  facet normal 0 0 1
    outer loop
      vertex 7.01005 7.98995 7
      vertex 5.52513 9.47487 7
      vertex 6.78757 7.7 7
    endloop
  endfacet
  facet normal 0 0 1
    outer loop
      vertex 11.0311 5.25 7
      vertex 9.21243 6.3 7
      vertex 10.4749 4.52513 7
    endloop
  endfacet
  facet normal -0 0 1
    outer loop
      vertex 8.98995 6.01005 7
      vertex 10.4749 4.52513 7
      vertex 9.21243 6.3 7
    endloop
  endfacet
  facet normal 0 0 1
    outer loop
      vertex 10.4749 4.52513 7
      vertex 8.98995 6.01005 7
      vertex 9.75 3.96891 7
    endloop
  endfacet
  facet normal -0 0 1
    outer loop
      vertex 8.7 5.78757 7
      vertex 9.75 3.96891 7
      vertex 8.98995 6.01005 7
    endloop
  endfacet
  facet normal 0 0 1
    outer loop
      vertex 9.75 3.96891 7
      vertex 8.7 5.78757 7
      vertex 8.90587 3.61926 7
    endloop
  endfacet
  facet normal -0 0 1
    outer loop
      vertex 8.36235 5.6477 7
      vertex 8.90587 3.61926 7
      vertex 8.7 5.78757 7
    endloop
  endfacet
  facet normal -0 0 1
    outer loop
      vertex 8 5.6 7
      vertex 8.90587 3.61926 7
      vertex 8.36235 5.6477 7
    endloop
  endfacet
  facet normal 0 0 1
    outer loop
      vertex 8 5.6 7
      vertex 8 3.5 7
      vertex 8.90587 3.61926 7
    endloop
  endfacet
  facet normal 0 0 1
    outer loop
      vertex 7.63765 5.6477 7
      vertex 8 3.5 7
      vertex 8 5.6 7
    endloop
  endfacet
  facet normal 0 0 1
    outer loop
      vertex 7.09413 3.61926 7
      vertex 7.63765 5.6477 7
      vertex 7.3 5.78757 7
    endloop
  endfacet
  facet normal 0 0 1
    outer loop
      vertex 7.63765 5.6477 7
      vertex 7.09413 3.61926 7
      vertex 8 3.5 7
    endloop
  endfacet
  facet normal 0 0 1
    outer loop
      vertex 6.25 3.96891 7
      vertex 7.3 5.78757 7
      vertex 7.01005 6.01005 7
    endloop
  endfacet
  facet normal 0 0 1
    outer loop
      vertex 5.52513 4.52513 7
      vertex 7.01005 6.01005 7
      vertex 6.78757 6.3 7
    endloop
  endfacet
  facet normal 0 0 1
    outer loop
      vertex 4.96891 5.25 7
      vertex 6.78757 6.3 7
      vertex 6.6477 6.63765 7
    endloop
  endfacet
  facet normal 0 0 1
    outer loop
      vertex 7.3 5.78757 7
      vertex 6.25 3.96891 7
      vertex 7.09413 3.61926 7
    endloop
  endfacet
  facet normal 0 0 1
    outer loop
      vertex 4.61926 6.09413 7
      vertex 6.6477 6.63765 7
      vertex 6.6 7 7
    endloop
  endfacet
  facet normal 0 0 1
    outer loop
      vertex 6.78757 7.7 7
      vertex 4.96891 8.75 7
      vertex 6.6477 7.36235 7
    endloop
  endfacet
  facet normal -0 0 1
    outer loop
      vertex 4.61926 7.90587 7
      vertex 6.6477 7.36235 7
      vertex 4.96891 8.75 7
    endloop
  endfacet
  facet normal 0 0 1
    outer loop
      vertex 7.01005 6.01005 7
      vertex 5.52513 4.52513 7
      vertex 6.25 3.96891 7
    endloop
  endfacet
  facet normal 0 0 1
    outer loop
      vertex 6.6477 7.36235 7
      vertex 4.61926 7.90587 7
      vertex 6.6 7 7
    endloop
  endfacet
  facet normal 0 0 1
    outer loop
      vertex 6.78757 6.3 7
      vertex 4.96891 5.25 7
      vertex 5.52513 4.52513 7
    endloop
  endfacet
  facet normal 0 0 1
    outer loop
      vertex 4.5 7 7
      vertex 6.6 7 7
      vertex 4.61926 7.90587 7
    endloop
  endfacet
  facet normal 0 0 1
    outer loop
      vertex 6.6477 6.63765 7
      vertex 4.61926 6.09413 7
      vertex 4.96891 5.25 7
    endloop
  endfacet
  facet normal 0 0 1
    outer loop
      vertex 6.6 7 7
      vertex 4.5 7 7
      vertex 4.61926 6.09413 7
    endloop
  endfacet
  facet normal -0.92388 0.382683 0
    outer loop
      vertex 4.61926 7.90587 2
      vertex 4.96891 8.75 7
      vertex 4.96891 8.75 2
    endloop
  endfacet
  facet normal -0.92388 0.382683 0
    outer loop
      vertex 4.96891 8.75 7
      vertex 4.61926 7.90587 2
      vertex 4.61926 7.90587 7
    endloop
  endfacet
  facet normal -0.923869 -0.382709 0
    outer loop
      vertex 9.3523 7.36235 2
      vertex 9.21243 7.7 7
      vertex 9.21243 7.7 2
    endloop
  endfacet
  facet normal -0.923869 -0.382709 0
    outer loop
      vertex 9.21243 7.7 7
      vertex 9.3523 7.36235 2
      vertex 9.3523 7.36235 7
    endloop
  endfacet
  facet normal -0.991446 -0.130515 0
    outer loop
      vertex 9.4 7 2
      vertex 9.3523 7.36235 7
      vertex 9.3523 7.36235 2
    endloop
  endfacet
  facet normal -0.991446 -0.130515 0
    outer loop
      vertex 9.3523 7.36235 7
      vertex 9.4 7 2
      vertex 9.4 7 7
    endloop
  endfacet
  facet normal -0.793362 -0.60875 0
    outer loop
      vertex 9.21243 7.7 2
      vertex 8.98995 7.98995 7
      vertex 8.98995 7.98995 2
    endloop
  endfacet
  facet normal -0.793362 -0.60875 0
    outer loop
      vertex 8.98995 7.98995 7
      vertex 9.21243 7.7 2
      vertex 9.21243 7.7 7
    endloop
  endfacet
  facet normal -0.130515 -0.991446 0
    outer loop
      vertex 8 8.4 2
      vertex 8.36235 8.3523 7
      vertex 8 8.4 7
    endloop
  endfacet
  facet normal -0.130515 -0.991446 -0
    outer loop
      vertex 8.36235 8.3523 7
      vertex 8 8.4 2
      vertex 8.36235 8.3523 2
    endloop
  endfacet
  facet normal -0.793362 0.60875 0
    outer loop
      vertex 8.98995 6.01005 2
      vertex 9.21243 6.3 7
      vertex 9.21243 6.3 2
    endloop
  endfacet
  facet normal -0.793362 0.60875 0
    outer loop
      vertex 9.21243 6.3 7
      vertex 8.98995 6.01005 2
      vertex 8.98995 6.01005 7
    endloop
  endfacet
  facet normal -0.60875 -0.793362 0
    outer loop
      vertex 8.7 8.21243 2
      vertex 8.98995 7.98995 7
      vertex 8.7 8.21243 7
    endloop
  endfacet
  facet normal -0.60875 -0.793362 -0
    outer loop
      vertex 8.98995 7.98995 7
      vertex 8.7 8.21243 2
      vertex 8.98995 7.98995 2
    endloop
  endfacet
  facet normal 0.60875 -0.793362 0
    outer loop
      vertex 7.01005 7.98995 2
      vertex 7.3 8.21243 7
      vertex 7.01005 7.98995 7
    endloop
  endfacet
  facet normal 0.60875 -0.793362 0
    outer loop
      vertex 7.3 8.21243 7
      vertex 7.01005 7.98995 2
      vertex 7.3 8.21243 2
    endloop
  endfacet
  facet normal 0.923869 0.382709 0
    outer loop
      vertex 6.78757 6.3 7
      vertex 6.6477 6.63765 2
      vertex 6.6477 6.63765 7
    endloop
  endfacet
  facet normal 0.923869 0.382709 0
    outer loop
      vertex 6.6477 6.63765 2
      vertex 6.78757 6.3 7
      vertex 6.78757 6.3 2
    endloop
  endfacet
  facet normal 0.793362 -0.60875 0
    outer loop
      vertex 6.78757 7.7 7
      vertex 7.01005 7.98995 2
      vertex 7.01005 7.98995 7
    endloop
  endfacet
  facet normal 0.793362 -0.60875 0
    outer loop
      vertex 7.01005 7.98995 2
      vertex 6.78757 7.7 7
      vertex 6.78757 7.7 2
    endloop
  endfacet
  facet normal -0.991446 0.130515 0
    outer loop
      vertex 9.3523 6.63765 2
      vertex 9.4 7 7
      vertex 9.4 7 2
    endloop
  endfacet
  facet normal -0.991446 0.130515 0
    outer loop
      vertex 9.4 7 7
      vertex 9.3523 6.63765 2
      vertex 9.3523 6.63765 7
    endloop
  endfacet
  facet normal 0.130515 0.991446 -0
    outer loop
      vertex 8 5.6 2
      vertex 7.63765 5.6477 7
      vertex 8 5.6 7
    endloop
  endfacet
  facet normal 0.130515 0.991446 0
    outer loop
      vertex 7.63765 5.6477 7
      vertex 8 5.6 2
      vertex 7.63765 5.6477 2
    endloop
  endfacet
  facet normal -0.382709 -0.923869 0
    outer loop
      vertex 8.36235 8.3523 2
      vertex 8.7 8.21243 7
      vertex 8.36235 8.3523 7
    endloop
  endfacet
  facet normal -0.382709 -0.923869 -0
    outer loop
      vertex 8.7 8.21243 7
      vertex 8.36235 8.3523 2
      vertex 8.7 8.21243 2
    endloop
  endfacet
  facet normal -0.130515 0.991446 0
    outer loop
      vertex 8.36235 5.6477 2
      vertex 8 5.6 7
      vertex 8.36235 5.6477 7
    endloop
  endfacet
  facet normal -0.130515 0.991446 0
    outer loop
      vertex 8 5.6 7
      vertex 8.36235 5.6477 2
      vertex 8 5.6 2
    endloop
  endfacet
  facet normal -0.923869 0.382709 0
    outer loop
      vertex 9.21243 6.3 2
      vertex 9.3523 6.63765 7
      vertex 9.3523 6.63765 2
    endloop
  endfacet
  facet normal -0.923869 0.382709 0
    outer loop
      vertex 9.3523 6.63765 7
      vertex 9.21243 6.3 2
      vertex 9.21243 6.3 7
    endloop
  endfacet
  facet normal -0.382709 0.923869 0
    outer loop
      vertex 8.7 5.78757 2
      vertex 8.36235 5.6477 7
      vertex 8.7 5.78757 7
    endloop
  endfacet
  facet normal -0.382709 0.923869 0
    outer loop
      vertex 8.36235 5.6477 7
      vertex 8.7 5.78757 2
      vertex 8.36235 5.6477 2
    endloop
  endfacet
  facet normal 0.991446 0.130515 0
    outer loop
      vertex 6.6477 6.63765 7
      vertex 6.6 7 2
      vertex 6.6 7 7
    endloop
  endfacet
  facet normal 0.991446 0.130515 0
    outer loop
      vertex 6.6 7 2
      vertex 6.6477 6.63765 7
      vertex 6.6477 6.63765 2
    endloop
  endfacet
  facet normal 0.382709 -0.923869 0
    outer loop
      vertex 7.3 8.21243 2
      vertex 7.63765 8.3523 7
      vertex 7.3 8.21243 7
    endloop
  endfacet
  facet normal 0.382709 -0.923869 0
    outer loop
      vertex 7.63765 8.3523 7
      vertex 7.3 8.21243 2
      vertex 7.63765 8.3523 2
    endloop
  endfacet
  facet normal -0.60875 0.793362 0
    outer loop
      vertex 8.98995 6.01005 2
      vertex 8.7 5.78757 7
      vertex 8.98995 6.01005 7
    endloop
  endfacet
  facet normal -0.60875 0.793362 0
    outer loop
      vertex 8.7 5.78757 7
      vertex 8.98995 6.01005 2
      vertex 8.7 5.78757 2
    endloop
  endfacet
  facet normal 0.130515 -0.991446 0
    outer loop
      vertex 7.63765 8.3523 2
      vertex 8 8.4 7
      vertex 7.63765 8.3523 7
    endloop
  endfacet
  facet normal 0.130515 -0.991446 0
    outer loop
      vertex 8 8.4 7
      vertex 7.63765 8.3523 2
      vertex 8 8.4 2
    endloop
  endfacet
  facet normal 0.60875 0.793362 -0
    outer loop
      vertex 7.3 5.78757 2
      vertex 7.01005 6.01005 7
      vertex 7.3 5.78757 7
    endloop
  endfacet
  facet normal 0.60875 0.793362 0
    outer loop
      vertex 7.01005 6.01005 7
      vertex 7.3 5.78757 2
      vertex 7.01005 6.01005 2
    endloop
  endfacet
  facet normal 0.991446 -0.130515 0
    outer loop
      vertex 6.6 7 7
      vertex 6.6477 7.36235 2
      vertex 6.6477 7.36235 7
    endloop
  endfacet
  facet normal 0.991446 -0.130515 0
    outer loop
      vertex 6.6477 7.36235 2
      vertex 6.6 7 7
      vertex 6.6 7 2
    endloop
  endfacet
  facet normal 0.793362 0.60875 0
    outer loop
      vertex 7.01005 6.01005 7
      vertex 6.78757 6.3 2
      vertex 6.78757 6.3 7
    endloop
  endfacet
  facet normal 0.793362 0.60875 0
    outer loop
      vertex 6.78757 6.3 2
      vertex 7.01005 6.01005 7
      vertex 7.01005 6.01005 2
    endloop
  endfacet
  facet normal 0.382709 0.923869 -0
    outer loop
      vertex 7.63765 5.6477 2
      vertex 7.3 5.78757 7
      vertex 7.63765 5.6477 7
    endloop
  endfacet
  facet normal 0.382709 0.923869 0
    outer loop
      vertex 7.3 5.78757 7
      vertex 7.63765 5.6477 2
      vertex 7.3 5.78757 2
    endloop
  endfacet
  facet normal 0.923869 -0.382709 0
    outer loop
      vertex 6.6477 7.36235 7
      vertex 6.78757 7.7 2
      vertex 6.78757 7.7 7
    endloop
  endfacet
  facet normal 0.923869 -0.382709 0
    outer loop
      vertex 6.78757 7.7 2
      vertex 6.6477 7.36235 7
      vertex 6.6477 7.36235 2
    endloop
  endfacet
  facet normal 0.923899 0.382637 0
    outer loop
      vertex 39.3807 7.90587 7
      vertex 39.0311 8.75 2
      vertex 39.0311 8.75 7
    endloop
  endfacet
  facet normal 0.923899 0.382637 0
    outer loop
      vertex 39.0311 8.75 2
      vertex 39.3807 7.90587 7
      vertex 39.3807 7.90587 2
    endloop
  endfacet
  facet normal 0.991439 0.130569 0
    outer loop
      vertex 39.5 7 7
      vertex 39.3807 7.90587 2
      vertex 39.3807 7.90587 7
    endloop
  endfacet
  facet normal 0.991439 0.130569 0
    outer loop
      vertex 39.3807 7.90587 2
      vertex 39.5 7 7
      vertex 39.5 7 2
    endloop
  endfacet
  facet normal -0.609048 0.793133 0
    outer loop
      vertex 34.2095 10 2
      vertex 34.25 10.0311 7
      vertex 34.25 10.0311 2
    endloop
  endfacet
  facet normal -0.608758 0.793356 -3.7375e-06
    outer loop
      vertex 34.25 10.0311 7
      vertex 34.2095 10 2
      vertex 33.5251 9.47487 7
    endloop
  endfacet
  facet normal -0.608741 0.793369 0
    outer loop
      vertex 33.5251 9.47487 7
      vertex 34.2095 10 2
      vertex 33.5251 9.47487 2
    endloop
  endfacet
  facet normal -0.382648 0.923894 0
    outer loop
      vertex 35.0941 10.3807 2
      vertex 34.25 10.0311 7
      vertex 35.0941 10.3807 7
    endloop
  endfacet
  facet normal -0.382648 0.923894 0
    outer loop
      vertex 34.25 10.0311 7
      vertex 35.0941 10.3807 2
      vertex 34.25 10.0311 2
    endloop
  endfacet
  facet normal 0.608751 -0.793361 0
    outer loop
      vertex 37.75 3.96891 2
      vertex 38.4749 4.52513 7
      vertex 37.75 3.96891 7
    endloop
  endfacet
  facet normal 0.608751 -0.793361 0
    outer loop
      vertex 38.4749 4.52513 7
      vertex 37.75 3.96891 2
      vertex 38.4749 4.52513 2
    endloop
  endfacet
  facet normal 0.608758 0.793356 -0
    outer loop
      vertex 38.4749 9.47487 2
      vertex 37.75 10.0311 7
      vertex 38.4749 9.47487 7
    endloop
  endfacet
  facet normal 0.608741 0.793369 -3.95873e-06
    outer loop
      vertex 37.7905 10 2
      vertex 37.75 10.0311 7
      vertex 38.4749 9.47487 2
    endloop
  endfacet
  facet normal 0.609048 0.793133 0
    outer loop
      vertex 37.75 10.0311 7
      vertex 37.7905 10 2
      vertex 37.75 10.0311 2
    endloop
  endfacet
  facet normal -0.991439 0.130569 0
    outer loop
      vertex 32.5 7 2
      vertex 32.6193 7.90587 7
      vertex 32.6193 7.90587 2
    endloop
  endfacet
  facet normal -0.991439 0.130569 0
    outer loop
      vertex 32.6193 7.90587 7
      vertex 32.5 7 2
      vertex 32.5 7 7
    endloop
  endfacet
  facet normal -0.130522 -0.991445 0
    outer loop
      vertex 35.0941 3.61926 2
      vertex 36 3.5 7
      vertex 35.0941 3.61926 7
    endloop
  endfacet
  facet normal -0.130522 -0.991445 -0
    outer loop
      vertex 36 3.5 7
      vertex 35.0941 3.61926 2
      vertex 36 3.5 2
    endloop
  endfacet
  facet normal 0.130565 0.99144 -0
    outer loop
      vertex 36.9059 10.3807 2
      vertex 36 10.5 7
      vertex 36.9059 10.3807 7
    endloop
  endfacet
  facet normal 0.130565 0.99144 0
    outer loop
      vertex 36 10.5 7
      vertex 36.9059 10.3807 2
      vertex 36 10.5 2
    endloop
  endfacet
  facet normal 0.382648 0.923894 -0
    outer loop
      vertex 37.75 10.0311 2
      vertex 36.9059 10.3807 7
      vertex 37.75 10.0311 7
    endloop
  endfacet
  facet normal 0.382648 0.923894 0
    outer loop
      vertex 36.9059 10.3807 7
      vertex 37.75 10.0311 2
      vertex 36.9059 10.3807 2
    endloop
  endfacet
  facet normal -0.608751 -0.793361 0
    outer loop
      vertex 33.5251 4.52513 2
      vertex 34.25 3.96891 7
      vertex 33.5251 4.52513 7
    endloop
  endfacet
  facet normal -0.608751 -0.793361 -0
    outer loop
      vertex 34.25 3.96891 7
      vertex 33.5251 4.52513 2
      vertex 34.25 3.96891 2
    endloop
  endfacet
  facet normal 0.79336 0.608753 0
    outer loop
      vertex 39.0311 8.75 7
      vertex 38.4749 9.47487 2
      vertex 38.4749 9.47487 7
    endloop
  endfacet
  facet normal 0.79336 0.608753 0
    outer loop
      vertex 38.4749 9.47487 2
      vertex 39.0311 8.75 7
      vertex 39.0311 8.75 2
    endloop
  endfacet
  facet normal 0.130522 -0.991445 0
    outer loop
      vertex 36 3.5 2
      vertex 36.9059 3.61926 7
      vertex 36 3.5 7
    endloop
  endfacet
  facet normal 0.130522 -0.991445 0
    outer loop
      vertex 36.9059 3.61926 7
      vertex 36 3.5 2
      vertex 36.9059 3.61926 2
    endloop
  endfacet
  facet normal 0.79336 -0.608753 0
    outer loop
      vertex 38.4749 4.52513 7
      vertex 39.0311 5.25 2
      vertex 39.0311 5.25 7
    endloop
  endfacet
  facet normal 0.79336 -0.608753 0
    outer loop
      vertex 39.0311 5.25 2
      vertex 38.4749 4.52513 7
      vertex 38.4749 4.52513 2
    endloop
  endfacet
  facet normal 0.382695 -0.923875 0
    outer loop
      vertex 36.9059 3.61926 2
      vertex 37.75 3.96891 7
      vertex 36.9059 3.61926 7
    endloop
  endfacet
  facet normal 0.382695 -0.923875 0
    outer loop
      vertex 37.75 3.96891 7
      vertex 36.9059 3.61926 2
      vertex 37.75 3.96891 2
    endloop
  endfacet
  facet normal -0.79336 0.608753 0
    outer loop
      vertex 32.9689 8.75 2
      vertex 33.5251 9.47487 7
      vertex 33.5251 9.47487 2
    endloop
  endfacet
  facet normal -0.79336 0.608753 0
    outer loop
      vertex 33.5251 9.47487 7
      vertex 32.9689 8.75 2
      vertex 32.9689 8.75 7
    endloop
  endfacet
  facet normal -0.79336 -0.608753 0
    outer loop
      vertex 33.5251 4.52513 2
      vertex 32.9689 5.25 7
      vertex 32.9689 5.25 2
    endloop
  endfacet
  facet normal -0.79336 -0.608753 0
    outer loop
      vertex 32.9689 5.25 7
      vertex 33.5251 4.52513 2
      vertex 33.5251 4.52513 7
    endloop
  endfacet
  facet normal 0.991439 -0.130569 0
    outer loop
      vertex 39.3807 6.09413 7
      vertex 39.5 7 2
      vertex 39.5 7 7
    endloop
  endfacet
  facet normal 0.991439 -0.130569 0
    outer loop
      vertex 39.5 7 2
      vertex 39.3807 6.09413 7
      vertex 39.3807 6.09413 2
    endloop
  endfacet
  facet normal -0.130565 0.99144 0
    outer loop
      vertex 36 10.5 2
      vertex 35.0941 10.3807 7
      vertex 36 10.5 7
    endloop
  endfacet
  facet normal -0.130565 0.99144 0
    outer loop
      vertex 35.0941 10.3807 7
      vertex 36 10.5 2
      vertex 35.0941 10.3807 2
    endloop
  endfacet
  facet normal -0.923899 -0.382637 0
    outer loop
      vertex 32.9689 5.25 2
      vertex 32.6193 6.09413 7
      vertex 32.6193 6.09413 2
    endloop
  endfacet
  facet normal -0.923899 -0.382637 0
    outer loop
      vertex 32.6193 6.09413 7
      vertex 32.9689 5.25 2
      vertex 32.9689 5.25 7
    endloop
  endfacet
  facet normal -0.991439 -0.130569 0
    outer loop
      vertex 32.6193 6.09413 2
      vertex 32.5 7 7
      vertex 32.5 7 2
    endloop
  endfacet
  facet normal -0.991439 -0.130569 0
    outer loop
      vertex 32.5 7 7
      vertex 32.6193 6.09413 2
      vertex 32.6193 6.09413 7
    endloop
  endfacet
  facet normal 0.923899 -0.382637 0
    outer loop
      vertex 39.0311 5.25 7
      vertex 39.3807 6.09413 2
      vertex 39.3807 6.09413 7
    endloop
  endfacet
  facet normal 0.923899 -0.382637 0
    outer loop
      vertex 39.3807 6.09413 2
      vertex 39.0311 5.25 7
      vertex 39.0311 5.25 2
    endloop
  endfacet
  facet normal -0.382695 -0.923875 0
    outer loop
      vertex 34.25 3.96891 2
      vertex 35.0941 3.61926 7
      vertex 34.25 3.96891 7
    endloop
  endfacet
  facet normal -0.382695 -0.923875 -0
    outer loop
      vertex 35.0941 3.61926 7
      vertex 34.25 3.96891 2
      vertex 35.0941 3.61926 2
    endloop
  endfacet
  facet normal 0 0 1
    outer loop
      vertex 37.4 7 7
      vertex 39.5 7 7
      vertex 39.3807 7.90587 7
    endloop
  endfacet
  facet normal 0 0 1
    outer loop
      vertex 37.3523 7.36235 7
      vertex 39.3807 7.90587 7
      vertex 39.0311 8.75 7
    endloop
  endfacet
  facet normal 0 0 1
    outer loop
      vertex 39.5 7 7
      vertex 37.4 7 7
      vertex 39.3807 6.09413 7
    endloop
  endfacet
  facet normal 0 0 1
    outer loop
      vertex 37.2124 7.7 7
      vertex 39.0311 8.75 7
      vertex 38.4749 9.47487 7
    endloop
  endfacet
  facet normal -0 0 1
    outer loop
      vertex 37.3523 6.63765 7
      vertex 39.3807 6.09413 7
      vertex 37.4 7 7
    endloop
  endfacet
  facet normal 0 0 1
    outer loop
      vertex 36.9899 7.98995 7
      vertex 38.4749 9.47487 7
      vertex 37.75 10.0311 7
    endloop
  endfacet
  facet normal 0 0 1
    outer loop
      vertex 39.3807 6.09413 7
      vertex 37.3523 6.63765 7
      vertex 39.0311 5.25 7
    endloop
  endfacet
  facet normal -0 0 1
    outer loop
      vertex 37.2124 6.3 7
      vertex 39.0311 5.25 7
      vertex 37.3523 6.63765 7
    endloop
  endfacet
  facet normal 0 0 1
    outer loop
      vertex 39.3807 7.90587 7
      vertex 37.3523 7.36235 7
      vertex 37.4 7 7
    endloop
  endfacet
  facet normal 0 0 1
    outer loop
      vertex 39.0311 8.75 7
      vertex 37.2124 7.7 7
      vertex 37.3523 7.36235 7
    endloop
  endfacet
  facet normal 0 0 1
    outer loop
      vertex 38.4749 9.47487 7
      vertex 36.9899 7.98995 7
      vertex 37.2124 7.7 7
    endloop
  endfacet
  facet normal 0 0 1
    outer loop
      vertex 36.7 8.21243 7
      vertex 37.75 10.0311 7
      vertex 36.9059 10.3807 7
    endloop
  endfacet
  facet normal 0 0 1
    outer loop
      vertex 37.75 10.0311 7
      vertex 36.7 8.21243 7
      vertex 36.9899 7.98995 7
    endloop
  endfacet
  facet normal 0 0 1
    outer loop
      vertex 36.9059 10.3807 7
      vertex 36.3623 8.3523 7
      vertex 36.7 8.21243 7
    endloop
  endfacet
  facet normal 0 0 1
    outer loop
      vertex 36 10.5 7
      vertex 36.3623 8.3523 7
      vertex 36.9059 10.3807 7
    endloop
  endfacet
  facet normal 0 0 1
    outer loop
      vertex 36 10.5 7
      vertex 36 8.4 7
      vertex 36.3623 8.3523 7
    endloop
  endfacet
  facet normal 0 0 1
    outer loop
      vertex 36 10.5 7
      vertex 35.6377 8.3523 7
      vertex 36 8.4 7
    endloop
  endfacet
  facet normal -0 0 1
    outer loop
      vertex 35.0941 10.3807 7
      vertex 35.6377 8.3523 7
      vertex 36 10.5 7
    endloop
  endfacet
  facet normal 0 0 1
    outer loop
      vertex 35.6377 8.3523 7
      vertex 35.0941 10.3807 7
      vertex 35.3 8.21243 7
    endloop
  endfacet
  facet normal -0 0 1
    outer loop
      vertex 34.25 10.0311 7
      vertex 35.3 8.21243 7
      vertex 35.0941 10.3807 7
    endloop
  endfacet
  facet normal 0 0 1
    outer loop
      vertex 35.3 8.21243 7
      vertex 34.25 10.0311 7
      vertex 35.0101 7.98995 7
    endloop
  endfacet
  facet normal -0 0 1
    outer loop
      vertex 33.5251 9.47487 7
      vertex 35.0101 7.98995 7
      vertex 34.25 10.0311 7
    endloop
  endfacet
  facet normal -0 0 1
    outer loop
      vertex 32.9689 8.75 7
      vertex 34.7876 7.7 7
      vertex 33.5251 9.47487 7
    endloop
  endfacet
  facet normal 0 0 1
    outer loop
      vertex 35.0101 7.98995 7
      vertex 33.5251 9.47487 7
      vertex 34.7876 7.7 7
    endloop
  endfacet
  facet normal 0 0 1
    outer loop
      vertex 39.0311 5.25 7
      vertex 37.2124 6.3 7
      vertex 38.4749 4.52513 7
    endloop
  endfacet
  facet normal -0 0 1
    outer loop
      vertex 36.9899 6.01005 7
      vertex 38.4749 4.52513 7
      vertex 37.2124 6.3 7
    endloop
  endfacet
  facet normal 0 0 1
    outer loop
      vertex 38.4749 4.52513 7
      vertex 36.9899 6.01005 7
      vertex 37.75 3.96891 7
    endloop
  endfacet
  facet normal -0 0 1
    outer loop
      vertex 36.7 5.78757 7
      vertex 37.75 3.96891 7
      vertex 36.9899 6.01005 7
    endloop
  endfacet
  facet normal 0 0 1
    outer loop
      vertex 37.75 3.96891 7
      vertex 36.7 5.78757 7
      vertex 36.9059 3.61926 7
    endloop
  endfacet
  facet normal -0 0 1
    outer loop
      vertex 36.3623 5.6477 7
      vertex 36.9059 3.61926 7
      vertex 36.7 5.78757 7
    endloop
  endfacet
  facet normal -0 0 1
    outer loop
      vertex 36 5.6 7
      vertex 36.9059 3.61926 7
      vertex 36.3623 5.6477 7
    endloop
  endfacet
  facet normal 0 0 1
    outer loop
      vertex 36 5.6 7
      vertex 36 3.5 7
      vertex 36.9059 3.61926 7
    endloop
  endfacet
  facet normal 0 0 1
    outer loop
      vertex 35.6377 5.6477 7
      vertex 36 3.5 7
      vertex 36 5.6 7
    endloop
  endfacet
  facet normal 0 0 1
    outer loop
      vertex 35.0941 3.61926 7
      vertex 35.6377 5.6477 7
      vertex 35.3 5.78757 7
    endloop
  endfacet
  facet normal 0 0 1
    outer loop
      vertex 35.6377 5.6477 7
      vertex 35.0941 3.61926 7
      vertex 36 3.5 7
    endloop
  endfacet
  facet normal 0 0 1
    outer loop
      vertex 34.25 3.96891 7
      vertex 35.3 5.78757 7
      vertex 35.0101 6.01005 7
    endloop
  endfacet
  facet normal 0 0 1
    outer loop
      vertex 33.5251 4.52513 7
      vertex 35.0101 6.01005 7
      vertex 34.7876 6.3 7
    endloop
  endfacet
  facet normal 0 0 1
    outer loop
      vertex 32.9689 5.25 7
      vertex 34.7876 6.3 7
      vertex 34.6477 6.63765 7
    endloop
  endfacet
  facet normal 0 0 1
    outer loop
      vertex 35.3 5.78757 7
      vertex 34.25 3.96891 7
      vertex 35.0941 3.61926 7
    endloop
  endfacet
  facet normal 0 0 1
    outer loop
      vertex 32.6193 6.09413 7
      vertex 34.6477 6.63765 7
      vertex 34.6 7 7
    endloop
  endfacet
  facet normal 0 0 1
    outer loop
      vertex 34.7876 7.7 7
      vertex 32.9689 8.75 7
      vertex 34.6477 7.36235 7
    endloop
  endfacet
  facet normal -0 0 1
    outer loop
      vertex 32.6193 7.90587 7
      vertex 34.6477 7.36235 7
      vertex 32.9689 8.75 7
    endloop
  endfacet
  facet normal 0 0 1
    outer loop
      vertex 35.0101 6.01005 7
      vertex 33.5251 4.52513 7
      vertex 34.25 3.96891 7
    endloop
  endfacet
  facet normal 0 0 1
    outer loop
      vertex 34.6477 7.36235 7
      vertex 32.6193 7.90587 7
      vertex 34.6 7 7
    endloop
  endfacet
  facet normal 0 0 1
    outer loop
      vertex 34.7876 6.3 7
      vertex 32.9689 5.25 7
      vertex 33.5251 4.52513 7
    endloop
  endfacet
  facet normal 0 0 1
    outer loop
      vertex 32.5 7 7
      vertex 34.6 7 7
      vertex 32.6193 7.90587 7
    endloop
  endfacet
  facet normal 0 0 1
    outer loop
      vertex 34.6477 6.63765 7
      vertex 32.6193 6.09413 7
      vertex 32.9689 5.25 7
    endloop
  endfacet
  facet normal 0 0 1
    outer loop
      vertex 34.6 7 7
      vertex 32.5 7 7
      vertex 32.6193 6.09413 7
    endloop
  endfacet
  facet normal -0.923899 0.382637 0
    outer loop
      vertex 32.6193 7.90587 2
      vertex 32.9689 8.75 7
      vertex 32.9689 8.75 2
    endloop
  endfacet
  facet normal -0.923899 0.382637 0
    outer loop
      vertex 32.9689 8.75 7
      vertex 32.6193 7.90587 2
      vertex 32.6193 7.90587 7
    endloop
  endfacet
  facet normal -0.92384 -0.382779 0
    outer loop
      vertex 37.3523 7.36235 2
      vertex 37.2124 7.7 7
      vertex 37.2124 7.7 2
    endloop
  endfacet
  facet normal -0.92384 -0.382779 0
    outer loop
      vertex 37.2124 7.7 7
      vertex 37.3523 7.36235 2
      vertex 37.3523 7.36235 7
    endloop
  endfacet
  facet normal -0.991446 -0.130515 0
    outer loop
      vertex 37.4 7 2
      vertex 37.3523 7.36235 7
      vertex 37.3523 7.36235 2
    endloop
  endfacet
  facet normal -0.991446 -0.130515 0
    outer loop
      vertex 37.3523 7.36235 7
      vertex 37.4 7 2
      vertex 37.4 7 7
    endloop
  endfacet
  facet normal -0.793335 -0.608785 0
    outer loop
      vertex 37.2124 7.7 2
      vertex 36.9899 7.98995 7
      vertex 36.9899 7.98995 2
    endloop
  endfacet
  facet normal -0.793335 -0.608785 0
    outer loop
      vertex 36.9899 7.98995 7
      vertex 37.2124 7.7 2
      vertex 37.2124 7.7 7
    endloop
  endfacet
  facet normal -0.130532 -0.991444 0
    outer loop
      vertex 36 8.4 2
      vertex 36.3623 8.3523 7
      vertex 36 8.4 7
    endloop
  endfacet
  facet normal -0.130532 -0.991444 -0
    outer loop
      vertex 36.3623 8.3523 7
      vertex 36 8.4 2
      vertex 36.3623 8.3523 2
    endloop
  endfacet
  facet normal -0.793335 0.608785 0
    outer loop
      vertex 36.9899 6.01005 2
      vertex 37.2124 6.3 7
      vertex 37.2124 6.3 2
    endloop
  endfacet
  facet normal -0.793335 0.608785 0
    outer loop
      vertex 37.2124 6.3 7
      vertex 36.9899 6.01005 2
      vertex 36.9899 6.01005 7
    endloop
  endfacet
  facet normal -0.608816 -0.793311 0
    outer loop
      vertex 36.7 8.21243 2
      vertex 36.9899 7.98995 7
      vertex 36.7 8.21243 7
    endloop
  endfacet
  facet normal -0.608816 -0.793311 -0
    outer loop
      vertex 36.9899 7.98995 7
      vertex 36.7 8.21243 2
      vertex 36.9899 7.98995 2
    endloop
  endfacet
  facet normal 0.608816 -0.793311 0
    outer loop
      vertex 35.0101 7.98995 2
      vertex 35.3 8.21243 7
      vertex 35.0101 7.98995 7
    endloop
  endfacet
  facet normal 0.608816 -0.793311 0
    outer loop
      vertex 35.3 8.21243 7
      vertex 35.0101 7.98995 2
      vertex 35.3 8.21243 2
    endloop
  endfacet
  facet normal 0.92384 0.382779 0
    outer loop
      vertex 34.7876 6.3 7
      vertex 34.6477 6.63765 2
      vertex 34.6477 6.63765 7
    endloop
  endfacet
  facet normal 0.92384 0.382779 0
    outer loop
      vertex 34.6477 6.63765 2
      vertex 34.7876 6.3 7
      vertex 34.7876 6.3 2
    endloop
  endfacet
  facet normal 0.793335 -0.608785 0
    outer loop
      vertex 34.7876 7.7 7
      vertex 35.0101 7.98995 2
      vertex 35.0101 7.98995 7
    endloop
  endfacet
  facet normal 0.793335 -0.608785 0
    outer loop
      vertex 35.0101 7.98995 2
      vertex 34.7876 7.7 7
      vertex 34.7876 7.7 2
    endloop
  endfacet
  facet normal -0.991446 0.130515 0
    outer loop
      vertex 37.3523 6.63765 2
      vertex 37.4 7 7
      vertex 37.4 7 2
    endloop
  endfacet
  facet normal -0.991446 0.130515 0
    outer loop
      vertex 37.4 7 7
      vertex 37.3523 6.63765 2
      vertex 37.3523 6.63765 7
    endloop
  endfacet
  facet normal 0.130532 0.991444 -0
    outer loop
      vertex 36 5.6 2
      vertex 35.6377 5.6477 7
      vertex 36 5.6 7
    endloop
  endfacet
  facet normal 0.130532 0.991444 0
    outer loop
      vertex 35.6377 5.6477 7
      vertex 36 5.6 2
      vertex 35.6377 5.6477 2
    endloop
  endfacet
  facet normal -0.38266 -0.923889 0
    outer loop
      vertex 36.3623 8.3523 2
      vertex 36.7 8.21243 7
      vertex 36.3623 8.3523 7
    endloop
  endfacet
  facet normal -0.38266 -0.923889 -0
    outer loop
      vertex 36.7 8.21243 7
      vertex 36.3623 8.3523 2
      vertex 36.7 8.21243 2
    endloop
  endfacet
  facet normal -0.130532 0.991444 0
    outer loop
      vertex 36.3623 5.6477 2
      vertex 36 5.6 7
      vertex 36.3623 5.6477 7
    endloop
  endfacet
  facet normal -0.130532 0.991444 0
    outer loop
      vertex 36 5.6 7
      vertex 36.3623 5.6477 2
      vertex 36 5.6 2
    endloop
  endfacet
  facet normal -0.92384 0.382779 0
    outer loop
      vertex 37.2124 6.3 2
      vertex 37.3523 6.63765 7
      vertex 37.3523 6.63765 2
    endloop
  endfacet
  facet normal -0.92384 0.382779 0
    outer loop
      vertex 37.3523 6.63765 7
      vertex 37.2124 6.3 2
      vertex 37.2124 6.3 7
    endloop
  endfacet
  facet normal -0.38266 0.923889 0
    outer loop
      vertex 36.7 5.78757 2
      vertex 36.3623 5.6477 7
      vertex 36.7 5.78757 7
    endloop
  endfacet
  facet normal -0.38266 0.923889 0
    outer loop
      vertex 36.3623 5.6477 7
      vertex 36.7 5.78757 2
      vertex 36.3623 5.6477 2
    endloop
  endfacet
  facet normal 0.991446 0.130515 0
    outer loop
      vertex 34.6477 6.63765 7
      vertex 34.6 7 2
      vertex 34.6 7 7
    endloop
  endfacet
  facet normal 0.991446 0.130515 0
    outer loop
      vertex 34.6 7 2
      vertex 34.6477 6.63765 7
      vertex 34.6477 6.63765 2
    endloop
  endfacet
  facet normal 0.38266 -0.923889 0
    outer loop
      vertex 35.3 8.21243 2
      vertex 35.6377 8.3523 7
      vertex 35.3 8.21243 7
    endloop
  endfacet
  facet normal 0.38266 -0.923889 0
    outer loop
      vertex 35.6377 8.3523 7
      vertex 35.3 8.21243 2
      vertex 35.6377 8.3523 2
    endloop
  endfacet
  facet normal -0.608816 0.793311 0
    outer loop
      vertex 36.9899 6.01005 2
      vertex 36.7 5.78757 7
      vertex 36.9899 6.01005 7
    endloop
  endfacet
  facet normal -0.608816 0.793311 0
    outer loop
      vertex 36.7 5.78757 7
      vertex 36.9899 6.01005 2
      vertex 36.7 5.78757 2
    endloop
  endfacet
  facet normal 0.130532 -0.991444 0
    outer loop
      vertex 35.6377 8.3523 2
      vertex 36 8.4 7
      vertex 35.6377 8.3523 7
    endloop
  endfacet
  facet normal 0.130532 -0.991444 0
    outer loop
      vertex 36 8.4 7
      vertex 35.6377 8.3523 2
      vertex 36 8.4 2
    endloop
  endfacet
  facet normal 0.608816 0.793311 -0
    outer loop
      vertex 35.3 5.78757 2
      vertex 35.0101 6.01005 7
      vertex 35.3 5.78757 7
    endloop
  endfacet
  facet normal 0.608816 0.793311 0
    outer loop
      vertex 35.0101 6.01005 7
      vertex 35.3 5.78757 2
      vertex 35.0101 6.01005 2
    endloop
  endfacet
  facet normal 0.991446 -0.130515 0
    outer loop
      vertex 34.6 7 7
      vertex 34.6477 7.36235 2
      vertex 34.6477 7.36235 7
    endloop
  endfacet
  facet normal 0.991446 -0.130515 0
    outer loop
      vertex 34.6477 7.36235 2
      vertex 34.6 7 7
      vertex 34.6 7 2
    endloop
  endfacet
  facet normal 0.793335 0.608785 0
    outer loop
      vertex 35.0101 6.01005 7
      vertex 34.7876 6.3 2
      vertex 34.7876 6.3 7
    endloop
  endfacet
  facet normal 0.793335 0.608785 0
    outer loop
      vertex 34.7876 6.3 2
      vertex 35.0101 6.01005 7
      vertex 35.0101 6.01005 2
    endloop
  endfacet
  facet normal 0.38266 0.923889 -0
    outer loop
      vertex 35.6377 5.6477 2
      vertex 35.3 5.78757 7
      vertex 35.6377 5.6477 7
    endloop
  endfacet
  facet normal 0.38266 0.923889 0
    outer loop
      vertex 35.3 5.78757 7
      vertex 35.6377 5.6477 2
      vertex 35.3 5.78757 2
    endloop
  endfacet
  facet normal 0.92384 -0.382779 0
    outer loop
      vertex 34.6477 7.36235 7
      vertex 34.7876 7.7 2
      vertex 34.7876 7.7 7
    endloop
  endfacet
  facet normal 0.92384 -0.382779 0
    outer loop
      vertex 34.7876 7.7 2
      vertex 34.6477 7.36235 7
      vertex 34.6477 7.36235 2
    endloop
  endfacet
  facet normal 0.923894 0.382648 0
    outer loop
      vertex 11.3807 58.9059 7
      vertex 11.0311 59.75 2
      vertex 11.0311 59.75 7
    endloop
  endfacet
  facet normal 0.923894 0.382648 0
    outer loop
      vertex 11.0311 59.75 2
      vertex 11.3807 58.9059 7
      vertex 11.3807 58.9059 2
    endloop
  endfacet
  facet normal 0.99144 0.130565 0
    outer loop
      vertex 11.5 58 7
      vertex 11.3807 58.9059 2
      vertex 11.3807 58.9059 7
    endloop
  endfacet
  facet normal 0.99144 0.130565 0
    outer loop
      vertex 11.3807 58.9059 2
      vertex 11.5 58 7
      vertex 11.5 58 2
    endloop
  endfacet
  facet normal -0.608247 0.793748 0
    outer loop
      vertex 6.22377 61.011 2
      vertex 6.25 61.0311 7
      vertex 6.25 61.0311 2
    endloop
  endfacet
  facet normal -0.608753 0.79336 4.21136e-06
    outer loop
      vertex 6.25 61.0311 7
      vertex 6.22377 61.011 2
      vertex 5.52513 60.4749 7
    endloop
  endfacet
  facet normal -0.608772 0.793345 0
    outer loop
      vertex 5.52513 60.4749 7
      vertex 6.22377 61.011 2
      vertex 5.52513 60.4749 2
    endloop
  endfacet
  facet normal -0.382637 0.923899 0
    outer loop
      vertex 7.09413 61.3807 2
      vertex 6.25 61.0311 7
      vertex 7.09413 61.3807 7
    endloop
  endfacet
  facet normal -0.382637 0.923899 0
    outer loop
      vertex 6.25 61.0311 7
      vertex 7.09413 61.3807 2
      vertex 6.25 61.0311 2
    endloop
  endfacet
  facet normal 0.608737 -0.793372 0
    outer loop
      vertex 9.75 54.9689 2
      vertex 10.4749 55.5251 7
      vertex 9.75 54.9689 7
    endloop
  endfacet
  facet normal 0.608737 -0.793372 0
    outer loop
      vertex 10.4749 55.5251 7
      vertex 9.75 54.9689 2
      vertex 10.4749 55.5251 2
    endloop
  endfacet
  facet normal 0.608737 0.793372 -0
    outer loop
      vertex 10.4749 60.4749 2
      vertex 9.75 61.0311 7
      vertex 10.4749 60.4749 7
    endloop
  endfacet
  facet normal 0.608737 0.793372 0
    outer loop
      vertex 9.75 61.0311 7
      vertex 10.4749 60.4749 2
      vertex 9.75 61.0311 2
    endloop
  endfacet
  facet normal -0.991445 0.130522 0
    outer loop
      vertex 4.56119 58.4648 2
      vertex 4.61926 58.9059 7
      vertex 4.61926 58.9059 2
    endloop
  endfacet
  facet normal -0.991445 0.130522 0
    outer loop
      vertex 4.5 58 7
      vertex 4.56119 58.4648 2
      vertex 4.5 58 2
    endloop
  endfacet
  facet normal -0.991445 0.130522 5.90993e-09
    outer loop
      vertex 4.56119 58.4648 2
      vertex 4.5 58 7
      vertex 4.61926 58.9059 7
    endloop
  endfacet
  facet normal -0.130569 -0.991439 0
    outer loop
      vertex 7.09413 54.6193 2
      vertex 8 54.5 7
      vertex 7.09413 54.6193 7
    endloop
  endfacet
  facet normal -0.130569 -0.991439 -0
    outer loop
      vertex 8 54.5 7
      vertex 7.09413 54.6193 2
      vertex 8 54.5 2
    endloop
  endfacet
  facet normal 0.130569 0.991439 -0
    outer loop
      vertex 8.90587 61.3807 2
      vertex 8 61.5 7
      vertex 8.90587 61.3807 7
    endloop
  endfacet
  facet normal 0.130569 0.991439 0
    outer loop
      vertex 8 61.5 7
      vertex 8.90587 61.3807 2
      vertex 8 61.5 2
    endloop
  endfacet
  facet normal 0.382637 0.923899 -0
    outer loop
      vertex 9.75 61.0311 2
      vertex 8.90587 61.3807 7
      vertex 9.75 61.0311 7
    endloop
  endfacet
  facet normal 0.382637 0.923899 0
    outer loop
      vertex 8.90587 61.3807 7
      vertex 9.75 61.0311 2
      vertex 8.90587 61.3807 2
    endloop
  endfacet
  facet normal -0.608753 -0.79336 0
    outer loop
      vertex 5.52513 55.5251 2
      vertex 6.25 54.9689 7
      vertex 5.52513 55.5251 7
    endloop
  endfacet
  facet normal -0.608753 -0.79336 -0
    outer loop
      vertex 6.25 54.9689 7
      vertex 5.52513 55.5251 2
      vertex 6.25 54.9689 2
    endloop
  endfacet
  facet normal 0.793372 0.608737 0
    outer loop
      vertex 11.0311 59.75 7
      vertex 10.4749 60.4749 2
      vertex 10.4749 60.4749 7
    endloop
  endfacet
  facet normal 0.793372 0.608737 0
    outer loop
      vertex 10.4749 60.4749 2
      vertex 11.0311 59.75 7
      vertex 11.0311 59.75 2
    endloop
  endfacet
  facet normal 0.130569 -0.991439 0
    outer loop
      vertex 8 54.5 2
      vertex 8.90587 54.6193 7
      vertex 8 54.5 7
    endloop
  endfacet
  facet normal 0.130569 -0.991439 0
    outer loop
      vertex 8.90587 54.6193 7
      vertex 8 54.5 2
      vertex 8.90587 54.6193 2
    endloop
  endfacet
  facet normal 0.793372 -0.608737 0
    outer loop
      vertex 10.4749 55.5251 7
      vertex 11.0311 56.25 2
      vertex 11.0311 56.25 7
    endloop
  endfacet
  facet normal 0.793372 -0.608737 0
    outer loop
      vertex 11.0311 56.25 2
      vertex 10.4749 55.5251 7
      vertex 10.4749 55.5251 2
    endloop
  endfacet
  facet normal 0.382637 -0.923899 0
    outer loop
      vertex 8.90587 54.6193 2
      vertex 9.75 54.9689 7
      vertex 8.90587 54.6193 7
    endloop
  endfacet
  facet normal 0.382637 -0.923899 0
    outer loop
      vertex 9.75 54.9689 7
      vertex 8.90587 54.6193 2
      vertex 9.75 54.9689 2
    endloop
  endfacet
  facet normal -0.793361 0.608751 0
    outer loop
      vertex 4.96891 59.75 2
      vertex 5.52513 60.4749 7
      vertex 5.52513 60.4749 2
    endloop
  endfacet
  facet normal -0.793361 0.608751 0
    outer loop
      vertex 5.52513 60.4749 7
      vertex 4.96891 59.75 2
      vertex 4.96891 59.75 7
    endloop
  endfacet
  facet normal -0.793361 -0.608751 0
    outer loop
      vertex 5.52513 55.5251 2
      vertex 4.96891 56.25 7
      vertex 4.96891 56.25 2
    endloop
  endfacet
  facet normal -0.793361 -0.608751 0
    outer loop
      vertex 4.96891 56.25 7
      vertex 5.52513 55.5251 2
      vertex 5.52513 55.5251 7
    endloop
  endfacet
  facet normal 0.99144 -0.130565 0
    outer loop
      vertex 11.3807 57.0941 7
      vertex 11.5 58 2
      vertex 11.5 58 7
    endloop
  endfacet
  facet normal 0.99144 -0.130565 0
    outer loop
      vertex 11.5 58 2
      vertex 11.3807 57.0941 7
      vertex 11.3807 57.0941 2
    endloop
  endfacet
  facet normal -0.130569 0.991439 0
    outer loop
      vertex 8 61.5 2
      vertex 7.09413 61.3807 7
      vertex 8 61.5 7
    endloop
  endfacet
  facet normal -0.130569 0.991439 0
    outer loop
      vertex 7.09413 61.3807 7
      vertex 8 61.5 2
      vertex 7.09413 61.3807 2
    endloop
  endfacet
  facet normal -0.923875 -0.382695 0
    outer loop
      vertex 4.96891 56.25 2
      vertex 4.61926 57.0941 7
      vertex 4.61926 57.0941 2
    endloop
  endfacet
  facet normal -0.923875 -0.382695 0
    outer loop
      vertex 4.61926 57.0941 7
      vertex 4.96891 56.25 2
      vertex 4.96891 56.25 7
    endloop
  endfacet
  facet normal -0.991445 -0.130522 0
    outer loop
      vertex 4.61926 57.0941 2
      vertex 4.5 58 7
      vertex 4.5 58 2
    endloop
  endfacet
  facet normal -0.991445 -0.130522 0
    outer loop
      vertex 4.5 58 7
      vertex 4.61926 57.0941 2
      vertex 4.61926 57.0941 7
    endloop
  endfacet
  facet normal 0.923894 -0.382648 0
    outer loop
      vertex 11.0311 56.25 7
      vertex 11.3807 57.0941 2
      vertex 11.3807 57.0941 7
    endloop
  endfacet
  facet normal 0.923894 -0.382648 0
    outer loop
      vertex 11.3807 57.0941 2
      vertex 11.0311 56.25 7
      vertex 11.0311 56.25 2
    endloop
  endfacet
  facet normal -0.382637 -0.923899 0
    outer loop
      vertex 6.25 54.9689 2
      vertex 7.09413 54.6193 7
      vertex 6.25 54.9689 7
    endloop
  endfacet
  facet normal -0.382637 -0.923899 -0
    outer loop
      vertex 7.09413 54.6193 7
      vertex 6.25 54.9689 2
      vertex 7.09413 54.6193 2
    endloop
  endfacet
  facet normal 0 0 1
    outer loop
      vertex 9.4 58 7
      vertex 11.5 58 7
      vertex 11.3807 58.9059 7
    endloop
  endfacet
  facet normal 0 0 1
    outer loop
      vertex 9.3523 58.3623 7
      vertex 11.3807 58.9059 7
      vertex 11.0311 59.75 7
    endloop
  endfacet
  facet normal 0 0 1
    outer loop
      vertex 11.5 58 7
      vertex 9.4 58 7
      vertex 11.3807 57.0941 7
    endloop
  endfacet
  facet normal 0 0 1
    outer loop
      vertex 9.21243 58.7 7
      vertex 11.0311 59.75 7
      vertex 10.4749 60.4749 7
    endloop
  endfacet
  facet normal -0 0 1
    outer loop
      vertex 9.3523 57.6377 7
      vertex 11.3807 57.0941 7
      vertex 9.4 58 7
    endloop
  endfacet
  facet normal 0 0 1
    outer loop
      vertex 8.98995 58.9899 7
      vertex 10.4749 60.4749 7
      vertex 9.75 61.0311 7
    endloop
  endfacet
  facet normal 0 0 1
    outer loop
      vertex 11.3807 57.0941 7
      vertex 9.3523 57.6377 7
      vertex 11.0311 56.25 7
    endloop
  endfacet
  facet normal -0 0 1
    outer loop
      vertex 9.21243 57.3 7
      vertex 11.0311 56.25 7
      vertex 9.3523 57.6377 7
    endloop
  endfacet
  facet normal 0 0 1
    outer loop
      vertex 11.3807 58.9059 7
      vertex 9.3523 58.3623 7
      vertex 9.4 58 7
    endloop
  endfacet
  facet normal 0 0 1
    outer loop
      vertex 11.0311 59.75 7
      vertex 9.21243 58.7 7
      vertex 9.3523 58.3623 7
    endloop
  endfacet
  facet normal 0 0 1
    outer loop
      vertex 10.4749 60.4749 7
      vertex 8.98995 58.9899 7
      vertex 9.21243 58.7 7
    endloop
  endfacet
  facet normal 0 0 1
    outer loop
      vertex 8.7 59.2124 7
      vertex 9.75 61.0311 7
      vertex 8.90587 61.3807 7
    endloop
  endfacet
  facet normal 0 0 1
    outer loop
      vertex 9.75 61.0311 7
      vertex 8.7 59.2124 7
      vertex 8.98995 58.9899 7
    endloop
  endfacet
  facet normal 0 0 1
    outer loop
      vertex 8.90587 61.3807 7
      vertex 8.36235 59.3523 7
      vertex 8.7 59.2124 7
    endloop
  endfacet
  facet normal 0 0 1
    outer loop
      vertex 8 61.5 7
      vertex 8.36235 59.3523 7
      vertex 8.90587 61.3807 7
    endloop
  endfacet
  facet normal 0 0 1
    outer loop
      vertex 8 61.5 7
      vertex 8 59.4 7
      vertex 8.36235 59.3523 7
    endloop
  endfacet
  facet normal 0 0 1
    outer loop
      vertex 8 61.5 7
      vertex 7.63765 59.3523 7
      vertex 8 59.4 7
    endloop
  endfacet
  facet normal -0 0 1
    outer loop
      vertex 7.09413 61.3807 7
      vertex 7.63765 59.3523 7
      vertex 8 61.5 7
    endloop
  endfacet
  facet normal 0 0 1
    outer loop
      vertex 7.63765 59.3523 7
      vertex 7.09413 61.3807 7
      vertex 7.3 59.2124 7
    endloop
  endfacet
  facet normal -0 0 1
    outer loop
      vertex 6.25 61.0311 7
      vertex 7.3 59.2124 7
      vertex 7.09413 61.3807 7
    endloop
  endfacet
  facet normal 0 0 1
    outer loop
      vertex 7.3 59.2124 7
      vertex 6.25 61.0311 7
      vertex 7.01005 58.9899 7
    endloop
  endfacet
  facet normal -0 0 1
    outer loop
      vertex 5.52513 60.4749 7
      vertex 7.01005 58.9899 7
      vertex 6.25 61.0311 7
    endloop
  endfacet
  facet normal -0 0 1
    outer loop
      vertex 4.96891 59.75 7
      vertex 6.78757 58.7 7
      vertex 5.52513 60.4749 7
    endloop
  endfacet
  facet normal 0 0 1
    outer loop
      vertex 7.01005 58.9899 7
      vertex 5.52513 60.4749 7
      vertex 6.78757 58.7 7
    endloop
  endfacet
  facet normal 0 0 1
    outer loop
      vertex 11.0311 56.25 7
      vertex 9.21243 57.3 7
      vertex 10.4749 55.5251 7
    endloop
  endfacet
  facet normal -0 0 1
    outer loop
      vertex 8.98995 57.0101 7
      vertex 10.4749 55.5251 7
      vertex 9.21243 57.3 7
    endloop
  endfacet
  facet normal 0 0 1
    outer loop
      vertex 10.4749 55.5251 7
      vertex 8.98995 57.0101 7
      vertex 9.75 54.9689 7
    endloop
  endfacet
  facet normal -0 0 1
    outer loop
      vertex 8.7 56.7876 7
      vertex 9.75 54.9689 7
      vertex 8.98995 57.0101 7
    endloop
  endfacet
  facet normal 0 0 1
    outer loop
      vertex 9.75 54.9689 7
      vertex 8.7 56.7876 7
      vertex 8.90587 54.6193 7
    endloop
  endfacet
  facet normal -0 0 1
    outer loop
      vertex 8.36235 56.6477 7
      vertex 8.90587 54.6193 7
      vertex 8.7 56.7876 7
    endloop
  endfacet
  facet normal -0 0 1
    outer loop
      vertex 8 56.6 7
      vertex 8.90587 54.6193 7
      vertex 8.36235 56.6477 7
    endloop
  endfacet
  facet normal 0 0 1
    outer loop
      vertex 8 56.6 7
      vertex 8 54.5 7
      vertex 8.90587 54.6193 7
    endloop
  endfacet
  facet normal 0 0 1
    outer loop
      vertex 7.63765 56.6477 7
      vertex 8 54.5 7
      vertex 8 56.6 7
    endloop
  endfacet
  facet normal 0 0 1
    outer loop
      vertex 7.09413 54.6193 7
      vertex 7.63765 56.6477 7
      vertex 7.3 56.7876 7
    endloop
  endfacet
  facet normal 0 0 1
    outer loop
      vertex 7.63765 56.6477 7
      vertex 7.09413 54.6193 7
      vertex 8 54.5 7
    endloop
  endfacet
  facet normal 0 0 1
    outer loop
      vertex 6.25 54.9689 7
      vertex 7.3 56.7876 7
      vertex 7.01005 57.0101 7
    endloop
  endfacet
  facet normal 0 0 1
    outer loop
      vertex 5.52513 55.5251 7
      vertex 7.01005 57.0101 7
      vertex 6.78757 57.3 7
    endloop
  endfacet
  facet normal 0 0 1
    outer loop
      vertex 4.96891 56.25 7
      vertex 6.78757 57.3 7
      vertex 6.6477 57.6377 7
    endloop
  endfacet
  facet normal 0 0 1
    outer loop
      vertex 7.3 56.7876 7
      vertex 6.25 54.9689 7
      vertex 7.09413 54.6193 7
    endloop
  endfacet
  facet normal 0 0 1
    outer loop
      vertex 4.61926 57.0941 7
      vertex 6.6477 57.6377 7
      vertex 6.6 58 7
    endloop
  endfacet
  facet normal 0 0 1
    outer loop
      vertex 6.78757 58.7 7
      vertex 4.96891 59.75 7
      vertex 6.6477 58.3623 7
    endloop
  endfacet
  facet normal -0 0 1
    outer loop
      vertex 4.61926 58.9059 7
      vertex 6.6477 58.3623 7
      vertex 4.96891 59.75 7
    endloop
  endfacet
  facet normal 0 0 1
    outer loop
      vertex 7.01005 57.0101 7
      vertex 5.52513 55.5251 7
      vertex 6.25 54.9689 7
    endloop
  endfacet
  facet normal 0 0 1
    outer loop
      vertex 6.6477 58.3623 7
      vertex 4.61926 58.9059 7
      vertex 6.6 58 7
    endloop
  endfacet
  facet normal 0 0 1
    outer loop
      vertex 6.78757 57.3 7
      vertex 4.96891 56.25 7
      vertex 5.52513 55.5251 7
    endloop
  endfacet
  facet normal 0 0 1
    outer loop
      vertex 4.5 58 7
      vertex 6.6 58 7
      vertex 4.61926 58.9059 7
    endloop
  endfacet
  facet normal 0 0 1
    outer loop
      vertex 6.6477 57.6377 7
      vertex 4.61926 57.0941 7
      vertex 4.96891 56.25 7
    endloop
  endfacet
  facet normal 0 0 1
    outer loop
      vertex 6.6 58 7
      vertex 4.5 58 7
      vertex 4.61926 57.0941 7
    endloop
  endfacet
  facet normal -0.923875 0.382695 0
    outer loop
      vertex 4.61926 58.9059 2
      vertex 4.96891 59.75 7
      vertex 4.96891 59.75 2
    endloop
  endfacet
  facet normal -0.923875 0.382695 0
    outer loop
      vertex 4.96891 59.75 7
      vertex 4.61926 58.9059 2
      vertex 4.61926 58.9059 7
    endloop
  endfacet
  facet normal -0.923889 -0.38266 0
    outer loop
      vertex 9.3523 58.3623 2
      vertex 9.21243 58.7 7
      vertex 9.21243 58.7 2
    endloop
  endfacet
  facet normal -0.923889 -0.38266 0
    outer loop
      vertex 9.21243 58.7 7
      vertex 9.3523 58.3623 2
      vertex 9.3523 58.3623 7
    endloop
  endfacet
  facet normal -0.991444 -0.130532 0
    outer loop
      vertex 9.4 58 2
      vertex 9.3523 58.3623 7
      vertex 9.3523 58.3623 2
    endloop
  endfacet
  facet normal -0.991444 -0.130532 0
    outer loop
      vertex 9.3523 58.3623 7
      vertex 9.4 58 2
      vertex 9.4 58 7
    endloop
  endfacet
  facet normal -0.793311 -0.608816 0
    outer loop
      vertex 9.21243 58.7 2
      vertex 8.98995 58.9899 7
      vertex 8.98995 58.9899 2
    endloop
  endfacet
  facet normal -0.793311 -0.608816 0
    outer loop
      vertex 8.98995 58.9899 7
      vertex 9.21243 58.7 2
      vertex 9.21243 58.7 7
    endloop
  endfacet
  facet normal -0.130515 -0.991446 0
    outer loop
      vertex 8 59.4 2
      vertex 8.36235 59.3523 7
      vertex 8 59.4 7
    endloop
  endfacet
  facet normal -0.130515 -0.991446 -0
    outer loop
      vertex 8.36235 59.3523 7
      vertex 8 59.4 2
      vertex 8.36235 59.3523 2
    endloop
  endfacet
  facet normal -0.793311 0.608816 0
    outer loop
      vertex 8.98995 57.0101 2
      vertex 9.21243 57.3 7
      vertex 9.21243 57.3 2
    endloop
  endfacet
  facet normal -0.793311 0.608816 0
    outer loop
      vertex 9.21243 57.3 7
      vertex 8.98995 57.0101 2
      vertex 8.98995 57.0101 7
    endloop
  endfacet
  facet normal -0.608785 -0.793335 0
    outer loop
      vertex 8.7 59.2124 2
      vertex 8.98995 58.9899 7
      vertex 8.7 59.2124 7
    endloop
  endfacet
  facet normal -0.608785 -0.793335 -0
    outer loop
      vertex 8.98995 58.9899 7
      vertex 8.7 59.2124 2
      vertex 8.98995 58.9899 2
    endloop
  endfacet
  facet normal 0.608785 -0.793335 0
    outer loop
      vertex 7.01005 58.9899 2
      vertex 7.3 59.2124 7
      vertex 7.01005 58.9899 7
    endloop
  endfacet
  facet normal 0.608785 -0.793335 0
    outer loop
      vertex 7.3 59.2124 7
      vertex 7.01005 58.9899 2
      vertex 7.3 59.2124 2
    endloop
  endfacet
  facet normal 0.923889 0.38266 0
    outer loop
      vertex 6.78757 57.3 7
      vertex 6.6477 57.6377 2
      vertex 6.6477 57.6377 7
    endloop
  endfacet
  facet normal 0.923889 0.38266 0
    outer loop
      vertex 6.6477 57.6377 2
      vertex 6.78757 57.3 7
      vertex 6.78757 57.3 2
    endloop
  endfacet
  facet normal 0.793311 -0.608816 0
    outer loop
      vertex 6.78757 58.7 7
      vertex 7.01005 58.9899 2
      vertex 7.01005 58.9899 7
    endloop
  endfacet
  facet normal 0.793311 -0.608816 0
    outer loop
      vertex 7.01005 58.9899 2
      vertex 6.78757 58.7 7
      vertex 6.78757 58.7 2
    endloop
  endfacet
  facet normal -0.991444 0.130532 0
    outer loop
      vertex 9.3523 57.6377 2
      vertex 9.4 58 7
      vertex 9.4 58 2
    endloop
  endfacet
  facet normal -0.991444 0.130532 0
    outer loop
      vertex 9.4 58 7
      vertex 9.3523 57.6377 2
      vertex 9.3523 57.6377 7
    endloop
  endfacet
  facet normal 0.130515 0.991446 -0
    outer loop
      vertex 8 56.6 2
      vertex 7.63765 56.6477 7
      vertex 8 56.6 7
    endloop
  endfacet
  facet normal 0.130515 0.991446 0
    outer loop
      vertex 7.63765 56.6477 7
      vertex 8 56.6 2
      vertex 7.63765 56.6477 2
    endloop
  endfacet
  facet normal -0.382779 -0.92384 0
    outer loop
      vertex 8.36235 59.3523 2
      vertex 8.7 59.2124 7
      vertex 8.36235 59.3523 7
    endloop
  endfacet
  facet normal -0.382779 -0.92384 -0
    outer loop
      vertex 8.7 59.2124 7
      vertex 8.36235 59.3523 2
      vertex 8.7 59.2124 2
    endloop
  endfacet
  facet normal -0.130515 0.991446 0
    outer loop
      vertex 8.36235 56.6477 2
      vertex 8 56.6 7
      vertex 8.36235 56.6477 7
    endloop
  endfacet
  facet normal -0.130515 0.991446 0
    outer loop
      vertex 8 56.6 7
      vertex 8.36235 56.6477 2
      vertex 8 56.6 2
    endloop
  endfacet
  facet normal -0.923889 0.38266 0
    outer loop
      vertex 9.21243 57.3 2
      vertex 9.3523 57.6377 7
      vertex 9.3523 57.6377 2
    endloop
  endfacet
  facet normal -0.923889 0.38266 0
    outer loop
      vertex 9.3523 57.6377 7
      vertex 9.21243 57.3 2
      vertex 9.21243 57.3 7
    endloop
  endfacet
  facet normal -0.382779 0.92384 0
    outer loop
      vertex 8.7 56.7876 2
      vertex 8.36235 56.6477 7
      vertex 8.7 56.7876 7
    endloop
  endfacet
  facet normal -0.382779 0.92384 0
    outer loop
      vertex 8.36235 56.6477 7
      vertex 8.7 56.7876 2
      vertex 8.36235 56.6477 2
    endloop
  endfacet
  facet normal 0.991444 0.130532 0
    outer loop
      vertex 6.6477 57.6377 7
      vertex 6.6 58 2
      vertex 6.6 58 7
    endloop
  endfacet
  facet normal 0.991444 0.130532 0
    outer loop
      vertex 6.6 58 2
      vertex 6.6477 57.6377 7
      vertex 6.6477 57.6377 2
    endloop
  endfacet
  facet normal 0.382779 -0.92384 0
    outer loop
      vertex 7.3 59.2124 2
      vertex 7.63765 59.3523 7
      vertex 7.3 59.2124 7
    endloop
  endfacet
  facet normal 0.382779 -0.92384 0
    outer loop
      vertex 7.63765 59.3523 7
      vertex 7.3 59.2124 2
      vertex 7.63765 59.3523 2
    endloop
  endfacet
  facet normal -0.608785 0.793335 0
    outer loop
      vertex 8.98995 57.0101 2
      vertex 8.7 56.7876 7
      vertex 8.98995 57.0101 7
    endloop
  endfacet
  facet normal -0.608785 0.793335 0
    outer loop
      vertex 8.7 56.7876 7
      vertex 8.98995 57.0101 2
      vertex 8.7 56.7876 2
    endloop
  endfacet
  facet normal 0.130515 -0.991446 0
    outer loop
      vertex 7.63765 59.3523 2
      vertex 8 59.4 7
      vertex 7.63765 59.3523 7
    endloop
  endfacet
  facet normal 0.130515 -0.991446 0
    outer loop
      vertex 8 59.4 7
      vertex 7.63765 59.3523 2
      vertex 8 59.4 2
    endloop
  endfacet
  facet normal 0.608785 0.793335 -0
    outer loop
      vertex 7.3 56.7876 2
      vertex 7.01005 57.0101 7
      vertex 7.3 56.7876 7
    endloop
  endfacet
  facet normal 0.608785 0.793335 0
    outer loop
      vertex 7.01005 57.0101 7
      vertex 7.3 56.7876 2
      vertex 7.01005 57.0101 2
    endloop
  endfacet
  facet normal 0.991444 -0.130532 0
    outer loop
      vertex 6.6 58 7
      vertex 6.6477 58.3623 2
      vertex 6.6477 58.3623 7
    endloop
  endfacet
  facet normal 0.991444 -0.130532 0
    outer loop
      vertex 6.6477 58.3623 2
      vertex 6.6 58 7
      vertex 6.6 58 2
    endloop
  endfacet
  facet normal 0.793311 0.608816 0
    outer loop
      vertex 7.01005 57.0101 7
      vertex 6.78757 57.3 2
      vertex 6.78757 57.3 7
    endloop
  endfacet
  facet normal 0.793311 0.608816 0
    outer loop
      vertex 6.78757 57.3 2
      vertex 7.01005 57.0101 7
      vertex 7.01005 57.0101 2
    endloop
  endfacet
  facet normal 0.382779 0.92384 -0
    outer loop
      vertex 7.63765 56.6477 2
      vertex 7.3 56.7876 7
      vertex 7.63765 56.6477 7
    endloop
  endfacet
  facet normal 0.382779 0.92384 0
    outer loop
      vertex 7.3 56.7876 7
      vertex 7.63765 56.6477 2
      vertex 7.3 56.7876 2
    endloop
  endfacet
  facet normal 0.923889 -0.38266 0
    outer loop
      vertex 6.6477 58.3623 7
      vertex 6.78757 58.7 2
      vertex 6.78757 58.7 7
    endloop
  endfacet
  facet normal 0.923889 -0.38266 0
    outer loop
      vertex 6.78757 58.7 2
      vertex 6.6477 58.3623 7
      vertex 6.6477 58.3623 2
    endloop
  endfacet
  facet normal 0.923894 0.382648 0
    outer loop
      vertex 39.3807 58.9059 7
      vertex 39.0311 59.75 2
      vertex 39.0311 59.75 7
    endloop
  endfacet
  facet normal 0.923894 0.382648 0
    outer loop
      vertex 39.0311 59.75 2
      vertex 39.3807 58.9059 7
      vertex 39.3807 58.9059 2
    endloop
  endfacet
  facet normal 0.99144 0.130565 0
    outer loop
      vertex 39.5 58 7
      vertex 39.3807 58.9059 2
      vertex 39.3807 58.9059 7
    endloop
  endfacet
  facet normal 0.99144 0.130565 0
    outer loop
      vertex 39.3807 58.9059 2
      vertex 39.5 58 7
      vertex 39.5 58 2
    endloop
  endfacet
  facet normal -0.608737 0.793372 0
    outer loop
      vertex 34.25 61.0311 2
      vertex 33.5251 60.4749 7
      vertex 34.25 61.0311 7
    endloop
  endfacet
  facet normal -0.608737 0.793372 0
    outer loop
      vertex 33.5251 60.4749 7
      vertex 34.25 61.0311 2
      vertex 33.5251 60.4749 2
    endloop
  endfacet
  facet normal -0.382648 0.923894 0
    outer loop
      vertex 35.0941 61.3807 2
      vertex 34.25 61.0311 7
      vertex 35.0941 61.3807 7
    endloop
  endfacet
  facet normal -0.382648 0.923894 0
    outer loop
      vertex 34.25 61.0311 7
      vertex 35.0941 61.3807 2
      vertex 34.25 61.0311 2
    endloop
  endfacet
  facet normal 0.609048 -0.793133 0
    outer loop
      vertex 37.7905 55 2
      vertex 37.75 54.9689 7
      vertex 37.75 54.9689 2
    endloop
  endfacet
  facet normal 0.608737 -0.793372 -4.00352e-06
    outer loop
      vertex 37.75 54.9689 7
      vertex 37.7905 55 2
      vertex 38.4749 55.5251 7
    endloop
  endfacet
  facet normal 0.608719 -0.793386 0
    outer loop
      vertex 38.4749 55.5251 7
      vertex 37.7905 55 2
      vertex 38.4749 55.5251 2
    endloop
  endfacet
  facet normal 0.608737 0.793372 -0
    outer loop
      vertex 38.4749 60.4749 2
      vertex 37.75 61.0311 7
      vertex 38.4749 60.4749 7
    endloop
  endfacet
  facet normal 0.608737 0.793372 0
    outer loop
      vertex 37.75 61.0311 7
      vertex 38.4749 60.4749 2
      vertex 37.75 61.0311 2
    endloop
  endfacet
  facet normal -0.99144 0.130565 0
    outer loop
      vertex 32.5 58 2
      vertex 32.6193 58.9059 7
      vertex 32.6193 58.9059 2
    endloop
  endfacet
  facet normal -0.99144 0.130565 0
    outer loop
      vertex 32.6193 58.9059 7
      vertex 32.5 58 2
      vertex 32.5 58 7
    endloop
  endfacet
  facet normal -0.130565 -0.99144 0
    outer loop
      vertex 35.0941 54.6193 2
      vertex 36 54.5 7
      vertex 35.0941 54.6193 7
    endloop
  endfacet
  facet normal -0.130565 -0.99144 -0
    outer loop
      vertex 36 54.5 7
      vertex 35.0941 54.6193 2
      vertex 36 54.5 2
    endloop
  endfacet
  facet normal 0.130565 0.99144 -0
    outer loop
      vertex 36.9059 61.3807 2
      vertex 36 61.5 7
      vertex 36.9059 61.3807 7
    endloop
  endfacet
  facet normal 0.130565 0.99144 0
    outer loop
      vertex 36 61.5 7
      vertex 36.9059 61.3807 2
      vertex 36 61.5 2
    endloop
  endfacet
  facet normal 0.382648 0.923894 -0
    outer loop
      vertex 37.75 61.0311 2
      vertex 36.9059 61.3807 7
      vertex 37.75 61.0311 7
    endloop
  endfacet
  facet normal 0.382648 0.923894 0
    outer loop
      vertex 36.9059 61.3807 7
      vertex 37.75 61.0311 2
      vertex 36.9059 61.3807 2
    endloop
  endfacet
  facet normal -0.608737 -0.793372 0
    outer loop
      vertex 33.5251 55.5251 2
      vertex 34.25 54.9689 7
      vertex 33.5251 55.5251 7
    endloop
  endfacet
  facet normal -0.608719 -0.793386 -4.24051e-06
    outer loop
      vertex 34.2095 55 2
      vertex 34.25 54.9689 7
      vertex 33.5251 55.5251 2
    endloop
  endfacet
  facet normal -0.609048 -0.793133 -0
    outer loop
      vertex 34.25 54.9689 7
      vertex 34.2095 55 2
      vertex 34.25 54.9689 2
    endloop
  endfacet
  facet normal 0.793372 0.608737 0
    outer loop
      vertex 39.0311 59.75 7
      vertex 38.4749 60.4749 2
      vertex 38.4749 60.4749 7
    endloop
  endfacet
  facet normal 0.793372 0.608737 0
    outer loop
      vertex 38.4749 60.4749 2
      vertex 39.0311 59.75 7
      vertex 39.0311 59.75 2
    endloop
  endfacet
  facet normal 0.130565 -0.99144 0
    outer loop
      vertex 36 54.5 2
      vertex 36.9059 54.6193 7
      vertex 36 54.5 7
    endloop
  endfacet
  facet normal 0.130565 -0.99144 0
    outer loop
      vertex 36.9059 54.6193 7
      vertex 36 54.5 2
      vertex 36.9059 54.6193 2
    endloop
  endfacet
  facet normal 0.793372 -0.608737 0
    outer loop
      vertex 38.4749 55.5251 7
      vertex 39.0311 56.25 2
      vertex 39.0311 56.25 7
    endloop
  endfacet
  facet normal 0.793372 -0.608737 0
    outer loop
      vertex 39.0311 56.25 2
      vertex 38.4749 55.5251 7
      vertex 38.4749 55.5251 2
    endloop
  endfacet
  facet normal 0.382648 -0.923894 0
    outer loop
      vertex 36.9059 54.6193 2
      vertex 37.75 54.9689 7
      vertex 36.9059 54.6193 7
    endloop
  endfacet
  facet normal 0.382648 -0.923894 0
    outer loop
      vertex 37.75 54.9689 7
      vertex 36.9059 54.6193 2
      vertex 37.75 54.9689 2
    endloop
  endfacet
  facet normal -0.793372 0.608737 0
    outer loop
      vertex 32.9689 59.75 2
      vertex 33.5251 60.4749 7
      vertex 33.5251 60.4749 2
    endloop
  endfacet
  facet normal -0.793372 0.608737 0
    outer loop
      vertex 33.5251 60.4749 7
      vertex 32.9689 59.75 2
      vertex 32.9689 59.75 7
    endloop
  endfacet
  facet normal -0.793372 -0.608737 0
    outer loop
      vertex 33.5251 55.5251 2
      vertex 32.9689 56.25 7
      vertex 32.9689 56.25 2
    endloop
  endfacet
  facet normal -0.793372 -0.608737 0
    outer loop
      vertex 32.9689 56.25 7
      vertex 33.5251 55.5251 2
      vertex 33.5251 55.5251 7
    endloop
  endfacet
  facet normal 0.99144 -0.130565 0
    outer loop
      vertex 39.3807 57.0941 7
      vertex 39.5 58 2
      vertex 39.5 58 7
    endloop
  endfacet
  facet normal 0.99144 -0.130565 0
    outer loop
      vertex 39.5 58 2
      vertex 39.3807 57.0941 7
      vertex 39.3807 57.0941 2
    endloop
  endfacet
  facet normal -0.130565 0.99144 0
    outer loop
      vertex 36 61.5 2
      vertex 35.0941 61.3807 7
      vertex 36 61.5 7
    endloop
  endfacet
  facet normal -0.130565 0.99144 0
    outer loop
      vertex 35.0941 61.3807 7
      vertex 36 61.5 2
      vertex 35.0941 61.3807 2
    endloop
  endfacet
  facet normal -0.923894 -0.382648 0
    outer loop
      vertex 32.9689 56.25 2
      vertex 32.6193 57.0941 7
      vertex 32.6193 57.0941 2
    endloop
  endfacet
  facet normal -0.923894 -0.382648 0
    outer loop
      vertex 32.6193 57.0941 7
      vertex 32.9689 56.25 2
      vertex 32.9689 56.25 7
    endloop
  endfacet
  facet normal -0.99144 -0.130565 0
    outer loop
      vertex 32.6193 57.0941 2
      vertex 32.5 58 7
      vertex 32.5 58 2
    endloop
  endfacet
  facet normal -0.99144 -0.130565 0
    outer loop
      vertex 32.5 58 7
      vertex 32.6193 57.0941 2
      vertex 32.6193 57.0941 7
    endloop
  endfacet
  facet normal 0.923894 -0.382648 0
    outer loop
      vertex 39.0311 56.25 7
      vertex 39.3807 57.0941 2
      vertex 39.3807 57.0941 7
    endloop
  endfacet
  facet normal 0.923894 -0.382648 0
    outer loop
      vertex 39.3807 57.0941 2
      vertex 39.0311 56.25 7
      vertex 39.0311 56.25 2
    endloop
  endfacet
  facet normal -0.382648 -0.923894 0
    outer loop
      vertex 34.25 54.9689 2
      vertex 35.0941 54.6193 7
      vertex 34.25 54.9689 7
    endloop
  endfacet
  facet normal -0.382648 -0.923894 -0
    outer loop
      vertex 35.0941 54.6193 7
      vertex 34.25 54.9689 2
      vertex 35.0941 54.6193 2
    endloop
  endfacet
  facet normal 0 0 1
    outer loop
      vertex 37.4 58 7
      vertex 39.5 58 7
      vertex 39.3807 58.9059 7
    endloop
  endfacet
  facet normal 0 0 1
    outer loop
      vertex 37.3523 58.3623 7
      vertex 39.3807 58.9059 7
      vertex 39.0311 59.75 7
    endloop
  endfacet
  facet normal 0 0 1
    outer loop
      vertex 39.5 58 7
      vertex 37.4 58 7
      vertex 39.3807 57.0941 7
    endloop
  endfacet
  facet normal 0 0 1
    outer loop
      vertex 37.2124 58.7 7
      vertex 39.0311 59.75 7
      vertex 38.4749 60.4749 7
    endloop
  endfacet
  facet normal -0 0 1
    outer loop
      vertex 37.3523 57.6377 7
      vertex 39.3807 57.0941 7
      vertex 37.4 58 7
    endloop
  endfacet
  facet normal 0 0 1
    outer loop
      vertex 36.9899 58.9899 7
      vertex 38.4749 60.4749 7
      vertex 37.75 61.0311 7
    endloop
  endfacet
  facet normal 0 0 1
    outer loop
      vertex 39.3807 57.0941 7
      vertex 37.3523 57.6377 7
      vertex 39.0311 56.25 7
    endloop
  endfacet
  facet normal -0 0 1
    outer loop
      vertex 37.2124 57.3 7
      vertex 39.0311 56.25 7
      vertex 37.3523 57.6377 7
    endloop
  endfacet
  facet normal 0 0 1
    outer loop
      vertex 39.3807 58.9059 7
      vertex 37.3523 58.3623 7
      vertex 37.4 58 7
    endloop
  endfacet
  facet normal 0 0 1
    outer loop
      vertex 39.0311 59.75 7
      vertex 37.2124 58.7 7
      vertex 37.3523 58.3623 7
    endloop
  endfacet
  facet normal 0 0 1
    outer loop
      vertex 38.4749 60.4749 7
      vertex 36.9899 58.9899 7
      vertex 37.2124 58.7 7
    endloop
  endfacet
  facet normal 0 0 1
    outer loop
      vertex 36.7 59.2124 7
      vertex 37.75 61.0311 7
      vertex 36.9059 61.3807 7
    endloop
  endfacet
  facet normal 0 0 1
    outer loop
      vertex 37.75 61.0311 7
      vertex 36.7 59.2124 7
      vertex 36.9899 58.9899 7
    endloop
  endfacet
  facet normal 0 0 1
    outer loop
      vertex 36.9059 61.3807 7
      vertex 36.3623 59.3523 7
      vertex 36.7 59.2124 7
    endloop
  endfacet
  facet normal 0 0 1
    outer loop
      vertex 36 61.5 7
      vertex 36.3623 59.3523 7
      vertex 36.9059 61.3807 7
    endloop
  endfacet
  facet normal 0 0 1
    outer loop
      vertex 36 61.5 7
      vertex 36 59.4 7
      vertex 36.3623 59.3523 7
    endloop
  endfacet
  facet normal 0 0 1
    outer loop
      vertex 36 61.5 7
      vertex 35.6377 59.3523 7
      vertex 36 59.4 7
    endloop
  endfacet
  facet normal -0 0 1
    outer loop
      vertex 35.0941 61.3807 7
      vertex 35.6377 59.3523 7
      vertex 36 61.5 7
    endloop
  endfacet
  facet normal 0 0 1
    outer loop
      vertex 35.6377 59.3523 7
      vertex 35.0941 61.3807 7
      vertex 35.3 59.2124 7
    endloop
  endfacet
  facet normal -0 0 1
    outer loop
      vertex 34.25 61.0311 7
      vertex 35.3 59.2124 7
      vertex 35.0941 61.3807 7
    endloop
  endfacet
  facet normal 0 0 1
    outer loop
      vertex 35.3 59.2124 7
      vertex 34.25 61.0311 7
      vertex 35.0101 58.9899 7
    endloop
  endfacet
  facet normal -0 0 1
    outer loop
      vertex 33.5251 60.4749 7
      vertex 35.0101 58.9899 7
      vertex 34.25 61.0311 7
    endloop
  endfacet
  facet normal -0 0 1
    outer loop
      vertex 32.9689 59.75 7
      vertex 34.7876 58.7 7
      vertex 33.5251 60.4749 7
    endloop
  endfacet
  facet normal 0 0 1
    outer loop
      vertex 35.0101 58.9899 7
      vertex 33.5251 60.4749 7
      vertex 34.7876 58.7 7
    endloop
  endfacet
  facet normal 0 0 1
    outer loop
      vertex 39.0311 56.25 7
      vertex 37.2124 57.3 7
      vertex 38.4749 55.5251 7
    endloop
  endfacet
  facet normal -0 0 1
    outer loop
      vertex 36.9899 57.0101 7
      vertex 38.4749 55.5251 7
      vertex 37.2124 57.3 7
    endloop
  endfacet
  facet normal 0 0 1
    outer loop
      vertex 38.4749 55.5251 7
      vertex 36.9899 57.0101 7
      vertex 37.75 54.9689 7
    endloop
  endfacet
  facet normal -0 0 1
    outer loop
      vertex 36.7 56.7876 7
      vertex 37.75 54.9689 7
      vertex 36.9899 57.0101 7
    endloop
  endfacet
  facet normal 0 0 1
    outer loop
      vertex 37.75 54.9689 7
      vertex 36.7 56.7876 7
      vertex 36.9059 54.6193 7
    endloop
  endfacet
  facet normal -0 0 1
    outer loop
      vertex 36.3623 56.6477 7
      vertex 36.9059 54.6193 7
      vertex 36.7 56.7876 7
    endloop
  endfacet
  facet normal -0 0 1
    outer loop
      vertex 36 56.6 7
      vertex 36.9059 54.6193 7
      vertex 36.3623 56.6477 7
    endloop
  endfacet
  facet normal 0 0 1
    outer loop
      vertex 36 56.6 7
      vertex 36 54.5 7
      vertex 36.9059 54.6193 7
    endloop
  endfacet
  facet normal 0 0 1
    outer loop
      vertex 35.6377 56.6477 7
      vertex 36 54.5 7
      vertex 36 56.6 7
    endloop
  endfacet
  facet normal 0 0 1
    outer loop
      vertex 35.0941 54.6193 7
      vertex 35.6377 56.6477 7
      vertex 35.3 56.7876 7
    endloop
  endfacet
  facet normal 0 0 1
    outer loop
      vertex 35.6377 56.6477 7
      vertex 35.0941 54.6193 7
      vertex 36 54.5 7
    endloop
  endfacet
  facet normal 0 0 1
    outer loop
      vertex 34.25 54.9689 7
      vertex 35.3 56.7876 7
      vertex 35.0101 57.0101 7
    endloop
  endfacet
  facet normal 0 0 1
    outer loop
      vertex 33.5251 55.5251 7
      vertex 35.0101 57.0101 7
      vertex 34.7876 57.3 7
    endloop
  endfacet
  facet normal 0 0 1
    outer loop
      vertex 32.9689 56.25 7
      vertex 34.7876 57.3 7
      vertex 34.6477 57.6377 7
    endloop
  endfacet
  facet normal 0 0 1
    outer loop
      vertex 35.3 56.7876 7
      vertex 34.25 54.9689 7
      vertex 35.0941 54.6193 7
    endloop
  endfacet
  facet normal 0 0 1
    outer loop
      vertex 32.6193 57.0941 7
      vertex 34.6477 57.6377 7
      vertex 34.6 58 7
    endloop
  endfacet
  facet normal 0 0 1
    outer loop
      vertex 34.7876 58.7 7
      vertex 32.9689 59.75 7
      vertex 34.6477 58.3623 7
    endloop
  endfacet
  facet normal -0 0 1
    outer loop
      vertex 32.6193 58.9059 7
      vertex 34.6477 58.3623 7
      vertex 32.9689 59.75 7
    endloop
  endfacet
  facet normal 0 0 1
    outer loop
      vertex 35.0101 57.0101 7
      vertex 33.5251 55.5251 7
      vertex 34.25 54.9689 7
    endloop
  endfacet
  facet normal 0 0 1
    outer loop
      vertex 34.6477 58.3623 7
      vertex 32.6193 58.9059 7
      vertex 34.6 58 7
    endloop
  endfacet
  facet normal 0 0 1
    outer loop
      vertex 34.7876 57.3 7
      vertex 32.9689 56.25 7
      vertex 33.5251 55.5251 7
    endloop
  endfacet
  facet normal 0 0 1
    outer loop
      vertex 32.5 58 7
      vertex 34.6 58 7
      vertex 32.6193 58.9059 7
    endloop
  endfacet
  facet normal 0 0 1
    outer loop
      vertex 34.6477 57.6377 7
      vertex 32.6193 57.0941 7
      vertex 32.9689 56.25 7
    endloop
  endfacet
  facet normal 0 0 1
    outer loop
      vertex 34.6 58 7
      vertex 32.5 58 7
      vertex 32.6193 57.0941 7
    endloop
  endfacet
  facet normal -0.923894 0.382648 0
    outer loop
      vertex 32.6193 58.9059 2
      vertex 32.9689 59.75 7
      vertex 32.9689 59.75 2
    endloop
  endfacet
  facet normal -0.923894 0.382648 0
    outer loop
      vertex 32.9689 59.75 7
      vertex 32.6193 58.9059 2
      vertex 32.6193 58.9059 7
    endloop
  endfacet
  facet normal -0.92386 -0.38273 0
    outer loop
      vertex 37.3523 58.3623 2
      vertex 37.2124 58.7 7
      vertex 37.2124 58.7 2
    endloop
  endfacet
  facet normal -0.92386 -0.38273 0
    outer loop
      vertex 37.2124 58.7 7
      vertex 37.3523 58.3623 2
      vertex 37.3523 58.3623 7
    endloop
  endfacet
  facet normal -0.991444 -0.130532 0
    outer loop
      vertex 37.4 58 2
      vertex 37.3523 58.3623 7
      vertex 37.3523 58.3623 2
    endloop
  endfacet
  facet normal -0.991444 -0.130532 0
    outer loop
      vertex 37.3523 58.3623 7
      vertex 37.4 58 2
      vertex 37.4 58 7
    endloop
  endfacet
  facet normal -0.793285 -0.608851 0
    outer loop
      vertex 37.2124 58.7 2
      vertex 36.9899 58.9899 7
      vertex 36.9899 58.9899 2
    endloop
  endfacet
  facet normal -0.793285 -0.608851 0
    outer loop
      vertex 36.9899 58.9899 7
      vertex 37.2124 58.7 2
      vertex 37.2124 58.7 7
    endloop
  endfacet
  facet normal -0.130532 -0.991444 0
    outer loop
      vertex 36 59.4 2
      vertex 36.3623 59.3523 7
      vertex 36 59.4 7
    endloop
  endfacet
  facet normal -0.130532 -0.991444 -0
    outer loop
      vertex 36.3623 59.3523 7
      vertex 36 59.4 2
      vertex 36.3623 59.3523 2
    endloop
  endfacet
  facet normal -0.793285 0.608851 0
    outer loop
      vertex 36.9899 57.0101 2
      vertex 37.2124 57.3 7
      vertex 37.2124 57.3 2
    endloop
  endfacet
  facet normal -0.793285 0.608851 0
    outer loop
      vertex 37.2124 57.3 7
      vertex 36.9899 57.0101 2
      vertex 36.9899 57.0101 7
    endloop
  endfacet
  facet normal -0.608851 -0.793285 0
    outer loop
      vertex 36.7 59.2124 2
      vertex 36.9899 58.9899 7
      vertex 36.7 59.2124 7
    endloop
  endfacet
  facet normal -0.608851 -0.793285 -0
    outer loop
      vertex 36.9899 58.9899 7
      vertex 36.7 59.2124 2
      vertex 36.9899 58.9899 2
    endloop
  endfacet
  facet normal 0.608851 -0.793285 0
    outer loop
      vertex 35.0101 58.9899 2
      vertex 35.3 59.2124 7
      vertex 35.0101 58.9899 7
    endloop
  endfacet
  facet normal 0.608851 -0.793285 0
    outer loop
      vertex 35.3 59.2124 7
      vertex 35.0101 58.9899 2
      vertex 35.3 59.2124 2
    endloop
  endfacet
  facet normal 0.92386 0.38273 0
    outer loop
      vertex 34.7876 57.3 7
      vertex 34.6477 57.6377 2
      vertex 34.6477 57.6377 7
    endloop
  endfacet
  facet normal 0.92386 0.38273 0
    outer loop
      vertex 34.6477 57.6377 2
      vertex 34.7876 57.3 7
      vertex 34.7876 57.3 2
    endloop
  endfacet
  facet normal 0.793285 -0.608851 0
    outer loop
      vertex 34.7876 58.7 7
      vertex 35.0101 58.9899 2
      vertex 35.0101 58.9899 7
    endloop
  endfacet
  facet normal 0.793285 -0.608851 0
    outer loop
      vertex 35.0101 58.9899 2
      vertex 34.7876 58.7 7
      vertex 34.7876 58.7 2
    endloop
  endfacet
  facet normal -0.991444 0.130532 0
    outer loop
      vertex 37.3523 57.6377 2
      vertex 37.4 58 7
      vertex 37.4 58 2
    endloop
  endfacet
  facet normal -0.991444 0.130532 0
    outer loop
      vertex 37.4 58 7
      vertex 37.3523 57.6377 2
      vertex 37.3523 57.6377 7
    endloop
  endfacet
  facet normal 0.130532 0.991444 -0
    outer loop
      vertex 36 56.6 2
      vertex 35.6377 56.6477 7
      vertex 36 56.6 7
    endloop
  endfacet
  facet normal 0.130532 0.991444 0
    outer loop
      vertex 35.6377 56.6477 7
      vertex 36 56.6 2
      vertex 35.6377 56.6477 2
    endloop
  endfacet
  facet normal -0.38273 -0.92386 0
    outer loop
      vertex 36.3623 59.3523 2
      vertex 36.7 59.2124 7
      vertex 36.3623 59.3523 7
    endloop
  endfacet
  facet normal -0.38273 -0.92386 -0
    outer loop
      vertex 36.7 59.2124 7
      vertex 36.3623 59.3523 2
      vertex 36.7 59.2124 2
    endloop
  endfacet
  facet normal -0.130532 0.991444 0
    outer loop
      vertex 36.3623 56.6477 2
      vertex 36 56.6 7
      vertex 36.3623 56.6477 7
    endloop
  endfacet
  facet normal -0.130532 0.991444 0
    outer loop
      vertex 36 56.6 7
      vertex 36.3623 56.6477 2
      vertex 36 56.6 2
    endloop
  endfacet
  facet normal -0.92386 0.38273 0
    outer loop
      vertex 37.2124 57.3 2
      vertex 37.3523 57.6377 7
      vertex 37.3523 57.6377 2
    endloop
  endfacet
  facet normal -0.92386 0.38273 0
    outer loop
      vertex 37.3523 57.6377 7
      vertex 37.2124 57.3 2
      vertex 37.2124 57.3 7
    endloop
  endfacet
  facet normal -0.38273 0.92386 0
    outer loop
      vertex 36.7 56.7876 2
      vertex 36.3623 56.6477 7
      vertex 36.7 56.7876 7
    endloop
  endfacet
  facet normal -0.38273 0.92386 0
    outer loop
      vertex 36.3623 56.6477 7
      vertex 36.7 56.7876 2
      vertex 36.3623 56.6477 2
    endloop
  endfacet
  facet normal 0.991444 0.130532 0
    outer loop
      vertex 34.6477 57.6377 7
      vertex 34.6 58 2
      vertex 34.6 58 7
    endloop
  endfacet
  facet normal 0.991444 0.130532 0
    outer loop
      vertex 34.6 58 2
      vertex 34.6477 57.6377 7
      vertex 34.6477 57.6377 2
    endloop
  endfacet
  facet normal 0.38273 -0.92386 0
    outer loop
      vertex 35.3 59.2124 2
      vertex 35.6377 59.3523 7
      vertex 35.3 59.2124 7
    endloop
  endfacet
  facet normal 0.38273 -0.92386 0
    outer loop
      vertex 35.6377 59.3523 7
      vertex 35.3 59.2124 2
      vertex 35.6377 59.3523 2
    endloop
  endfacet
  facet normal -0.608851 0.793285 0
    outer loop
      vertex 36.9899 57.0101 2
      vertex 36.7 56.7876 7
      vertex 36.9899 57.0101 7
    endloop
  endfacet
  facet normal -0.608851 0.793285 0
    outer loop
      vertex 36.7 56.7876 7
      vertex 36.9899 57.0101 2
      vertex 36.7 56.7876 2
    endloop
  endfacet
  facet normal 0.130532 -0.991444 0
    outer loop
      vertex 35.6377 59.3523 2
      vertex 36 59.4 7
      vertex 35.6377 59.3523 7
    endloop
  endfacet
  facet normal 0.130532 -0.991444 0
    outer loop
      vertex 36 59.4 7
      vertex 35.6377 59.3523 2
      vertex 36 59.4 2
    endloop
  endfacet
  facet normal 0.608851 0.793285 -0
    outer loop
      vertex 35.3 56.7876 2
      vertex 35.0101 57.0101 7
      vertex 35.3 56.7876 7
    endloop
  endfacet
  facet normal 0.608851 0.793285 0
    outer loop
      vertex 35.0101 57.0101 7
      vertex 35.3 56.7876 2
      vertex 35.0101 57.0101 2
    endloop
  endfacet
  facet normal 0.991444 -0.130532 0
    outer loop
      vertex 34.6 58 7
      vertex 34.6477 58.3623 2
      vertex 34.6477 58.3623 7
    endloop
  endfacet
  facet normal 0.991444 -0.130532 0
    outer loop
      vertex 34.6477 58.3623 2
      vertex 34.6 58 7
      vertex 34.6 58 2
    endloop
  endfacet
  facet normal 0.793285 0.608851 0
    outer loop
      vertex 35.0101 57.0101 7
      vertex 34.7876 57.3 2
      vertex 34.7876 57.3 7
    endloop
  endfacet
  facet normal 0.793285 0.608851 0
    outer loop
      vertex 34.7876 57.3 2
      vertex 35.0101 57.0101 7
      vertex 35.0101 57.0101 2
    endloop
  endfacet
  facet normal 0.38273 0.92386 -0
    outer loop
      vertex 35.6377 56.6477 2
      vertex 35.3 56.7876 7
      vertex 35.6377 56.6477 7
    endloop
  endfacet
  facet normal 0.38273 0.92386 0
    outer loop
      vertex 35.3 56.7876 7
      vertex 35.6377 56.6477 2
      vertex 35.3 56.7876 2
    endloop
  endfacet
  facet normal 0.92386 -0.38273 0
    outer loop
      vertex 34.6477 58.3623 7
      vertex 34.7876 58.7 2
      vertex 34.7876 58.7 7
    endloop
  endfacet
  facet normal 0.92386 -0.38273 0
    outer loop
      vertex 34.7876 58.7 2
      vertex 34.6477 58.3623 7
      vertex 34.6477 58.3623 2
    endloop
  endfacet
  facet normal 0.923894 0.382648 0
    outer loop
      vertex 47.3807 20.9059 7
      vertex 47.0311 21.75 2
      vertex 47.0311 21.75 7
    endloop
  endfacet
  facet normal 0.923894 0.382648 0
    outer loop
      vertex 47.0311 21.75 2
      vertex 47.3807 20.9059 7
      vertex 47.3807 20.9059 2
    endloop
  endfacet
  facet normal 0.99144 0.130565 0
    outer loop
      vertex 47.5 20 7
      vertex 47.3807 20.9059 2
      vertex 47.3807 20.9059 7
    endloop
  endfacet
  facet normal 0.99144 0.130565 0
    outer loop
      vertex 47.3807 20.9059 2
      vertex 47.5 20 7
      vertex 47.5 20 2
    endloop
  endfacet
  facet normal -0.608737 0.793372 0
    outer loop
      vertex 42.25 23.0311 2
      vertex 41.5251 22.4749 7
      vertex 42.25 23.0311 7
    endloop
  endfacet
  facet normal -0.608737 0.793372 0
    outer loop
      vertex 41.5251 22.4749 7
      vertex 42.25 23.0311 2
      vertex 41.5251 22.4749 2
    endloop
  endfacet
  facet normal -0.382648 0.923894 0
    outer loop
      vertex 43.0941 23.3807 2
      vertex 42.25 23.0311 7
      vertex 43.0941 23.3807 7
    endloop
  endfacet
  facet normal -0.382648 0.923894 0
    outer loop
      vertex 42.25 23.0311 7
      vertex 43.0941 23.3807 2
      vertex 42.25 23.0311 2
    endloop
  endfacet
  facet normal 0.608737 -0.793372 0
    outer loop
      vertex 45.75 16.9689 2
      vertex 46.4749 17.5251 7
      vertex 45.75 16.9689 7
    endloop
  endfacet
  facet normal 0.608737 -0.793372 0
    outer loop
      vertex 46.4749 17.5251 7
      vertex 45.75 16.9689 2
      vertex 46.4749 17.5251 2
    endloop
  endfacet
  facet normal 0.608737 0.793372 -0
    outer loop
      vertex 46.4749 22.4749 2
      vertex 45.75 23.0311 7
      vertex 46.4749 22.4749 7
    endloop
  endfacet
  facet normal 0.608737 0.793372 0
    outer loop
      vertex 45.75 23.0311 7
      vertex 46.4749 22.4749 2
      vertex 45.75 23.0311 2
    endloop
  endfacet
  facet normal -0.99144 0.130565 0
    outer loop
      vertex 40.5 20 2
      vertex 40.6193 20.9059 7
      vertex 40.6193 20.9059 2
    endloop
  endfacet
  facet normal -0.99144 0.130565 0
    outer loop
      vertex 40.6193 20.9059 7
      vertex 40.5 20 2
      vertex 40.5 20 7
    endloop
  endfacet
  facet normal -0.130565 -0.99144 0
    outer loop
      vertex 43.0941 16.6193 2
      vertex 44 16.5 7
      vertex 43.0941 16.6193 7
    endloop
  endfacet
  facet normal -0.130565 -0.99144 -0
    outer loop
      vertex 44 16.5 7
      vertex 43.0941 16.6193 2
      vertex 44 16.5 2
    endloop
  endfacet
  facet normal 0.130565 0.99144 -0
    outer loop
      vertex 44.9059 23.3807 2
      vertex 44 23.5 7
      vertex 44.9059 23.3807 7
    endloop
  endfacet
  facet normal 0.130565 0.99144 0
    outer loop
      vertex 44 23.5 7
      vertex 44.9059 23.3807 2
      vertex 44 23.5 2
    endloop
  endfacet
  facet normal 0.382648 0.923894 -0
    outer loop
      vertex 45.75 23.0311 2
      vertex 44.9059 23.3807 7
      vertex 45.75 23.0311 7
    endloop
  endfacet
  facet normal 0.382648 0.923894 0
    outer loop
      vertex 44.9059 23.3807 7
      vertex 45.75 23.0311 2
      vertex 44.9059 23.3807 2
    endloop
  endfacet
  facet normal -0.608737 -0.793372 0
    outer loop
      vertex 41.5251 17.5251 2
      vertex 42.25 16.9689 7
      vertex 41.5251 17.5251 7
    endloop
  endfacet
  facet normal -0.608737 -0.793372 -0
    outer loop
      vertex 42.25 16.9689 7
      vertex 41.5251 17.5251 2
      vertex 42.25 16.9689 2
    endloop
  endfacet
  facet normal 0.793372 0.608737 0
    outer loop
      vertex 47.0311 21.75 7
      vertex 46.4749 22.4749 2
      vertex 46.4749 22.4749 7
    endloop
  endfacet
  facet normal 0.793372 0.608737 0
    outer loop
      vertex 46.4749 22.4749 2
      vertex 47.0311 21.75 7
      vertex 47.0311 21.75 2
    endloop
  endfacet
  facet normal 0.130565 -0.99144 0
    outer loop
      vertex 44 16.5 2
      vertex 44.9059 16.6193 7
      vertex 44 16.5 7
    endloop
  endfacet
  facet normal 0.130565 -0.99144 0
    outer loop
      vertex 44.9059 16.6193 7
      vertex 44 16.5 2
      vertex 44.9059 16.6193 2
    endloop
  endfacet
  facet normal 0.793372 -0.608737 0
    outer loop
      vertex 46.4749 17.5251 7
      vertex 47.0311 18.25 2
      vertex 47.0311 18.25 7
    endloop
  endfacet
  facet normal 0.793372 -0.608737 0
    outer loop
      vertex 47.0311 18.25 2
      vertex 46.4749 17.5251 7
      vertex 46.4749 17.5251 2
    endloop
  endfacet
  facet normal 0.382648 -0.923894 0
    outer loop
      vertex 44.9059 16.6193 2
      vertex 45.75 16.9689 7
      vertex 44.9059 16.6193 7
    endloop
  endfacet
  facet normal 0.382648 -0.923894 0
    outer loop
      vertex 45.75 16.9689 7
      vertex 44.9059 16.6193 2
      vertex 45.75 16.9689 2
    endloop
  endfacet
  facet normal -0.793372 0.608737 0
    outer loop
      vertex 40.9689 21.75 2
      vertex 41.5251 22.4749 7
      vertex 41.5251 22.4749 2
    endloop
  endfacet
  facet normal -0.793372 0.608737 0
    outer loop
      vertex 41.5251 22.4749 7
      vertex 40.9689 21.75 2
      vertex 40.9689 21.75 7
    endloop
  endfacet
  facet normal -0.793372 -0.608737 0
    outer loop
      vertex 41.5251 17.5251 2
      vertex 40.9689 18.25 7
      vertex 40.9689 18.25 2
    endloop
  endfacet
  facet normal -0.793372 -0.608737 0
    outer loop
      vertex 40.9689 18.25 7
      vertex 41.5251 17.5251 2
      vertex 41.5251 17.5251 7
    endloop
  endfacet
  facet normal 0.99144 -0.130565 0
    outer loop
      vertex 47.3807 19.0941 7
      vertex 47.5 20 2
      vertex 47.5 20 7
    endloop
  endfacet
  facet normal 0.99144 -0.130565 0
    outer loop
      vertex 47.5 20 2
      vertex 47.3807 19.0941 7
      vertex 47.3807 19.0941 2
    endloop
  endfacet
  facet normal -0.130565 0.99144 0
    outer loop
      vertex 44 23.5 2
      vertex 43.0941 23.3807 7
      vertex 44 23.5 7
    endloop
  endfacet
  facet normal -0.130565 0.99144 0
    outer loop
      vertex 43.0941 23.3807 7
      vertex 44 23.5 2
      vertex 43.0941 23.3807 2
    endloop
  endfacet
  facet normal -0.923894 -0.382648 0
    outer loop
      vertex 40.9689 18.25 2
      vertex 40.6193 19.0941 7
      vertex 40.6193 19.0941 2
    endloop
  endfacet
  facet normal -0.923894 -0.382648 0
    outer loop
      vertex 40.6193 19.0941 7
      vertex 40.9689 18.25 2
      vertex 40.9689 18.25 7
    endloop
  endfacet
  facet normal -0.99144 -0.130565 0
    outer loop
      vertex 40.6193 19.0941 2
      vertex 40.5 20 7
      vertex 40.5 20 2
    endloop
  endfacet
  facet normal -0.99144 -0.130565 0
    outer loop
      vertex 40.5 20 7
      vertex 40.6193 19.0941 2
      vertex 40.6193 19.0941 7
    endloop
  endfacet
  facet normal 0.923894 -0.382648 0
    outer loop
      vertex 47.0311 18.25 7
      vertex 47.3807 19.0941 2
      vertex 47.3807 19.0941 7
    endloop
  endfacet
  facet normal 0.923894 -0.382648 0
    outer loop
      vertex 47.3807 19.0941 2
      vertex 47.0311 18.25 7
      vertex 47.0311 18.25 2
    endloop
  endfacet
  facet normal -0.382648 -0.923894 0
    outer loop
      vertex 42.25 16.9689 2
      vertex 43.0941 16.6193 7
      vertex 42.25 16.9689 7
    endloop
  endfacet
  facet normal -0.382648 -0.923894 -0
    outer loop
      vertex 43.0941 16.6193 7
      vertex 42.25 16.9689 2
      vertex 43.0941 16.6193 2
    endloop
  endfacet
  facet normal 0 0 1
    outer loop
      vertex 45.4 20 7
      vertex 47.5 20 7
      vertex 47.3807 20.9059 7
    endloop
  endfacet
  facet normal 0 0 1
    outer loop
      vertex 45.3523 20.3623 7
      vertex 47.3807 20.9059 7
      vertex 47.0311 21.75 7
    endloop
  endfacet
  facet normal 0 0 1
    outer loop
      vertex 47.5 20 7
      vertex 45.4 20 7
      vertex 47.3807 19.0941 7
    endloop
  endfacet
  facet normal 0 0 1
    outer loop
      vertex 45.2124 20.7 7
      vertex 47.0311 21.75 7
      vertex 46.4749 22.4749 7
    endloop
  endfacet
  facet normal -0 0 1
    outer loop
      vertex 45.3523 19.6377 7
      vertex 47.3807 19.0941 7
      vertex 45.4 20 7
    endloop
  endfacet
  facet normal 0 0 1
    outer loop
      vertex 44.9899 20.9899 7
      vertex 46.4749 22.4749 7
      vertex 45.75 23.0311 7
    endloop
  endfacet
  facet normal 0 0 1
    outer loop
      vertex 47.3807 19.0941 7
      vertex 45.3523 19.6377 7
      vertex 47.0311 18.25 7
    endloop
  endfacet
  facet normal -0 0 1
    outer loop
      vertex 45.2124 19.3 7
      vertex 47.0311 18.25 7
      vertex 45.3523 19.6377 7
    endloop
  endfacet
  facet normal 0 0 1
    outer loop
      vertex 47.3807 20.9059 7
      vertex 45.3523 20.3623 7
      vertex 45.4 20 7
    endloop
  endfacet
  facet normal 0 0 1
    outer loop
      vertex 47.0311 21.75 7
      vertex 45.2124 20.7 7
      vertex 45.3523 20.3623 7
    endloop
  endfacet
  facet normal 0 0 1
    outer loop
      vertex 46.4749 22.4749 7
      vertex 44.9899 20.9899 7
      vertex 45.2124 20.7 7
    endloop
  endfacet
  facet normal 0 0 1
    outer loop
      vertex 44.7 21.2124 7
      vertex 45.75 23.0311 7
      vertex 44.9059 23.3807 7
    endloop
  endfacet
  facet normal 0 0 1
    outer loop
      vertex 45.75 23.0311 7
      vertex 44.7 21.2124 7
      vertex 44.9899 20.9899 7
    endloop
  endfacet
  facet normal 0 0 1
    outer loop
      vertex 44.9059 23.3807 7
      vertex 44.3623 21.3523 7
      vertex 44.7 21.2124 7
    endloop
  endfacet
  facet normal 0 0 1
    outer loop
      vertex 44 23.5 7
      vertex 44.3623 21.3523 7
      vertex 44.9059 23.3807 7
    endloop
  endfacet
  facet normal 0 0 1
    outer loop
      vertex 44 23.5 7
      vertex 44 21.4 7
      vertex 44.3623 21.3523 7
    endloop
  endfacet
  facet normal 0 0 1
    outer loop
      vertex 44 23.5 7
      vertex 43.6377 21.3523 7
      vertex 44 21.4 7
    endloop
  endfacet
  facet normal -0 0 1
    outer loop
      vertex 43.0941 23.3807 7
      vertex 43.6377 21.3523 7
      vertex 44 23.5 7
    endloop
  endfacet
  facet normal 0 0 1
    outer loop
      vertex 43.6377 21.3523 7
      vertex 43.0941 23.3807 7
      vertex 43.3 21.2124 7
    endloop
  endfacet
  facet normal -0 0 1
    outer loop
      vertex 42.25 23.0311 7
      vertex 43.3 21.2124 7
      vertex 43.0941 23.3807 7
    endloop
  endfacet
  facet normal 0 0 1
    outer loop
      vertex 43.3 21.2124 7
      vertex 42.25 23.0311 7
      vertex 43.0101 20.9899 7
    endloop
  endfacet
  facet normal -0 0 1
    outer loop
      vertex 41.5251 22.4749 7
      vertex 43.0101 20.9899 7
      vertex 42.25 23.0311 7
    endloop
  endfacet
  facet normal -0 0 1
    outer loop
      vertex 40.9689 21.75 7
      vertex 42.7876 20.7 7
      vertex 41.5251 22.4749 7
    endloop
  endfacet
  facet normal 0 0 1
    outer loop
      vertex 43.0101 20.9899 7
      vertex 41.5251 22.4749 7
      vertex 42.7876 20.7 7
    endloop
  endfacet
  facet normal 0 0 1
    outer loop
      vertex 47.0311 18.25 7
      vertex 45.2124 19.3 7
      vertex 46.4749 17.5251 7
    endloop
  endfacet
  facet normal -0 0 1
    outer loop
      vertex 44.9899 19.0101 7
      vertex 46.4749 17.5251 7
      vertex 45.2124 19.3 7
    endloop
  endfacet
  facet normal 0 0 1
    outer loop
      vertex 46.4749 17.5251 7
      vertex 44.9899 19.0101 7
      vertex 45.75 16.9689 7
    endloop
  endfacet
  facet normal -0 0 1
    outer loop
      vertex 44.7 18.7876 7
      vertex 45.75 16.9689 7
      vertex 44.9899 19.0101 7
    endloop
  endfacet
  facet normal 0 0 1
    outer loop
      vertex 45.75 16.9689 7
      vertex 44.7 18.7876 7
      vertex 44.9059 16.6193 7
    endloop
  endfacet
  facet normal -0 0 1
    outer loop
      vertex 44.3623 18.6477 7
      vertex 44.9059 16.6193 7
      vertex 44.7 18.7876 7
    endloop
  endfacet
  facet normal -0 0 1
    outer loop
      vertex 44 18.6 7
      vertex 44.9059 16.6193 7
      vertex 44.3623 18.6477 7
    endloop
  endfacet
  facet normal 0 0 1
    outer loop
      vertex 44 18.6 7
      vertex 44 16.5 7
      vertex 44.9059 16.6193 7
    endloop
  endfacet
  facet normal 0 0 1
    outer loop
      vertex 43.6377 18.6477 7
      vertex 44 16.5 7
      vertex 44 18.6 7
    endloop
  endfacet
  facet normal 0 0 1
    outer loop
      vertex 43.0941 16.6193 7
      vertex 43.6377 18.6477 7
      vertex 43.3 18.7876 7
    endloop
  endfacet
  facet normal 0 0 1
    outer loop
      vertex 43.6377 18.6477 7
      vertex 43.0941 16.6193 7
      vertex 44 16.5 7
    endloop
  endfacet
  facet normal 0 0 1
    outer loop
      vertex 42.25 16.9689 7
      vertex 43.3 18.7876 7
      vertex 43.0101 19.0101 7
    endloop
  endfacet
  facet normal 0 0 1
    outer loop
      vertex 41.5251 17.5251 7
      vertex 43.0101 19.0101 7
      vertex 42.7876 19.3 7
    endloop
  endfacet
  facet normal 0 0 1
    outer loop
      vertex 40.9689 18.25 7
      vertex 42.7876 19.3 7
      vertex 42.6477 19.6377 7
    endloop
  endfacet
  facet normal 0 0 1
    outer loop
      vertex 43.3 18.7876 7
      vertex 42.25 16.9689 7
      vertex 43.0941 16.6193 7
    endloop
  endfacet
  facet normal 0 0 1
    outer loop
      vertex 40.6193 19.0941 7
      vertex 42.6477 19.6377 7
      vertex 42.6 20 7
    endloop
  endfacet
  facet normal 0 0 1
    outer loop
      vertex 42.7876 20.7 7
      vertex 40.9689 21.75 7
      vertex 42.6477 20.3623 7
    endloop
  endfacet
  facet normal -0 0 1
    outer loop
      vertex 40.6193 20.9059 7
      vertex 42.6477 20.3623 7
      vertex 40.9689 21.75 7
    endloop
  endfacet
  facet normal 0 0 1
    outer loop
      vertex 43.0101 19.0101 7
      vertex 41.5251 17.5251 7
      vertex 42.25 16.9689 7
    endloop
  endfacet
  facet normal 0 0 1
    outer loop
      vertex 42.6477 20.3623 7
      vertex 40.6193 20.9059 7
      vertex 42.6 20 7
    endloop
  endfacet
  facet normal 0 0 1
    outer loop
      vertex 42.7876 19.3 7
      vertex 40.9689 18.25 7
      vertex 41.5251 17.5251 7
    endloop
  endfacet
  facet normal 0 0 1
    outer loop
      vertex 40.5 20 7
      vertex 42.6 20 7
      vertex 40.6193 20.9059 7
    endloop
  endfacet
  facet normal 0 0 1
    outer loop
      vertex 42.6477 19.6377 7
      vertex 40.6193 19.0941 7
      vertex 40.9689 18.25 7
    endloop
  endfacet
  facet normal 0 0 1
    outer loop
      vertex 42.6 20 7
      vertex 40.5 20 7
      vertex 40.6193 19.0941 7
    endloop
  endfacet
  facet normal 0 0 -1
    outer loop
      vertex 45.4 20 2
      vertex 47.5 20 2
      vertex 47.3807 19.0941 2
    endloop
  endfacet
  facet normal 0 0 -1
    outer loop
      vertex 45.3523 19.6377 2
      vertex 47.3807 19.0941 2
      vertex 47.0311 18.25 2
    endloop
  endfacet
  facet normal 0 0 -1
    outer loop
      vertex 47.5 20 2
      vertex 45.4 20 2
      vertex 47.3807 20.9059 2
    endloop
  endfacet
  facet normal 0 0 -1
    outer loop
      vertex 45.2124 19.3 2
      vertex 47.0311 18.25 2
      vertex 46.4749 17.5251 2
    endloop
  endfacet
  facet normal 0 0 -1
    outer loop
      vertex 45.3523 20.3623 2
      vertex 47.3807 20.9059 2
      vertex 45.4 20 2
    endloop
  endfacet
  facet normal 0 0 -1
    outer loop
      vertex 44.9899 19.0101 2
      vertex 46.4749 17.5251 2
      vertex 45.75 16.9689 2
    endloop
  endfacet
  facet normal -0 0 -1
    outer loop
      vertex 47.3807 20.9059 2
      vertex 45.3523 20.3623 2
      vertex 47.0311 21.75 2
    endloop
  endfacet
  facet normal 0 0 -1
    outer loop
      vertex 45.2124 20.7 2
      vertex 47.0311 21.75 2
      vertex 45.3523 20.3623 2
    endloop
  endfacet
  facet normal 0 0 -1
    outer loop
      vertex 47.3807 19.0941 2
      vertex 45.3523 19.6377 2
      vertex 45.4 20 2
    endloop
  endfacet
  facet normal 0 0 -1
    outer loop
      vertex 47.0311 18.25 2
      vertex 45.2124 19.3 2
      vertex 45.3523 19.6377 2
    endloop
  endfacet
  facet normal 0 0 -1
    outer loop
      vertex 46.4749 17.5251 2
      vertex 44.9899 19.0101 2
      vertex 45.2124 19.3 2
    endloop
  endfacet
  facet normal 0 0 -1
    outer loop
      vertex 44.7 18.7876 2
      vertex 45.75 16.9689 2
      vertex 44.9059 16.6193 2
    endloop
  endfacet
  facet normal 0 0 -1
    outer loop
      vertex 45.75 16.9689 2
      vertex 44.7 18.7876 2
      vertex 44.9899 19.0101 2
    endloop
  endfacet
  facet normal 0 0 -1
    outer loop
      vertex 44.9059 16.6193 2
      vertex 44.3623 18.6477 2
      vertex 44.7 18.7876 2
    endloop
  endfacet
  facet normal 0 0 -1
    outer loop
      vertex 44 16.5 2
      vertex 44.3623 18.6477 2
      vertex 44.9059 16.6193 2
    endloop
  endfacet
  facet normal 0 0 -1
    outer loop
      vertex 44 16.5 2
      vertex 44 18.6 2
      vertex 44.3623 18.6477 2
    endloop
  endfacet
  facet normal 0 0 -1
    outer loop
      vertex 44 16.5 2
      vertex 43.6377 18.6477 2
      vertex 44 18.6 2
    endloop
  endfacet
  facet normal 0 0 -1
    outer loop
      vertex 43.0941 16.6193 2
      vertex 43.6377 18.6477 2
      vertex 44 16.5 2
    endloop
  endfacet
  facet normal -0 0 -1
    outer loop
      vertex 43.6377 18.6477 2
      vertex 43.0941 16.6193 2
      vertex 43.3 18.7876 2
    endloop
  endfacet
  facet normal 0 0 -1
    outer loop
      vertex 42.25 16.9689 2
      vertex 43.3 18.7876 2
      vertex 43.0941 16.6193 2
    endloop
  endfacet
  facet normal -0 0 -1
    outer loop
      vertex 43.3 18.7876 2
      vertex 42.25 16.9689 2
      vertex 43.0101 19.0101 2
    endloop
  endfacet
  facet normal 0 0 -1
    outer loop
      vertex 41.5251 17.5251 2
      vertex 43.0101 19.0101 2
      vertex 42.25 16.9689 2
    endloop
  endfacet
  facet normal 0 0 -1
    outer loop
      vertex 40.9689 18.25 2
      vertex 42.7876 19.3 2
      vertex 41.5251 17.5251 2
    endloop
  endfacet
  facet normal -0 0 -1
    outer loop
      vertex 43.0101 19.0101 2
      vertex 41.5251 17.5251 2
      vertex 42.7876 19.3 2
    endloop
  endfacet
  facet normal -0 0 -1
    outer loop
      vertex 47.0311 21.75 2
      vertex 45.2124 20.7 2
      vertex 46.4749 22.4749 2
    endloop
  endfacet
  facet normal 0 0 -1
    outer loop
      vertex 44.9899 20.9899 2
      vertex 46.4749 22.4749 2
      vertex 45.2124 20.7 2
    endloop
  endfacet
  facet normal -0 0 -1
    outer loop
      vertex 46.4749 22.4749 2
      vertex 44.9899 20.9899 2
      vertex 45.75 23.0311 2
    endloop
  endfacet
  facet normal 0 0 -1
    outer loop
      vertex 44.7 21.2124 2
      vertex 45.75 23.0311 2
      vertex 44.9899 20.9899 2
    endloop
  endfacet
  facet normal -0 0 -1
    outer loop
      vertex 45.75 23.0311 2
      vertex 44.7 21.2124 2
      vertex 44.9059 23.3807 2
    endloop
  endfacet
  facet normal 0 0 -1
    outer loop
      vertex 44.3623 21.3523 2
      vertex 44.9059 23.3807 2
      vertex 44.7 21.2124 2
    endloop
  endfacet
  facet normal 0 0 -1
    outer loop
      vertex 44 21.4 2
      vertex 44.9059 23.3807 2
      vertex 44.3623 21.3523 2
    endloop
  endfacet
  facet normal 0 0 -1
    outer loop
      vertex 44 21.4 2
      vertex 44 23.5 2
      vertex 44.9059 23.3807 2
    endloop
  endfacet
  facet normal 0 0 -1
    outer loop
      vertex 43.6377 21.3523 2
      vertex 44 23.5 2
      vertex 44 21.4 2
    endloop
  endfacet
  facet normal 0 0 -1
    outer loop
      vertex 43.0941 23.3807 2
      vertex 43.6377 21.3523 2
      vertex 43.3 21.2124 2
    endloop
  endfacet
  facet normal 0 0 -1
    outer loop
      vertex 43.6377 21.3523 2
      vertex 43.0941 23.3807 2
      vertex 44 23.5 2
    endloop
  endfacet
  facet normal 0 0 -1
    outer loop
      vertex 42.25 23.0311 2
      vertex 43.3 21.2124 2
      vertex 43.0101 20.9899 2
    endloop
  endfacet
  facet normal 0 0 -1
    outer loop
      vertex 41.5251 22.4749 2
      vertex 43.0101 20.9899 2
      vertex 42.7876 20.7 2
    endloop
  endfacet
  facet normal 0 0 -1
    outer loop
      vertex 40.9689 21.75 2
      vertex 42.7876 20.7 2
      vertex 42.6477 20.3623 2
    endloop
  endfacet
  facet normal 0 0 -1
    outer loop
      vertex 43.3 21.2124 2
      vertex 42.25 23.0311 2
      vertex 43.0941 23.3807 2
    endloop
  endfacet
  facet normal 0 0 -1
    outer loop
      vertex 40.6193 20.9059 2
      vertex 42.6477 20.3623 2
      vertex 42.6 20 2
    endloop
  endfacet
  facet normal -0 0 -1
    outer loop
      vertex 42.7876 19.3 2
      vertex 40.9689 18.25 2
      vertex 42.6477 19.6377 2
    endloop
  endfacet
  facet normal 0 0 -1
    outer loop
      vertex 40.6193 19.0941 2
      vertex 42.6477 19.6377 2
      vertex 40.9689 18.25 2
    endloop
  endfacet
  facet normal 0 0 -1
    outer loop
      vertex 43.0101 20.9899 2
      vertex 41.5251 22.4749 2
      vertex 42.25 23.0311 2
    endloop
  endfacet
  facet normal -0 0 -1
    outer loop
      vertex 42.6477 19.6377 2
      vertex 40.6193 19.0941 2
      vertex 42.6 20 2
    endloop
  endfacet
  facet normal 0 0 -1
    outer loop
      vertex 42.7876 20.7 2
      vertex 40.9689 21.75 2
      vertex 41.5251 22.4749 2
    endloop
  endfacet
  facet normal 0 0 -1
    outer loop
      vertex 40.5 20 2
      vertex 42.6 20 2
      vertex 40.6193 19.0941 2
    endloop
  endfacet
  facet normal 0 0 -1
    outer loop
      vertex 42.6477 20.3623 2
      vertex 40.6193 20.9059 2
      vertex 40.9689 21.75 2
    endloop
  endfacet
  facet normal 0 0 -1
    outer loop
      vertex 42.6 20 2
      vertex 40.5 20 2
      vertex 40.6193 20.9059 2
    endloop
  endfacet
  facet normal -0.923894 0.382648 0
    outer loop
      vertex 40.6193 20.9059 2
      vertex 40.9689 21.75 7
      vertex 40.9689 21.75 2
    endloop
  endfacet
  facet normal -0.923894 0.382648 0
    outer loop
      vertex 40.9689 21.75 7
      vertex 40.6193 20.9059 2
      vertex 40.6193 20.9059 7
    endloop
  endfacet
  facet normal -0.92386 -0.38273 0
    outer loop
      vertex 45.3523 20.3623 2
      vertex 45.2124 20.7 7
      vertex 45.2124 20.7 2
    endloop
  endfacet
  facet normal -0.92386 -0.38273 0
    outer loop
      vertex 45.2124 20.7 7
      vertex 45.3523 20.3623 2
      vertex 45.3523 20.3623 7
    endloop
  endfacet
  facet normal -0.991444 -0.130532 0
    outer loop
      vertex 45.4 20 2
      vertex 45.3523 20.3623 7
      vertex 45.3523 20.3623 2
    endloop
  endfacet
  facet normal -0.991444 -0.130532 0
    outer loop
      vertex 45.3523 20.3623 7
      vertex 45.4 20 2
      vertex 45.4 20 7
    endloop
  endfacet
  facet normal -0.793285 -0.608851 0
    outer loop
      vertex 45.2124 20.7 2
      vertex 44.9899 20.9899 7
      vertex 44.9899 20.9899 2
    endloop
  endfacet
  facet normal -0.793285 -0.608851 0
    outer loop
      vertex 44.9899 20.9899 7
      vertex 45.2124 20.7 2
      vertex 45.2124 20.7 7
    endloop
  endfacet
  facet normal -0.130532 -0.991444 0
    outer loop
      vertex 44 21.4 2
      vertex 44.3623 21.3523 7
      vertex 44 21.4 7
    endloop
  endfacet
  facet normal -0.130532 -0.991444 -0
    outer loop
      vertex 44.3623 21.3523 7
      vertex 44 21.4 2
      vertex 44.3623 21.3523 2
    endloop
  endfacet
  facet normal -0.793285 0.608851 0
    outer loop
      vertex 44.9899 19.0101 2
      vertex 45.2124 19.3 7
      vertex 45.2124 19.3 2
    endloop
  endfacet
  facet normal -0.793285 0.608851 0
    outer loop
      vertex 45.2124 19.3 7
      vertex 44.9899 19.0101 2
      vertex 44.9899 19.0101 7
    endloop
  endfacet
  facet normal -0.608851 -0.793285 0
    outer loop
      vertex 44.7 21.2124 2
      vertex 44.9899 20.9899 7
      vertex 44.7 21.2124 7
    endloop
  endfacet
  facet normal -0.608851 -0.793285 -0
    outer loop
      vertex 44.9899 20.9899 7
      vertex 44.7 21.2124 2
      vertex 44.9899 20.9899 2
    endloop
  endfacet
  facet normal 0.608851 -0.793285 0
    outer loop
      vertex 43.0101 20.9899 2
      vertex 43.3 21.2124 7
      vertex 43.0101 20.9899 7
    endloop
  endfacet
  facet normal 0.608851 -0.793285 0
    outer loop
      vertex 43.3 21.2124 7
      vertex 43.0101 20.9899 2
      vertex 43.3 21.2124 2
    endloop
  endfacet
  facet normal 0.92386 0.38273 0
    outer loop
      vertex 42.7876 19.3 7
      vertex 42.6477 19.6377 2
      vertex 42.6477 19.6377 7
    endloop
  endfacet
  facet normal 0.92386 0.38273 0
    outer loop
      vertex 42.6477 19.6377 2
      vertex 42.7876 19.3 7
      vertex 42.7876 19.3 2
    endloop
  endfacet
  facet normal 0.793285 -0.608851 0
    outer loop
      vertex 42.7876 20.7 7
      vertex 43.0101 20.9899 2
      vertex 43.0101 20.9899 7
    endloop
  endfacet
  facet normal 0.793285 -0.608851 0
    outer loop
      vertex 43.0101 20.9899 2
      vertex 42.7876 20.7 7
      vertex 42.7876 20.7 2
    endloop
  endfacet
  facet normal -0.991444 0.130532 0
    outer loop
      vertex 45.3523 19.6377 2
      vertex 45.4 20 7
      vertex 45.4 20 2
    endloop
  endfacet
  facet normal -0.991444 0.130532 0
    outer loop
      vertex 45.4 20 7
      vertex 45.3523 19.6377 2
      vertex 45.3523 19.6377 7
    endloop
  endfacet
  facet normal 0.130532 0.991444 -0
    outer loop
      vertex 44 18.6 2
      vertex 43.6377 18.6477 7
      vertex 44 18.6 7
    endloop
  endfacet
  facet normal 0.130532 0.991444 0
    outer loop
      vertex 43.6377 18.6477 7
      vertex 44 18.6 2
      vertex 43.6377 18.6477 2
    endloop
  endfacet
  facet normal -0.38273 -0.92386 0
    outer loop
      vertex 44.3623 21.3523 2
      vertex 44.7 21.2124 7
      vertex 44.3623 21.3523 7
    endloop
  endfacet
  facet normal -0.38273 -0.92386 -0
    outer loop
      vertex 44.7 21.2124 7
      vertex 44.3623 21.3523 2
      vertex 44.7 21.2124 2
    endloop
  endfacet
  facet normal -0.130532 0.991444 0
    outer loop
      vertex 44.3623 18.6477 2
      vertex 44 18.6 7
      vertex 44.3623 18.6477 7
    endloop
  endfacet
  facet normal -0.130532 0.991444 0
    outer loop
      vertex 44 18.6 7
      vertex 44.3623 18.6477 2
      vertex 44 18.6 2
    endloop
  endfacet
  facet normal -0.92386 0.38273 0
    outer loop
      vertex 45.2124 19.3 2
      vertex 45.3523 19.6377 7
      vertex 45.3523 19.6377 2
    endloop
  endfacet
  facet normal -0.92386 0.38273 0
    outer loop
      vertex 45.3523 19.6377 7
      vertex 45.2124 19.3 2
      vertex 45.2124 19.3 7
    endloop
  endfacet
  facet normal -0.38273 0.92386 0
    outer loop
      vertex 44.7 18.7876 2
      vertex 44.3623 18.6477 7
      vertex 44.7 18.7876 7
    endloop
  endfacet
  facet normal -0.38273 0.92386 0
    outer loop
      vertex 44.3623 18.6477 7
      vertex 44.7 18.7876 2
      vertex 44.3623 18.6477 2
    endloop
  endfacet
  facet normal 0.991444 0.130532 0
    outer loop
      vertex 42.6477 19.6377 7
      vertex 42.6 20 2
      vertex 42.6 20 7
    endloop
  endfacet
  facet normal 0.991444 0.130532 0
    outer loop
      vertex 42.6 20 2
      vertex 42.6477 19.6377 7
      vertex 42.6477 19.6377 2
    endloop
  endfacet
  facet normal 0.38273 -0.92386 0
    outer loop
      vertex 43.3 21.2124 2
      vertex 43.6377 21.3523 7
      vertex 43.3 21.2124 7
    endloop
  endfacet
  facet normal 0.38273 -0.92386 0
    outer loop
      vertex 43.6377 21.3523 7
      vertex 43.3 21.2124 2
      vertex 43.6377 21.3523 2
    endloop
  endfacet
  facet normal -0.608851 0.793285 0
    outer loop
      vertex 44.9899 19.0101 2
      vertex 44.7 18.7876 7
      vertex 44.9899 19.0101 7
    endloop
  endfacet
  facet normal -0.608851 0.793285 0
    outer loop
      vertex 44.7 18.7876 7
      vertex 44.9899 19.0101 2
      vertex 44.7 18.7876 2
    endloop
  endfacet
  facet normal 0.130532 -0.991444 0
    outer loop
      vertex 43.6377 21.3523 2
      vertex 44 21.4 7
      vertex 43.6377 21.3523 7
    endloop
  endfacet
  facet normal 0.130532 -0.991444 0
    outer loop
      vertex 44 21.4 7
      vertex 43.6377 21.3523 2
      vertex 44 21.4 2
    endloop
  endfacet
  facet normal 0.608851 0.793285 -0
    outer loop
      vertex 43.3 18.7876 2
      vertex 43.0101 19.0101 7
      vertex 43.3 18.7876 7
    endloop
  endfacet
  facet normal 0.608851 0.793285 0
    outer loop
      vertex 43.0101 19.0101 7
      vertex 43.3 18.7876 2
      vertex 43.0101 19.0101 2
    endloop
  endfacet
  facet normal 0.991444 -0.130532 0
    outer loop
      vertex 42.6 20 7
      vertex 42.6477 20.3623 2
      vertex 42.6477 20.3623 7
    endloop
  endfacet
  facet normal 0.991444 -0.130532 0
    outer loop
      vertex 42.6477 20.3623 2
      vertex 42.6 20 7
      vertex 42.6 20 2
    endloop
  endfacet
  facet normal 0.793285 0.608851 0
    outer loop
      vertex 43.0101 19.0101 7
      vertex 42.7876 19.3 2
      vertex 42.7876 19.3 7
    endloop
  endfacet
  facet normal 0.793285 0.608851 0
    outer loop
      vertex 42.7876 19.3 2
      vertex 43.0101 19.0101 7
      vertex 43.0101 19.0101 2
    endloop
  endfacet
  facet normal 0.38273 0.92386 -0
    outer loop
      vertex 43.6377 18.6477 2
      vertex 43.3 18.7876 7
      vertex 43.6377 18.6477 7
    endloop
  endfacet
  facet normal 0.38273 0.92386 0
    outer loop
      vertex 43.3 18.7876 7
      vertex 43.6377 18.6477 2
      vertex 43.3 18.7876 2
    endloop
  endfacet
  facet normal 0.92386 -0.38273 0
    outer loop
      vertex 42.6477 20.3623 7
      vertex 42.7876 20.7 2
      vertex 42.7876 20.7 7
    endloop
  endfacet
  facet normal 0.92386 -0.38273 0
    outer loop
      vertex 42.7876 20.7 2
      vertex 42.6477 20.3623 7
      vertex 42.6477 20.3623 2
    endloop
  endfacet
  facet normal 0.923894 0.382648 0
    outer loop
      vertex 85.3807 20.9059 7
      vertex 85.0311 21.75 2
      vertex 85.0311 21.75 7
    endloop
  endfacet
  facet normal 0.923894 0.382648 0
    outer loop
      vertex 85.0311 21.75 2
      vertex 85.3807 20.9059 7
      vertex 85.3807 20.9059 2
    endloop
  endfacet
  facet normal 0.99144 0.130565 0
    outer loop
      vertex 85.5 20 7
      vertex 85.3807 20.9059 2
      vertex 85.3807 20.9059 7
    endloop
  endfacet
  facet normal 0.99144 0.130565 0
    outer loop
      vertex 85.3807 20.9059 2
      vertex 85.5 20 7
      vertex 85.5 20 2
    endloop
  endfacet
  facet normal -0.608698 0.793402 0
    outer loop
      vertex 80 22.8393 2
      vertex 80.25 23.0311 7
      vertex 80.25 23.0311 2
    endloop
  endfacet
  facet normal -0.608737 0.793372 3.10388e-06
    outer loop
      vertex 80.25 23.0311 7
      vertex 80 22.8393 2
      vertex 79.5251 22.4749 7
    endloop
  endfacet
  facet normal -0.608758 0.793356 0
    outer loop
      vertex 79.5251 22.4749 7
      vertex 80 22.8393 2
      vertex 79.5251 22.4749 2
    endloop
  endfacet
  facet normal -0.382648 0.923894 0
    outer loop
      vertex 81.0941 23.3807 2
      vertex 80.25 23.0311 7
      vertex 81.0941 23.3807 7
    endloop
  endfacet
  facet normal -0.382648 0.923894 0
    outer loop
      vertex 80.25 23.0311 7
      vertex 81.0941 23.3807 2
      vertex 80.25 23.0311 2
    endloop
  endfacet
  facet normal 0.608737 -0.793372 0
    outer loop
      vertex 83.75 16.9689 2
      vertex 84.4749 17.5251 7
      vertex 83.75 16.9689 7
    endloop
  endfacet
  facet normal 0.608737 -0.793372 0
    outer loop
      vertex 84.4749 17.5251 7
      vertex 83.75 16.9689 2
      vertex 84.4749 17.5251 2
    endloop
  endfacet
  facet normal 0.608737 0.793372 -0
    outer loop
      vertex 84.4749 22.4749 2
      vertex 83.75 23.0311 7
      vertex 84.4749 22.4749 7
    endloop
  endfacet
  facet normal 0.608737 0.793372 0
    outer loop
      vertex 83.75 23.0311 7
      vertex 84.4749 22.4749 2
      vertex 83.75 23.0311 2
    endloop
  endfacet
  facet normal -0.99144 0.130565 0
    outer loop
      vertex 78.5 20 2
      vertex 78.6193 20.9059 7
      vertex 78.6193 20.9059 2
    endloop
  endfacet
  facet normal -0.99144 0.130565 0
    outer loop
      vertex 78.6193 20.9059 7
      vertex 78.5 20 2
      vertex 78.5 20 7
    endloop
  endfacet
  facet normal -0.130565 -0.99144 0
    outer loop
      vertex 81.0941 16.6193 2
      vertex 82 16.5 7
      vertex 81.0941 16.6193 7
    endloop
  endfacet
  facet normal -0.130565 -0.99144 -0
    outer loop
      vertex 82 16.5 7
      vertex 81.0941 16.6193 2
      vertex 82 16.5 2
    endloop
  endfacet
  facet normal 0.130565 0.99144 -0
    outer loop
      vertex 82.9059 23.3807 2
      vertex 82 23.5 7
      vertex 82.9059 23.3807 7
    endloop
  endfacet
  facet normal 0.130565 0.99144 0
    outer loop
      vertex 82 23.5 7
      vertex 82.9059 23.3807 2
      vertex 82 23.5 2
    endloop
  endfacet
  facet normal 0.382648 0.923894 -0
    outer loop
      vertex 83.75 23.0311 2
      vertex 82.9059 23.3807 7
      vertex 83.75 23.0311 7
    endloop
  endfacet
  facet normal 0.382648 0.923894 0
    outer loop
      vertex 82.9059 23.3807 7
      vertex 83.75 23.0311 2
      vertex 82.9059 23.3807 2
    endloop
  endfacet
  facet normal -0.608758 -0.793356 0
    outer loop
      vertex 80 17.1607 2
      vertex 79.5251 17.5251 7
      vertex 79.5251 17.5251 2
    endloop
  endfacet
  facet normal -0.608737 -0.793372 3.10388e-06
    outer loop
      vertex 79.5251 17.5251 7
      vertex 80 17.1607 2
      vertex 80.25 16.9689 7
    endloop
  endfacet
  facet normal -0.608698 -0.793402 -0
    outer loop
      vertex 80.25 16.9689 7
      vertex 80 17.1607 2
      vertex 80.25 16.9689 2
    endloop
  endfacet
  facet normal 0.793372 0.608737 0
    outer loop
      vertex 85.0311 21.75 7
      vertex 84.4749 22.4749 2
      vertex 84.4749 22.4749 7
    endloop
  endfacet
  facet normal 0.793372 0.608737 0
    outer loop
      vertex 84.4749 22.4749 2
      vertex 85.0311 21.75 7
      vertex 85.0311 21.75 2
    endloop
  endfacet
  facet normal 0.130565 -0.99144 0
    outer loop
      vertex 82 16.5 2
      vertex 82.9059 16.6193 7
      vertex 82 16.5 7
    endloop
  endfacet
  facet normal 0.130565 -0.99144 0
    outer loop
      vertex 82.9059 16.6193 7
      vertex 82 16.5 2
      vertex 82.9059 16.6193 2
    endloop
  endfacet
  facet normal 0.793372 -0.608737 0
    outer loop
      vertex 84.4749 17.5251 7
      vertex 85.0311 18.25 2
      vertex 85.0311 18.25 7
    endloop
  endfacet
  facet normal 0.793372 -0.608737 0
    outer loop
      vertex 85.0311 18.25 2
      vertex 84.4749 17.5251 7
      vertex 84.4749 17.5251 2
    endloop
  endfacet
  facet normal 0.382648 -0.923894 0
    outer loop
      vertex 82.9059 16.6193 2
      vertex 83.75 16.9689 7
      vertex 82.9059 16.6193 7
    endloop
  endfacet
  facet normal 0.382648 -0.923894 0
    outer loop
      vertex 83.75 16.9689 7
      vertex 82.9059 16.6193 2
      vertex 83.75 16.9689 2
    endloop
  endfacet
  facet normal -0.793372 0.608737 0
    outer loop
      vertex 78.9689 21.75 2
      vertex 79.5251 22.4749 7
      vertex 79.5251 22.4749 2
    endloop
  endfacet
  facet normal -0.793372 0.608737 0
    outer loop
      vertex 79.5251 22.4749 7
      vertex 78.9689 21.75 2
      vertex 78.9689 21.75 7
    endloop
  endfacet
  facet normal -0.793372 -0.608737 0
    outer loop
      vertex 79.5251 17.5251 2
      vertex 78.9689 18.25 7
      vertex 78.9689 18.25 2
    endloop
  endfacet
  facet normal -0.793372 -0.608737 0
    outer loop
      vertex 78.9689 18.25 7
      vertex 79.5251 17.5251 2
      vertex 79.5251 17.5251 7
    endloop
  endfacet
  facet normal 0.99144 -0.130565 0
    outer loop
      vertex 85.3807 19.0941 7
      vertex 85.5 20 2
      vertex 85.5 20 7
    endloop
  endfacet
  facet normal 0.99144 -0.130565 0
    outer loop
      vertex 85.5 20 2
      vertex 85.3807 19.0941 7
      vertex 85.3807 19.0941 2
    endloop
  endfacet
  facet normal -0.130565 0.99144 0
    outer loop
      vertex 82 23.5 2
      vertex 81.0941 23.3807 7
      vertex 82 23.5 7
    endloop
  endfacet
  facet normal -0.130565 0.99144 0
    outer loop
      vertex 81.0941 23.3807 7
      vertex 82 23.5 2
      vertex 81.0941 23.3807 2
    endloop
  endfacet
  facet normal -0.923894 -0.382648 0
    outer loop
      vertex 78.9689 18.25 2
      vertex 78.6193 19.0941 7
      vertex 78.6193 19.0941 2
    endloop
  endfacet
  facet normal -0.923894 -0.382648 0
    outer loop
      vertex 78.6193 19.0941 7
      vertex 78.9689 18.25 2
      vertex 78.9689 18.25 7
    endloop
  endfacet
  facet normal -0.99144 -0.130565 0
    outer loop
      vertex 78.6193 19.0941 2
      vertex 78.5 20 7
      vertex 78.5 20 2
    endloop
  endfacet
  facet normal -0.99144 -0.130565 0
    outer loop
      vertex 78.5 20 7
      vertex 78.6193 19.0941 2
      vertex 78.6193 19.0941 7
    endloop
  endfacet
  facet normal 0.923894 -0.382648 0
    outer loop
      vertex 85.0311 18.25 7
      vertex 85.3807 19.0941 2
      vertex 85.3807 19.0941 7
    endloop
  endfacet
  facet normal 0.923894 -0.382648 0
    outer loop
      vertex 85.3807 19.0941 2
      vertex 85.0311 18.25 7
      vertex 85.0311 18.25 2
    endloop
  endfacet
  facet normal -0.382648 -0.923894 0
    outer loop
      vertex 80.25 16.9689 2
      vertex 81.0941 16.6193 7
      vertex 80.25 16.9689 7
    endloop
  endfacet
  facet normal -0.382648 -0.923894 -0
    outer loop
      vertex 81.0941 16.6193 7
      vertex 80.25 16.9689 2
      vertex 81.0941 16.6193 2
    endloop
  endfacet
  facet normal 0 0 1
    outer loop
      vertex 83.4 20 7
      vertex 85.5 20 7
      vertex 85.3807 20.9059 7
    endloop
  endfacet
  facet normal 0 0 1
    outer loop
      vertex 83.3523 20.3623 7
      vertex 85.3807 20.9059 7
      vertex 85.0311 21.75 7
    endloop
  endfacet
  facet normal 0 0 1
    outer loop
      vertex 85.5 20 7
      vertex 83.4 20 7
      vertex 85.3807 19.0941 7
    endloop
  endfacet
  facet normal 0 0 1
    outer loop
      vertex 83.2124 20.7 7
      vertex 85.0311 21.75 7
      vertex 84.4749 22.4749 7
    endloop
  endfacet
  facet normal -0 0 1
    outer loop
      vertex 83.3523 19.6377 7
      vertex 85.3807 19.0941 7
      vertex 83.4 20 7
    endloop
  endfacet
  facet normal 0 0 1
    outer loop
      vertex 82.99 20.9899 7
      vertex 84.4749 22.4749 7
      vertex 83.75 23.0311 7
    endloop
  endfacet
  facet normal 0 0 1
    outer loop
      vertex 85.3807 19.0941 7
      vertex 83.3523 19.6377 7
      vertex 85.0311 18.25 7
    endloop
  endfacet
  facet normal -0 0 1
    outer loop
      vertex 83.2124 19.3 7
      vertex 85.0311 18.25 7
      vertex 83.3523 19.6377 7
    endloop
  endfacet
  facet normal 0 0 1
    outer loop
      vertex 85.3807 20.9059 7
      vertex 83.3523 20.3623 7
      vertex 83.4 20 7
    endloop
  endfacet
  facet normal 0 0 1
    outer loop
      vertex 85.0311 21.75 7
      vertex 83.2124 20.7 7
      vertex 83.3523 20.3623 7
    endloop
  endfacet
  facet normal 0 0 1
    outer loop
      vertex 84.4749 22.4749 7
      vertex 82.99 20.9899 7
      vertex 83.2124 20.7 7
    endloop
  endfacet
  facet normal 0 0 1
    outer loop
      vertex 82.7 21.2124 7
      vertex 83.75 23.0311 7
      vertex 82.9059 23.3807 7
    endloop
  endfacet
  facet normal 0 0 1
    outer loop
      vertex 83.75 23.0311 7
      vertex 82.7 21.2124 7
      vertex 82.99 20.9899 7
    endloop
  endfacet
  facet normal 0 0 1
    outer loop
      vertex 82.9059 23.3807 7
      vertex 82.3624 21.3523 7
      vertex 82.7 21.2124 7
    endloop
  endfacet
  facet normal 0 0 1
    outer loop
      vertex 82 23.5 7
      vertex 82.3624 21.3523 7
      vertex 82.9059 23.3807 7
    endloop
  endfacet
  facet normal 0 0 1
    outer loop
      vertex 82 23.5 7
      vertex 82 21.4 7
      vertex 82.3624 21.3523 7
    endloop
  endfacet
  facet normal 0 0 1
    outer loop
      vertex 82 23.5 7
      vertex 81.6376 21.3523 7
      vertex 82 21.4 7
    endloop
  endfacet
  facet normal -0 0 1
    outer loop
      vertex 81.0941 23.3807 7
      vertex 81.6376 21.3523 7
      vertex 82 23.5 7
    endloop
  endfacet
  facet normal 0 0 1
    outer loop
      vertex 81.6376 21.3523 7
      vertex 81.0941 23.3807 7
      vertex 81.3 21.2124 7
    endloop
  endfacet
  facet normal -0 0 1
    outer loop
      vertex 80.25 23.0311 7
      vertex 81.3 21.2124 7
      vertex 81.0941 23.3807 7
    endloop
  endfacet
  facet normal 0 0 1
    outer loop
      vertex 81.3 21.2124 7
      vertex 80.25 23.0311 7
      vertex 81.01 20.9899 7
    endloop
  endfacet
  facet normal -0 0 1
    outer loop
      vertex 79.5251 22.4749 7
      vertex 81.01 20.9899 7
      vertex 80.25 23.0311 7
    endloop
  endfacet
  facet normal -0 0 1
    outer loop
      vertex 78.9689 21.75 7
      vertex 80.7876 20.7 7
      vertex 79.5251 22.4749 7
    endloop
  endfacet
  facet normal 0 0 1
    outer loop
      vertex 81.01 20.9899 7
      vertex 79.5251 22.4749 7
      vertex 80.7876 20.7 7
    endloop
  endfacet
  facet normal 0 0 1
    outer loop
      vertex 85.0311 18.25 7
      vertex 83.2124 19.3 7
      vertex 84.4749 17.5251 7
    endloop
  endfacet
  facet normal -0 0 1
    outer loop
      vertex 82.99 19.0101 7
      vertex 84.4749 17.5251 7
      vertex 83.2124 19.3 7
    endloop
  endfacet
  facet normal 0 0 1
    outer loop
      vertex 84.4749 17.5251 7
      vertex 82.99 19.0101 7
      vertex 83.75 16.9689 7
    endloop
  endfacet
  facet normal -0 0 1
    outer loop
      vertex 82.7 18.7876 7
      vertex 83.75 16.9689 7
      vertex 82.99 19.0101 7
    endloop
  endfacet
  facet normal 0 0 1
    outer loop
      vertex 83.75 16.9689 7
      vertex 82.7 18.7876 7
      vertex 82.9059 16.6193 7
    endloop
  endfacet
  facet normal -0 0 1
    outer loop
      vertex 82.3624 18.6477 7
      vertex 82.9059 16.6193 7
      vertex 82.7 18.7876 7
    endloop
  endfacet
  facet normal -0 0 1
    outer loop
      vertex 82 18.6 7
      vertex 82.9059 16.6193 7
      vertex 82.3624 18.6477 7
    endloop
  endfacet
  facet normal 0 0 1
    outer loop
      vertex 82 18.6 7
      vertex 82 16.5 7
      vertex 82.9059 16.6193 7
    endloop
  endfacet
  facet normal 0 0 1
    outer loop
      vertex 81.6376 18.6477 7
      vertex 82 16.5 7
      vertex 82 18.6 7
    endloop
  endfacet
  facet normal 0 0 1
    outer loop
      vertex 81.0941 16.6193 7
      vertex 81.6376 18.6477 7
      vertex 81.3 18.7876 7
    endloop
  endfacet
  facet normal 0 0 1
    outer loop
      vertex 81.6376 18.6477 7
      vertex 81.0941 16.6193 7
      vertex 82 16.5 7
    endloop
  endfacet
  facet normal 0 0 1
    outer loop
      vertex 80.25 16.9689 7
      vertex 81.3 18.7876 7
      vertex 81.01 19.0101 7
    endloop
  endfacet
  facet normal 0 0 1
    outer loop
      vertex 79.5251 17.5251 7
      vertex 81.01 19.0101 7
      vertex 80.7876 19.3 7
    endloop
  endfacet
  facet normal 0 0 1
    outer loop
      vertex 78.9689 18.25 7
      vertex 80.7876 19.3 7
      vertex 80.6477 19.6377 7
    endloop
  endfacet
  facet normal 0 0 1
    outer loop
      vertex 81.3 18.7876 7
      vertex 80.25 16.9689 7
      vertex 81.0941 16.6193 7
    endloop
  endfacet
  facet normal 0 0 1
    outer loop
      vertex 78.6193 19.0941 7
      vertex 80.6477 19.6377 7
      vertex 80.6 20 7
    endloop
  endfacet
  facet normal 0 0 1
    outer loop
      vertex 80.7876 20.7 7
      vertex 78.9689 21.75 7
      vertex 80.6477 20.3623 7
    endloop
  endfacet
  facet normal -0 0 1
    outer loop
      vertex 78.6193 20.9059 7
      vertex 80.6477 20.3623 7
      vertex 78.9689 21.75 7
    endloop
  endfacet
  facet normal 0 0 1
    outer loop
      vertex 81.01 19.0101 7
      vertex 79.5251 17.5251 7
      vertex 80.25 16.9689 7
    endloop
  endfacet
  facet normal 0 0 1
    outer loop
      vertex 80.6477 20.3623 7
      vertex 78.6193 20.9059 7
      vertex 80.6 20 7
    endloop
  endfacet
  facet normal 0 0 1
    outer loop
      vertex 80.7876 19.3 7
      vertex 78.9689 18.25 7
      vertex 79.5251 17.5251 7
    endloop
  endfacet
  facet normal 0 0 1
    outer loop
      vertex 78.5 20 7
      vertex 80.6 20 7
      vertex 78.6193 20.9059 7
    endloop
  endfacet
  facet normal 0 0 1
    outer loop
      vertex 80.6477 19.6377 7
      vertex 78.6193 19.0941 7
      vertex 78.9689 18.25 7
    endloop
  endfacet
  facet normal 0 0 1
    outer loop
      vertex 80.6 20 7
      vertex 78.5 20 7
      vertex 78.6193 19.0941 7
    endloop
  endfacet
  facet normal -0.923894 0.382648 0
    outer loop
      vertex 78.6193 20.9059 2
      vertex 78.9689 21.75 7
      vertex 78.9689 21.75 2
    endloop
  endfacet
  facet normal -0.923894 0.382648 0
    outer loop
      vertex 78.9689 21.75 7
      vertex 78.6193 20.9059 2
      vertex 78.6193 20.9059 7
    endloop
  endfacet
  facet normal -0.92386 -0.38273 0
    outer loop
      vertex 83.3523 20.3623 2
      vertex 83.2124 20.7 7
      vertex 83.2124 20.7 2
    endloop
  endfacet
  facet normal -0.92386 -0.38273 0
    outer loop
      vertex 83.2124 20.7 7
      vertex 83.3523 20.3623 2
      vertex 83.3523 20.3623 7
    endloop
  endfacet
  facet normal -0.991444 -0.130532 0
    outer loop
      vertex 83.4 20 2
      vertex 83.3523 20.3623 7
      vertex 83.3523 20.3623 2
    endloop
  endfacet
  facet normal -0.991444 -0.130532 0
    outer loop
      vertex 83.3523 20.3623 7
      vertex 83.4 20 2
      vertex 83.4 20 7
    endloop
  endfacet
  facet normal -0.793417 -0.608679 0
    outer loop
      vertex 83.2124 20.7 2
      vertex 82.99 20.9899 7
      vertex 82.99 20.9899 2
    endloop
  endfacet
  facet normal -0.793417 -0.608679 0
    outer loop
      vertex 82.99 20.9899 7
      vertex 83.2124 20.7 2
      vertex 83.2124 20.7 7
    endloop
  endfacet
  facet normal -0.130497 -0.991449 0
    outer loop
      vertex 82 21.4 2
      vertex 82.3624 21.3523 7
      vertex 82 21.4 7
    endloop
  endfacet
  facet normal -0.130497 -0.991449 -0
    outer loop
      vertex 82.3624 21.3523 7
      vertex 82 21.4 2
      vertex 82.3624 21.3523 2
    endloop
  endfacet
  facet normal -0.793417 0.608679 0
    outer loop
      vertex 82.99 19.0101 2
      vertex 83.2124 19.3 7
      vertex 83.2124 19.3 2
    endloop
  endfacet
  facet normal -0.793417 0.608679 0
    outer loop
      vertex 83.2124 19.3 7
      vertex 82.99 19.0101 2
      vertex 82.99 19.0101 7
    endloop
  endfacet
  facet normal -0.608719 -0.793386 0
    outer loop
      vertex 82.7 21.2124 2
      vertex 82.99 20.9899 7
      vertex 82.7 21.2124 7
    endloop
  endfacet
  facet normal -0.608719 -0.793386 -0
    outer loop
      vertex 82.99 20.9899 7
      vertex 82.7 21.2124 2
      vertex 82.99 20.9899 2
    endloop
  endfacet
  facet normal 0.608719 -0.793386 0
    outer loop
      vertex 81.01 20.9899 2
      vertex 81.3 21.2124 7
      vertex 81.01 20.9899 7
    endloop
  endfacet
  facet normal 0.608719 -0.793386 0
    outer loop
      vertex 81.3 21.2124 7
      vertex 81.01 20.9899 2
      vertex 81.3 21.2124 2
    endloop
  endfacet
  facet normal 0.92386 0.38273 0
    outer loop
      vertex 80.7876 19.3 7
      vertex 80.6477 19.6377 2
      vertex 80.6477 19.6377 7
    endloop
  endfacet
  facet normal 0.92386 0.38273 0
    outer loop
      vertex 80.6477 19.6377 2
      vertex 80.7876 19.3 7
      vertex 80.7876 19.3 2
    endloop
  endfacet
  facet normal 0.793417 -0.608679 0
    outer loop
      vertex 80.7876 20.7 7
      vertex 81.01 20.9899 2
      vertex 81.01 20.9899 7
    endloop
  endfacet
  facet normal 0.793417 -0.608679 0
    outer loop
      vertex 81.01 20.9899 2
      vertex 80.7876 20.7 7
      vertex 80.7876 20.7 2
    endloop
  endfacet
  facet normal -0.991444 0.130532 0
    outer loop
      vertex 83.3523 19.6377 2
      vertex 83.4 20 7
      vertex 83.4 20 2
    endloop
  endfacet
  facet normal -0.991444 0.130532 0
    outer loop
      vertex 83.4 20 7
      vertex 83.3523 19.6377 2
      vertex 83.3523 19.6377 7
    endloop
  endfacet
  facet normal 0.130497 0.991449 -0
    outer loop
      vertex 82 18.6 2
      vertex 81.6376 18.6477 7
      vertex 82 18.6 7
    endloop
  endfacet
  facet normal 0.130497 0.991449 0
    outer loop
      vertex 81.6376 18.6477 7
      vertex 82 18.6 2
      vertex 81.6376 18.6477 2
    endloop
  endfacet
  facet normal -0.382827 -0.92382 0
    outer loop
      vertex 82.3624 21.3523 2
      vertex 82.7 21.2124 7
      vertex 82.3624 21.3523 7
    endloop
  endfacet
  facet normal -0.382827 -0.92382 -0
    outer loop
      vertex 82.7 21.2124 7
      vertex 82.3624 21.3523 2
      vertex 82.7 21.2124 2
    endloop
  endfacet
  facet normal -0.130497 0.991449 0
    outer loop
      vertex 82.3624 18.6477 2
      vertex 82 18.6 7
      vertex 82.3624 18.6477 7
    endloop
  endfacet
  facet normal -0.130497 0.991449 0
    outer loop
      vertex 82 18.6 7
      vertex 82.3624 18.6477 2
      vertex 82 18.6 2
    endloop
  endfacet
  facet normal -0.92386 0.38273 0
    outer loop
      vertex 83.2124 19.3 2
      vertex 83.3523 19.6377 7
      vertex 83.3523 19.6377 2
    endloop
  endfacet
  facet normal -0.92386 0.38273 0
    outer loop
      vertex 83.3523 19.6377 7
      vertex 83.2124 19.3 2
      vertex 83.2124 19.3 7
    endloop
  endfacet
  facet normal -0.382827 0.92382 0
    outer loop
      vertex 82.7 18.7876 2
      vertex 82.3624 18.6477 7
      vertex 82.7 18.7876 7
    endloop
  endfacet
  facet normal -0.382827 0.92382 0
    outer loop
      vertex 82.3624 18.6477 7
      vertex 82.7 18.7876 2
      vertex 82.3624 18.6477 2
    endloop
  endfacet
  facet normal 0.991444 0.130532 0
    outer loop
      vertex 80.6477 19.6377 7
      vertex 80.6 20 2
      vertex 80.6 20 7
    endloop
  endfacet
  facet normal 0.991444 0.130532 0
    outer loop
      vertex 80.6 20 2
      vertex 80.6477 19.6377 7
      vertex 80.6477 19.6377 2
    endloop
  endfacet
  facet normal 0.382827 -0.92382 0
    outer loop
      vertex 81.3 21.2124 2
      vertex 81.6376 21.3523 7
      vertex 81.3 21.2124 7
    endloop
  endfacet
  facet normal 0.382827 -0.92382 0
    outer loop
      vertex 81.6376 21.3523 7
      vertex 81.3 21.2124 2
      vertex 81.6376 21.3523 2
    endloop
  endfacet
  facet normal -0.608719 0.793386 0
    outer loop
      vertex 82.99 19.0101 2
      vertex 82.7 18.7876 7
      vertex 82.99 19.0101 7
    endloop
  endfacet
  facet normal -0.608719 0.793386 0
    outer loop
      vertex 82.7 18.7876 7
      vertex 82.99 19.0101 2
      vertex 82.7 18.7876 2
    endloop
  endfacet
  facet normal 0.130497 -0.991449 0
    outer loop
      vertex 81.6376 21.3523 2
      vertex 82 21.4 7
      vertex 81.6376 21.3523 7
    endloop
  endfacet
  facet normal 0.130497 -0.991449 0
    outer loop
      vertex 82 21.4 7
      vertex 81.6376 21.3523 2
      vertex 82 21.4 2
    endloop
  endfacet
  facet normal 0.608719 0.793386 -0
    outer loop
      vertex 81.3 18.7876 2
      vertex 81.01 19.0101 7
      vertex 81.3 18.7876 7
    endloop
  endfacet
  facet normal 0.608719 0.793386 0
    outer loop
      vertex 81.01 19.0101 7
      vertex 81.3 18.7876 2
      vertex 81.01 19.0101 2
    endloop
  endfacet
  facet normal 0.991444 -0.130532 0
    outer loop
      vertex 80.6 20 7
      vertex 80.6477 20.3623 2
      vertex 80.6477 20.3623 7
    endloop
  endfacet
  facet normal 0.991444 -0.130532 0
    outer loop
      vertex 80.6477 20.3623 2
      vertex 80.6 20 7
      vertex 80.6 20 2
    endloop
  endfacet
  facet normal 0.793417 0.608679 0
    outer loop
      vertex 81.01 19.0101 7
      vertex 80.7876 19.3 2
      vertex 80.7876 19.3 7
    endloop
  endfacet
  facet normal 0.793417 0.608679 0
    outer loop
      vertex 80.7876 19.3 2
      vertex 81.01 19.0101 7
      vertex 81.01 19.0101 2
    endloop
  endfacet
  facet normal 0.382827 0.92382 -0
    outer loop
      vertex 81.6376 18.6477 2
      vertex 81.3 18.7876 7
      vertex 81.6376 18.6477 7
    endloop
  endfacet
  facet normal 0.382827 0.92382 0
    outer loop
      vertex 81.3 18.7876 7
      vertex 81.6376 18.6477 2
      vertex 81.3 18.7876 2
    endloop
  endfacet
  facet normal 0.92386 -0.38273 0
    outer loop
      vertex 80.6477 20.3623 7
      vertex 80.7876 20.7 2
      vertex 80.7876 20.7 7
    endloop
  endfacet
  facet normal 0.92386 -0.38273 0
    outer loop
      vertex 80.7876 20.7 2
      vertex 80.6477 20.3623 7
      vertex 80.6477 20.3623 2
    endloop
  endfacet
  facet normal 0.923894 0.382648 0
    outer loop
      vertex 47.3807 42.9059 7
      vertex 47.0311 43.75 2
      vertex 47.0311 43.75 7
    endloop
  endfacet
  facet normal 0.923894 0.382648 0
    outer loop
      vertex 47.0311 43.75 2
      vertex 47.3807 42.9059 7
      vertex 47.3807 42.9059 2
    endloop
  endfacet
  facet normal 0.99144 0.130565 0
    outer loop
      vertex 47.5 42 7
      vertex 47.3807 42.9059 2
      vertex 47.3807 42.9059 7
    endloop
  endfacet
  facet normal 0.99144 0.130565 0
    outer loop
      vertex 47.3807 42.9059 2
      vertex 47.5 42 7
      vertex 47.5 42 2
    endloop
  endfacet
  facet normal -0.608737 0.793372 0
    outer loop
      vertex 42.25 45.0311 2
      vertex 41.5251 44.4749 7
      vertex 42.25 45.0311 7
    endloop
  endfacet
  facet normal -0.608737 0.793372 0
    outer loop
      vertex 41.5251 44.4749 7
      vertex 42.25 45.0311 2
      vertex 41.5251 44.4749 2
    endloop
  endfacet
  facet normal -0.382648 0.923894 0
    outer loop
      vertex 43.0941 45.3807 2
      vertex 42.25 45.0311 7
      vertex 43.0941 45.3807 7
    endloop
  endfacet
  facet normal -0.382648 0.923894 0
    outer loop
      vertex 42.25 45.0311 7
      vertex 43.0941 45.3807 2
      vertex 42.25 45.0311 2
    endloop
  endfacet
  facet normal 0.608737 -0.793372 0
    outer loop
      vertex 45.75 38.9689 2
      vertex 46.4749 39.5251 7
      vertex 45.75 38.9689 7
    endloop
  endfacet
  facet normal 0.608737 -0.793372 0
    outer loop
      vertex 46.4749 39.5251 7
      vertex 45.75 38.9689 2
      vertex 46.4749 39.5251 2
    endloop
  endfacet
  facet normal 0.608737 0.793372 -0
    outer loop
      vertex 46.4749 44.4749 2
      vertex 45.75 45.0311 7
      vertex 46.4749 44.4749 7
    endloop
  endfacet
  facet normal 0.608737 0.793372 0
    outer loop
      vertex 45.75 45.0311 7
      vertex 46.4749 44.4749 2
      vertex 45.75 45.0311 2
    endloop
  endfacet
  facet normal -0.99144 0.130565 0
    outer loop
      vertex 40.5 42 2
      vertex 40.6193 42.9059 7
      vertex 40.6193 42.9059 2
    endloop
  endfacet
  facet normal -0.99144 0.130565 0
    outer loop
      vertex 40.6193 42.9059 7
      vertex 40.5 42 2
      vertex 40.5 42 7
    endloop
  endfacet
  facet normal -0.130565 -0.99144 0
    outer loop
      vertex 43.0941 38.6193 2
      vertex 44 38.5 7
      vertex 43.0941 38.6193 7
    endloop
  endfacet
  facet normal -0.130565 -0.99144 -0
    outer loop
      vertex 44 38.5 7
      vertex 43.0941 38.6193 2
      vertex 44 38.5 2
    endloop
  endfacet
  facet normal 0.130565 0.99144 -0
    outer loop
      vertex 44.9059 45.3807 2
      vertex 44 45.5 7
      vertex 44.9059 45.3807 7
    endloop
  endfacet
  facet normal 0.130565 0.99144 0
    outer loop
      vertex 44 45.5 7
      vertex 44.9059 45.3807 2
      vertex 44 45.5 2
    endloop
  endfacet
  facet normal 0.382648 0.923894 -0
    outer loop
      vertex 45.75 45.0311 2
      vertex 44.9059 45.3807 7
      vertex 45.75 45.0311 7
    endloop
  endfacet
  facet normal 0.382648 0.923894 0
    outer loop
      vertex 44.9059 45.3807 7
      vertex 45.75 45.0311 2
      vertex 44.9059 45.3807 2
    endloop
  endfacet
  facet normal -0.608737 -0.793372 0
    outer loop
      vertex 41.5251 39.5251 2
      vertex 42.25 38.9689 7
      vertex 41.5251 39.5251 7
    endloop
  endfacet
  facet normal -0.608737 -0.793372 -0
    outer loop
      vertex 42.25 38.9689 7
      vertex 41.5251 39.5251 2
      vertex 42.25 38.9689 2
    endloop
  endfacet
  facet normal 0.793372 0.608737 0
    outer loop
      vertex 47.0311 43.75 7
      vertex 46.4749 44.4749 2
      vertex 46.4749 44.4749 7
    endloop
  endfacet
  facet normal 0.793372 0.608737 0
    outer loop
      vertex 46.4749 44.4749 2
      vertex 47.0311 43.75 7
      vertex 47.0311 43.75 2
    endloop
  endfacet
  facet normal 0.130565 -0.99144 0
    outer loop
      vertex 44 38.5 2
      vertex 44.9059 38.6193 7
      vertex 44 38.5 7
    endloop
  endfacet
  facet normal 0.130565 -0.99144 0
    outer loop
      vertex 44.9059 38.6193 7
      vertex 44 38.5 2
      vertex 44.9059 38.6193 2
    endloop
  endfacet
  facet normal 0.793372 -0.608737 0
    outer loop
      vertex 46.4749 39.5251 7
      vertex 47.0311 40.25 2
      vertex 47.0311 40.25 7
    endloop
  endfacet
  facet normal 0.793372 -0.608737 0
    outer loop
      vertex 47.0311 40.25 2
      vertex 46.4749 39.5251 7
      vertex 46.4749 39.5251 2
    endloop
  endfacet
  facet normal 0.382648 -0.923894 0
    outer loop
      vertex 44.9059 38.6193 2
      vertex 45.75 38.9689 7
      vertex 44.9059 38.6193 7
    endloop
  endfacet
  facet normal 0.382648 -0.923894 0
    outer loop
      vertex 45.75 38.9689 7
      vertex 44.9059 38.6193 2
      vertex 45.75 38.9689 2
    endloop
  endfacet
  facet normal -0.793372 0.608737 0
    outer loop
      vertex 40.9689 43.75 2
      vertex 41.5251 44.4749 7
      vertex 41.5251 44.4749 2
    endloop
  endfacet
  facet normal -0.793372 0.608737 0
    outer loop
      vertex 41.5251 44.4749 7
      vertex 40.9689 43.75 2
      vertex 40.9689 43.75 7
    endloop
  endfacet
  facet normal -0.793372 -0.608737 0
    outer loop
      vertex 41.5251 39.5251 2
      vertex 40.9689 40.25 7
      vertex 40.9689 40.25 2
    endloop
  endfacet
  facet normal -0.793372 -0.608737 0
    outer loop
      vertex 40.9689 40.25 7
      vertex 41.5251 39.5251 2
      vertex 41.5251 39.5251 7
    endloop
  endfacet
  facet normal 0.99144 -0.130565 0
    outer loop
      vertex 47.3807 41.0941 7
      vertex 47.5 42 2
      vertex 47.5 42 7
    endloop
  endfacet
  facet normal 0.99144 -0.130565 0
    outer loop
      vertex 47.5 42 2
      vertex 47.3807 41.0941 7
      vertex 47.3807 41.0941 2
    endloop
  endfacet
  facet normal -0.130565 0.99144 0
    outer loop
      vertex 44 45.5 2
      vertex 43.0941 45.3807 7
      vertex 44 45.5 7
    endloop
  endfacet
  facet normal -0.130565 0.99144 0
    outer loop
      vertex 43.0941 45.3807 7
      vertex 44 45.5 2
      vertex 43.0941 45.3807 2
    endloop
  endfacet
  facet normal -0.923894 -0.382648 0
    outer loop
      vertex 40.9689 40.25 2
      vertex 40.6193 41.0941 7
      vertex 40.6193 41.0941 2
    endloop
  endfacet
  facet normal -0.923894 -0.382648 0
    outer loop
      vertex 40.6193 41.0941 7
      vertex 40.9689 40.25 2
      vertex 40.9689 40.25 7
    endloop
  endfacet
  facet normal -0.99144 -0.130565 0
    outer loop
      vertex 40.6193 41.0941 2
      vertex 40.5 42 7
      vertex 40.5 42 2
    endloop
  endfacet
  facet normal -0.99144 -0.130565 0
    outer loop
      vertex 40.5 42 7
      vertex 40.6193 41.0941 2
      vertex 40.6193 41.0941 7
    endloop
  endfacet
  facet normal 0.923894 -0.382648 0
    outer loop
      vertex 47.0311 40.25 7
      vertex 47.3807 41.0941 2
      vertex 47.3807 41.0941 7
    endloop
  endfacet
  facet normal 0.923894 -0.382648 0
    outer loop
      vertex 47.3807 41.0941 2
      vertex 47.0311 40.25 7
      vertex 47.0311 40.25 2
    endloop
  endfacet
  facet normal -0.382648 -0.923894 0
    outer loop
      vertex 42.25 38.9689 2
      vertex 43.0941 38.6193 7
      vertex 42.25 38.9689 7
    endloop
  endfacet
  facet normal -0.382648 -0.923894 -0
    outer loop
      vertex 43.0941 38.6193 7
      vertex 42.25 38.9689 2
      vertex 43.0941 38.6193 2
    endloop
  endfacet
  facet normal 0 0 1
    outer loop
      vertex 45.4 42 7
      vertex 47.5 42 7
      vertex 47.3807 42.9059 7
    endloop
  endfacet
  facet normal 0 0 1
    outer loop
      vertex 45.3523 42.3623 7
      vertex 47.3807 42.9059 7
      vertex 47.0311 43.75 7
    endloop
  endfacet
  facet normal 0 0 1
    outer loop
      vertex 47.5 42 7
      vertex 45.4 42 7
      vertex 47.3807 41.0941 7
    endloop
  endfacet
  facet normal 0 0 1
    outer loop
      vertex 45.2124 42.7 7
      vertex 47.0311 43.75 7
      vertex 46.4749 44.4749 7
    endloop
  endfacet
  facet normal -0 0 1
    outer loop
      vertex 45.3523 41.6377 7
      vertex 47.3807 41.0941 7
      vertex 45.4 42 7
    endloop
  endfacet
  facet normal 0 0 1
    outer loop
      vertex 44.9899 42.9899 7
      vertex 46.4749 44.4749 7
      vertex 45.75 45.0311 7
    endloop
  endfacet
  facet normal 0 0 1
    outer loop
      vertex 47.3807 41.0941 7
      vertex 45.3523 41.6377 7
      vertex 47.0311 40.25 7
    endloop
  endfacet
  facet normal -0 0 1
    outer loop
      vertex 45.2124 41.3 7
      vertex 47.0311 40.25 7
      vertex 45.3523 41.6377 7
    endloop
  endfacet
  facet normal 0 0 1
    outer loop
      vertex 47.3807 42.9059 7
      vertex 45.3523 42.3623 7
      vertex 45.4 42 7
    endloop
  endfacet
  facet normal 0 0 1
    outer loop
      vertex 47.0311 43.75 7
      vertex 45.2124 42.7 7
      vertex 45.3523 42.3623 7
    endloop
  endfacet
  facet normal 0 0 1
    outer loop
      vertex 46.4749 44.4749 7
      vertex 44.9899 42.9899 7
      vertex 45.2124 42.7 7
    endloop
  endfacet
  facet normal 0 0 1
    outer loop
      vertex 44.7 43.2124 7
      vertex 45.75 45.0311 7
      vertex 44.9059 45.3807 7
    endloop
  endfacet
  facet normal 0 0 1
    outer loop
      vertex 45.75 45.0311 7
      vertex 44.7 43.2124 7
      vertex 44.9899 42.9899 7
    endloop
  endfacet
  facet normal 0 0 1
    outer loop
      vertex 44.9059 45.3807 7
      vertex 44.3623 43.3523 7
      vertex 44.7 43.2124 7
    endloop
  endfacet
  facet normal 0 0 1
    outer loop
      vertex 44 45.5 7
      vertex 44.3623 43.3523 7
      vertex 44.9059 45.3807 7
    endloop
  endfacet
  facet normal 0 0 1
    outer loop
      vertex 44 45.5 7
      vertex 44 43.4 7
      vertex 44.3623 43.3523 7
    endloop
  endfacet
  facet normal 0 0 1
    outer loop
      vertex 44 45.5 7
      vertex 43.6377 43.3523 7
      vertex 44 43.4 7
    endloop
  endfacet
  facet normal -0 0 1
    outer loop
      vertex 43.0941 45.3807 7
      vertex 43.6377 43.3523 7
      vertex 44 45.5 7
    endloop
  endfacet
  facet normal 0 0 1
    outer loop
      vertex 43.6377 43.3523 7
      vertex 43.0941 45.3807 7
      vertex 43.3 43.2124 7
    endloop
  endfacet
  facet normal -0 0 1
    outer loop
      vertex 42.25 45.0311 7
      vertex 43.3 43.2124 7
      vertex 43.0941 45.3807 7
    endloop
  endfacet
  facet normal 0 0 1
    outer loop
      vertex 43.3 43.2124 7
      vertex 42.25 45.0311 7
      vertex 43.0101 42.9899 7
    endloop
  endfacet
  facet normal -0 0 1
    outer loop
      vertex 41.5251 44.4749 7
      vertex 43.0101 42.9899 7
      vertex 42.25 45.0311 7
    endloop
  endfacet
  facet normal -0 0 1
    outer loop
      vertex 40.9689 43.75 7
      vertex 42.7876 42.7 7
      vertex 41.5251 44.4749 7
    endloop
  endfacet
  facet normal 0 0 1
    outer loop
      vertex 43.0101 42.9899 7
      vertex 41.5251 44.4749 7
      vertex 42.7876 42.7 7
    endloop
  endfacet
  facet normal 0 0 1
    outer loop
      vertex 47.0311 40.25 7
      vertex 45.2124 41.3 7
      vertex 46.4749 39.5251 7
    endloop
  endfacet
  facet normal -0 0 1
    outer loop
      vertex 44.9899 41.0101 7
      vertex 46.4749 39.5251 7
      vertex 45.2124 41.3 7
    endloop
  endfacet
  facet normal 0 0 1
    outer loop
      vertex 46.4749 39.5251 7
      vertex 44.9899 41.0101 7
      vertex 45.75 38.9689 7
    endloop
  endfacet
  facet normal -0 0 1
    outer loop
      vertex 44.7 40.7876 7
      vertex 45.75 38.9689 7
      vertex 44.9899 41.0101 7
    endloop
  endfacet
  facet normal 0 0 1
    outer loop
      vertex 45.75 38.9689 7
      vertex 44.7 40.7876 7
      vertex 44.9059 38.6193 7
    endloop
  endfacet
  facet normal -0 0 1
    outer loop
      vertex 44.3623 40.6477 7
      vertex 44.9059 38.6193 7
      vertex 44.7 40.7876 7
    endloop
  endfacet
  facet normal -0 0 1
    outer loop
      vertex 44 40.6 7
      vertex 44.9059 38.6193 7
      vertex 44.3623 40.6477 7
    endloop
  endfacet
  facet normal 0 0 1
    outer loop
      vertex 44 40.6 7
      vertex 44 38.5 7
      vertex 44.9059 38.6193 7
    endloop
  endfacet
  facet normal 0 0 1
    outer loop
      vertex 43.6377 40.6477 7
      vertex 44 38.5 7
      vertex 44 40.6 7
    endloop
  endfacet
  facet normal 0 0 1
    outer loop
      vertex 43.0941 38.6193 7
      vertex 43.6377 40.6477 7
      vertex 43.3 40.7876 7
    endloop
  endfacet
  facet normal 0 0 1
    outer loop
      vertex 43.6377 40.6477 7
      vertex 43.0941 38.6193 7
      vertex 44 38.5 7
    endloop
  endfacet
  facet normal 0 0 1
    outer loop
      vertex 42.25 38.9689 7
      vertex 43.3 40.7876 7
      vertex 43.0101 41.0101 7
    endloop
  endfacet
  facet normal 0 0 1
    outer loop
      vertex 41.5251 39.5251 7
      vertex 43.0101 41.0101 7
      vertex 42.7876 41.3 7
    endloop
  endfacet
  facet normal 0 0 1
    outer loop
      vertex 40.9689 40.25 7
      vertex 42.7876 41.3 7
      vertex 42.6477 41.6377 7
    endloop
  endfacet
  facet normal 0 0 1
    outer loop
      vertex 43.3 40.7876 7
      vertex 42.25 38.9689 7
      vertex 43.0941 38.6193 7
    endloop
  endfacet
  facet normal 0 0 1
    outer loop
      vertex 40.6193 41.0941 7
      vertex 42.6477 41.6377 7
      vertex 42.6 42 7
    endloop
  endfacet
  facet normal 0 0 1
    outer loop
      vertex 42.7876 42.7 7
      vertex 40.9689 43.75 7
      vertex 42.6477 42.3623 7
    endloop
  endfacet
  facet normal -0 0 1
    outer loop
      vertex 40.6193 42.9059 7
      vertex 42.6477 42.3623 7
      vertex 40.9689 43.75 7
    endloop
  endfacet
  facet normal 0 0 1
    outer loop
      vertex 43.0101 41.0101 7
      vertex 41.5251 39.5251 7
      vertex 42.25 38.9689 7
    endloop
  endfacet
  facet normal 0 0 1
    outer loop
      vertex 42.6477 42.3623 7
      vertex 40.6193 42.9059 7
      vertex 42.6 42 7
    endloop
  endfacet
  facet normal 0 0 1
    outer loop
      vertex 42.7876 41.3 7
      vertex 40.9689 40.25 7
      vertex 41.5251 39.5251 7
    endloop
  endfacet
  facet normal 0 0 1
    outer loop
      vertex 40.5 42 7
      vertex 42.6 42 7
      vertex 40.6193 42.9059 7
    endloop
  endfacet
  facet normal 0 0 1
    outer loop
      vertex 42.6477 41.6377 7
      vertex 40.6193 41.0941 7
      vertex 40.9689 40.25 7
    endloop
  endfacet
  facet normal 0 0 1
    outer loop
      vertex 42.6 42 7
      vertex 40.5 42 7
      vertex 40.6193 41.0941 7
    endloop
  endfacet
  facet normal 0 0 -1
    outer loop
      vertex 45.4 42 2
      vertex 47.5 42 2
      vertex 47.3807 41.0941 2
    endloop
  endfacet
  facet normal 0 0 -1
    outer loop
      vertex 45.3523 41.6377 2
      vertex 47.3807 41.0941 2
      vertex 47.0311 40.25 2
    endloop
  endfacet
  facet normal 0 0 -1
    outer loop
      vertex 47.5 42 2
      vertex 45.4 42 2
      vertex 47.3807 42.9059 2
    endloop
  endfacet
  facet normal 0 0 -1
    outer loop
      vertex 45.2124 41.3 2
      vertex 47.0311 40.25 2
      vertex 46.4749 39.5251 2
    endloop
  endfacet
  facet normal 0 0 -1
    outer loop
      vertex 45.3523 42.3623 2
      vertex 47.3807 42.9059 2
      vertex 45.4 42 2
    endloop
  endfacet
  facet normal 0 0 -1
    outer loop
      vertex 44.9899 41.0101 2
      vertex 46.4749 39.5251 2
      vertex 45.75 38.9689 2
    endloop
  endfacet
  facet normal -0 0 -1
    outer loop
      vertex 47.3807 42.9059 2
      vertex 45.3523 42.3623 2
      vertex 47.0311 43.75 2
    endloop
  endfacet
  facet normal 0 0 -1
    outer loop
      vertex 45.2124 42.7 2
      vertex 47.0311 43.75 2
      vertex 45.3523 42.3623 2
    endloop
  endfacet
  facet normal 0 0 -1
    outer loop
      vertex 47.3807 41.0941 2
      vertex 45.3523 41.6377 2
      vertex 45.4 42 2
    endloop
  endfacet
  facet normal 0 0 -1
    outer loop
      vertex 47.0311 40.25 2
      vertex 45.2124 41.3 2
      vertex 45.3523 41.6377 2
    endloop
  endfacet
  facet normal 0 0 -1
    outer loop
      vertex 46.4749 39.5251 2
      vertex 44.9899 41.0101 2
      vertex 45.2124 41.3 2
    endloop
  endfacet
  facet normal 0 0 -1
    outer loop
      vertex 44.7 40.7876 2
      vertex 45.75 38.9689 2
      vertex 44.9059 38.6193 2
    endloop
  endfacet
  facet normal 0 0 -1
    outer loop
      vertex 45.75 38.9689 2
      vertex 44.7 40.7876 2
      vertex 44.9899 41.0101 2
    endloop
  endfacet
  facet normal 0 0 -1
    outer loop
      vertex 44.9059 38.6193 2
      vertex 44.3623 40.6477 2
      vertex 44.7 40.7876 2
    endloop
  endfacet
  facet normal 0 0 -1
    outer loop
      vertex 44 38.5 2
      vertex 44.3623 40.6477 2
      vertex 44.9059 38.6193 2
    endloop
  endfacet
  facet normal 0 0 -1
    outer loop
      vertex 44 38.5 2
      vertex 44 40.6 2
      vertex 44.3623 40.6477 2
    endloop
  endfacet
  facet normal 0 0 -1
    outer loop
      vertex 44 38.5 2
      vertex 43.6377 40.6477 2
      vertex 44 40.6 2
    endloop
  endfacet
  facet normal 0 0 -1
    outer loop
      vertex 43.0941 38.6193 2
      vertex 43.6377 40.6477 2
      vertex 44 38.5 2
    endloop
  endfacet
  facet normal -0 0 -1
    outer loop
      vertex 43.6377 40.6477 2
      vertex 43.0941 38.6193 2
      vertex 43.3 40.7876 2
    endloop
  endfacet
  facet normal 0 0 -1
    outer loop
      vertex 42.25 38.9689 2
      vertex 43.3 40.7876 2
      vertex 43.0941 38.6193 2
    endloop
  endfacet
  facet normal -0 0 -1
    outer loop
      vertex 43.3 40.7876 2
      vertex 42.25 38.9689 2
      vertex 43.0101 41.0101 2
    endloop
  endfacet
  facet normal 0 0 -1
    outer loop
      vertex 41.5251 39.5251 2
      vertex 43.0101 41.0101 2
      vertex 42.25 38.9689 2
    endloop
  endfacet
  facet normal 0 0 -1
    outer loop
      vertex 40.9689 40.25 2
      vertex 42.7876 41.3 2
      vertex 41.5251 39.5251 2
    endloop
  endfacet
  facet normal -0 0 -1
    outer loop
      vertex 43.0101 41.0101 2
      vertex 41.5251 39.5251 2
      vertex 42.7876 41.3 2
    endloop
  endfacet
  facet normal -0 0 -1
    outer loop
      vertex 47.0311 43.75 2
      vertex 45.2124 42.7 2
      vertex 46.4749 44.4749 2
    endloop
  endfacet
  facet normal 0 0 -1
    outer loop
      vertex 44.9899 42.9899 2
      vertex 46.4749 44.4749 2
      vertex 45.2124 42.7 2
    endloop
  endfacet
  facet normal -0 0 -1
    outer loop
      vertex 46.4749 44.4749 2
      vertex 44.9899 42.9899 2
      vertex 45.75 45.0311 2
    endloop
  endfacet
  facet normal 0 0 -1
    outer loop
      vertex 44.7 43.2124 2
      vertex 45.75 45.0311 2
      vertex 44.9899 42.9899 2
    endloop
  endfacet
  facet normal -0 0 -1
    outer loop
      vertex 45.75 45.0311 2
      vertex 44.7 43.2124 2
      vertex 44.9059 45.3807 2
    endloop
  endfacet
  facet normal 0 0 -1
    outer loop
      vertex 44.3623 43.3523 2
      vertex 44.9059 45.3807 2
      vertex 44.7 43.2124 2
    endloop
  endfacet
  facet normal 0 0 -1
    outer loop
      vertex 44 43.4 2
      vertex 44.9059 45.3807 2
      vertex 44.3623 43.3523 2
    endloop
  endfacet
  facet normal 0 0 -1
    outer loop
      vertex 44 43.4 2
      vertex 44 45.5 2
      vertex 44.9059 45.3807 2
    endloop
  endfacet
  facet normal 0 0 -1
    outer loop
      vertex 43.6377 43.3523 2
      vertex 44 45.5 2
      vertex 44 43.4 2
    endloop
  endfacet
  facet normal 0 0 -1
    outer loop
      vertex 43.0941 45.3807 2
      vertex 43.6377 43.3523 2
      vertex 43.3 43.2124 2
    endloop
  endfacet
  facet normal 0 0 -1
    outer loop
      vertex 43.6377 43.3523 2
      vertex 43.0941 45.3807 2
      vertex 44 45.5 2
    endloop
  endfacet
  facet normal 0 0 -1
    outer loop
      vertex 42.25 45.0311 2
      vertex 43.3 43.2124 2
      vertex 43.0101 42.9899 2
    endloop
  endfacet
  facet normal 0 0 -1
    outer loop
      vertex 41.5251 44.4749 2
      vertex 43.0101 42.9899 2
      vertex 42.7876 42.7 2
    endloop
  endfacet
  facet normal 0 0 -1
    outer loop
      vertex 40.9689 43.75 2
      vertex 42.7876 42.7 2
      vertex 42.6477 42.3623 2
    endloop
  endfacet
  facet normal 0 0 -1
    outer loop
      vertex 43.3 43.2124 2
      vertex 42.25 45.0311 2
      vertex 43.0941 45.3807 2
    endloop
  endfacet
  facet normal 0 0 -1
    outer loop
      vertex 40.6193 42.9059 2
      vertex 42.6477 42.3623 2
      vertex 42.6 42 2
    endloop
  endfacet
  facet normal -0 0 -1
    outer loop
      vertex 42.7876 41.3 2
      vertex 40.9689 40.25 2
      vertex 42.6477 41.6377 2
    endloop
  endfacet
  facet normal 0 0 -1
    outer loop
      vertex 40.6193 41.0941 2
      vertex 42.6477 41.6377 2
      vertex 40.9689 40.25 2
    endloop
  endfacet
  facet normal 0 0 -1
    outer loop
      vertex 43.0101 42.9899 2
      vertex 41.5251 44.4749 2
      vertex 42.25 45.0311 2
    endloop
  endfacet
  facet normal -0 0 -1
    outer loop
      vertex 42.6477 41.6377 2
      vertex 40.6193 41.0941 2
      vertex 42.6 42 2
    endloop
  endfacet
  facet normal 0 0 -1
    outer loop
      vertex 42.7876 42.7 2
      vertex 40.9689 43.75 2
      vertex 41.5251 44.4749 2
    endloop
  endfacet
  facet normal 0 0 -1
    outer loop
      vertex 40.5 42 2
      vertex 42.6 42 2
      vertex 40.6193 41.0941 2
    endloop
  endfacet
  facet normal 0 0 -1
    outer loop
      vertex 42.6477 42.3623 2
      vertex 40.6193 42.9059 2
      vertex 40.9689 43.75 2
    endloop
  endfacet
  facet normal 0 0 -1
    outer loop
      vertex 42.6 42 2
      vertex 40.5 42 2
      vertex 40.6193 42.9059 2
    endloop
  endfacet
  facet normal -0.923894 0.382648 0
    outer loop
      vertex 40.6193 42.9059 2
      vertex 40.9689 43.75 7
      vertex 40.9689 43.75 2
    endloop
  endfacet
  facet normal -0.923894 0.382648 0
    outer loop
      vertex 40.9689 43.75 7
      vertex 40.6193 42.9059 2
      vertex 40.6193 42.9059 7
    endloop
  endfacet
  facet normal -0.92386 -0.38273 0
    outer loop
      vertex 45.3523 42.3623 2
      vertex 45.2124 42.7 7
      vertex 45.2124 42.7 2
    endloop
  endfacet
  facet normal -0.92386 -0.38273 0
    outer loop
      vertex 45.2124 42.7 7
      vertex 45.3523 42.3623 2
      vertex 45.3523 42.3623 7
    endloop
  endfacet
  facet normal -0.991444 -0.130532 0
    outer loop
      vertex 45.4 42 2
      vertex 45.3523 42.3623 7
      vertex 45.3523 42.3623 2
    endloop
  endfacet
  facet normal -0.991444 -0.130532 0
    outer loop
      vertex 45.3523 42.3623 7
      vertex 45.4 42 2
      vertex 45.4 42 7
    endloop
  endfacet
  facet normal -0.793285 -0.608851 0
    outer loop
      vertex 45.2124 42.7 2
      vertex 44.9899 42.9899 7
      vertex 44.9899 42.9899 2
    endloop
  endfacet
  facet normal -0.793285 -0.608851 0
    outer loop
      vertex 44.9899 42.9899 7
      vertex 45.2124 42.7 2
      vertex 45.2124 42.7 7
    endloop
  endfacet
  facet normal -0.130532 -0.991444 0
    outer loop
      vertex 44 43.4 2
      vertex 44.3623 43.3523 7
      vertex 44 43.4 7
    endloop
  endfacet
  facet normal -0.130532 -0.991444 -0
    outer loop
      vertex 44.3623 43.3523 7
      vertex 44 43.4 2
      vertex 44.3623 43.3523 2
    endloop
  endfacet
  facet normal -0.793285 0.608851 0
    outer loop
      vertex 44.9899 41.0101 2
      vertex 45.2124 41.3 7
      vertex 45.2124 41.3 2
    endloop
  endfacet
  facet normal -0.793285 0.608851 0
    outer loop
      vertex 45.2124 41.3 7
      vertex 44.9899 41.0101 2
      vertex 44.9899 41.0101 7
    endloop
  endfacet
  facet normal -0.608851 -0.793285 0
    outer loop
      vertex 44.7 43.2124 2
      vertex 44.9899 42.9899 7
      vertex 44.7 43.2124 7
    endloop
  endfacet
  facet normal -0.608851 -0.793285 -0
    outer loop
      vertex 44.9899 42.9899 7
      vertex 44.7 43.2124 2
      vertex 44.9899 42.9899 2
    endloop
  endfacet
  facet normal 0.608851 -0.793285 0
    outer loop
      vertex 43.0101 42.9899 2
      vertex 43.3 43.2124 7
      vertex 43.0101 42.9899 7
    endloop
  endfacet
  facet normal 0.608851 -0.793285 0
    outer loop
      vertex 43.3 43.2124 7
      vertex 43.0101 42.9899 2
      vertex 43.3 43.2124 2
    endloop
  endfacet
  facet normal 0.92386 0.38273 0
    outer loop
      vertex 42.7876 41.3 7
      vertex 42.6477 41.6377 2
      vertex 42.6477 41.6377 7
    endloop
  endfacet
  facet normal 0.92386 0.38273 0
    outer loop
      vertex 42.6477 41.6377 2
      vertex 42.7876 41.3 7
      vertex 42.7876 41.3 2
    endloop
  endfacet
  facet normal 0.793285 -0.608851 0
    outer loop
      vertex 42.7876 42.7 7
      vertex 43.0101 42.9899 2
      vertex 43.0101 42.9899 7
    endloop
  endfacet
  facet normal 0.793285 -0.608851 0
    outer loop
      vertex 43.0101 42.9899 2
      vertex 42.7876 42.7 7
      vertex 42.7876 42.7 2
    endloop
  endfacet
  facet normal -0.991444 0.130532 0
    outer loop
      vertex 45.3523 41.6377 2
      vertex 45.4 42 7
      vertex 45.4 42 2
    endloop
  endfacet
  facet normal -0.991444 0.130532 0
    outer loop
      vertex 45.4 42 7
      vertex 45.3523 41.6377 2
      vertex 45.3523 41.6377 7
    endloop
  endfacet
  facet normal 0.130532 0.991444 -0
    outer loop
      vertex 44 40.6 2
      vertex 43.6377 40.6477 7
      vertex 44 40.6 7
    endloop
  endfacet
  facet normal 0.130532 0.991444 0
    outer loop
      vertex 43.6377 40.6477 7
      vertex 44 40.6 2
      vertex 43.6377 40.6477 2
    endloop
  endfacet
  facet normal -0.38273 -0.92386 0
    outer loop
      vertex 44.3623 43.3523 2
      vertex 44.7 43.2124 7
      vertex 44.3623 43.3523 7
    endloop
  endfacet
  facet normal -0.38273 -0.92386 -0
    outer loop
      vertex 44.7 43.2124 7
      vertex 44.3623 43.3523 2
      vertex 44.7 43.2124 2
    endloop
  endfacet
  facet normal -0.130532 0.991444 0
    outer loop
      vertex 44.3623 40.6477 2
      vertex 44 40.6 7
      vertex 44.3623 40.6477 7
    endloop
  endfacet
  facet normal -0.130532 0.991444 0
    outer loop
      vertex 44 40.6 7
      vertex 44.3623 40.6477 2
      vertex 44 40.6 2
    endloop
  endfacet
  facet normal -0.92386 0.38273 0
    outer loop
      vertex 45.2124 41.3 2
      vertex 45.3523 41.6377 7
      vertex 45.3523 41.6377 2
    endloop
  endfacet
  facet normal -0.92386 0.38273 0
    outer loop
      vertex 45.3523 41.6377 7
      vertex 45.2124 41.3 2
      vertex 45.2124 41.3 7
    endloop
  endfacet
  facet normal -0.38273 0.92386 0
    outer loop
      vertex 44.7 40.7876 2
      vertex 44.3623 40.6477 7
      vertex 44.7 40.7876 7
    endloop
  endfacet
  facet normal -0.38273 0.92386 0
    outer loop
      vertex 44.3623 40.6477 7
      vertex 44.7 40.7876 2
      vertex 44.3623 40.6477 2
    endloop
  endfacet
  facet normal 0.991444 0.130532 0
    outer loop
      vertex 42.6477 41.6377 7
      vertex 42.6 42 2
      vertex 42.6 42 7
    endloop
  endfacet
  facet normal 0.991444 0.130532 0
    outer loop
      vertex 42.6 42 2
      vertex 42.6477 41.6377 7
      vertex 42.6477 41.6377 2
    endloop
  endfacet
  facet normal 0.38273 -0.92386 0
    outer loop
      vertex 43.3 43.2124 2
      vertex 43.6377 43.3523 7
      vertex 43.3 43.2124 7
    endloop
  endfacet
  facet normal 0.38273 -0.92386 0
    outer loop
      vertex 43.6377 43.3523 7
      vertex 43.3 43.2124 2
      vertex 43.6377 43.3523 2
    endloop
  endfacet
  facet normal -0.608851 0.793285 0
    outer loop
      vertex 44.9899 41.0101 2
      vertex 44.7 40.7876 7
      vertex 44.9899 41.0101 7
    endloop
  endfacet
  facet normal -0.608851 0.793285 0
    outer loop
      vertex 44.7 40.7876 7
      vertex 44.9899 41.0101 2
      vertex 44.7 40.7876 2
    endloop
  endfacet
  facet normal 0.130532 -0.991444 0
    outer loop
      vertex 43.6377 43.3523 2
      vertex 44 43.4 7
      vertex 43.6377 43.3523 7
    endloop
  endfacet
  facet normal 0.130532 -0.991444 0
    outer loop
      vertex 44 43.4 7
      vertex 43.6377 43.3523 2
      vertex 44 43.4 2
    endloop
  endfacet
  facet normal 0.608851 0.793285 -0
    outer loop
      vertex 43.3 40.7876 2
      vertex 43.0101 41.0101 7
      vertex 43.3 40.7876 7
    endloop
  endfacet
  facet normal 0.608851 0.793285 0
    outer loop
      vertex 43.0101 41.0101 7
      vertex 43.3 40.7876 2
      vertex 43.0101 41.0101 2
    endloop
  endfacet
  facet normal 0.991444 -0.130532 0
    outer loop
      vertex 42.6 42 7
      vertex 42.6477 42.3623 2
      vertex 42.6477 42.3623 7
    endloop
  endfacet
  facet normal 0.991444 -0.130532 0
    outer loop
      vertex 42.6477 42.3623 2
      vertex 42.6 42 7
      vertex 42.6 42 2
    endloop
  endfacet
  facet normal 0.793285 0.608851 0
    outer loop
      vertex 43.0101 41.0101 7
      vertex 42.7876 41.3 2
      vertex 42.7876 41.3 7
    endloop
  endfacet
  facet normal 0.793285 0.608851 0
    outer loop
      vertex 42.7876 41.3 2
      vertex 43.0101 41.0101 7
      vertex 43.0101 41.0101 2
    endloop
  endfacet
  facet normal 0.38273 0.92386 -0
    outer loop
      vertex 43.6377 40.6477 2
      vertex 43.3 40.7876 7
      vertex 43.6377 40.6477 7
    endloop
  endfacet
  facet normal 0.38273 0.92386 0
    outer loop
      vertex 43.3 40.7876 7
      vertex 43.6377 40.6477 2
      vertex 43.3 40.7876 2
    endloop
  endfacet
  facet normal 0.92386 -0.38273 0
    outer loop
      vertex 42.6477 42.3623 7
      vertex 42.7876 42.7 2
      vertex 42.7876 42.7 7
    endloop
  endfacet
  facet normal 0.92386 -0.38273 0
    outer loop
      vertex 42.7876 42.7 2
      vertex 42.6477 42.3623 7
      vertex 42.6477 42.3623 2
    endloop
  endfacet
  facet normal 0.923894 0.382648 0
    outer loop
      vertex 85.3807 42.9059 7
      vertex 85.0311 43.75 2
      vertex 85.0311 43.75 7
    endloop
  endfacet
  facet normal 0.923894 0.382648 0
    outer loop
      vertex 85.0311 43.75 2
      vertex 85.3807 42.9059 7
      vertex 85.3807 42.9059 2
    endloop
  endfacet
  facet normal 0.99144 0.130565 0
    outer loop
      vertex 85.5 42 7
      vertex 85.3807 42.9059 2
      vertex 85.3807 42.9059 7
    endloop
  endfacet
  facet normal 0.99144 0.130565 0
    outer loop
      vertex 85.3807 42.9059 2
      vertex 85.5 42 7
      vertex 85.5 42 2
    endloop
  endfacet
  facet normal -0.608698 0.793402 0
    outer loop
      vertex 80 44.8393 2
      vertex 80.25 45.0311 7
      vertex 80.25 45.0311 2
    endloop
  endfacet
  facet normal -0.608737 0.793372 3.10388e-06
    outer loop
      vertex 80.25 45.0311 7
      vertex 80 44.8393 2
      vertex 79.5251 44.4749 7
    endloop
  endfacet
  facet normal -0.608758 0.793356 0
    outer loop
      vertex 79.5251 44.4749 7
      vertex 80 44.8393 2
      vertex 79.5251 44.4749 2
    endloop
  endfacet
  facet normal -0.382648 0.923894 0
    outer loop
      vertex 81.0941 45.3807 2
      vertex 80.25 45.0311 7
      vertex 81.0941 45.3807 7
    endloop
  endfacet
  facet normal -0.382648 0.923894 0
    outer loop
      vertex 80.25 45.0311 7
      vertex 81.0941 45.3807 2
      vertex 80.25 45.0311 2
    endloop
  endfacet
  facet normal 0.608737 -0.793372 0
    outer loop
      vertex 83.75 38.9689 2
      vertex 84.4749 39.5251 7
      vertex 83.75 38.9689 7
    endloop
  endfacet
  facet normal 0.608737 -0.793372 0
    outer loop
      vertex 84.4749 39.5251 7
      vertex 83.75 38.9689 2
      vertex 84.4749 39.5251 2
    endloop
  endfacet
  facet normal 0.608737 0.793372 -0
    outer loop
      vertex 84.4749 44.4749 2
      vertex 83.75 45.0311 7
      vertex 84.4749 44.4749 7
    endloop
  endfacet
  facet normal 0.608737 0.793372 0
    outer loop
      vertex 83.75 45.0311 7
      vertex 84.4749 44.4749 2
      vertex 83.75 45.0311 2
    endloop
  endfacet
  facet normal -0.99144 0.130565 0
    outer loop
      vertex 78.5 42 2
      vertex 78.6193 42.9059 7
      vertex 78.6193 42.9059 2
    endloop
  endfacet
  facet normal -0.99144 0.130565 0
    outer loop
      vertex 78.6193 42.9059 7
      vertex 78.5 42 2
      vertex 78.5 42 7
    endloop
  endfacet
  facet normal -0.130565 -0.99144 0
    outer loop
      vertex 81.0941 38.6193 2
      vertex 82 38.5 7
      vertex 81.0941 38.6193 7
    endloop
  endfacet
  facet normal -0.130565 -0.99144 -0
    outer loop
      vertex 82 38.5 7
      vertex 81.0941 38.6193 2
      vertex 82 38.5 2
    endloop
  endfacet
  facet normal 0.130565 0.99144 -0
    outer loop
      vertex 82.9059 45.3807 2
      vertex 82 45.5 7
      vertex 82.9059 45.3807 7
    endloop
  endfacet
  facet normal 0.130565 0.99144 0
    outer loop
      vertex 82 45.5 7
      vertex 82.9059 45.3807 2
      vertex 82 45.5 2
    endloop
  endfacet
  facet normal 0.382648 0.923894 -0
    outer loop
      vertex 83.75 45.0311 2
      vertex 82.9059 45.3807 7
      vertex 83.75 45.0311 7
    endloop
  endfacet
  facet normal 0.382648 0.923894 0
    outer loop
      vertex 82.9059 45.3807 7
      vertex 83.75 45.0311 2
      vertex 82.9059 45.3807 2
    endloop
  endfacet
  facet normal -0.608758 -0.793356 0
    outer loop
      vertex 80 39.1607 2
      vertex 79.5251 39.5251 7
      vertex 79.5251 39.5251 2
    endloop
  endfacet
  facet normal -0.608737 -0.793372 3.10388e-06
    outer loop
      vertex 79.5251 39.5251 7
      vertex 80 39.1607 2
      vertex 80.25 38.9689 7
    endloop
  endfacet
  facet normal -0.608698 -0.793402 -0
    outer loop
      vertex 80.25 38.9689 7
      vertex 80 39.1607 2
      vertex 80.25 38.9689 2
    endloop
  endfacet
  facet normal 0.793372 0.608737 0
    outer loop
      vertex 85.0311 43.75 7
      vertex 84.4749 44.4749 2
      vertex 84.4749 44.4749 7
    endloop
  endfacet
  facet normal 0.793372 0.608737 0
    outer loop
      vertex 84.4749 44.4749 2
      vertex 85.0311 43.75 7
      vertex 85.0311 43.75 2
    endloop
  endfacet
  facet normal 0.130565 -0.99144 0
    outer loop
      vertex 82 38.5 2
      vertex 82.9059 38.6193 7
      vertex 82 38.5 7
    endloop
  endfacet
  facet normal 0.130565 -0.99144 0
    outer loop
      vertex 82.9059 38.6193 7
      vertex 82 38.5 2
      vertex 82.9059 38.6193 2
    endloop
  endfacet
  facet normal 0.793372 -0.608737 0
    outer loop
      vertex 84.4749 39.5251 7
      vertex 85.0311 40.25 2
      vertex 85.0311 40.25 7
    endloop
  endfacet
  facet normal 0.793372 -0.608737 0
    outer loop
      vertex 85.0311 40.25 2
      vertex 84.4749 39.5251 7
      vertex 84.4749 39.5251 2
    endloop
  endfacet
  facet normal 0.382648 -0.923894 0
    outer loop
      vertex 82.9059 38.6193 2
      vertex 83.75 38.9689 7
      vertex 82.9059 38.6193 7
    endloop
  endfacet
  facet normal 0.382648 -0.923894 0
    outer loop
      vertex 83.75 38.9689 7
      vertex 82.9059 38.6193 2
      vertex 83.75 38.9689 2
    endloop
  endfacet
  facet normal -0.793372 0.608737 0
    outer loop
      vertex 78.9689 43.75 2
      vertex 79.5251 44.4749 7
      vertex 79.5251 44.4749 2
    endloop
  endfacet
  facet normal -0.793372 0.608737 0
    outer loop
      vertex 79.5251 44.4749 7
      vertex 78.9689 43.75 2
      vertex 78.9689 43.75 7
    endloop
  endfacet
  facet normal -0.793372 -0.608737 0
    outer loop
      vertex 79.5251 39.5251 2
      vertex 78.9689 40.25 7
      vertex 78.9689 40.25 2
    endloop
  endfacet
  facet normal -0.793372 -0.608737 0
    outer loop
      vertex 78.9689 40.25 7
      vertex 79.5251 39.5251 2
      vertex 79.5251 39.5251 7
    endloop
  endfacet
  facet normal 0.99144 -0.130565 0
    outer loop
      vertex 85.3807 41.0941 7
      vertex 85.5 42 2
      vertex 85.5 42 7
    endloop
  endfacet
  facet normal 0.99144 -0.130565 0
    outer loop
      vertex 85.5 42 2
      vertex 85.3807 41.0941 7
      vertex 85.3807 41.0941 2
    endloop
  endfacet
  facet normal -0.130565 0.99144 0
    outer loop
      vertex 82 45.5 2
      vertex 81.0941 45.3807 7
      vertex 82 45.5 7
    endloop
  endfacet
  facet normal -0.130565 0.99144 0
    outer loop
      vertex 81.0941 45.3807 7
      vertex 82 45.5 2
      vertex 81.0941 45.3807 2
    endloop
  endfacet
  facet normal -0.923894 -0.382648 0
    outer loop
      vertex 78.9689 40.25 2
      vertex 78.6193 41.0941 7
      vertex 78.6193 41.0941 2
    endloop
  endfacet
  facet normal -0.923894 -0.382648 0
    outer loop
      vertex 78.6193 41.0941 7
      vertex 78.9689 40.25 2
      vertex 78.9689 40.25 7
    endloop
  endfacet
  facet normal -0.99144 -0.130565 0
    outer loop
      vertex 78.6193 41.0941 2
      vertex 78.5 42 7
      vertex 78.5 42 2
    endloop
  endfacet
  facet normal -0.99144 -0.130565 0
    outer loop
      vertex 78.5 42 7
      vertex 78.6193 41.0941 2
      vertex 78.6193 41.0941 7
    endloop
  endfacet
  facet normal 0.923894 -0.382648 0
    outer loop
      vertex 85.0311 40.25 7
      vertex 85.3807 41.0941 2
      vertex 85.3807 41.0941 7
    endloop
  endfacet
  facet normal 0.923894 -0.382648 0
    outer loop
      vertex 85.3807 41.0941 2
      vertex 85.0311 40.25 7
      vertex 85.0311 40.25 2
    endloop
  endfacet
  facet normal -0.382648 -0.923894 0
    outer loop
      vertex 80.25 38.9689 2
      vertex 81.0941 38.6193 7
      vertex 80.25 38.9689 7
    endloop
  endfacet
  facet normal -0.382648 -0.923894 -0
    outer loop
      vertex 81.0941 38.6193 7
      vertex 80.25 38.9689 2
      vertex 81.0941 38.6193 2
    endloop
  endfacet
  facet normal 0 0 1
    outer loop
      vertex 83.4 42 7
      vertex 85.5 42 7
      vertex 85.3807 42.9059 7
    endloop
  endfacet
  facet normal 0 0 1
    outer loop
      vertex 83.3523 42.3623 7
      vertex 85.3807 42.9059 7
      vertex 85.0311 43.75 7
    endloop
  endfacet
  facet normal 0 0 1
    outer loop
      vertex 85.5 42 7
      vertex 83.4 42 7
      vertex 85.3807 41.0941 7
    endloop
  endfacet
  facet normal 0 0 1
    outer loop
      vertex 83.2124 42.7 7
      vertex 85.0311 43.75 7
      vertex 84.4749 44.4749 7
    endloop
  endfacet
  facet normal -0 0 1
    outer loop
      vertex 83.3523 41.6377 7
      vertex 85.3807 41.0941 7
      vertex 83.4 42 7
    endloop
  endfacet
  facet normal 0 0 1
    outer loop
      vertex 82.99 42.9899 7
      vertex 84.4749 44.4749 7
      vertex 83.75 45.0311 7
    endloop
  endfacet
  facet normal 0 0 1
    outer loop
      vertex 85.3807 41.0941 7
      vertex 83.3523 41.6377 7
      vertex 85.0311 40.25 7
    endloop
  endfacet
  facet normal -0 0 1
    outer loop
      vertex 83.2124 41.3 7
      vertex 85.0311 40.25 7
      vertex 83.3523 41.6377 7
    endloop
  endfacet
  facet normal 0 0 1
    outer loop
      vertex 85.3807 42.9059 7
      vertex 83.3523 42.3623 7
      vertex 83.4 42 7
    endloop
  endfacet
  facet normal 0 0 1
    outer loop
      vertex 85.0311 43.75 7
      vertex 83.2124 42.7 7
      vertex 83.3523 42.3623 7
    endloop
  endfacet
  facet normal 0 0 1
    outer loop
      vertex 84.4749 44.4749 7
      vertex 82.99 42.9899 7
      vertex 83.2124 42.7 7
    endloop
  endfacet
  facet normal 0 0 1
    outer loop
      vertex 82.7 43.2124 7
      vertex 83.75 45.0311 7
      vertex 82.9059 45.3807 7
    endloop
  endfacet
  facet normal 0 0 1
    outer loop
      vertex 83.75 45.0311 7
      vertex 82.7 43.2124 7
      vertex 82.99 42.9899 7
    endloop
  endfacet
  facet normal 0 0 1
    outer loop
      vertex 82.9059 45.3807 7
      vertex 82.3624 43.3523 7
      vertex 82.7 43.2124 7
    endloop
  endfacet
  facet normal 0 0 1
    outer loop
      vertex 82 45.5 7
      vertex 82.3624 43.3523 7
      vertex 82.9059 45.3807 7
    endloop
  endfacet
  facet normal 0 0 1
    outer loop
      vertex 82 45.5 7
      vertex 82 43.4 7
      vertex 82.3624 43.3523 7
    endloop
  endfacet
  facet normal 0 0 1
    outer loop
      vertex 82 45.5 7
      vertex 81.6376 43.3523 7
      vertex 82 43.4 7
    endloop
  endfacet
  facet normal -0 0 1
    outer loop
      vertex 81.0941 45.3807 7
      vertex 81.6376 43.3523 7
      vertex 82 45.5 7
    endloop
  endfacet
  facet normal 0 0 1
    outer loop
      vertex 81.6376 43.3523 7
      vertex 81.0941 45.3807 7
      vertex 81.3 43.2124 7
    endloop
  endfacet
  facet normal -0 0 1
    outer loop
      vertex 80.25 45.0311 7
      vertex 81.3 43.2124 7
      vertex 81.0941 45.3807 7
    endloop
  endfacet
  facet normal 0 0 1
    outer loop
      vertex 81.3 43.2124 7
      vertex 80.25 45.0311 7
      vertex 81.01 42.9899 7
    endloop
  endfacet
  facet normal -0 0 1
    outer loop
      vertex 79.5251 44.4749 7
      vertex 81.01 42.9899 7
      vertex 80.25 45.0311 7
    endloop
  endfacet
  facet normal -0 0 1
    outer loop
      vertex 78.9689 43.75 7
      vertex 80.7876 42.7 7
      vertex 79.5251 44.4749 7
    endloop
  endfacet
  facet normal 0 0 1
    outer loop
      vertex 81.01 42.9899 7
      vertex 79.5251 44.4749 7
      vertex 80.7876 42.7 7
    endloop
  endfacet
  facet normal 0 0 1
    outer loop
      vertex 85.0311 40.25 7
      vertex 83.2124 41.3 7
      vertex 84.4749 39.5251 7
    endloop
  endfacet
  facet normal -0 0 1
    outer loop
      vertex 82.99 41.0101 7
      vertex 84.4749 39.5251 7
      vertex 83.2124 41.3 7
    endloop
  endfacet
  facet normal 0 0 1
    outer loop
      vertex 84.4749 39.5251 7
      vertex 82.99 41.0101 7
      vertex 83.75 38.9689 7
    endloop
  endfacet
  facet normal -0 0 1
    outer loop
      vertex 82.7 40.7876 7
      vertex 83.75 38.9689 7
      vertex 82.99 41.0101 7
    endloop
  endfacet
  facet normal 0 0 1
    outer loop
      vertex 83.75 38.9689 7
      vertex 82.7 40.7876 7
      vertex 82.9059 38.6193 7
    endloop
  endfacet
  facet normal -0 0 1
    outer loop
      vertex 82.3624 40.6477 7
      vertex 82.9059 38.6193 7
      vertex 82.7 40.7876 7
    endloop
  endfacet
  facet normal -0 0 1
    outer loop
      vertex 82 40.6 7
      vertex 82.9059 38.6193 7
      vertex 82.3624 40.6477 7
    endloop
  endfacet
  facet normal 0 0 1
    outer loop
      vertex 82 40.6 7
      vertex 82 38.5 7
      vertex 82.9059 38.6193 7
    endloop
  endfacet
  facet normal 0 0 1
    outer loop
      vertex 81.6376 40.6477 7
      vertex 82 38.5 7
      vertex 82 40.6 7
    endloop
  endfacet
  facet normal 0 0 1
    outer loop
      vertex 81.0941 38.6193 7
      vertex 81.6376 40.6477 7
      vertex 81.3 40.7876 7
    endloop
  endfacet
  facet normal 0 0 1
    outer loop
      vertex 81.6376 40.6477 7
      vertex 81.0941 38.6193 7
      vertex 82 38.5 7
    endloop
  endfacet
  facet normal 0 0 1
    outer loop
      vertex 80.25 38.9689 7
      vertex 81.3 40.7876 7
      vertex 81.01 41.0101 7
    endloop
  endfacet
  facet normal 0 0 1
    outer loop
      vertex 79.5251 39.5251 7
      vertex 81.01 41.0101 7
      vertex 80.7876 41.3 7
    endloop
  endfacet
  facet normal 0 0 1
    outer loop
      vertex 78.9689 40.25 7
      vertex 80.7876 41.3 7
      vertex 80.6477 41.6377 7
    endloop
  endfacet
  facet normal 0 0 1
    outer loop
      vertex 81.3 40.7876 7
      vertex 80.25 38.9689 7
      vertex 81.0941 38.6193 7
    endloop
  endfacet
  facet normal 0 0 1
    outer loop
      vertex 78.6193 41.0941 7
      vertex 80.6477 41.6377 7
      vertex 80.6 42 7
    endloop
  endfacet
  facet normal 0 0 1
    outer loop
      vertex 80.7876 42.7 7
      vertex 78.9689 43.75 7
      vertex 80.6477 42.3623 7
    endloop
  endfacet
  facet normal -0 0 1
    outer loop
      vertex 78.6193 42.9059 7
      vertex 80.6477 42.3623 7
      vertex 78.9689 43.75 7
    endloop
  endfacet
  facet normal 0 0 1
    outer loop
      vertex 81.01 41.0101 7
      vertex 79.5251 39.5251 7
      vertex 80.25 38.9689 7
    endloop
  endfacet
  facet normal 0 0 1
    outer loop
      vertex 80.6477 42.3623 7
      vertex 78.6193 42.9059 7
      vertex 80.6 42 7
    endloop
  endfacet
  facet normal 0 0 1
    outer loop
      vertex 80.7876 41.3 7
      vertex 78.9689 40.25 7
      vertex 79.5251 39.5251 7
    endloop
  endfacet
  facet normal 0 0 1
    outer loop
      vertex 78.5 42 7
      vertex 80.6 42 7
      vertex 78.6193 42.9059 7
    endloop
  endfacet
  facet normal 0 0 1
    outer loop
      vertex 80.6477 41.6377 7
      vertex 78.6193 41.0941 7
      vertex 78.9689 40.25 7
    endloop
  endfacet
  facet normal 0 0 1
    outer loop
      vertex 80.6 42 7
      vertex 78.5 42 7
      vertex 78.6193 41.0941 7
    endloop
  endfacet
  facet normal -0.923894 0.382648 0
    outer loop
      vertex 78.6193 42.9059 2
      vertex 78.9689 43.75 7
      vertex 78.9689 43.75 2
    endloop
  endfacet
  facet normal -0.923894 0.382648 0
    outer loop
      vertex 78.9689 43.75 7
      vertex 78.6193 42.9059 2
      vertex 78.6193 42.9059 7
    endloop
  endfacet
  facet normal -0.92386 -0.38273 0
    outer loop
      vertex 83.3523 42.3623 2
      vertex 83.2124 42.7 7
      vertex 83.2124 42.7 2
    endloop
  endfacet
  facet normal -0.92386 -0.38273 0
    outer loop
      vertex 83.2124 42.7 7
      vertex 83.3523 42.3623 2
      vertex 83.3523 42.3623 7
    endloop
  endfacet
  facet normal -0.991444 -0.130532 0
    outer loop
      vertex 83.4 42 2
      vertex 83.3523 42.3623 7
      vertex 83.3523 42.3623 2
    endloop
  endfacet
  facet normal -0.991444 -0.130532 0
    outer loop
      vertex 83.3523 42.3623 7
      vertex 83.4 42 2
      vertex 83.4 42 7
    endloop
  endfacet
  facet normal -0.793417 -0.608679 0
    outer loop
      vertex 83.2124 42.7 2
      vertex 82.99 42.9899 7
      vertex 82.99 42.9899 2
    endloop
  endfacet
  facet normal -0.793417 -0.608679 0
    outer loop
      vertex 82.99 42.9899 7
      vertex 83.2124 42.7 2
      vertex 83.2124 42.7 7
    endloop
  endfacet
  facet normal -0.130497 -0.991449 0
    outer loop
      vertex 82 43.4 2
      vertex 82.3624 43.3523 7
      vertex 82 43.4 7
    endloop
  endfacet
  facet normal -0.130497 -0.991449 -0
    outer loop
      vertex 82.3624 43.3523 7
      vertex 82 43.4 2
      vertex 82.3624 43.3523 2
    endloop
  endfacet
  facet normal -0.793417 0.608679 0
    outer loop
      vertex 82.99 41.0101 2
      vertex 83.2124 41.3 7
      vertex 83.2124 41.3 2
    endloop
  endfacet
  facet normal -0.793417 0.608679 0
    outer loop
      vertex 83.2124 41.3 7
      vertex 82.99 41.0101 2
      vertex 82.99 41.0101 7
    endloop
  endfacet
  facet normal -0.608719 -0.793386 0
    outer loop
      vertex 82.7 43.2124 2
      vertex 82.99 42.9899 7
      vertex 82.7 43.2124 7
    endloop
  endfacet
  facet normal -0.608719 -0.793386 -0
    outer loop
      vertex 82.99 42.9899 7
      vertex 82.7 43.2124 2
      vertex 82.99 42.9899 2
    endloop
  endfacet
  facet normal 0.608719 -0.793386 0
    outer loop
      vertex 81.01 42.9899 2
      vertex 81.3 43.2124 7
      vertex 81.01 42.9899 7
    endloop
  endfacet
  facet normal 0.608719 -0.793386 0
    outer loop
      vertex 81.3 43.2124 7
      vertex 81.01 42.9899 2
      vertex 81.3 43.2124 2
    endloop
  endfacet
  facet normal 0.92386 0.38273 0
    outer loop
      vertex 80.7876 41.3 7
      vertex 80.6477 41.6377 2
      vertex 80.6477 41.6377 7
    endloop
  endfacet
  facet normal 0.92386 0.38273 0
    outer loop
      vertex 80.6477 41.6377 2
      vertex 80.7876 41.3 7
      vertex 80.7876 41.3 2
    endloop
  endfacet
  facet normal 0.793417 -0.608679 0
    outer loop
      vertex 80.7876 42.7 7
      vertex 81.01 42.9899 2
      vertex 81.01 42.9899 7
    endloop
  endfacet
  facet normal 0.793417 -0.608679 0
    outer loop
      vertex 81.01 42.9899 2
      vertex 80.7876 42.7 7
      vertex 80.7876 42.7 2
    endloop
  endfacet
  facet normal -0.991444 0.130532 0
    outer loop
      vertex 83.3523 41.6377 2
      vertex 83.4 42 7
      vertex 83.4 42 2
    endloop
  endfacet
  facet normal -0.991444 0.130532 0
    outer loop
      vertex 83.4 42 7
      vertex 83.3523 41.6377 2
      vertex 83.3523 41.6377 7
    endloop
  endfacet
  facet normal 0.130497 0.991449 -0
    outer loop
      vertex 82 40.6 2
      vertex 81.6376 40.6477 7
      vertex 82 40.6 7
    endloop
  endfacet
  facet normal 0.130497 0.991449 0
    outer loop
      vertex 81.6376 40.6477 7
      vertex 82 40.6 2
      vertex 81.6376 40.6477 2
    endloop
  endfacet
  facet normal -0.382827 -0.92382 0
    outer loop
      vertex 82.3624 43.3523 2
      vertex 82.7 43.2124 7
      vertex 82.3624 43.3523 7
    endloop
  endfacet
  facet normal -0.382827 -0.92382 -0
    outer loop
      vertex 82.7 43.2124 7
      vertex 82.3624 43.3523 2
      vertex 82.7 43.2124 2
    endloop
  endfacet
  facet normal -0.130497 0.991449 0
    outer loop
      vertex 82.3624 40.6477 2
      vertex 82 40.6 7
      vertex 82.3624 40.6477 7
    endloop
  endfacet
  facet normal -0.130497 0.991449 0
    outer loop
      vertex 82 40.6 7
      vertex 82.3624 40.6477 2
      vertex 82 40.6 2
    endloop
  endfacet
  facet normal -0.92386 0.38273 0
    outer loop
      vertex 83.2124 41.3 2
      vertex 83.3523 41.6377 7
      vertex 83.3523 41.6377 2
    endloop
  endfacet
  facet normal -0.92386 0.38273 0
    outer loop
      vertex 83.3523 41.6377 7
      vertex 83.2124 41.3 2
      vertex 83.2124 41.3 7
    endloop
  endfacet
  facet normal -0.382827 0.92382 0
    outer loop
      vertex 82.7 40.7876 2
      vertex 82.3624 40.6477 7
      vertex 82.7 40.7876 7
    endloop
  endfacet
  facet normal -0.382827 0.92382 0
    outer loop
      vertex 82.3624 40.6477 7
      vertex 82.7 40.7876 2
      vertex 82.3624 40.6477 2
    endloop
  endfacet
  facet normal 0.991444 0.130532 0
    outer loop
      vertex 80.6477 41.6377 7
      vertex 80.6 42 2
      vertex 80.6 42 7
    endloop
  endfacet
  facet normal 0.991444 0.130532 0
    outer loop
      vertex 80.6 42 2
      vertex 80.6477 41.6377 7
      vertex 80.6477 41.6377 2
    endloop
  endfacet
  facet normal 0.382827 -0.92382 0
    outer loop
      vertex 81.3 43.2124 2
      vertex 81.6376 43.3523 7
      vertex 81.3 43.2124 7
    endloop
  endfacet
  facet normal 0.382827 -0.92382 0
    outer loop
      vertex 81.6376 43.3523 7
      vertex 81.3 43.2124 2
      vertex 81.6376 43.3523 2
    endloop
  endfacet
  facet normal -0.608719 0.793386 0
    outer loop
      vertex 82.99 41.0101 2
      vertex 82.7 40.7876 7
      vertex 82.99 41.0101 7
    endloop
  endfacet
  facet normal -0.608719 0.793386 0
    outer loop
      vertex 82.7 40.7876 7
      vertex 82.99 41.0101 2
      vertex 82.7 40.7876 2
    endloop
  endfacet
  facet normal 0.130497 -0.991449 0
    outer loop
      vertex 81.6376 43.3523 2
      vertex 82 43.4 7
      vertex 81.6376 43.3523 7
    endloop
  endfacet
  facet normal 0.130497 -0.991449 0
    outer loop
      vertex 82 43.4 7
      vertex 81.6376 43.3523 2
      vertex 82 43.4 2
    endloop
  endfacet
  facet normal 0.608719 0.793386 -0
    outer loop
      vertex 81.3 40.7876 2
      vertex 81.01 41.0101 7
      vertex 81.3 40.7876 7
    endloop
  endfacet
  facet normal 0.608719 0.793386 0
    outer loop
      vertex 81.01 41.0101 7
      vertex 81.3 40.7876 2
      vertex 81.01 41.0101 2
    endloop
  endfacet
  facet normal 0.991444 -0.130532 0
    outer loop
      vertex 80.6 42 7
      vertex 80.6477 42.3623 2
      vertex 80.6477 42.3623 7
    endloop
  endfacet
  facet normal 0.991444 -0.130532 0
    outer loop
      vertex 80.6477 42.3623 2
      vertex 80.6 42 7
      vertex 80.6 42 2
    endloop
  endfacet
  facet normal 0.793417 0.608679 0
    outer loop
      vertex 81.01 41.0101 7
      vertex 80.7876 41.3 2
      vertex 80.7876 41.3 7
    endloop
  endfacet
  facet normal 0.793417 0.608679 0
    outer loop
      vertex 80.7876 41.3 2
      vertex 81.01 41.0101 7
      vertex 81.01 41.0101 2
    endloop
  endfacet
  facet normal 0.382827 0.92382 -0
    outer loop
      vertex 81.6376 40.6477 2
      vertex 81.3 40.7876 7
      vertex 81.6376 40.6477 7
    endloop
  endfacet
  facet normal 0.382827 0.92382 0
    outer loop
      vertex 81.3 40.7876 7
      vertex 81.6376 40.6477 2
      vertex 81.3 40.7876 2
    endloop
  endfacet
  facet normal 0.92386 -0.38273 0
    outer loop
      vertex 80.6477 42.3623 7
      vertex 80.7876 42.7 2
      vertex 80.7876 42.7 7
    endloop
  endfacet
  facet normal 0.92386 -0.38273 0
    outer loop
      vertex 80.7876 42.7 2
      vertex 80.6477 42.3623 7
      vertex 80.6477 42.3623 2
    endloop
  endfacet
endsolid OpenSCAD_Model
